wall_time_s,wall_time_iso,target_timestamp_s,hand_side,frame_id,hand_command,reference_frame,max_iters,eps,target_x,target_y,target_z,target_qx,target_qy,target_qz,target_qw,current_q0,current_q1,current_q2,current_q3,current_q4,current_q5,current_q6,success,has_solution,position_error_m,orientation_error_rad,iterations,solve_time_ms,message,q_target0,q_target1,q_target2,q_target3,q_target4,q_target5,q_target6
1781693832.911525,2026-06-17T18:57:12.911,1781693832.849197,right,base,1,pelvis,200,0.001,-0.00768,-0.270748118,-0.05335,0.707388045,0.706824957,0.000562863772,0.000563312174,0,0,0,0,0,0,0,1,1,0,4.18621348e-16,1,0.067906,,0,0,0,0,0,0,0
1781693832.928123,2026-06-17T18:57:12.928,1781693832.865865,right,base,1,pelvis,200,0.001,-0.00768,-0.270748118,-0.05335,-0.720259085,-0.690243745,0.0676603001,0.0145775769,0,0,0,0,0,0,0,1,1,8.44474714e-05,0.134306376,2,0.069495,,-0.00390308818,0.00150126249,-0.00166995191,0.00267788009,-0.00166995191,0.0106652021,-0.00750477008
1781693832.944840,2026-06-17T18:57:12.944,1781693832.865865,right,base,1,pelvis,200,0.001,-0.00768,-0.270748118,-0.05335,-0.720259085,-0.690243745,0.0676603001,0.0145775769,0,0,0,0,0,0,0,1,1,8.44474714e-05,0.134306376,2,0.062154,,-0.00390308818,0.00150126249,-0.00166995191,0.00267788009,-0.00166995191,0.0106652021,-0.00750477008
1781693832.961595,2026-06-17T18:57:12.961,1781693832.899200,right,base,1,pelvis,200,0.001,-0.00768,-0.270748118,-0.05335,-0.7303487,-0.679241233,0.0719262072,0.00698175244,-8.10165479e-06,3.11617618e-06,-3.46632545e-06,5.55848577e-06,-3.46632545e-06,2.21378e-05,-1.55776794e-05,1,1,8.33433396e-05,0.149525592,2,0.059364,,-0.00375523286,0.00181609854,-0.00286855825,0.00257637537,-0.00286857584,0.0102621763,-0.00917399473
1781693832.978364,2026-06-17T18:57:12.978,1781693832.899200,right,base,1,pelvis,200,0.001,-0.00768,-0.270748118,-0.05335,-0.7303487,-0.679241233,0.0719262072,0.00698175244,-0.000101312405,3.89682495e-05,-4.33469184e-05,6.95096962e-05,-4.33469184e-05,0.000276836501,-0.000194801212,1,1,8.54244606e-05,0.149274023,2,0.065449,,-0.00383885613,0.00184868441,-0.00290640016,0.00263095758,-0.00290661988,0.0104975684,-0.00934003435
1781693832.995147,2026-06-17T18:57:12.995,1781693832.899200,right,base,1,pelvis,200,0.001,-0.00768,-0.270748118,-0.05335,-0.7303487,-0.679241233,0.0719262072,0.00698175244,-0.000263080352,0.00011764613,-0.000168425896,0.000180494737,-0.000168426675,0.000718911784,-0.000592331951,1,1,8.91432949e-05,0.14875569,2,0.063105,,-0.00398395118,0.00192016526,-0.00302373695,0.00272535084,-0.00302430661,0.0109055187,-0.00970833086
1781693833.011913,2026-06-17T18:57:13.011,1781693832.932782,left,base,1,pelvis,200,0.001,-0.00768,0.270851882,-0.05335,0.707388045,-0.706824957,-0.000562863772,0.000563312174,0,0,0,0,0,0,0,1,1,0,4.11478192e-16,1,0.051908,,0,0,0,0,0,0,0
1781693833.012441,2026-06-17T18:57:13.012,1781693832.899200,right,base,1,pelvis,200,0.001,-0.00768,-0.270748118,-0.05335,-0.7303487,-0.679241233,0.0719262072,0.00698175244,-0.000585792031,0.000274601025,-0.00041794657,0.000401899347,-0.000417948902,0.00160080996,-0.001385368,1,1,9.67019888e-05,0.14772193,2,0.048635,,-0.00427296861,0.00206274712,-0.00325779136,0.00291284401,-0.00325905299,0.0117197449,-0.0104430028
1781693833.028629,2026-06-17T18:57:13.028,1781693832.966067,left,base,1,pelvis,200,0.001,0.0159051,0.273757082,-0.0404035,0.686245269,-0.723759153,-0.0531213353,0.0491756358,0,0,0,0,0,0,0,1,1,0.0230898006,0.140865068,2,0.052826,,-0.0130258966,0.00116655804,-0.00215604142,0.00290682031,-0.00215604142,0.0215957453,-0.00072757821
1781693833.029063,2026-06-17T18:57:13.029,1781693832.949204,right,base,1,pelvis,200,0.001,-0.0029333,-0.263332118,-0.050764,0.737376909,0.671517531,-0.0728859527,0.00520934898,-0.000936341045,0.000444354969,-0.000686756008,0.000641583127,-0.000686816865,0.00256066979,-0.00224395239,1,1,0.00750804698,0.157218856,2,0.03988,,-0.00583778087,0.00538707029,-0.0043517689,0.00305943391,-0.00435396868,0.012640598,-0.015901876
1781693833.045392,2026-06-17T18:57:13.045,1781693832.966067,left,base,1,pelvis,200,0.001,0.0159051,0.273757082,-0.0404035,0.686245269,-0.723759153,-0.0531213353,0.0491756358,0,0,0,0,0,0,0,1,1,0.0230898006,0.140865068,2,0.072016,,-0.0130258966,0.00116655804,-0.00215604142,0.00290682031,-0.00215604142,0.0215957453,-0.00072757821
1781693833.045813,2026-06-17T18:57:13.045,1781693832.949204,right,base,1,pelvis,200,0.001,-0.0029333,-0.263332118,-0.050764,0.737376909,0.671517531,-0.0728859527,0.00520934898,-0.00134366301,0.00064192172,-0.00100061758,0.000918849445,-0.00100082502,0.00367877254,-0.00324485922,1,1,0.00750394973,0.155935978,2,0.043034,,-0.00628838705,0.00556645269,-0.00464842962,0.00344699555,-0.00465168026,0.0136025669,-0.016830707
1781693833.062179,2026-06-17T18:57:13.062,1781693832.982707,left,base,1,pelvis,200,0.001,0.0230603285,0.256509682,-0.018012,0.687580715,-0.722748856,-0.0497079558,0.0489486565,-2.74749867e-05,2.46057279e-06,-4.54764928e-06,6.13123625e-06,-4.54764928e-06,4.55510153e-05,-1.53465073e-06,1,1,0.0447166063,0.135169636,2,0.065018,,-0.0152814692,-0.00517515769,-0.00202700512,0.00299560856,-0.00202699729,0.0234065008,0.00525320389
1781693833.062764,2026-06-17T18:57:13.062,1781693832.982540,right,base,1,pelvis,200,0.001,0.0017213,-0.258957818,-0.0487685,0.738551702,0.670472486,-0.0697649512,0.0118692794,-0.0019838583,0.00131787679,-0.0014779952,0.00122377961,-0.00147848645,0.00495540093,-0.00504787437,1,1,0.012745668,0.152348065,2,0.047552,,-0.00837116238,0.00791630183,-0.0052301577,0.00400523706,-0.00523454801,0.0148650597,-0.0206357456
1781693833.078815,2026-06-17T18:57:13.078,1781693832.982707,left,base,1,pelvis,200,0.001,0.0230603285,0.256509682,-0.018012,0.687580715,-0.722748856,-0.0497079558,0.0489486565,-0.000343797942,3.07894549e-05,-5.69053038e-05,7.67209255e-05,-5.69053038e-05,0.000569985547,-1.92032763e-05,1,1,0.0446661651,0.13489477,2,0.062466,,-0.0158046167,-0.00515477107,-0.00207401892,0.00351855004,-0.0020739213,0.023664121,0.00523889213
1781693833.079293,2026-06-17T18:57:13.079,1781693832.982540,right,base,1,pelvis,200,0.001,0.0017213,-0.258957818,-0.0487685,0.738551702,0.670472486,-0.0697649512,0.0118692794,-0.00267875202,0.00200373786,-0.00198980847,0.0015826804,-0.00199074518,0.00635134033,-0.00695001437,1,1,0.0125619638,0.150603606,2,0.043612,,-0.00916540907,0.00849600323,-0.00571484683,0.00464796309,-0.00572078654,0.0159711855,-0.022350846
1781693833.097864,2026-06-17T18:57:13.097,1781693832.999400,left,base,1,pelvis,200,0.001,0.0228390185,0.245149132,-0.001182,0.690059977,-0.720703518,-0.045780621,0.0480395783,-0.000997385548,-0.000196993208,-0.000143105676,0.000204434861,-0.000143105334,0.00156918168,0.000211487299,1,1,0.0430675856,0.476973873,213,2.312545,,0.291734007,-0.0441884755,-0.0270980022,-0.605019742,-0.0258291347,-0.0302863211,0.045305962
1781693833.098749,2026-06-17T18:57:13.098,1781693832.999207,right,base,1,pelvis,200,0.001,0.0038274,-0.259003768,-0.047595,0.73858638,0.670593981,-0.0674572485,0.0156010071,-0.00364759011,0.0030100457,-0.00254131013,0.00199499522,-0.00254283464,0.00780036018,-0.00927930141,1,1,0.0136982672,0.146454138,2,0.044772,,-0.0109267807,0.00936792007,-0.00623223793,0.00558745509,-0.00624004913,0.0169079444,-0.0246207575
1781693833.116336,2026-06-17T18:57:13.116,1781693832.999400,left,base,1,pelvis,200,0.001,0.0228390185,0.245149132,-0.001182,0.690059977,-0.720703518,-0.045780621,0.0480395783,-0.00231247955,-0.000637314824,-0.000314598402,0.000498775712,-0.00031458942,0.00353152845,0.000657992786,1,1,0.0573267355,0.115296704,400,4.084874,using best approximate IK outside the usable position/orientation threshold,-0.0724999996,-0.0177857015,-0.00319426872,0.0853540177,-0.00318085828,0.00901833057,0.0171387667
1781693833.116651,2026-06-17T18:57:13.116,1781693833.015876,right,base,1,pelvis,200,0.001,0.00429275,-0.260581168,-0.046067,0.738062025,0.671269334,-0.065341434,0.01980973,-0.00483969265,0.00419526471,-0.00322693994,0.00256815824,-0.00322941833,0.00956563405,-0.0121033559,1,1,0.0135539336,0.141947949,2,0.026116,,-0.0125699835,0.00979779821,-0.0068084395,0.00717822039,-0.00681917505,0.0172769306,-0.026815246
1781693833.134312,2026-06-17T18:57:13.134,1781693833.032700,left,base,1,pelvis,200,0.001,0.00374965,0.240059282,0.0134105,0.70077966,-0.711391841,-0.0329496239,0.0417592939,-0.00423750085,-0.00128185315,-0.000565627718,0.000929628871,-0.000565606091,0.00640399181,0.001311583,1,1,0.0673707162,0.086686964,400,5.183228,using best approximate IK outside the usable position/orientation threshold,-0.113666424,-0.0218976585,-0.000862194173,0.18429111,-0.000835303017,-0.051729755,0.0199428796
1781693833.134675,2026-06-17T18:57:13.134,1781693833.015876,right,base,1,pelvis,200,0.001,0.00429275,-0.260581168,-0.046067,0.738062025,0.671269334,-0.065341434,0.01980973,-0.00610845159,0.00527342435,-0.00385334762,0.00319748376,-0.00385693755,0.0110960246,-0.0147124138,1,1,0.0131863866,0.139974146,2,0.045823,,-0.0141211368,0.0106960212,-0.00740061596,0.00858029468,-0.00741440079,0.0182210643,-0.0291417835
1781693833.153416,2026-06-17T18:57:13.153,1781693833.032700,left,base,1,pelvis,200,0.001,0.00374965,0.240059282,0.0134105,0.70077966,-0.711391841,-0.0329496239,0.0417592939,-0.00992138839,-0.00265604864,-0.000784501919,0.00795923868,-0.00078336547,0.00662167513,0.00262943591,1,1,0.070370241,0.0929401106,400,7.529024,using best approximate IK outside the usable position/orientation threshold,-0.0663722451,-0.0137103212,-0.00119392601,0.102838655,-0.0011801728,-0.0237089583,0.0126565315
1781693833.153718,2026-06-17T18:57:13.153,1781693833.032541,right,base,1,pelvis,200,0.001,0.0031189,-0.262578668,-0.044354,0.736868063,0.672577441,-0.0646246932,0.0221063832,-0.00753919596,0.0062752336,-0.00450767868,0.00407891816,-0.00451285084,0.0124646314,-0.0173922828,1,1,0.0125933124,0.136152465,2,0.036842,,-0.016092439,0.0107743356,-0.00786898547,0.0116311864,-0.00788733929,0.017541866,-0.0309553396
1781693833.168770,2026-06-17T18:57:13.168,1781693833.032700,left,base,1,pelvis,200,0.001,0.00374965,0.240059282,0.0134105,0.70077966,-0.711391841,-0.0329496239,0.0417592939,-0.0148473608,-0.0035696696,-0.000788190865,0.0163317446,-0.000785831544,0.00385106031,0.00345150459,1,1,0.0683518991,0.0922542289,400,5.968492,using best approximate IK outside the usable position/orientation threshold,-0.121728911,-0.0145056367,-0.00105400333,0.20333372,-0.00102666815,-0.068222211,0.0133577271
1781693833.169404,2026-06-17T18:57:13.169,1781693833.065877,right,base,1,pelvis,200,0.001,0.00305785,-0.263605868,-0.040206,0.734165072,0.675519955,-0.0638373555,0.0244791573,-0.00913432753,0.00734661028,-0.00520878124,0.00516982553,-0.00521604067,0.0138597013,-0.0202397711,1,1,0.0152634036,0.130217448,2,0.053808,,-0.0203143392,0.0112386164,-0.00821215754,0.0180005453,-0.00823555254,0.0158524234,-0.0332470409
1781693833.181681,2026-06-17T18:57:13.181,1781693833.066051,left,base,1,pelvis,200,0.001,0.009008905,0.258220982,-0.018419,0.710706001,-0.702543751,-0.0197283698,0.0306602369,-0.0175257324,-0.00409680195,-0.000809281829,0.0208285553,-0.00080633023,0.00241843272,0.00393000121,1,1,0.0415987216,0.0964948299,224,2.485443,,0.473988268,-0.048552167,0.0397906758,-0.854160321,-0.0738335959,0.515381443,-0.0865323438
1781693833.182094,2026-06-17T18:57:13.182,1781693833.082545,right,base,1,pelvis,200,0.001,0.00208605,-0.265181868,-0.0410835,0.734059641,0.675517397,-0.0637881411,0.0276362438,-0.0106050301,0.00807111209,-0.00577105581,0.00653553229,-0.00578066021,0.0146379828,-0.0225046692,1,1,0.0137054411,0.130255584,2,0.044461,,-0.0222487715,0.0113436669,-0.00872808941,0.0211854589,-0.00875949683,0.0148436247,-0.0351289818
1781693833.196099,2026-06-17T18:57:13.196,1781693833.082722,left,base,1,pelvis,200,0.001,0.016840826,0.269332932,-0.030969,0.714070068,-0.699485969,-0.0144832914,0.0247699726,-0.0217922861,-0.00452298715,-0.000819301845,0.0283011497,-0.00081535187,-0.000473917633,0.00431601533,1,1,0.0286515886,0.114332128,2,0.060051,,-0.217943921,-0.00321722931,0.00219542477,0.26,0.002241599,-0.10083435,-0.000466715803
1781693833.196638,2026-06-17T18:57:13.196,1781693833.082545,right,base,1,pelvis,200,0.001,0.00208605,-0.265181868,-0.0410835,0.734059641,0.675517397,-0.0637881411,0.0276362438,-0.0122705016,0.00861444509,-0.00618978646,0.00850216573,-0.00620175641,0.0148463,-0.0243473455,1,1,0.0135722732,0.128787893,2,0.045033,,-0.0260118697,0.0117958051,-0.00912919768,0.0271504832,-0.00916925142,0.0130976865,-0.0367890998
1781693833.215202,2026-06-17T18:57:13.215,1781693833.082722,left,base,1,pelvis,200,0.001,0.016840826,0.269332932,-0.030969,0.714070068,-0.699485969,-0.0144832914,0.0247699726,-0.0273151818,-0.0050746681,-0.000832272383,0.0379741463,-0.000827030049,-0.00421795801,0.00481569632,1,1,0.0419925184,0.436082235,222,2.489248,,0.134571163,-0.00339459765,0.0382664442,-0.293083456,0.021187188,-0.21861604,-0.0713837313
1781693833.215600,2026-06-17T18:57:13.215,1781693833.115880,right,base,1,pelvis,200,0.001,-0.0008727,-0.271824168,-0.048178,0.735303096,0.673732031,-0.0640570544,0.0362105142,-0.0142893183,0.00916662484,-0.00670333926,0.0110682663,-0.00671924182,0.0148457587,-0.0265287004,1,1,0.00659714067,0.135851319,2,0.044031,,-0.0215489394,0.0101473328,-0.00971298832,0.0202951886,-0.00977608839,0.0150393664,-0.0376253102
1781693833.231269,2026-06-17T18:57:13.231,1781693833.082722,left,base,1,pelvis,200,0.001,0.016840826,0.269332932,-0.030969,0.714070068,-0.699485969,-0.0144832914,0.0247699726,-0.0390075079,-0.00496074099,-0.000646566792,0.0515922329,-0.000638813876,-0.0101439814,0.00449169646,1,1,0.0494927718,0.450316487,215,1.751005,,-0.179147197,0.00165430796,0.00986565031,0.26,0.0111678669,-0.477080694,-0.0186763908
1781693833.231545,2026-06-17T18:57:13.231,1781693833.115880,right,base,1,pelvis,200,0.001,-0.0008727,-0.271824168,-0.048178,0.735303096,0.673732031,-0.0640570544,0.0362105142,-0.0173880493,0.00986162053,-0.00734458898,0.0153194283,-0.00736687565,0.0143836745,-0.0292409272,1,1,0.00649176399,0.13362288,2,0.025599,,-0.0261827471,0.0107339094,-0.0103103196,0.027576195,-0.0103970657,0.0130102215,-0.0400814564
1781693833.249734,2026-06-17T18:57:13.249,1781693833.149404,left,base,1,pelvis,200,0.001,0.018997796,0.282856582,-0.037982,0.719231374,-0.694614573,-0.00454522394,0.0140059503,-0.0502520388,-0.0048511771,-0.000467973395,0.0646887712,-0.000457806048,-0.0158430486,0.00418010521,1,1,0.0414511888,0.349308799,224,3.508017,,0.268672659,0.0264406189,0.0285436933,-0.568711374,0.0182747237,-0.0226762126,-0.0614878999
1781693833.250191,2026-06-17T18:57:13.250,1781693833.115880,right,base,1,pelvis,200,0.001,-0.0008727,-0.271824168,-0.048178,0.735303096,0.673732031,-0.0640570544,0.0362105142,-0.0183407761,0.00992704061,-0.00788688579,0.0164587374,-0.00791851758,0.0145338095,-0.031160715,1,1,0.00635831651,0.131646976,2,0.045809,,-0.0275103338,0.010829416,-0.0108127121,0.0294973175,-0.0109124836,0.0127136698,-0.0418905213
1781693833.265177,2026-06-17T18:57:13.265,1781693833.149404,left,base,1,pelvis,200,0.001,0.018997796,0.282856582,-0.037982,0.719231374,-0.694614573,-0.00454522394,0.0140059503,-0.0545113038,-0.00463620715,-0.000126504847,0.0711427164,-7.36424876e-05,-0.0310843767,0.00342482568,1,1,0.0426703027,0.423083285,232,2.140487,,0.0688163814,0.027828745,0.0369907341,-0.177961773,0.0145522294,-0.286318565,-0.079909986
1781693833.265513,2026-06-17T18:57:13.265,1781693833.149215,right,base,1,pelvis,200,0.001,-0.00039545,-0.281773868,-0.055804,0.733846013,0.675064321,-0.0644211891,0.0401011633,-0.0204615999,0.0101452544,-0.00854229195,0.0194654011,-0.00858882914,0.0141217623,-0.0335732872,1,1,0.0115500192,0.131514659,2,0.034881,,-0.0161601498,0.00771166419,-0.0111208074,0.00769039138,-0.011264109,0.0232355274,-0.0412521332
1781693833.281291,2026-06-17T18:57:13.281,1781693833.149404,left,base,1,pelvis,200,0.001,0.018997796,0.282856582,-0.037982,0.719231374,-0.694614573,-0.00454522394,0.0140059503,-0.0585502441,-0.00443235724,0.000197300094,0.0772628097,0.000290648923,-0.0455372959,0.00270861551,1,1,0.0455617867,0.154945431,217,1.628432,,0.321185786,0.0241747486,0.000983805644,-0.6094354,0.0349899127,0.464778418,0.00709106592
1781693833.281556,2026-06-17T18:57:13.281,1781693833.165884,right,base,1,pelvis,200,0.001,-0.00123335,-0.285009768,-0.05723,0.732471176,0.676323958,-0.0647689958,0.0433227128,-0.0220671769,0.0103010944,-0.00905945351,0.0217504942,-0.00911811654,0.0138010238,-0.035467806,1,1,0.0141001728,0.131729189,2,0.033809,,-0.0133320365,0.0068323235,-0.0113941273,0.00267748311,-0.0115672467,0.0254361333,-0.0423602918
1781693833.296609,2026-06-17T18:57:13.296,1781693833.166089,left,base,1,pelvis,200,0.001,0.01432414,0.287403932,-0.0418985,0.722168975,-0.691653646,0.000882381467,0.00929663731,-0.0535881353,-0.00317548875,0.00163074486,0.0673194502,0.000846269469,-0.0549179547,-0.000510143623,1,1,0.0304190175,0.117517644,2,0.073266,,-0.2118374,0.0189174895,0.00652720955,0.26,0.00586526063,-0.151370016,-0.0249982167
1781693833.297176,2026-06-17T18:57:13.297,1781693833.182550,right,base,1,pelvis,200,0.001,-0.00241225,-0.286336118,-0.0571295,0.73102678,0.677640193,-0.0650500028,0.0466059405,-0.0206390504,0.00967505458,-0.00955782165,0.0183512199,-0.00963694754,0.0160819791,-0.0368662677,1,1,0.0144833477,0.131943593,2,0.050922,,-0.0128098015,0.00598682433,-0.0117058752,0.00205668247,-0.0118840065,0.025485033,-0.0437673903
1781693833.313236,2026-06-17T18:57:13.313,1781693833.182753,left,base,1,pelvis,200,0.001,0.010042905,0.290583482,-0.0451455,0.724673219,-0.689049941,0.00541185462,0.00544209989,-0.0484018891,-0.00186184776,0.00312893802,0.0569269512,0.00142698728,-0.0647223359,-0.00387429344,1,1,0.0102406588,0.0527924977,2,0.056141,,-0.152846418,0.0235672723,0.00872483315,0.238867836,0.00713401795,-0.128962817,-0.0314560366
1781693833.313729,2026-06-17T18:57:13.313,1781693833.182550,right,base,1,pelvis,200,0.001,-0.00241225,-0.286336118,-0.0571295,0.73102678,0.677640193,-0.0650500028,0.0466059405,-0.0188777707,0.00898984386,-0.010000444,0.0145732288,-0.010102226,0.0183367006,-0.038190545,1,1,0.0139931729,0.129910576,2,0.045542,,-0.0127905329,0.0054896094,-0.0121388202,0.00156885945,-0.0123179542,0.0261666107,-0.0451227722
1781693833.330151,2026-06-17T18:57:13.330,1781693833.232735,left,base,1,pelvis,200,0.001,0.00674908,0.293733082,-0.0475925,0.727270171,-0.686271123,0.0104617384,0.000772130576,-0.0568316915,-0.00079007514,0.00330421668,0.067401209,0.00165590795,-0.0691915165,-0.00496383939,1,1,0.0107252335,0.0507429859,2,0.0689,,-0.128733367,0.0277805613,0.00961857868,0.201182186,0.00809477821,-0.120494229,-0.0358718253
1781693833.330689,2026-06-17T18:57:13.330,1781693833.182550,right,base,1,pelvis,200,0.001,-0.00241225,-0.286336118,-0.0571295,0.73102678,0.677640193,-0.0650500028,0.0466059405,-0.0173519002,0.00823469516,-0.0104292971,0.0114257789,-0.0105502781,0.0201342426,-0.039592916,1,1,0.0134645982,0.12776867,2,0.046921,,-0.0127661471,0.00494161151,-0.0125548465,0.00123568662,-0.0127353729,0.0266309727,-0.0465629805
1781693833.346865,2026-06-17T18:57:13.346,1781693833.249405,left,base,1,pelvis,200,0.001,0.004022245,0.297699682,-0.049546,-0.729107538,0.684214084,-0.0154409298,0.00385509564,-0.0625259057,0.000654452795,0.00362568978,0.077570146,0.00198079074,-0.0727362914,-0.00653497594,1,1,0.0117957444,0.0481605623,2,0.058811,,-0.106404573,0.0330315051,0.0103650084,0.16695172,0.00886982848,-0.111084688,-0.0413883164
1781693833.347437,2026-06-17T18:57:13.347,1781693833.249220,right,base,1,pelvis,200,0.001,-0.00471985,-0.286009868,-0.0525845,0.728392435,0.68003386,-0.0638636877,0.0540355312,-0.0161375002,0.00750385462,-0.0108844336,0.00880151247,-0.0110208971,0.0217402759,-0.0410651625,1,1,0.0119580771,0.130247966,2,0.051519,,-0.0153909024,0.00457883775,-0.0127091357,0.00776563315,-0.0128913645,0.0219377816,-0.0489041762
1781693833.363729,2026-06-17T18:57:13.363,1781693833.249405,left,base,1,pelvis,200,0.001,0.004022245,0.297699682,-0.049546,-0.729107538,0.684214084,-0.0154409298,0.00385509564,-0.0668635126,0.00243163007,0.00401831617,0.0856686356,0.00238135095,-0.0758651708,-0.00845699074,1,1,0.0114021144,0.0474582932,2,0.06288,,-0.109492615,0.0338322316,0.0105392339,0.172622709,0.00905799565,-0.113140091,-0.0422803466
1781693833.364372,2026-06-17T18:57:13.364,1781693833.282558,right,base,1,pelvis,200,0.001,-0.00600925,-0.286906118,-0.0503365,0.727255411,0.680912305,-0.063505828,0.058523585,-0.0152679205,0.00684297022,-0.0113152865,0.00685004416,-0.0114631152,0.0230017429,-0.0424832255,1,1,0.0125467451,0.132630987,2,0.049969,,-0.0153885251,0.00382750596,-0.0129933757,0.00858554755,-0.0131771044,0.0207376925,-0.0505151691
1781693833.380403,2026-06-17T18:57:13.380,1781693833.282804,left,base,1,pelvis,200,0.001,0.00195554,0.303820682,-0.055532,-0.730961354,0.682033965,-0.0209531659,0.00928085863,-0.06978792,0.00469475855,0.00448770959,0.0916802309,0.00286123063,-0.0784699622,-0.0108925504,1,1,0.013167214,0.049541982,2,0.082558,,-0.0287158475,0.0415171335,0.0116258911,0.0310448702,0.010171663,-0.0555790354,-0.0503336928
1781693833.380932,2026-06-17T18:57:13.380,1781693833.282558,right,base,1,pelvis,200,0.001,-0.00600925,-0.286906118,-0.0503365,0.727255411,0.680912305,-0.063505828,0.058523585,-0.0153007608,0.00623837049,-0.0116874912,0.0070945373,-0.0118445059,0.0227176294,-0.0441978359,1,1,0.0120518956,0.130397991,2,0.046549,,-0.0154934466,0.0034130778,-0.0133370995,0.00893381246,-0.0135305557,0.0204205159,-0.0522335997
1781693833.397241,2026-06-17T18:57:13.397,1781693833.282804,left,base,1,pelvis,200,0.001,0.00195554,0.303820682,-0.055532,-0.730961354,0.682033965,-0.0209531659,0.00928085863,-0.0729709739,0.00703065723,0.00497284938,0.0981692434,0.00335801411,-0.081249404,-0.0134088534,1,1,0.0126883047,0.0486990812,2,0.066937,,-0.0299269107,0.0424780112,0.0119802909,0.0335458227,0.0105387138,-0.0564029139,-0.0514394705
1781693833.397767,2026-06-17T18:57:13.397,1781693833.299226,right,base,1,pelvis,200,0.001,-0.0074532,-0.288327768,-0.0484855,0.726264219,0.681563178,-0.0636593585,0.0629238045,-0.0153238427,0.00560431524,-0.0120309377,0.00748667168,-0.0121949782,0.0221969077,-0.045859289,1,1,0.0133401697,0.133644732,2,0.045977,,-0.0161876165,0.00250840817,-0.0135511094,0.0116763517,-0.0137542831,0.017759171,-0.0539367759
1781693833.413892,2026-06-17T18:57:13.413,1781693833.299419,left,base,1,pelvis,200,0.001,0.002701755,0.311057932,-0.063484,-0.732040368,0.680683771,-0.0247083656,0.0132664787,-0.0690040876,0.0101219134,0.00556920651,0.0921524318,0.00396876754,-0.0789483952,-0.0167186765,1,1,0.019034583,0.0541583491,2,0.067946,,0.0806045869,0.0511613264,0.0134763614,-0.168160447,0.0120393471,0.0324900658,-0.0605413022
1781693833.414424,2026-06-17T18:57:13.414,1781693833.315891,right,base,1,pelvis,200,0.001,-0.0082471,-0.289277618,-0.0489475,0.725568962,0.681966424,-0.065295636,0.0648687732,-0.0153694865,0.0050146097,-0.0123824518,0.00787612602,-0.0125544086,0.0217188454,-0.0475747427,1,1,0.0135689047,0.135603348,2,0.04834,,-0.015679701,0.0018636423,-0.013807984,0.0115689338,-0.0140221194,0.0171966085,-0.0558065794
1781693833.430732,2026-06-17T18:57:13.430,1781693833.299419,left,base,1,pelvis,200,0.001,0.002701755,0.311057932,-0.063484,-0.732040368,0.680683771,-0.0247083656,0.0132664787,-0.0651923312,0.0132780667,0.00619457133,0.0542454828,0.00460962844,-0.0767492117,-0.0201054926,1,1,0.0201766402,0.058424922,2,0.074669,,0.0755982208,0.0525958585,0.0149202704,-0.165841722,0.0134043142,0.0110400354,-0.0622705604
1781693833.431555,2026-06-17T18:57:13.431,1781693833.315891,right,base,1,pelvis,200,0.001,-0.0082471,-0.289277618,-0.0489475,0.725568962,0.681966424,-0.065295636,0.0648687732,-0.0155891581,0.00434168333,-0.0126962416,0.00889650369,-0.0128765803,0.020655655,-0.0492829772,1,1,0.013038061,0.133325155,2,0.049346,,-0.0162546777,0.00139311815,-0.01409599,0.0131338668,-0.0143230022,0.0159580625,-0.0575257382
1781693833.447303,2026-06-17T18:57:13.447,1781693833.316077,left,base,1,pelvis,200,0.001,0.001811165,0.314224082,-0.0685285,-0.732720157,0.679780709,-0.0275269884,0.0161747839,-0.0518005642,0.0167577273,0.00686341973,0.03381701,0.00529206441,-0.0667153443,-0.0238196104,1,1,0.0247614516,0.0568276137,2,0.052653,,0.100131551,0.0571687194,0.0163234467,-0.206583347,0.0147735978,0.0277307779,-0.0670947527
1781693833.447799,2026-06-17T18:57:13.447,1781693833.332560,right,base,1,pelvis,200,0.001,-0.00801645,-0.290919768,-0.048615,0.724737151,0.682583464,-0.0663452896,0.0665896298,-0.0156142567,0.00365476754,-0.0130044179,0.00963730434,-0.013194125,0.0196968034,-0.0510913271,1,1,0.0137478945,0.134077679,2,0.047011,,-0.0168016137,0.000374602646,-0.014289563,0.0145724494,-0.0145305002,0.0147743924,-0.0591154323
1781693833.464283,2026-06-17T18:57:13.464,1781693833.349421,left,base,1,pelvis,200,0.001,0.001037245,0.316109982,-0.0656725,-0.732938387,0.679314033,-0.0310459927,0.01923308,-0.039640693,0.0201783805,0.00763242445,-0.00313574696,0.00606635683,-0.0592938025,-0.0274896501,1,1,0.0223963372,0.0540410812,2,0.084294,,-0.0248545118,0.0616895222,0.0166246512,0.0212481068,0.0150560992,-0.0904034806,-0.0717610584
1781693833.464847,2026-06-17T18:57:13.464,1781693833.349228,right,base,1,pelvis,200,0.001,-0.0083866,-0.294068868,-0.0478555,0.723805156,0.683307065,-0.0674139061,0.068212296,-0.0157845022,0.00305354498,-0.0132945945,0.0105668084,-0.0134942186,0.0187029202,-0.0528018102,1,1,0.015874969,0.134887976,2,0.051044,,-0.0176947229,-0.00116932221,-0.0144451518,0.0169717849,-0.0147021668,0.0130155731,-0.0599978835
1781693833.480906,2026-06-17T18:57:13.480,1781693833.366094,left,base,1,pelvis,200,0.001,0.00026304,0.317319832,-0.0589395,-0.732951268,0.679039776,-0.0346278572,0.0220982517,-0.0248513277,0.0240923452,0.0085520255,-0.0246626308,0.00698767399,-0.0500856917,-0.0316802842,1,1,0.018855604,0.0493772706,2,0.076908,,-0.0387800567,0.0648239569,0.0173919553,0.0508566165,0.0157869752,-0.106259457,-0.0754010548
1781693833.481466,2026-06-17T18:57:13.481,1781693833.349228,right,base,1,pelvis,200,0.001,-0.0083866,-0.294068868,-0.0478555,0.723805156,0.683307065,-0.0674139061,0.068212296,-0.0160730521,0.00229354114,-0.0135768626,0.0117031906,-0.013788207,0.0175884146,-0.0545929563,1,1,0.0152943813,0.132468889,2,0.050661,,-0.0184570821,-0.00170659756,-0.0147030713,0.018870984,-0.01497661,0.0116266217,-0.0618075337
1781693833.497665,2026-06-17T18:57:13.497,1781693833.399447,left,base,1,pelvis,200,0.001,-0.00073773,0.320653382,-0.048073,-0.733136013,0.678329207,-0.0407541267,0.0268360676,-0.0248516864,0.0283279507,0.00946146764,-0.0194904401,0.00789664292,-0.0546277946,-0.0361956856,1,1,0.0180237097,0.0501975896,2,0.063807,,0.0272303766,0.0700934848,0.0192891214,-0.0645958257,0.0176661167,-0.0598187583,-0.081686734
1781693833.498305,2026-06-17T18:57:13.498,1781693833.399231,right,base,1,pelvis,200,0.001,-0.01306275,-0.304922268,-0.047606,0.721411351,0.685058151,-0.071289408,0.071963969,-0.0165096698,0.00136120179,-0.0138106403,0.0131217039,-0.014034281,0.0163572254,-0.0560481758,1,1,0.0237129343,0.138991443,2,0.0478,,-0.0170539906,-0.00625145473,-0.0146202066,0.0199863647,-0.0149223986,0.00899554111,-0.0602697797
1781693833.514369,2026-06-17T18:57:13.514,1781693833.399447,left,base,1,pelvis,200,0.001,-0.00073773,0.320653382,-0.048073,-0.733136013,0.678329207,-0.0407541267,0.0268360676,-0.0265769577,0.0328486167,0.0104437967,-0.0107767319,0.00887399801,-0.0610232753,-0.0410519535,1,1,0.0169292102,0.0482254764,2,0.071707,,0.0119366957,0.0720375793,0.0198063658,-0.0342877096,0.0182074586,-0.074259569,-0.0839277478
1781693833.514910,2026-06-17T18:57:13.514,1781693833.399231,right,base,1,pelvis,200,0.001,-0.01306275,-0.304922268,-0.047606,0.721411351,0.685058151,-0.071289408,0.071963969,-0.0170533114,0.000504791749,-0.0140597722,0.0147266789,-0.0142973425,0.0150366252,-0.0576559641,1,1,0.0230896764,0.136663978,2,0.047673,,-0.0181528025,-0.00687058148,-0.0148453159,0.0225019453,-0.0151693529,0.00733534877,-0.061917452
1781693833.531278,2026-06-17T18:57:13.531,1781693833.399447,left,base,1,pelvis,200,0.001,-0.00073773,0.320653382,-0.048073,-0.733136013,0.678329207,-0.0407541267,0.0268360676,-0.0194332418,0.0377934213,0.0116181438,-0.017922009,0.0100412812,-0.0608633579,-0.0464468189,1,1,0.0156411954,0.0469926689,2,0.072267,,0.0248183942,0.073832883,0.0210015373,-0.0551463628,0.0193818759,-0.0660236782,-0.0861761826
1781693833.531915,2026-06-17T18:57:13.531,1781693833.399231,right,base,1,pelvis,200,0.001,-0.01306275,-0.304922268,-0.047606,0.721411351,0.685058151,-0.071289408,0.071963969,-0.017053499,-0.00136095186,-0.0142145367,0.0161791459,-0.0144699523,0.0133683743,-0.0583777717,1,1,0.0219946132,0.134233663,2,0.045681,,-0.0187801662,-0.00829276998,-0.0149872708,0.0248314584,-0.0153354039,0.00542715639,-0.0628768744
1781693833.547809,2026-06-17T18:57:13.547,1781693833.416087,left,base,1,pelvis,200,0.001,-0.00010823,0.324376432,-0.0467865,-0.733488244,0.677619044,-0.0441982063,0.0295625839,-0.0148038317,0.0428469938,0.0128265184,-0.0203371729,0.0112464027,-0.0628403002,-0.0519780569,1,1,0.0156638354,0.047431023,2,0.054079,,0.0356924962,0.0799789847,0.0226067444,-0.0729881203,0.0209755592,-0.0607170236,-0.0930767653
1781693833.548491,2026-06-17T18:57:13.548,1781693833.415897,right,base,1,pelvis,200,0.001,-0.0142932,-0.309067118,-0.0511325,0.71970469,0.686316426,-0.0741574993,0.0741322389,-0.0173657981,-0.00292617231,-0.0143937336,0.0179753783,-0.0146686437,0.0116544633,-0.0593833529,1,1,0.0239491849,0.137728168,2,0.050254,,-0.0127719364,-0.0106868491,-0.0149699145,0.0157221246,-0.0153554234,0.0084189983,-0.0633835756
1781693833.564687,2026-06-17T18:57:13.564,1781693833.449409,left,base,1,pelvis,200,0.001,-0.00024584,0.331120932,-0.052876,-0.733509183,0.676908656,-0.0504970072,0.0347707004,-0.0086125023,0.0476888178,0.0141039387,-0.0257764221,0.0125176436,-0.0633377317,-0.0573218218,1,1,0.0163752449,0.048765815,2,0.076229,,0.00429522573,0.0897369676,0.023453537,-0.0110721814,0.0218178195,-0.0946243032,-0.10363232
1781693833.565234,2026-06-17T18:57:13.565,1781693833.449233,right,base,1,pelvis,200,0.001,-0.0123452,-0.320351218,-0.0625415,0.717147245,0.688115951,-0.0779512844,0.0782295574,-0.0177591966,-0.00441886113,-0.0145588226,0.0198823582,-0.0148540993,0.00992237305,-0.0603550562,1,1,0.0330752666,0.145190783,2,0.048235,,0.00903378342,-0.0150990464,-0.0148622617,-0.0243128538,-0.0153030897,0.0264830165,-0.0620760218
1781693833.581298,2026-06-17T18:57:13.581,1781693833.449409,left,base,1,pelvis,200,0.001,-0.00024584,0.331120932,-0.052876,-0.733509183,0.676908656,-0.0504970072,0.0347707004,-0.0010158042,0.0532254087,0.0155618611,-0.0338715136,0.0139678689,-0.0628883754,-0.063452496,1,1,0.0150745203,0.0469723678,2,0.058752,,0.00527125903,0.0919090583,0.0245471699,-0.010208232,0.0228989263,-0.0963568804,-0.106326467
1781693833.581830,2026-06-17T18:57:13.581,1781693833.449233,right,base,1,pelvis,200,0.001,-0.0123452,-0.320351218,-0.0625415,0.717147245,0.688115951,-0.0779512844,0.0782295574,-0.0163344747,-0.00620945146,-0.0146762602,-0.0111514593,-0.0149973137,0.00949290058,-0.0612202202,1,1,0.0348929985,0.143258784,2,0.051928,,-0.0237273261,-0.016963113,-0.0150770745,0.0144494997,-0.0153179455,-0.00715041559,-0.0626561516
1781693833.598080,2026-06-17T18:57:13.598,1781693833.482757,left,base,1,pelvis,200,0.001,0.0001676,0.336818082,-0.0625795,-0.732694119,0.677279852,-0.0545677507,0.0383886759,-3.21728209e-05,0.0599875463,0.017023442,-0.0296489544,0.0154217221,-0.0687660404,-0.0708940161,1,1,0.0207752922,0.0452012331,2,0.057648,,-0.0726079641,0.101736909,0.0234458729,0.135378139,0.0218313164,-0.166978503,-0.11664935
1781693833.598571,2026-06-17T18:57:13.598,1781693833.449233,right,base,1,pelvis,200,0.001,-0.0123452,-0.320351218,-0.0625415,0.717147245,0.688115951,-0.0779512844,0.0782295574,-0.00931223976,-0.00867019684,-0.0147277476,-0.0147946895,-0.0150819561,0.0141959663,-0.0614571162,1,1,0.0325374446,0.140078782,2,0.044063,,-0.0220308522,-0.0188911271,-0.0151222233,0.018237619,-0.0153724969,-0.00520857856,-0.0632416382
1781693833.614760,2026-06-17T18:57:13.614,1781693833.482757,left,base,1,pelvis,200,0.001,0.0001676,0.336818082,-0.0625795,-0.732694119,0.677279852,-0.0545677507,0.0383886759,0.00104897101,0.0664949827,0.0185572096,-0.0256858192,0.0169460055,-0.0743906373,-0.0781171834,1,1,0.019601162,0.0437746105,2,0.059881,,-0.0651567304,0.104248833,0.0245329776,0.124479959,0.0229213471,-0.163853907,-0.119772898
1781693833.615274,2026-06-17T18:57:13.615,1781693833.449233,right,base,1,pelvis,200,0.001,-0.0123452,-0.320351218,-0.0625415,0.717147245,0.688115951,-0.0779512844,0.0782295574,-0.013400506,-0.0110221528,-0.0148268203,-0.00650073778,-0.0151488851,0.00814191366,-0.0617971749,1,1,0.0314309301,0.137704646,2,0.045242,,-0.0162781378,-0.02055532,-0.0152071742,0.00849444818,-0.0154844973,-0.00293051873,-0.0640318273
1781693833.631543,2026-06-17T18:57:13.631,1781693833.499415,left,base,1,pelvis,200,0.001,0.00347714,0.342661782,-0.0680015,-0.732303582,0.677414895,-0.0566327411,0.0404135783,-0.00959663038,0.0715884814,0.0192637658,-0.00240732285,0.0176520771,-0.087772317,-0.0836862189,1,1,0.0235520712,0.0464200388,2,0.056319,,-0.00920080908,0.111247697,0.0271574474,0.0183033019,0.0255475528,-0.115190423,-0.127289608
1781693833.632404,2026-06-17T18:57:13.632,1781693833.515903,right,base,1,pelvis,200,0.001,-0.010277,-0.328214068,-0.068133,0.716262084,0.687948205,-0.0807615708,0.0846962955,-0.0158557466,-0.0132607914,-0.0149108593,0.000537058553,-0.0152125003,0.00434384226,-0.0622081092,1,1,0.0372987232,0.146982757,2,0.063777,,-0.0105641253,-0.0245802812,-0.0152451579,-0.00111267285,-0.0155509548,0.00130752156,-0.0634872388
1781693833.648256,2026-06-17T18:57:13.648,1781693833.499415,left,base,1,pelvis,200,0.001,0.00347714,0.342661782,-0.0680015,-0.732303582,0.677414895,-0.0566327411,0.0404135783,-0.0184540683,0.0767952221,0.020103788,0.0178211546,0.0184921086,-0.0999013081,-0.0894391877,1,1,0.024125979,0.0477191392,2,0.066011,,0.0842605501,0.111343527,0.0313713757,-0.149974179,0.0297391424,-0.040632332,-0.128363919
1781693833.648795,2026-06-17T18:57:13.648,1781693833.532571,right,base,1,pelvis,200,0.001,-0.00946085,-0.321641268,-0.06721,0.716355817,0.687399862,-0.081379401,0.0877106903,-0.0159790481,-0.0153901595,-0.0149973575,0.00285992443,-0.0152918998,0.00222036136,-0.0627404763,1,1,0.0310522656,0.149210227,2,0.048615,,-0.00722457677,-0.0235862499,-0.0153873772,-0.00596356946,-0.0157032781,0.00252537042,-0.0673418091
1781693833.665225,2026-06-17T18:57:13.665,1781693833.499415,left,base,1,pelvis,200,0.001,0.00347714,0.342661782,-0.0680015,-0.732303582,0.677414895,-0.0566327411,0.0404135783,-0.0169172181,0.0825173458,0.0212753123,-0.0312947417,0.0196639293,-0.102440638,-0.0957256675,1,1,0.0286498313,0.0354607357,2,0.077733,,-0.139899859,0.118419055,0.024305141,0.248247206,0.0227265142,-0.253284503,-0.135514056
1781693833.665987,2026-06-17T18:57:13.665,1781693833.549238,right,base,1,pelvis,200,0.001,-0.00817165,-0.318471118,-0.0685215,0.716135756,0.687274888,-0.0809219085,0.0908540131,-0.0144587431,-0.0179703971,-0.0150669304,0.00174456977,-0.0153646326,0.00196407056,-0.0629501389,1,1,0.0281779718,0.150118987,2,0.049118,,-0.00789269236,-0.0242466079,-0.0154467815,-0.0040717467,-0.015757326,0.000973674735,-0.0695622048
1781693833.682053,2026-06-17T18:57:13.682,1781693833.549423,left,base,1,pelvis,200,0.001,0.001112395,0.344878932,-0.0728995,-0.730816355,0.678221508,-0.0622630505,0.0452366537,-0.00192359988,0.0867891218,0.0227714564,-0.0828668261,0.0211569836,-0.0932812136,-0.100562357,1,1,0.0458538985,0.167715635,8,0.143333,,0.0944563115,0.130410927,0.0506405936,-0.167671108,0.0480016403,-0.234700911,-0.165746957
1781693833.682590,2026-06-17T18:57:13.682,1781693833.565909,right,base,1,pelvis,200,0.001,-0.00757755,-0.319011718,-0.069447,0.715981783,0.68735587,-0.0793949665,0.0927816424,-0.0123291827,-0.0196235659,-0.0151612621,-0.000524516591,-0.0154643215,0.00212930342,-0.0642429384,1,1,0.0280867603,0.148024367,2,0.044957,,-0.0100883733,-0.0256829437,-0.0154952112,0.00103844735,-0.015794444,-0.00231301269,-0.0708882615
1781693833.698915,2026-06-17T18:57:13.698,1781693833.599267,left,base,1,pelvis,200,0.001,-0.001281805,0.341312332,-0.0770225,-0.729284044,0.678895054,-0.0690219852,0.0498222268,-0.0147715129,0.0897344012,0.0229142682,-0.0529602187,0.0213031333,-0.108180214,-0.103816949,1,1,0.0447726203,0.157039528,9,0.15309,,-0.03114946,0.131187225,0.0436470463,0.0852807375,0.0405989185,-0.368921133,-0.171108318
1781693833.699434,2026-06-17T18:57:13.699,1781693833.565909,right,base,1,pelvis,200,0.001,-0.00757755,-0.319011718,-0.069447,0.715981783,0.68735587,-0.0793949665,0.0927816424,-0.0110611042,-0.0209449663,-0.0152428719,-0.00153841856,-0.0155480707,0.00179899099,-0.0657633401,1,1,0.0273795158,0.145384984,2,0.056446,,-0.0108627213,-0.0266790184,-0.015558601,0.00348763697,-0.0158527993,-0.00406482209,-0.0725119603
1781693833.715546,2026-06-17T18:57:13.715,1781693833.599267,left,base,1,pelvis,200,0.001,-0.001281805,0.341312332,-0.0770225,-0.729284044,0.678895054,-0.0690219852,0.0498222268,-0.00382705029,0.0938101275,0.0256924041,-0.0644540761,0.0239782833,-0.133959681,-0.110022242,1,1,0.0457359706,0.18863716,10,0.11146,,0.0344024291,0.129212334,0.0493092646,-0.0209926568,0.0464809597,-0.359385418,-0.171317644
1781693833.715894,2026-06-17T18:57:13.715,1781693833.565909,right,base,1,pelvis,200,0.001,-0.00757755,-0.319011718,-0.069447,0.715981783,0.68735587,-0.0793949665,0.0927816424,-0.0107785781,-0.0223210943,-0.0153161629,-0.000789977412,-0.0156196289,0.00060467477,-0.0672518545,1,1,0.0266751377,0.14272278,2,0.034419,,-0.00930802274,-0.0276709516,-0.0156385937,0.0016603091,-0.015936522,-0.00394997667,-0.0741530555
1781693833.732204,2026-06-17T18:57:13.732,1781693833.599267,left,base,1,pelvis,200,0.001,-0.001281805,0.341312332,-0.0770225,-0.729284044,0.678895054,-0.0690219852,0.0498222268,-0.00668805489,0.0977239861,0.027572484,-0.0487749323,0.0257186757,-0.15856314,-0.116418733,1,1,0.0463373098,0.18095137,9,0.086959,,0.0335155133,0.128867799,0.0497121429,-0.027201575,0.0453006841,-0.344635831,-0.170590826
1781693833.732457,2026-06-17T18:57:13.732,1781693833.582576,right,base,1,pelvis,200,0.001,-0.0067456,-0.319840818,-0.068931,0.715831533,0.687587073,-0.0761980163,0.0948846377,-0.0108025316,-0.0235616846,-0.0153851788,0.000427750732,-0.0156860066,-0.000724612361,-0.068749273,1,1,0.0260642524,0.139215016,2,0.025161,,-0.00723474025,-0.0289061206,-0.0156952045,-0.00143019303,-0.0159989496,-0.00364953463,-0.0753035958
1781693833.749256,2026-06-17T18:57:13.749,1781693833.599267,left,base,1,pelvis,200,0.001,-0.001281805,0.341312332,-0.0770225,-0.729284044,0.678895054,-0.0690219852,0.0498222268,-0.00210168489,0.101238601,0.0299986642,-0.045673976,0.0280360861,-0.180978191,-0.122546349,1,1,0.0482315341,0.18432745,9,0.145697,,-0.0903575826,0.135161074,0.043198659,0.200057191,0.0390526603,-0.452192098,-0.177467852
1781693833.749805,2026-06-17T18:57:13.749,1781693833.582576,right,base,1,pelvis,200,0.001,-0.0067456,-0.319840818,-0.068931,0.715831533,0.687587073,-0.0761980163,0.0948846377,-0.010372998,-0.0247427201,-0.0154580122,0.00078199766,-0.0157580067,-0.00165160732,-0.0703023624,1,1,0.0254499381,0.136677977,2,0.046469,,-0.00628708877,-0.0297575933,-0.0157708152,-0.00225031713,-0.0160760414,-0.00391545005,-0.0769666663
1781693833.765981,2026-06-17T18:57:13.765,1781693833.616116,left,base,1,pelvis,200,0.001,0.006170825,0.346852282,-0.0829945,-0.728836768,0.678860737,-0.072215131,0.0522497829,0.00224819332,0.104612916,0.0324062435,-0.0434179677,0.0301445871,-0.233605993,-0.128413953,1,1,0.0460069616,0.0929860621,3,0.080523,,0.0300902704,0.117250552,0.0387701628,-0.0584646043,0.0360201818,-0.228663963,-0.146145069
1781693833.766681,2026-06-17T18:57:13.766,1781693833.632576,right,base,1,pelvis,200,0.001,-0.00019835,-0.312431468,-0.0647505,0.714829093,0.689138376,-0.0669578321,0.0981035968,-0.00942827837,-0.0259960417,-0.015529415,0.00011605491,-0.0158305385,-0.00225304969,-0.0718078995,1,1,0.0172318724,0.128798669,2,0.05991,,-0.00850811494,-0.0282433555,-0.0156409856,-0.00109432377,-0.0159427777,-0.00461806096,-0.0803872647
1781693833.788831,2026-06-17T18:57:13.788,1781693833.649424,left,base,1,pelvis,200,0.001,0.0113489,0.348987582,-0.0955245,-0.727329264,0.67966591,-0.0769060888,0.0559628917,-0.00867573688,0.108216427,0.0336793347,-0.0146972361,0.0311953982,-0.273724684,-0.134200432,1,1,0.0532071891,0.0774337124,400,6.227834,using best approximate IK outside the usable position/orientation threshold,0.0758669878,0.128279147,0.0475903307,-0.119300954,0.0444119268,-0.2103569,-0.166239272
1781693833.789448,2026-06-17T18:57:13.789,1781693833.665910,right,base,1,pelvis,200,0.001,0.0116595,-0.310290318,-0.061829,0.713056653,0.691341277,-0.0609650228,0.0994017796,-0.00850438734,-0.0271023945,-0.015600416,-0.000579945709,-0.0159027462,-0.00274199718,-0.0733252031,1,1,0.0171485102,0.122989668,2,0.056284,,-0.0124302617,-0.0284974249,-0.0154093858,-0.000862334575,-0.0157086809,-0.00199860472,-0.0821405366
1781693833.805691,2026-06-17T18:57:13.805,1781693833.666100,left,base,1,pelvis,200,0.001,0.006970785,0.339788982,-0.097817,-0.726068328,0.680680471,-0.0790657154,0.0569867708,-0.00216921011,0.109732724,0.0345337845,-0.0613584744,0.0320051948,-0.25765836,-0.136205232,1,1,0.0732519541,0.138103251,400,5.934973,using best approximate IK outside the usable position/orientation threshold,-0.00216921011,0.109732724,0.0345337845,-0.0613584744,0.0320051948,-0.25765836,-0.136205232
1781693833.806241,2026-06-17T18:57:13.806,1781693833.665910,right,base,1,pelvis,200,0.001,0.0116595,-0.310290318,-0.061829,0.713056653,0.691341277,-0.0609650228,0.0994017796,-0.00850580834,-0.0275373423,-0.0156158816,-0.000776032725,-0.0159180066,-0.00345717495,-0.0760173448,1,1,0.0167988686,0.119997657,2,0.049035,,-0.012605747,-0.0287558053,-0.0154168636,-0.000657325799,-0.015715031,-0.00287188774,-0.0847577992
1781693833.821310,2026-06-17T18:57:13.821,1781693833.682795,left,base,1,pelvis,200,0.001,0.00449304,0.330232182,-0.096197,-0.724960759,0.681519503,-0.0813691766,0.0578110991,0.00848137398,0.112263988,0.0363157761,-0.0692666153,0.033698498,-0.251202533,-0.140304357,1,1,0.0511648982,0.0828576319,400,5.281544,using best approximate IK outside the usable position/orientation threshold,0.0491334645,0.108738605,0.0703658511,-0.0321131384,0.0360071769,-0.286315613,-0.172235974
1781693833.821656,2026-06-17T18:57:13.821,1781693833.682578,right,base,1,pelvis,200,0.001,0.01765175,-0.310868018,-0.0598325,0.712167295,0.692316314,-0.0586750076,0.100364881,-0.00965696564,-0.0278189627,-0.0155553103,-0.000801347589,-0.0158566053,-0.00302933351,-0.0778134565,1,1,0.0189105193,0.117820162,2,0.03786,,-0.0154487447,-0.029245591,-0.0152230491,-0.00107381587,-0.0155204226,-0.000653339122,-0.0860879104
1781693833.834361,2026-06-17T18:57:13.834,1781693833.682795,left,base,1,pelvis,200,0.001,0.00449304,0.330232182,-0.096197,-0.724960759,0.681519503,-0.0813691766,0.0578110991,0.00704349899,0.111922257,0.0360751995,-0.0681989821,0.0334698947,-0.252074098,-0.139750957,1,1,0.0485815313,0.02740165,216,1.619852,,0.0527918878,0.113366973,0.0464830351,-0.0684089192,0.0596999374,-0.158435282,-0.178232867
1781693833.835025,2026-06-17T18:57:13.835,1781693833.699248,right,base,1,pelvis,200,0.001,0.02312065,-0.311372668,-0.0572155,0.711357776,0.693140885,-0.0566488504,0.101571334,-0.0104590099,-0.0280737762,-0.0155176539,-0.000762174848,-0.0158180982,-0.00298650956,-0.0797022606,1,1,0.0214162971,0.116406079,2,0.055608,,-0.0177474915,-0.0296887902,-0.0150657414,-0.00159249058,-0.0153626173,0.00115082057,-0.0875799828
1781693833.853662,2026-06-17T18:57:13.853,1781693833.682795,left,base,1,pelvis,200,0.001,0.00449304,0.330232182,-0.096197,-0.724960759,0.681519503,-0.0813691766,0.0578110991,0.0122407486,0.111529141,0.0403093934,-0.0637431187,0.0337831972,-0.211866712,-0.143762192,1,1,0.0619242876,0.075650121,400,4.242654,using best approximate IK outside the usable position/orientation threshold,0.0122407486,0.111529141,0.0403093934,-0.0637431187,0.0337831972,-0.211866712,-0.143762192
1781693833.853982,2026-06-17T18:57:13.853,1781693833.749250,right,base,1,pelvis,200,0.001,0.0328426,-0.323662068,-0.078658,0.708079055,0.696696459,-0.0525798926,0.102339881,-0.011660372,-0.0283559102,-0.0154467229,-0.000837207639,-0.0157464278,-0.00242475974,-0.0812397126,1,1,0.0417821129,0.114196473,2,0.029875,,-0.0233231303,-0.0339833098,-0.0145472625,0.00113328629,-0.0148420602,0.00291146389,-0.0846188478
1781693833.870425,2026-06-17T18:57:13.870,1781693833.682795,left,base,1,pelvis,200,0.001,0.00449304,0.330232182,-0.096197,-0.724960759,0.681519503,-0.0813691766,0.0578110991,0.0196566025,0.111865237,0.0414384079,-0.0645963843,0.0385227621,-0.187983678,-0.150066071,1,1,0.0570406502,0.0447892549,400,4.19949,using best approximate IK outside the usable position/orientation threshold,0.0196566025,0.111865237,0.0414384079,-0.0645963843,0.0385227621,-0.187983678,-0.150066071
1781693833.870866,2026-06-17T18:57:13.870,1781693833.749250,right,base,1,pelvis,200,0.001,0.0328426,-0.323662068,-0.078658,0.708079055,0.696696459,-0.0525798926,0.102339881,-0.0136561139,-0.0287929124,-0.0153218131,-0.00108483705,-0.0156205905,-0.0012524589,-0.0833184532,1,1,0.0409865452,0.111739971,2,0.0288,,-0.0255789426,-0.0342701117,-0.0144176749,0.00222439469,-0.0147102103,0.00308693727,-0.0866325562
1781693833.884751,2026-06-17T18:57:13.884,1781693833.749451,left,base,1,pelvis,200,0.001,0.003287695,0.312594932,-0.0944,-0.722749451,0.68269664,-0.090188724,0.0585194221,0.0183500565,0.111806023,0.0412394949,-0.0644460536,0.0376877323,-0.192191458,-0.148955436,1,1,0.0456054235,0.253221031,229,1.775879,,0.06676526,0.0826704921,-0.206678136,-0.0980964242,0.0984433833,-0.00728521357,-0.0772145969
1781693833.885065,2026-06-17T18:57:13.885,1781693833.749250,right,base,1,pelvis,200,0.001,0.0328426,-0.323662068,-0.078658,0.708079055,0.696696459,-0.0525798926,0.102339881,-0.0165300563,-0.0303359845,-0.0150915442,-0.000425403105,-0.0153891384,-1.45511766e-05,-0.0837050522,1,1,0.0399462322,0.109763787,2,0.025827,,-0.0260581242,-0.0354046921,-0.0142217003,-0.000482113986,-0.01451689,0.00536371673,-0.0872509856
1781693833.899862,2026-06-17T18:57:13.899,1781693833.849524,left,base,1,pelvis,200,0.001,0.00184024,0.300771482,-0.0632915,-0.69665263,0.684585102,-0.187515483,0.104193544,0.018559751,0.111815526,0.0412714195,-0.064470181,0.0378217506,-0.149618006,-0.149133688,1,1,0.0334383975,0.214610995,2,0.061278,,-0.013759801,0.104975124,0.0387783574,0.0219801489,0.035602484,-0.221494629,-0.150774829
1781693833.900421,2026-06-17T18:57:13.900,1781693833.815924,right,base,1,pelvis,200,0.001,0.04285995,-0.326980918,-0.088164,0.700473668,0.705066512,-0.048927024,0.0991160968,-0.0188380612,-0.0313394212,-0.0149196674,0.000250453147,-0.0152159713,0.000776513092,-0.0844517401,1,1,0.0475633235,0.0970352768,3,0.061651,,-0.0530677324,-0.0422950477,-0.0111846705,0.0218167883,-0.0114607026,0.00548530054,-0.0882677815
1781693833.916535,2026-06-17T18:57:13.916,1781693833.849524,left,base,1,pelvis,200,0.001,0.00184024,0.300771482,-0.0632915,-0.69665263,0.684585102,-0.187515483,0.104193544,0.0239940267,0.108529965,0.013319713,-0.0682609153,0.0446557136,-0.125075198,-0.141026146,1,1,0.0290926365,0.23810109,2,0.062371,,-0.0100963522,0.101374788,0.0116174995,0.0187486992,0.0432389206,-0.197748062,-0.14364769
1781693833.917060,2026-06-17T18:57:13.917,1781693833.849257,right,base,1,pelvis,200,0.001,0.05737235,-0.317278718,-0.0870965,0.674445441,0.731727639,-0.0463264998,0.0869014718,-0.0208228014,-0.0370831657,-0.0147278015,0.00191230305,-0.0150237992,0.00203750037,-0.0852212313,1,1,0.0494435743,0.106858274,4,0.07465,,0.0667825595,-0.0412865683,-0.0038612409,-0.237015237,-0.00432634267,0.145027666,-0.0954452992
1781693833.933410,2026-06-17T18:57:13.933,1781693833.849524,left,base,1,pelvis,200,0.001,0.00184024,0.300771482,-0.0632915,-0.69665263,0.684585102,-0.187515483,0.104193544,0.0190822373,0.108067479,0.0166318937,-0.0565205137,0.0434778845,-0.137619408,-0.142294454,1,1,0.0289781704,0.232768989,2,0.062682,,-0.0120953379,0.101136506,0.0150432268,0.0249295315,0.0421255406,-0.20717013,-0.144788709
1781693833.934016,2026-06-17T18:57:13.934,1781693833.865926,right,base,1,pelvis,200,0.001,0.05751285,-0.313291768,-0.0891405,0.663643692,0.742027056,-0.0477090014,0.0818336726,-0.0303249876,-0.0386190435,-0.0136836842,-0.0479867982,-0.0139737983,0.0519366016,-0.0861190123,1,1,0.0493095661,0.142630126,2,0.057757,,-0.187296937,-0.0410522321,-0.00499274984,0.219582403,-0.00513115968,-0.0602873927,-0.0883919828
1781693833.950096,2026-06-17T18:57:13.950,1781693833.866136,left,base,1,pelvis,200,0.001,0.000607245,0.288209932,-0.023068,-0.644440851,0.677082487,-0.312756414,0.168637837,0.0149904636,0.107128949,0.0159287149,-0.0459653569,0.0434443741,-0.146051373,-0.142484221,1,1,0.0325175197,0.466010633,3,0.065718,,0.215974148,0.087342448,0.0228661862,-0.355636629,0.0519921727,-0.11687726,-0.149240165
1781693833.950615,2026-06-17T18:57:13.950,1781693833.882592,right,base,1,pelvis,200,0.001,0.0572572,-0.308772668,-0.0865805,0.655949034,0.749395549,-0.0476880126,0.0765704215,-0.0175779591,-0.0389692018,-0.0123943203,-0.0657867883,-0.0127074045,0.0419588058,-0.0873432472,1,1,0.0464604008,0.154212139,2,0.04466,,-0.18506855,-0.0399003986,-0.00273590677,0.219931725,-0.0028925752,-0.0760628614,-0.0903958186
1781693833.966914,2026-06-17T18:57:13.966,1781693833.866136,left,base,1,pelvis,200,0.001,0.000607245,0.288209932,-0.023068,-0.644440851,0.677082487,-0.312756414,0.168637837,0.0110321197,0.106253208,0.0157993088,-0.095601244,0.0432516386,-0.154983324,-0.142821001,1,1,0.0404451101,0.415750817,3,0.072595,,0.244514602,0.086579065,0.0235932402,-0.436857926,0.0536199827,-0.116990458,-0.148845604
1781693833.967607,2026-06-17T18:57:13.967,1781693833.915925,right,base,1,pelvis,200,0.001,0.06038415,-0.300018768,-0.0738075,0.642684413,0.762584078,-0.0411562468,0.0610608973,-0.03350596,-0.0391646927,-0.0116996884,-0.0387115518,-0.0119963795,0.0191063666,-0.0874416703,1,1,0.0356952092,0.183178149,2,0.048566,,-0.120353734,-0.0370765442,-0.00212229468,0.0972684481,-0.00238018592,-0.0277584156,-0.0910029643
1781693833.983588,2026-06-17T18:57:13.983,1781693833.866136,left,base,1,pelvis,200,0.001,0.000607245,0.288209932,-0.023068,-0.644440851,0.677082487,-0.312756414,0.168637837,0.0334828132,0.104181599,0.0165734609,-0.146616859,0.044209134,-0.150808936,-0.143524198,1,1,0.042721441,0.395516093,3,0.080798,,0.250010084,0.0856319076,0.0230825077,-0.450511542,0.0536777147,-0.129551449,-0.150345966
1781693833.984106,2026-06-17T18:57:13.984,1781693833.915925,right,base,1,pelvis,200,0.001,0.06038415,-0.300018768,-0.0738075,0.642684413,0.762584078,-0.0411562468,0.0610608973,-0.0487888726,-0.039238878,-0.0107958196,-0.0126310883,-0.0110783915,0.00950991545,-0.0877395537,1,1,0.0350919519,0.181984826,2,0.045487,,-0.0887043046,-0.0364784034,-0.00220483251,0.038066811,-0.00247242796,0.000926023955,-0.0918358556
1781693834.000408,2026-06-17T18:57:14.000,1781693833.949441,left,base,1,pelvis,200,0.001,0.00630006,0.274394082,-0.020677,-0.575485611,0.667720657,-0.394218955,0.259917009,0.0572331284,0.102200543,0.0173634934,-0.196092529,0.0452682665,-0.147002877,-0.144123089,1,1,0.0243639187,0.468785959,6,0.106195,,0.336498584,0.0585467278,0.00462937815,-0.489839144,0.0408948358,-0.367682865,-0.153390007
1781693834.001046,2026-06-17T18:57:14.001,1781693833.932596,right,base,1,pelvis,200,0.001,0.06607795,-0.300129368,-0.071309,0.638166246,0.76730205,-0.034381132,0.0530032377,-0.0561367261,-0.0390168625,-0.00990527378,-0.00134725875,-0.0101853115,0.00568342528,-0.0880746213,1,1,0.0366482421,0.192066557,2,0.053358,,-0.0726723481,-0.0368431423,-0.00133739317,0.00313331705,-0.00161686226,0.0201593963,-0.0898309374
1781693834.017092,2026-06-17T18:57:14.017,1781693833.949441,left,base,1,pelvis,200,0.001,0.00630006,0.274394082,-0.020677,-0.575485611,0.667720657,-0.394218955,0.259917009,0.0806129858,0.100191111,0.0180570916,-0.246963663,0.0462881586,-0.19787401,-0.144877796,1,1,0.042122423,0.49450856,4,0.083781,,0.303041046,0.0667204459,0.0110115495,-0.493863808,0.0442496235,-0.308961199,-0.144565663
1781693834.017592,2026-06-17T18:57:14.017,1781693833.932596,right,base,1,pelvis,200,0.001,0.06607795,-0.300129368,-0.071309,0.638166246,0.76730205,-0.034381132,0.0530032377,-0.0597351729,-0.0387363838,-0.00905443902,0.00300766838,-0.00933310201,0.00515777198,-0.0884902064,1,1,0.0362405921,0.190633186,2,0.045723,,-0.0670996362,-0.0364805233,-0.000732966991,-0.00877456626,-0.00101287097,0.0267210198,-0.0902524473
1781693834.033985,2026-06-17T18:57:14.033,1781693833.949441,left,base,1,pelvis,200,0.001,0.00630006,0.274394082,-0.020677,-0.575485611,0.667720657,-0.394218955,0.259917009,0.112453792,0.0950091437,0.0163862307,-0.296533747,0.0456170472,-0.247444094,-0.145937002,1,1,0.043262726,0.442599856,4,0.09975,,0.296127451,0.0651770489,0.00769550273,-0.467721013,0.0418140334,-0.380579053,-0.14784804
1781693834.034632,2026-06-17T18:57:14.034,1781693833.932596,right,base,1,pelvis,200,0.001,0.06607795,-0.300129368,-0.071309,0.638166246,0.76730205,-0.034381132,0.0530032377,-0.0612009061,-0.0385218867,-0.00818012678,0.0030219039,-0.0084588811,0.00685739954,-0.0886421062,1,1,0.0357667997,0.189057056,2,0.048494,,-0.0682166752,-0.0362731116,6.40252975e-05,-0.00883645424,-0.00021594798,0.0281340709,-0.0903479405
1781693834.050545,2026-06-17T18:57:14.050,1781693833.966127,left,base,1,pelvis,200,0.001,0.002218135,0.282357182,-0.072577,-0.574827714,0.705859629,-0.319036342,0.263725417,0.138081294,0.0912052762,0.015663519,-0.347788973,0.0454331752,-0.29869932,-0.145752604,1,1,0.038194806,0.483370344,4,0.075656,,-0.0461569041,0.0612654597,-0.0141257111,0.168592317,0.0150375758,-0.52,-0.126050531
1781693834.050952,2026-06-17T18:57:14.050,1781693833.949261,right,base,1,pelvis,200,0.001,0.0741728,-0.303365618,-0.07346,0.634839809,0.770773039,-0.0266207307,0.0466763028,-0.0619244036,-0.0382715072,-0.00726670962,0.00157503039,-0.00754560495,0.00929373394,-0.0888396195,1,1,0.0415183235,0.197076175,2,0.045099,,-0.0738654619,-0.0381075919,0.0013764463,-0.00584666329,0.00109759912,0.0309343339,-0.0868267564
1781693834.067366,2026-06-17T18:57:14.067,1781693833.966127,left,base,1,pelvis,200,0.001,0.002218135,0.282357182,-0.072577,-0.574827714,0.705859629,-0.319036342,0.263725417,0.159854096,0.0876195678,0.0145658267,-0.396652384,0.0449345939,-0.312591475,-0.146041276,1,1,0.0369145843,0.497801219,4,0.083738,,-0.0656307915,0.059316156,-0.0159976891,0.203649337,0.0132586202,-0.52,-0.12814605
1781693834.067794,2026-06-17T18:57:14.067,1781693833.965930,right,base,1,pelvis,200,0.001,0.08059035,-0.305870518,-0.0769945,0.631661003,0.77371351,-0.0215692264,0.0436640723,-0.0627013497,-0.0380247528,-0.00636153798,0.000289459336,-0.00664056641,0.011620068,-0.0890258613,1,1,0.0472346833,0.204438009,2,0.04612,,-0.079216373,-0.0394052442,0.00264439666,-0.00215089054,0.00236541273,0.0326338148,-0.0844978511
1781693834.084058,2026-06-17T18:57:14.084,1781693833.966127,left,base,1,pelvis,200,0.001,0.002218135,0.282357182,-0.072577,-0.574827714,0.705859629,-0.319036342,0.263725417,0.180160808,0.0842753061,0.0135420485,-0.43847241,0.044469585,-0.322722613,-0.14631051,1,1,0.0373569442,0.479458563,4,0.097654,,-0.042454965,0.0578314125,-0.0164189135,0.162265594,0.0129112656,-0.52,-0.129194808
1781693834.084505,2026-06-17T18:57:14.084,1781693833.982596,right,base,1,pelvis,200,0.001,0.08737665,-0.308495468,-0.082246,0.62788779,0.776974102,-0.017164708,0.0421134405,-0.0641969866,-0.0380358506,-0.00532489355,-0.000532586447,-0.0056038977,0.014207567,-0.088731251,1,1,0.0483548909,0.195693165,3,0.060244,,-0.0953736807,-0.0426250948,0.0126301168,-0.00787238904,0.0123513415,0.05586055,-0.0759680882
1781693834.106909,2026-06-17T18:57:14.106,1781693833.982784,left,base,1,pelvis,200,0.001,-0.006246555,0.295985932,-0.1498675,-0.563228407,0.75804295,-0.200428686,0.2607163,0.198316964,0.081285214,0.0126266922,-0.443051677,0.0440538223,-0.331780826,-0.146551231,1,1,0.1650606,0.109810781,400,5.902172,using best approximate IK outside the usable position/orientation threshold,0.096091595,0.034987641,-0.159600142,-0.303788944,-0.138435565,-0.340319406,0.155756964
1781693834.107764,2026-06-17T18:57:14.107,1781693833.982596,right,base,1,pelvis,200,0.001,0.08737665,-0.308495468,-0.082246,0.62788779,0.776974102,-0.017164708,0.0421134405,-0.0663035426,-0.038227916,-0.00420715437,-0.000759562983,-0.00448615569,0.0223580066,-0.0881374921,1,1,0.048271591,0.193423202,3,0.062463,,-0.0939776501,-0.0426977457,0.0135432229,-0.0133732699,0.0132646843,0.0648495697,-0.0753224235
1781693834.123318,2026-06-17T18:57:14.123,1781693833.982784,left,base,1,pelvis,200,0.001,-0.006246555,0.295985932,-0.1498675,-0.563228407,0.75804295,-0.200428686,0.2607163,0.220351588,0.0776563868,0.0115158,-0.424850077,0.0435492454,-0.342774029,-0.0767766035,1,1,0.11726824,0.15956505,400,5.917459,using best approximate IK outside the usable position/orientation threshold,0.207665636,0.0511184728,-0.174880114,-0.198069351,-0.158538464,-0.50161238,0.171254929
1781693834.123881,2026-06-17T18:57:14.123,1781693833.999267,right,base,1,pelvis,200,0.001,0.09134435,-0.310213818,-0.0879465,0.624899453,0.77940032,-0.0141775801,0.0428347015,-0.0721752934,-0.039116083,-0.000806267212,-0.00219625178,-0.00108522287,0.0376967256,-0.0856794472,1,1,0.0467807937,0.164583436,5,0.079579,,-0.139202248,-0.0462233593,0.0324789576,0.0152369472,0.0326056291,0.0823884039,-0.0590642321
1781693834.140428,2026-06-17T18:57:14.140,1781693833.982784,left,base,1,pelvis,200,0.001,-0.006246555,0.295985932,-0.1498675,-0.563228407,0.75804295,-0.200428686,0.2607163,0.206400587,0.0728658527,-0.00769584369,-0.376521677,0.0231173248,-0.391102429,-0.0284482039,1,1,0.174260372,0.10664693,400,5.900049,using best approximate IK outside the usable position/orientation threshold,0.0737500454,0.0264758138,-0.145021028,-0.293178325,-0.128308768,-0.348435861,0.168240991
1781693834.146928,2026-06-17T18:57:14.146,1781693834.065935,right,base,1,pelvis,200,0.001,0.09423825,-0.309898668,-0.101375,0.620152673,0.783075504,-0.0118059307,0.045431681,-0.0755462647,-0.0396698618,0.00141237917,-0.0039243864,0.001133488,0.0587454197,-0.084078096,1,1,0.057378897,0.035543649,400,5.99114,using best approximate IK outside the usable position/orientation threshold,-0.149776441,-0.0447244386,0.141237339,-0.0259780231,0.108909109,0.146456939,0.0226532473
1781693834.155801,2026-06-17T18:57:14.155,1781693834.066136,left,base,1,pelvis,200,0.001,-0.018935035,0.309964432,-0.1189915,-0.554789376,0.780875911,-0.135604795,0.253086742,0.206558253,0.0701554136,-0.0285325051,-0.306835026,0.000477036055,-0.363159219,0.0218232337,1,1,0.133461811,0.0591588483,400,4.821877,using best approximate IK outside the usable position/orientation threshold,0.0411428198,0.0288797314,-0.182021754,-0.137679254,-0.173233429,-0.397419787,0.263786067
1781693834.162614,2026-06-17T18:57:14.162,1781693834.065935,right,base,1,pelvis,200,0.001,0.09423825,-0.309898668,-0.101375,0.620152673,0.783075504,-0.0118059307,0.045431681,-0.0901478886,-0.0411731251,0.0525799264,-0.017328409,0.0212294874,0.126299463,-0.0255177125,1,1,0.0569821487,0.0943730422,400,6.296725,using best approximate IK outside the usable position/orientation threshold,-0.139704524,-0.0485723462,0.0882467105,-0.05610577,0.0564469469,0.1424948,-0.0068667358
1781693834.167926,2026-06-17T18:57:14.167,1781693834.082794,left,base,1,pelvis,200,0.001,-0.011136215,0.302918482,-0.090359,-0.561049007,0.772707757,-0.148328854,0.257187256,0.190892718,0.0650031391,-0.0422730349,-0.259384245,-0.0147140328,-0.361422509,0.0692740146,1,1,0.0494568918,0.305467028,4,0.110073,,-0.0259264692,0.0331030103,-0.0858138919,0.210865765,-0.0616302873,-0.52,0.128742112
1781693834.176107,2026-06-17T18:57:14.176,1781693834.082603,right,base,1,pelvis,200,0.001,0.0962629,-0.307318618,-0.1088145,0.612062036,0.789457058,-0.0107842937,0.0449590566,-0.100541474,-0.0417921386,0.0680334024,-0.0482114291,0.0365125291,0.129813022,-0.0171212485,1,1,0.0686710911,0.152374118,400,7.48099,using best approximate IK outside the usable position/orientation threshold,-0.139247936,-0.0421378638,0.0813108872,-0.0935563407,0.0499606695,0.0981855097,-0.0134383658
1781693834.184457,2026-06-17T18:57:14.184,1781693834.116131,left,base,1,pelvis,200,0.001,-0.001409205,0.291319132,-0.084865,-0.564863383,0.767030122,-0.154146298,0.262360572,0.175805044,0.0613636162,-0.0563530649,-0.220254749,-0.030685255,-0.369314151,0.10840351,1,1,0.0483995209,0.217362448,4,0.055025,,0.0981579521,0.0307056268,-0.0932795166,-0.0266199517,-0.0705934431,-0.52,0.163020694
1781693834.191842,2026-06-17T18:57:14.191,1781693834.099270,right,base,1,pelvis,200,0.001,0.09960725,-0.304121518,-0.112753,0.60196946,0.797383505,-0.00993196176,0.041396509,-0.106676732,-0.0428543216,0.0712000062,-0.0861099621,0.0396354421,0.107069498,-0.0155147832,1,1,0.0682471237,0.175990367,400,7.034531,using best approximate IK outside the usable position/orientation threshold,-0.106676732,-0.0428543216,0.0712000062,-0.0861099621,0.0396354421,0.107069498,-0.0155147832
1781693834.201391,2026-06-17T18:57:14.201,1781693834.116131,left,base,1,pelvis,200,0.001,-0.001409205,0.291319132,-0.084865,-0.564863383,0.767030122,-0.154146298,0.262360572,0.157187993,0.0587555501,-0.059071895,-0.172282547,-0.0335410569,-0.383220387,0.138018802,1,1,0.0495804707,0.263750694,3,0.0933,,0.188872161,0.0423992421,-0.0824365406,-0.200494878,-0.0575394528,-0.385100125,0.168409074
1781693834.206410,2026-06-17T18:57:14.206,1781693834.132607,right,base,1,pelvis,200,0.001,0.10030235,-0.301141518,-0.104882,0.590344554,0.80641863,-0.0109048746,0.0326095894,-0.113045718,-0.0427142251,0.0731770919,-0.0875660299,0.0416544411,0.105332319,-0.0151087597,1,1,0.060294856,0.207075551,400,4.478011,using best approximate IK outside the usable position/orientation threshold,-0.113045718,-0.0427142251,0.0731770919,-0.0875660299,0.0416544411,0.105332319,-0.0151087597
1781693834.218147,2026-06-17T18:57:14.218,1781693834.116131,left,base,1,pelvis,200,0.001,-0.001409205,0.291319132,-0.084865,-0.564863383,0.767030122,-0.154146298,0.262360572,0.151262853,0.055940039,-0.062505485,-0.146010205,-0.0372601902,-0.396949641,0.140528367,1,1,0.0496384788,0.304260817,2,0.135184,,-0.0307844297,0.0340499154,-0.0808084779,0.199668282,-0.0563954788,-0.52,0.163980986
1781693834.224746,2026-06-17T18:57:14.224,1781693834.132607,right,base,1,pelvis,200,0.001,0.10030235,-0.301141518,-0.104882,0.590344554,0.80641863,-0.0109048746,0.0326095894,-0.111822996,-0.0427411209,0.0727975297,-0.0872864931,0.0412668324,0.105665824,-0.0151867084,1,1,0.0603301717,0.207223286,400,6.064751,using best approximate IK outside the usable position/orientation threshold,-0.111822996,-0.0427411209,0.0727975297,-0.0872864931,0.0412668324,0.105665824,-0.0151867084
1781693834.234842,2026-06-17T18:57:14.234,1781693834.132797,left,base,1,pelvis,200,0.001,0.008444335,0.277927532,-0.0875085,-0.567640667,0.762014313,-0.159302001,0.267845353,0.15515066,0.0545402791,-0.0645658285,-0.0905285329,-0.0393565291,-0.409669791,0.143410494,1,1,0.0498880208,0.276723647,4,0.077878,,0.039816381,0.0116176988,-0.101763255,0.0707522025,-0.0765074019,-0.477109011,0.201152241
1781693834.240626,2026-06-17T18:57:14.240,1781693834.132607,right,base,1,pelvis,200,0.001,0.10030235,-0.301141518,-0.104882,0.590344554,0.80641863,-0.0109048746,0.0326095894,-0.112133934,-0.0427342813,0.0728940523,-0.0873575792,0.0413654012,0.105581014,-0.015166886,1,1,0.0603195358,0.207183982,400,4.992087,using best approximate IK outside the usable position/orientation threshold,-0.112133934,-0.0427342813,0.0728940523,-0.0873575792,0.0413654012,0.105581014,-0.015166886
1781693834.255619,2026-06-17T18:57:14.255,1781693834.149469,left,base,1,pelvis,200,0.001,0.01395608,0.269988682,-0.0936845,-0.568015556,0.759363376,-0.163380886,0.272088732,0.135120392,0.0523329094,-0.0663156038,-0.043413207,-0.0411920875,-0.421555356,0.145626496,1,1,0.0722165027,0.161710805,400,4.249606,using best approximate IK outside the usable position/orientation threshold,0.0421630302,-0.0326638908,-0.22673707,-0.051790619,-0.208119012,-0.418336313,0.393410377
1781693834.260108,2026-06-17T18:57:14.260,1781693834.132607,right,base,1,pelvis,200,0.001,0.10030235,-0.301141518,-0.104882,0.590344554,0.80641863,-0.0109048746,0.0326095894,-0.112058919,-0.0427359314,0.0728707659,-0.0873404295,0.0413416212,0.105601475,-0.0151716682,1,1,0.0603219984,0.207193356,400,4.213122,using best approximate IK outside the usable position/orientation threshold,-0.112058919,-0.0427359314,0.0728707659,-0.0873404295,0.0413416212,0.105601475,-0.0151716682
1781693834.272667,2026-06-17T18:57:14.272,1781693834.166139,left,base,1,pelvis,200,0.001,0.01416358,0.270654782,-0.0968975,-0.566389963,0.759452879,-0.164674694,0.27443757,0.121876973,0.0466751349,-0.0712413997,-0.0263782436,-0.046099494,-0.426622373,0.204052161,1,1,0.0885320583,0.136451717,400,4.206238,using best approximate IK outside the usable position/orientation threshold,0.014988068,-0.040129193,-0.211431004,-0.0575255212,-0.190322755,-0.421868111,0.39236488
1781693834.277399,2026-06-17T18:57:14.277,1781693834.132607,right,base,1,pelvis,200,0.001,0.10030235,-0.301141518,-0.104882,0.590344554,0.80641863,-0.0109048746,0.0326095894,-0.111985204,-0.0427375529,0.0728478828,-0.0873235767,0.0413182529,0.105621581,-0.0151763676,1,1,0.0603244825,0.207202634,400,4.35122,using best approximate IK outside the usable position/orientation threshold,-0.111985204,-0.0427375529,0.0728478828,-0.0873235767,0.0413182529,0.105621581,-0.0151763676
1781693834.289376,2026-06-17T18:57:14.289,1781693834.166139,left,base,1,pelvis,200,0.001,0.01416358,0.270654782,-0.0968975,-0.566389963,0.759452879,-0.164674694,0.27443757,0.1120957,0.0369398665,-0.0903214434,-0.0348212964,-0.0659800442,-0.425605635,0.253019424,1,1,0.0890137227,0.140154082,400,4.368902,using best approximate IK outside the usable position/orientation threshold,0.0132621326,-0.0413288166,-0.202876997,-0.0573129311,-0.182528101,-0.421894433,0.393377625
1781693834.294082,2026-06-17T18:57:14.294,1781693834.149274,right,base,1,pelvis,200,0.001,0.0990446,-0.299037818,-0.0998805,0.581046538,0.813375784,-0.0123752918,0.0255265713,-0.111934957,-0.0427386582,0.0728322851,-0.0873120894,0.0413023246,0.105635286,-0.0151795708,1,1,0.0552247325,0.233430998,400,4.428419,using best approximate IK outside the usable position/orientation threshold,-0.111934957,-0.0427386582,0.0728322851,-0.0873120894,0.0413023246,0.105635286,-0.0151795708
1781693834.306457,2026-06-17T18:57:14.306,1781693834.166139,left,base,1,pelvis,200,0.001,0.01416358,0.270654782,-0.0968975,-0.566389963,0.759452879,-0.164674694,0.27443757,0.0999496728,0.0273002235,-0.105469584,-0.0376610952,-0.0815325804,-0.425138153,0.270548539,1,1,0.0921965256,0.138478241,400,4.589606,using best approximate IK outside the usable position/orientation threshold,0.00977967756,-0.0421559363,-0.209515766,-0.0584956922,-0.19050414,-0.42254526,0.405448607
1781693834.311179,2026-06-17T18:57:14.311,1781693834.182610,right,base,1,pelvis,200,0.001,0.09334505,-0.288399868,-0.1025155,0.566681702,0.823631837,-0.0168012173,0.0148379733,-0.111898013,-0.0427394708,0.0728208166,-0.0873036432,0.041290613,0.105645363,-0.0151819261,1,1,0.0728384039,0.122757118,400,4.411763,using best approximate IK outside the usable position/orientation threshold,-0.0741724115,-0.0344721947,0.204087959,-0.108180246,0.146264329,0.277163495,0.0949242145
1781693834.322699,2026-06-17T18:57:14.322,1781693834.199471,left,base,1,pelvis,200,0.001,0.007104695,0.284142882,-0.096094,-0.557654513,0.764471422,-0.162802502,0.279464191,0.0882752612,0.0180577919,-0.118587665,-0.0412539342,-0.0951338809,-0.424701314,0.298507736,1,1,0.0869389304,0.158441187,400,4.219524,using best approximate IK outside the usable position/orientation threshold,0.0289363185,-0.0204251795,-0.217367038,-0.0565988475,-0.200454799,-0.423493638,0.40667811
1781693834.327400,2026-06-17T18:57:14.327,1781693834.199278,right,base,1,pelvis,200,0.001,0.0857533,-0.280466368,-0.104307,0.56104805,0.827460724,-0.0203613265,0.0109202513,-0.111870138,-0.042740084,0.1180703,-0.0976027339,0.0619078944,0.157088701,0.0362614123,1,1,0.0606881121,0.213540854,400,4.408098,using best approximate IK outside the usable position/orientation threshold,-0.111870138,-0.042740084,0.1180703,-0.0976027339,0.0619078944,0.157088701,0.0362614123
1781693834.339651,2026-06-17T18:57:14.339,1781693834.216136,left,base,1,pelvis,200,0.001,0.004370345,0.287000682,-0.0939095,-0.552133322,0.767618472,-0.16087937,0.282893096,0.0776533131,0.00990972717,-0.13089197,-0.0435870726,-0.108039294,-0.424409559,0.314150824,1,1,0.0786725107,0.174024353,400,4.367226,using best approximate IK outside the usable position/orientation threshold,0.0477703095,-0.013129146,-0.231152585,-0.0540747257,-0.216769606,-0.4223418,0.419673464
1781693834.344658,2026-06-17T18:57:14.344,1781693834.215949,right,base,1,pelvis,200,0.001,0.0755037,-0.273288268,-0.102309,0.554777957,0.831610272,-0.0245643623,0.00650888407,-0.105760978,-0.0414002193,0.132010015,-0.0993168879,0.0755783979,0.165825218,0.054843791,1,1,0.0596891833,0.202653396,400,4.364665,using best approximate IK outside the usable position/orientation threshold,-0.105760978,-0.0414002193,0.132010015,-0.0993168879,0.0755783979,0.165825218,0.054843791
1781693834.356474,2026-06-17T18:57:14.356,1781693834.216136,left,base,1,pelvis,200,0.001,0.004370345,0.287000682,-0.0939095,-0.552133322,0.767618472,-0.16087937,0.282893096,0.0704535145,0.00542658486,-0.143671968,-0.0455100598,-0.121697218,-0.424274196,0.340302217,1,1,0.0803927725,0.174080917,400,4.380546,using best approximate IK outside the usable position/orientation threshold,0.0452348455,-0.0146674416,-0.230095292,-0.0545245422,-0.216422074,-0.422692672,0.426915835
1781693834.356830,2026-06-17T18:57:14.356,1781693834.232613,right,base,1,pelvis,200,0.001,0.0645082,-0.269341418,-0.093728,0.551797764,0.833482949,-0.0285867413,0.00286353673,-0.106872356,-0.0416439675,0.129474102,-0.099005049,0.0730914601,0.164235871,0.0514632849,1,1,0.0499260204,0.184111582,3,0.046446,,-0.154951022,-0.0142519696,0.146267565,0.00560169961,0.0900077814,0.114708973,0.0268950094
1781693834.373287,2026-06-17T18:57:14.373,1781693834.232800,left,base,1,pelvis,200,0.001,0.00203742,0.285706032,-0.091937,-0.546973892,0.770531934,-0.158409641,0.286367745,0.0669343231,0.0025477515,-0.157244169,-0.046838827,-0.136447247,-0.423974394,0.359614572,1,1,0.0774613076,0.181942134,400,4.34644,using best approximate IK outside the usable position/orientation threshold,0.0566483023,-0.0159384259,-0.247233711,-0.0538814751,-0.237119511,-0.422166406,0.456271095
1781693834.373634,2026-06-17T18:57:14.373,1781693834.232613,right,base,1,pelvis,200,0.001,0.0645082,-0.269341418,-0.093728,0.551797764,0.833482949,-0.0285867413,0.00286353673,-0.106718568,-0.0416102384,0.129825013,-0.062783068,0.0734355937,0.12801389,0.0519310673,1,1,0.0483684974,0.185548812,3,0.040765,,-0.145525977,-0.0160428269,0.146454879,0.00646886998,0.0902132298,0.099212326,0.0284683694
1781693834.390048,2026-06-17T18:57:14.390,1781693834.249459,left,base,1,pelvis,200,0.001,-0.001717205,0.285625632,-0.09232,-0.542331223,0.773040621,-0.156182442,0.289641307,0.0633810133,-0.00027125256,-0.169173609,-0.0480973701,-0.15180387,-0.423764511,0.399163136,1,1,0.0874832353,0.17638303,400,4.37404,using best approximate IK outside the usable position/orientation threshold,0.0485204667,-0.0233355011,-0.249231126,-0.0577083498,-0.240548034,-0.424064665,0.488320485
1781693834.390383,2026-06-17T18:57:14.390,1781693834.249280,right,base,1,pelvis,200,0.001,0.0568818,-0.267155668,-0.0829785,-0.551336576,-0.833677027,0.031775818,0.000944048119,-0.116207075,-0.0362281958,0.133059666,-0.0127021754,0.0766957496,0.104947924,0.0470058605,1,1,0.0395219568,0.192828159,2,0.027759,,-0.15513302,-0.019756192,0.141205196,0.0594094529,0.0848486529,0.0788316784,0.033031937
1781693834.409142,2026-06-17T18:57:14.409,1781693834.266129,left,base,1,pelvis,200,0.001,-0.00657418,0.285447282,-0.0940745,-0.536756075,0.775811304,-0.153342829,0.294101535,0.0622164464,-0.00298122652,-0.182675779,-0.050302955,-0.169909649,-0.423488084,0.440343541,1,1,0.102398839,0.1744504,400,6.324846,using best approximate IK outside the usable position/orientation threshold,0.0333966657,-0.0301750391,-0.235344771,-0.0636188818,-0.22704262,-0.425792059,0.505691122
1781693834.409825,2026-06-17T18:57:14.409,1781693834.265949,right,base,1,pelvis,200,0.001,0.0537314,-0.269362418,-0.0643915,-0.554597093,-0.831359352,0.0349707145,0.00638279592,-0.123382677,-0.0320076652,0.135860453,0.037555269,0.0795221007,0.0835877439,0.0431298824,1,1,0.0240740014,0.179507947,2,0.05086,,-0.0839153386,-0.0281394854,0.142339894,-0.0425987602,0.0860087748,0.129529812,0.0369107475
1781693834.425428,2026-06-17T18:57:14.425,1781693834.266129,left,base,1,pelvis,200,0.001,-0.00657418,0.285447282,-0.0940745,-0.536756075,0.775811304,-0.153342829,0.294101535,0.0593620539,-0.00722328076,-0.196546644,-0.0576477975,-0.184631464,-0.42360825,0.467392594,1,1,0.111904655,0.177568888,400,6.212698,using best approximate IK outside the usable position/orientation threshold,0.0235300969,-0.0340388248,-0.24760405,-0.067869232,-0.240927293,-0.427074649,0.535460361
1781693834.426011,2026-06-17T18:57:14.426,1781693834.282621,right,base,1,pelvis,200,0.001,0.05589655,-0.274745168,-0.0459585,-0.558827919,-0.828346199,0.0375720941,0.0119276863,-0.108331768,-0.0288631125,0.137232274,-0.0213067019,0.0808892525,0.123669242,0.0405380699,1,1,0.011602174,0.171349836,2,0.056107,,-0.1047764,-0.0236784501,0.143943178,-0.0312246738,0.0875803437,0.136378178,0.0357465006
1781693834.442667,2026-06-17T18:57:14.442,1781693834.266129,left,base,1,pelvis,200,0.001,-0.00657418,0.285447282,-0.0940745,-0.536756075,0.775811304,-0.153342829,0.294101535,0.0544187734,-0.0115928276,-0.203933016,-0.0629714274,-0.195650433,-0.424024003,0.504008391,1,1,0.115495944,0.193648558,400,6.190931,using best approximate IK outside the usable position/orientation threshold,0.0199488174,-0.0340322439,-0.239929241,-0.0718584087,-0.235543419,-0.42572137,0.548817109
1781693834.443225,2026-06-17T18:57:14.443,1781693834.315955,right,base,1,pelvis,200,0.001,0.07502345,-0.291595768,-0.0216445,-0.565455774,-0.823515408,0.0404132041,0.0211875734,-0.102766593,-0.028698178,0.138396441,-0.0404907825,0.0820561324,0.131805685,0.0397113034,1,1,0.0276563598,0.163964389,2,0.050365,,-0.031181846,-0.0415760585,0.14421099,-0.187861919,0.0878142834,0.213097657,0.0498467723
1781693834.459239,2026-06-17T18:57:14.459,1781693834.316133,left,base,1,pelvis,200,0.001,-0.01167256,0.284230982,-0.096797,-0.524622605,0.780952868,-0.147450285,0.305191994,0.0477895226,-0.0164101316,-0.213305585,-0.0679649567,-0.20536764,-0.424678725,0.523958577,1,1,0.121164498,0.194112812,400,6.300749,using best approximate IK outside the usable position/orientation threshold,0.0302297143,-0.0318765568,-0.236411464,-0.0893688032,-0.230243783,-0.418386138,0.557079193
1781693834.459847,2026-06-17T18:57:14.459,1781693834.332622,right,base,1,pelvis,200,0.001,0.09512955,-0.303513218,-0.021415,-0.564996174,-0.823704796,0.040747478,0.0250873452,-0.081343878,-0.0348199009,0.13981391,-0.091696656,0.0834678447,0.183011559,0.0386980979,1,1,0.0370343588,0.155416711,2,0.055903,,-2.6129809e-05,-0.0546457773,0.145800018,-0.269701203,0.0893415184,0.282426207,0.0571726341
1781693834.475871,2026-06-17T18:57:14.475,1781693834.332824,left,base,1,pelvis,200,0.001,-0.01341084,0.281917082,-0.1037085,-0.518739008,0.783228603,-0.144844845,0.310616754,0.0415967986,-0.0203298914,-0.219227595,-0.0861816474,-0.212079764,-0.419313122,0.537674676,1,1,0.150222654,0.190232291,400,6.176589,using best approximate IK outside the usable position/orientation threshold,0.0121618773,-0.0401106334,-0.246910185,-0.12202915,-0.241629565,-0.412012319,0.583595344
1781693834.476644,2026-06-17T18:57:14.476,1781693834.332622,right,base,1,pelvis,200,0.001,0.09512955,-0.303513218,-0.021415,-0.564996174,-0.823704796,0.040747478,0.0250873452,-0.0415918032,-0.0489152359,0.140608133,-0.141775286,0.0842529208,0.233090189,0.0407118287,1,1,0.0433972343,0.142690391,2,0.052391,,0.0216364361,-0.0648711359,0.146548097,-0.293762919,0.0899536666,0.321685351,0.0578142324
1781693834.492654,2026-06-17T18:57:14.492,1781693834.332824,left,base,1,pelvis,200,0.001,-0.01341084,0.281917082,-0.1037085,-0.518739008,0.783228603,-0.144844845,0.310616754,0.0313989974,-0.0231111812,-0.225878936,-0.119383517,-0.220634885,-0.412760157,0.568681238,1,1,0.136849002,0.216258382,400,6.289693,using best approximate IK outside the usable position/orientation threshold,0.0313989974,-0.0231111812,-0.225878936,-0.119383517,-0.220634885,-0.412760157,0.568681238
1781693834.493260,2026-06-17T18:57:14.493,1781693834.349289,right,base,1,pelvis,200,0.001,0.11235045,-0.310443218,-0.030126,-0.561590525,-0.826025584,0.0402083014,0.0260980587,-0.0122013527,-0.0601188977,0.141605972,-0.192026294,0.0852309088,0.283341196,0.0438754645,1,1,0.0461484253,0.135676014,3,0.062561,,-0.0236229661,-0.0758875342,0.156863933,-0.260366618,0.0994515351,0.358079788,0.0757225995
1781693834.509326,2026-06-17T18:57:14.509,1781693834.416199,left,base,1,pelvis,200,0.001,-0.012640795,0.273667132,-0.083922,-0.530531447,0.75592525,-0.201034438,0.326647447,0.0264457774,-0.0246892318,-0.231294113,-0.120064721,-0.226040645,-0.412567602,0.572521358,1,1,0.169316994,0.258004884,400,6.100362,using best approximate IK outside the usable position/orientation threshold,-0.0839382629,-0.0708370736,-0.262104048,-0.0180162853,-0.259177471,-0.477590614,0.646807361
1781693834.509907,2026-06-17T18:57:14.509,1781693834.382625,right,base,1,pelvis,200,0.001,0.12673635,-0.312404218,-0.045207,-0.556027546,-0.829891332,0.0389548172,0.0244185618,-0.0053310574,-0.0719945097,0.142609402,-0.241851723,0.0861897994,0.333166626,0.0599378369,1,1,0.0486688933,0.147330454,3,0.064859,,-0.144073113,-0.0669914597,0.16242108,-0.0782418445,0.104763075,0.302439542,0.0820773466
1781693834.525970,2026-06-17T18:57:14.525,1781693834.416199,left,base,1,pelvis,200,0.001,-0.012640795,0.273667132,-0.083922,-0.530531447,0.75592525,-0.201034438,0.326647447,-0.0234919477,-0.026096005,-0.229782086,-0.0701269954,-0.224531248,-0.462505327,0.618953706,1,1,0.105748957,0.316774244,400,6.049,using best approximate IK outside the usable position/orientation threshold,0.0585315103,-0.0534339424,-0.302195994,-0.0619220365,-0.308290317,-0.440327215,0.702641441
1781693834.526655,2026-06-17T18:57:14.526,1781693834.432629,right,base,1,pelvis,200,0.001,0.13877405,-0.301069168,-0.061301,-0.540097224,-0.840558549,0.0368030944,0.020046099,-0.0552687825,-0.0728390845,0.145701861,-0.191913998,0.0890668754,0.307400823,0.0633622726,1,1,0.045558747,0.161695189,4,0.074721,,-0.212334831,-0.0548291033,0.175457679,-0.0180151001,0.118108603,0.287430524,0.0833224841
1781693834.536652,2026-06-17T18:57:14.536,1781693834.432819,left,base,1,pelvis,200,0.001,-0.00686974,0.266432332,-0.037219,-0.552513573,0.704205933,-0.289252725,0.339345866,0.02291454,-0.0354923863,-0.263532334,-0.057896844,-0.269550456,-0.441323414,0.669201852,1,1,0.0381454539,0.493286713,5,0.083653,,0.146947249,-0.0346797102,-0.28085227,-0.0796546222,-0.287979091,-0.495396291,0.655390058
1781693834.537180,2026-06-17T18:57:14.537,1781693834.432629,right,base,1,pelvis,200,0.001,0.13877405,-0.301069168,-0.061301,-0.540097224,-0.840558549,0.0368030944,0.020046099,-0.105516929,-0.0719013467,0.148382991,-0.141665852,0.0915839518,0.291883584,0.0663634622,1,1,0.0462202938,0.174463813,3,0.058176,,-0.13288848,-0.0698914992,0.167390664,-0.16049607,0.110278771,0.337546716,0.0844561683
1781693834.553326,2026-06-17T18:57:14.553,1781693834.432819,left,base,1,pelvis,200,0.001,-0.00686974,0.266432332,-0.037219,-0.552513573,0.704205933,-0.289252725,0.339345866,0.0544408671,-0.0379156414,-0.268754396,-0.0752009554,-0.27478281,-0.472849741,0.667382734,1,1,0.0337111106,0.49432973,5,0.091402,,0.158775714,-0.0336800657,-0.283908893,-0.086076025,-0.291159042,-0.493244851,0.648878253
1781693834.553841,2026-06-17T18:57:14.553,1781693834.432629,right,base,1,pelvis,200,0.001,0.13877405,-0.301069168,-0.061301,-0.540097224,-0.840558549,0.0368030944,0.020046099,-0.137043256,-0.0700444226,0.151327867,-0.153320468,0.0944690012,0.322913016,0.0682080714,1,1,0.0393326032,0.18914733,2,0.048267,,-0.271393699,-0.0492277944,0.163493455,0.0708685556,0.105986703,0.23577517,0.0661565856
1781693834.570142,2026-06-17T18:57:14.570,1781693834.432819,left,base,1,pelvis,200,0.001,-0.00686974,0.266432332,-0.037219,-0.552513573,0.704205933,-0.289252725,0.339345866,0.104475152,-0.0367771017,-0.271209224,-0.0824589552,-0.27746052,-0.484783711,0.658505506,1,1,0.0380706018,0.483865207,3,0.066985,,0.151619447,-0.0340255964,-0.278197777,-0.0905997767,-0.285076773,-0.497328451,0.646601194
1781693834.570653,2026-06-17T18:57:14.570,1781693834.465964,right,base,1,pelvis,200,0.001,0.1391397,-0.284605868,-0.059988,-0.521377428,-0.852518848,0.0337403601,0.0154524906,-0.18707754,-0.0700177402,0.154130532,-0.103286184,0.0972275175,0.272878731,0.0710430678,1,1,0.0370659459,0.230859301,2,0.046327,,-0.316245339,-0.0414119685,0.167077838,0.121154213,0.109704467,0.18498755,0.0607042592
1781693834.593025,2026-06-17T18:57:14.593,1781693834.482887,left,base,1,pelvis,200,0.001,-0.00326775,0.260772632,0.007961,-0.564767865,0.648169417,-0.371490261,0.350583301,0.134678132,-0.036101611,-0.273979133,-0.0877346532,-0.280448288,-0.489014779,0.654147268,1,1,0.0267079728,0.501078998,400,6.156844,using best approximate IK outside the usable position/orientation threshold,0.440543318,0.0587229745,-0.255140599,-0.493302493,-0.0273621998,-0.52,0.189075554
1781693834.593761,2026-06-17T18:57:14.593,1781693834.465964,right,base,1,pelvis,200,0.001,0.1391397,-0.284605868,-0.059988,-0.521377428,-0.852518848,0.0337403601,0.0154524906,-0.237474459,-0.0669480555,0.15551299,-0.0528892645,0.0985208319,0.222481812,0.0703215672,1,1,0.0352081056,0.245694637,2,0.055139,,-0.340436777,-0.0404040487,0.167375434,0.13466068,0.110176866,0.149381423,0.0592816902
1781693834.610030,2026-06-17T18:57:14.610,1781693834.499535,left,base,1,pelvis,200,0.001,-0.00460044,0.261236282,0.0216365,-0.561243484,0.635256583,-0.401110085,0.347225467,0.194391442,0.0291041519,-0.275284068,-0.157420589,-0.237861924,-0.491586411,0.584461332,1,1,0.0275103967,0.508417254,400,6.117989,using best approximate IK outside the usable position/orientation threshold,0.524208753,0.0801100225,-0.215022425,-0.622847831,0.0258946253,-0.52,0.077958686
1781693834.610694,2026-06-17T18:57:14.610,1781693834.499307,right,base,1,pelvis,200,0.001,0.11789505,-0.263638268,-0.0400655,-0.504182186,-0.863049687,0.0281117061,0.0124616492,-0.283997471,-0.0615833596,0.157942567,0.0167966715,0.100870323,0.156063383,0.0683011349,1,1,0.0464986418,0.288109373,2,0.053787,,-0.276262371,-0.0422387586,0.167351715,0.0157598615,0.110373327,0.164238596,0.0556769816
1781693834.626472,2026-06-17T18:57:14.626,1781693834.499535,left,base,1,pelvis,200,0.001,-0.00460044,0.261236282,0.0216365,-0.561243484,0.635256583,-0.401110085,0.347225467,0.244879914,0.0519601926,-0.273286648,-0.207909061,-0.187373452,-0.494403894,0.53397286,1,1,0.0275062499,0.508510811,400,6.167924,using best approximate IK outside the usable position/orientation threshold,0.523692528,0.082224263,-0.221489807,-0.622767488,0.0289572199,-0.52,0.0819129187
1781693834.627022,2026-06-17T18:57:14.627,1781693834.499307,right,base,1,pelvis,200,0.001,0.11789505,-0.263638268,-0.0400655,-0.504182186,-0.863049687,0.0281117061,0.0124616492,-0.293427131,-0.0580448026,0.159518574,0.019427606,0.102425224,0.154946987,0.0667942011,1,1,0.0479035449,0.289092322,2,0.058639,,-0.283231668,-0.0392295586,0.168719714,0.0174916913,0.111734503,0.162261362,0.0542576793
1781693834.637270,2026-06-17T18:57:14.637,1781693834.532840,left,base,1,pelvis,200,0.001,-0.004869375,0.259596482,-0.0069905,-0.54982561,0.685398741,-0.313378839,0.360158392,0.294549418,0.0567452143,-0.267488216,-0.257578565,-0.145278881,-0.496951208,0.484303356,1,1,0.0244676288,0.499405169,12,0.159538,,0.275327888,-0.00982161565,-0.318793447,-0.202977223,-0.186540753,-0.52,0.494539748
1781693834.637931,2026-06-17T18:57:14.637,1781693834.532636,right,base,1,pelvis,200,0.001,0.0718284,-0.277904018,-0.0505655,-0.51661188,-0.855814786,0.0246339434,0.00929436937,-0.290445754,-0.055299423,0.160879126,0.0187905491,0.103805744,0.156560863,0.0648632318,1,1,0.0458176533,0.218745548,4,0.083699,,-0.21758702,-0.022440693,0.18259421,0.0077478649,0.125717279,0.133817846,0.0344963002
1781693834.653917,2026-06-17T18:57:14.653,1781693834.532840,left,base,1,pelvis,200,0.001,-0.004869375,0.259596482,-0.0069905,-0.54982561,0.685398741,-0.313378839,0.360158392,0.326640798,0.0585184054,-0.264286999,-0.271814635,-0.133153079,-0.498555267,0.452211977,1,1,0.0260097033,0.497796146,11,0.153063,,0.280351986,-0.00597417652,-0.311490288,-0.211005086,-0.172854562,-0.52,0.46969132
1781693834.654467,2026-06-17T18:57:14.654,1781693834.532636,right,base,1,pelvis,200,0.001,0.0718284,-0.277904018,-0.0505655,-0.51661188,-0.855814786,0.0246339434,0.00929436937,-0.258354375,-0.0533420165,0.161834157,0.0104967046,0.104771515,0.138026147,0.0512289776,1,1,0.0481109225,0.233252138,3,0.059863,,-0.217011791,-0.0296712914,0.177005489,0.00680905887,0.120027404,0.126857184,0.0316566882
1781693834.670569,2026-06-17T18:57:14.670,1781693834.549483,left,base,1,pelvis,200,0.001,-0.005398275,0.259342332,-0.047661,-0.530941709,0.728432713,-0.210832906,0.37820123,0.327270982,0.0511147139,-0.270192015,-0.264357058,-0.138936891,-0.500878506,0.403183342,1,1,0.0475206808,0.470597955,4,0.058455,,0.19568357,-0.0143561958,-0.300427229,-0.0515503039,-0.17232174,-0.446085474,0.475872561
1781693834.670982,2026-06-17T18:57:14.670,1781693834.549302,right,base,1,pelvis,200,0.001,0.04115925,-0.288696268,-0.06135,-0.526084213,-0.850016662,0.0255514757,0.00736186934,-0.23972813,-0.0474765837,0.165774658,0.00904442519,0.108747266,0.130328154,0.045238378,1,1,0.0477458186,0.189357068,4,0.055045,,-0.160009733,-0.0284882931,0.18472493,-0.000559678725,0.127738913,0.0944734205,0.0221063182
1781693834.691367,2026-06-17T18:57:14.691,1781693834.566147,left,base,1,pelvis,200,0.001,-0.00788756,0.262494932,-0.1006275,-0.501406379,0.760622433,-0.111928478,0.396884332,0.31381142,0.0447199505,-0.274818006,-0.21459171,-0.14273615,-0.451113158,0.397751017,1,1,0.12013653,0.105340849,400,4.201576,using best approximate IK outside the usable position/orientation threshold,0.107865715,-0.0735790431,-0.399439335,-0.166486166,-0.273624253,-0.382701379,0.715570559
1781693834.691784,2026-06-17T18:57:14.691,1781693834.582639,right,base,1,pelvis,200,0.001,0.01121385,-0.293480218,-0.07262,-0.536472467,-0.843276239,0.0317395948,0.00866462968,-0.189962781,-0.0438673278,0.168051225,0.00127443282,0.111033828,0.0974687543,0.0330021318,1,1,0.0435187765,0.156242222,5,0.05259,,-0.0885810243,-0.0294856467,0.189025557,-0.00924991945,0.132017201,0.0506175773,0.00648139571
1781693834.707958,2026-06-17T18:57:14.707,1781693834.582835,left,base,1,pelvis,200,0.001,-0.01639773,0.274684232,-0.1389815,-0.497787091,0.767716729,-0.109028763,0.388499376,0.251670001,0.0361594577,-0.278528938,-0.152450291,-0.154341222,-0.388971739,0.459892435,1,1,0.131348142,0.135621305,400,4.036023,using best approximate IK outside the usable position/orientation threshold,0.0362643105,-0.0709933442,-0.367352809,0.0630311584,-0.249470386,-0.519350922,0.663720983
1781693834.708287,2026-06-17T18:57:14.708,1781693834.582639,right,base,1,pelvis,200,0.001,0.01121385,-0.293480218,-0.07262,-0.536472467,-0.843276239,0.0317395948,0.00866462968,-0.127821363,-0.0398014437,0.173599773,-0.00785570812,0.116886614,0.0530481009,0.0145774998,1,1,0.045515079,0.171355351,3,0.043174,,-0.0642720815,-0.0372646626,0.184106319,-0.0555669325,0.127403314,0.0590938408,0.00673135687
1781693834.724740,2026-06-17T18:57:14.724,1781693834.599494,left,base,1,pelvis,200,0.001,-0.022792265,0.283836782,-0.1649815,-0.495901544,0.771567307,-0.112905868,0.382122775,0.202158568,0.0227011806,-0.293357331,-0.102938859,-0.168970036,-0.438483172,0.509403868,1,1,0.179340061,0.0645924776,400,4.056284,using best approximate IK outside the usable position/orientation threshold,0.0934993402,-0.0331522893,-0.402432362,-0.112250087,-0.284027005,-0.478303167,0.715347374
1781693834.725070,2026-06-17T18:57:14.725,1781693834.582639,right,base,1,pelvis,200,0.001,0.01121385,-0.293480218,-0.07262,-0.536472467,-0.843276239,0.0317395948,0.00866462968,-0.0783099301,-0.0373909935,0.177204253,-0.0543147067,0.120422116,0.0567958932,0.0126857162,1,1,0.0447671488,0.175328769,2,0.034859,,-0.144572234,-0.0205555784,0.184017534,0.0982649599,0.12719911,-0.0169716526,0.000710893502
1781693834.741575,2026-06-17T18:57:14.741,1781693834.599494,left,base,1,pelvis,200,0.001,-0.022792265,0.283836782,-0.1649815,-0.495901544,0.771567307,-0.112905868,0.382122775,0.151823161,0.010502482,-0.307576517,-0.101189524,-0.192689305,-0.479542093,0.559739275,1,1,0.193393775,0.100411251,400,4.130766,using best approximate IK outside the usable position/orientation threshold,0.128448994,-0.0129153635,-0.418439817,-0.209029391,-0.309501425,-0.448373872,0.760749769
1781693834.741935,2026-06-17T18:57:14.741,1781693834.599305,right,base,1,pelvis,200,0.001,-0.0068388,-0.290845768,-0.072757,-0.546577593,-0.836438753,0.0385537082,0.011694379,-0.111631614,-0.0373588567,0.178960041,-0.0039792994,0.122198034,0.00646048599,0.0111710114,1,1,0.0435419797,0.161774782,4,0.052363,,-0.102286344,-0.0179320407,0.191939429,0.0877766065,0.135179757,-0.0507336435,-0.0136814207
1781693834.760350,2026-06-17T18:57:14.760,1781693834.599494,left,base,1,pelvis,200,0.001,-0.022792265,0.283836782,-0.1649815,-0.495901544,0.771567307,-0.112905868,0.382122775,0.114725652,0.00453712309,-0.336135249,-0.151825339,-0.229991402,-0.450211263,0.61037509,1,1,0.169837019,0.106191434,400,6.020659,using best approximate IK outside the usable position/orientation threshold,0.114725652,0.00453712309,-0.336135249,-0.151825339,-0.229991402,-0.450211263,0.61037509
1781693834.760912,2026-06-17T18:57:14.760,1781693834.649308,right,base,1,pelvis,200,0.001,0.0132312,-0.276488468,-0.0608575,-0.558050289,-0.828559015,0.0420213173,0.0174368333,-0.11768078,-0.034273128,0.179888792,0.0466565153,0.123116424,-0.0441753287,0.000830914386,1,1,0.0402586066,0.195016628,2,0.046472,,-0.0724669739,-0.0309456474,0.182578193,-0.0142607638,0.125866841,-0.0109108397,-0.00497832419
1781693834.777195,2026-06-17T18:57:14.777,1781693834.649507,left,base,1,pelvis,200,0.001,-0.02426793,0.282812382,-0.133189,-0.51239945,0.754356115,-0.181117149,0.368225792,0.116909452,0.00175990273,-0.349232404,-0.178748998,-0.24264386,-0.449918878,0.631074608,1,1,0.148605593,0.206031258,400,5.94377,using best approximate IK outside the usable position/orientation threshold,0.370862522,0.102214189,-0.449777143,-0.468823487,-0.319586769,-0.456728686,0.702209966
1781693834.777762,2026-06-17T18:57:14.777,1781693834.682642,right,base,1,pelvis,200,0.001,0.0706122,-0.269772118,-0.052911,-0.549131095,-0.834902964,0.0321358124,0.0189570618,-0.0919562831,-0.0307209377,0.182508333,-0.0107892493,0.125738725,-0.0145618702,-0.00232374571,1,1,0.0200671987,0.195521653,2,0.050256,,-0.104138436,-0.0215219741,0.186898406,-0.00298738541,0.130110686,0.00621527141,-0.00385050557
1781693834.794018,2026-06-17T18:57:14.794,1781693834.682954,left,base,1,pelvis,200,0.001,-0.02106674,0.268650432,-0.089852,-0.534776226,0.72435948,-0.222401289,0.373972456,0.167578169,0.0524286192,-0.347252654,-0.229417714,-0.24073133,-0.449963075,0.630216304,1,1,0.121236273,0.334897102,400,5.998771,using best approximate IK outside the usable position/orientation threshold,0.167578169,0.0524286192,-0.347252654,-0.229417714,-0.24073133,-0.449963075,0.630216304
1781693834.794549,2026-06-17T18:57:14.794,1781693834.682642,right,base,1,pelvis,200,0.001,0.0706122,-0.269772118,-0.052911,-0.549131095,-0.834902964,0.0321358124,0.0189570618,-0.087893109,-0.0307677857,0.182522898,-0.0109175578,0.125765435,0.00322819901,-0.00287717807,1,1,0.0224876782,0.179144372,2,0.046948,,-0.101182367,-0.021515621,0.186888512,-0.00373417238,0.130111367,0.0239736404,-0.00403237129
1781693834.810614,2026-06-17T18:57:14.810,1781693834.716185,left,base,1,pelvis,200,0.001,-0.01759881,0.252226932,-0.0586825,-0.558925153,0.696628028,-0.233698044,0.384314048,0.217765518,0.0902883732,-0.360493712,-0.261716858,-0.250915525,-0.450836855,0.6395143,1,1,0.0986027747,0.407761525,400,5.998749,using best approximate IK outside the usable position/orientation threshold,0.0390263146,-0.116783749,-0.429729277,0.0205019706,-0.328933341,-0.491089106,0.845388574
1781693834.811498,2026-06-17T18:57:14.811,1781693834.715980,right,base,1,pelvis,200,0.001,0.1285224,-0.270458018,-0.0423855,-0.535057774,-0.844428229,0.0205748947,0.015192666,-0.0914727141,-0.0287305011,0.183487027,-0.00917017004,0.126722897,0.0215661661,-0.00309164763,1,1,0.0496449244,0.159687205,3,0.060366,,-0.140146269,-0.0185159496,0.194710117,-0.0225701258,0.137888287,0.101873939,0.0146359032
1781693834.827132,2026-06-17T18:57:14.827,1781693834.716185,left,base,1,pelvis,200,0.001,-0.01759881,0.252226932,-0.0586825,-0.558925153,0.696628028,-0.233698044,0.384314048,0.166870065,0.0393929207,-0.358692529,-0.210821406,-0.249530168,-0.463044145,0.690409752,1,1,0.123379528,0.353017403,400,5.962815,using best approximate IK outside the usable position/orientation threshold,0.0860546673,-0.0936506303,-0.444735699,-0.112594141,-0.347811561,-0.52,0.904890483
1781693834.827682,2026-06-17T18:57:14.827,1781693834.749313,right,base,1,pelvis,200,0.001,0.156771,-0.281518368,-0.017735,-0.526226932,-0.850232514,0.013492472,0.00280013757,-0.130192555,-0.0270098826,0.18457105,-0.0216102344,0.127942243,0.0724616186,0.00925289105,1,1,0.0438985205,0.144980188,4,0.06782,,-0.0550571056,-0.0550170304,0.203551011,-0.311840996,0.146040287,0.298668228,0.0652035538
1781693834.843985,2026-06-17T18:57:14.843,1781693834.766375,left,base,1,pelvis,200,0.001,-0.013345555,0.247744432,-0.0472175,-0.589682337,0.663325512,-0.263738304,0.377777863,0.118303486,-0.00917365914,-0.367842586,-0.162254826,-0.271987602,-0.494868817,0.738976332,1,1,0.105356589,0.457447913,400,5.782361,using best approximate IK outside the usable position/orientation threshold,0.118303486,-0.00917365914,-0.367842586,-0.162254826,-0.271987602,-0.494868817,0.738976332
1781693834.844507,2026-06-17T18:57:14.844,1781693834.782648,right,base,1,pelvis,200,0.001,0.12987205,-0.297193768,-0.0140805,0.526911866,0.849519074,-0.0175018304,0.0193627041,-0.122356623,-0.0455428068,0.18705315,-0.0701768142,0.13037709,0.121028198,0.024965635,1,1,0.0432255663,0.147321223,2,0.047093,,-0.0340913541,-0.0666038759,0.192147851,-0.268975862,0.135363084,0.231872768,0.0456153886
1781693834.860502,2026-06-17T18:57:14.860,1781693834.799505,left,base,1,pelvis,200,0.001,-0.00602858,0.263006332,0.010709,-0.618463994,0.562689538,-0.459882963,0.298982328,0.102782713,-0.0158420924,-0.378596088,-0.153478183,-0.282591582,-0.495391173,0.756249309,1,1,0.0293390578,0.572579019,400,5.850596,using best approximate IK outside the usable position/orientation threshold,0.416612725,0.0486372026,-0.0479571649,-0.422280933,0.336570559,-0.52,-0.393116713
1781693834.861276,2026-06-17T18:57:14.861,1781693834.782648,right,base,1,pelvis,200,0.001,0.12987205,-0.297193768,-0.0140805,0.526911866,0.849519074,-0.0175018304,0.0193627041,-0.0929841431,-0.058128592,0.189223814,-0.12057874,0.132437935,0.171430125,0.0302598346,1,1,0.046319576,0.137270526,2,0.045608,,-0.0124174789,-0.0767414869,0.194181267,-0.308135089,0.137183206,0.2766149,0.0498839912
1781693834.877697,2026-06-17T18:57:14.877,1781693834.799505,left,base,1,pelvis,200,0.001,-0.00602858,0.263006332,0.010709,-0.618463994,0.562689538,-0.459882963,0.298982328,0.105060358,-0.0148635118,-0.377018031,-0.15476614,-0.281035467,-0.495314518,0.75371453,1,1,0.0293267993,0.572552798,400,5.866018,using best approximate IK outside the usable position/orientation threshold,0.416442904,0.0484501192,-0.0469712513,-0.421909012,0.336618626,-0.52,-0.39420514
1781693834.878133,2026-06-17T18:57:14.878,1781693834.799316,right,base,1,pelvis,200,0.001,0.1054643,-0.295924118,-0.0250105,0.529040914,0.848162676,-0.0199211899,0.0184101115,-0.0636282891,-0.0692423178,0.189625066,-0.170979951,0.132839339,0.221831335,0.032367006,1,1,0.0302283788,0.131707724,2,0.05094,,-0.0219332098,-0.0761243943,0.194907276,-0.271434343,0.13772815,0.279074152,0.0420445348
1781693834.894026,2026-06-17T18:57:14.894,1781693834.799505,left,base,1,pelvis,200,0.001,-0.00602858,0.263006332,0.010709,-0.618463994,0.562689538,-0.459882963,0.298982328,0.107096954,-0.0139884973,-0.375606984,-0.155917788,-0.27964404,-0.495245976,0.751448015,1,1,0.0293158705,0.572530039,400,5.848723,using best approximate IK outside the usable position/orientation threshold,0.416291096,0.0482831701,-0.0460909297,-0.421576989,0.336658888,-0.52,-0.395174355
1781693834.894446,2026-06-17T18:57:14.894,1781693834.832651,right,base,1,pelvis,200,0.001,0.0646638,-0.292829068,-0.0365045,0.532038577,0.846328193,-0.0236676583,0.010167795,-0.0562392008,-0.0703243554,0.190282469,-0.221486304,0.133466106,0.266467215,0.0348944909,1,1,0.0217525541,0.127814348,2,0.04716,,-0.0240245118,-0.0699105785,0.19508318,-0.268406626,0.137604011,0.283042125,0.0345297803
1781693834.911268,2026-06-17T18:57:14.911,1781693834.799505,left,base,1,pelvis,200,0.001,-0.00602858,0.263006332,0.010709,-0.618463994,0.562689538,-0.459882963,0.298982328,0.108857208,-0.0132322115,-0.374387399,-0.156913172,-0.278441413,-0.495186734,0.749489038,1,1,0.0293064493,0.572510887,400,5.85902,using best approximate IK outside the usable position/orientation threshold,0.416159918,0.0481391331,-0.0453310223,-0.421290426,0.336691654,-0.52,-0.396009018
1781693834.911719,2026-06-17T18:57:14.911,1781693834.849318,right,base,1,pelvis,200,0.001,0.0443958,-0.285113918,-0.051017,0.534083816,0.844992873,-0.0272245838,0.000586557252,-0.0512090989,-0.0711747837,0.19096058,-0.270426248,0.134091026,0.272230253,0.0359428631,1,1,0.0401556474,0.12826782,3,0.061219,,-0.0402897092,-0.0520899711,0.200642821,-0.223087738,0.142027454,0.230351515,0.0182228655
1781693834.927579,2026-06-17T18:57:14.927,1781693834.866174,left,base,1,pelvis,200,0.001,-0.014951695,0.269715632,0.0071225,-0.550815069,0.643325559,-0.409667078,0.338980635,0.110500297,-0.0125262655,-0.373248992,-0.157842301,-0.277318835,-0.495131436,0.747660454,1,1,0.0320747653,0.593798867,400,5.745213,using best approximate IK outside the usable position/orientation threshold,0.436001501,0.0830968338,-0.219741481,-0.453308025,0.0552639685,-0.52,0.0149538456
1781693834.928021,2026-06-17T18:57:14.928,1781693834.849318,right,base,1,pelvis,200,0.001,0.0443958,-0.285113918,-0.051017,0.534083816,0.844992873,-0.0272245838,0.000586557252,-0.046799379,-0.070969712,0.191629323,-0.236362899,0.134660881,0.233618649,0.0357136414,1,1,0.0414110589,0.135749603,2,0.058074,,-0.0432152882,-0.0602803292,0.196699668,-0.21400743,0.138960679,0.216299001,0.0262128528
1781693834.944335,2026-06-17T18:57:14.944,1781693834.866174,left,base,1,pelvis,200,0.001,-0.014951695,0.269715632,0.0071225,-0.550815069,0.643325559,-0.409667078,0.338980635,0.11186069,-0.0119417785,-0.37230645,-0.158611572,-0.276389398,-0.495085651,0.746146481,1,1,0.0320747113,0.593796267,400,5.589195,using best approximate IK outside the usable position/orientation threshold,0.436014294,0.083039477,-0.219488098,-0.45330711,0.0551394906,-0.52,0.0148131456
1781693834.944628,2026-06-17T18:57:14.944,1781693834.849318,right,base,1,pelvis,200,0.001,0.0443958,-0.285113918,-0.051017,0.534083816,0.844992873,-0.0272245838,0.000586557252,-0.0457453749,-0.0679128251,0.193088731,-0.225219001,0.13585363,0.219169984,0.0328816468,1,1,0.0384778339,0.13419735,2,0.046918,,-0.0432641106,-0.0577989053,0.198076138,-0.203220435,0.140150596,0.203391511,0.0241078335
1781693834.956601,2026-06-17T18:57:14.956,1781693834.882841,left,base,1,pelvis,200,0.001,-0.015754015,0.266704382,-0.0277605,-0.4909964,0.720935515,-0.316077875,0.373188015,0.113073989,-0.0114204898,-0.371465821,-0.159297665,-0.275560458,-0.495044817,0.744796208,1,1,0.0466309432,0.431805624,205,1.441588,,0.30901242,0.0327057904,-0.407577076,-0.330015126,-0.304597171,-0.52,0.731244638
1781693834.956909,2026-06-17T18:57:14.956,1781693834.849318,right,base,1,pelvis,200,0.001,0.0443958,-0.285113918,-0.051017,0.534083816,0.844992873,-0.0272245838,0.000586557252,-0.0453080873,-0.0665936624,0.193712827,-0.212578602,0.136390637,0.205867217,0.0317290456,1,1,0.0356314189,0.132811466,2,0.026944,,-0.0438292716,-0.0566887967,0.198671661,-0.191390342,0.140728806,0.191859325,0.0233768737
1781693834.976293,2026-06-17T18:57:14.976,1781693834.899513,left,base,1,pelvis,200,0.001,-0.00756307,0.256291732,-0.084459,-0.447748984,0.778129767,-0.203025758,0.390916173,0.149871751,0.0253772721,-0.370923798,-0.196095427,-0.275025971,-0.50633192,0.742267884,1,1,0.121007229,0.277015236,400,4.249824,using best approximate IK outside the usable position/orientation threshold,0.149871751,0.0253772721,-0.370923798,-0.196095427,-0.275025971,-0.50633192,0.742267884
1781693834.976619,2026-06-17T18:57:14.976,1781693834.882653,right,base,1,pelvis,200,0.001,0.0522851,-0.269117818,-0.071337,-0.533329316,-0.845255288,0.0309478199,0.0120653209,-0.0450268919,-0.0653837439,0.1943131,-0.19954086,0.136907905,0.194072212,0.0306805748,1,1,0.0432772328,0.145851005,2,0.033546,,-0.11952263,-0.0352504735,0.201201865,-0.0458422709,0.143026231,0.128554392,0.0113532397
1781693834.994928,2026-06-17T18:57:14.994,1781693834.899513,left,base,1,pelvis,200,0.001,-0.00756307,0.256291732,-0.084459,-0.447748984,0.778129767,-0.203025758,0.390916173,0.178033832,0.0288368307,-0.377827666,-0.208937401,-0.280595887,-0.506477717,0.740191589,1,1,0.112593024,0.270017497,400,6.134567,using best approximate IK outside the usable position/orientation threshold,0.178033832,0.0288368307,-0.377827666,-0.208937401,-0.280595887,-0.506477717,0.740191589
1781693834.995512,2026-06-17T18:57:14.995,1781693834.882653,right,base,1,pelvis,200,0.001,0.0522851,-0.269117818,-0.071337,-0.533329316,-0.845255288,0.0309478199,0.0120653209,-0.0980649456,-0.060729198,0.195285165,-0.140423542,0.137760059,0.134954894,0.0228482355,1,1,0.044276751,0.166398386,3,0.05905,,-0.101700365,-0.0296929067,0.20501133,-0.0866218915,0.147029472,0.116230707,1.95077411e-05
1781693835.011837,2026-06-17T18:57:15.011,1781693834.932952,left,base,1,pelvis,200,0.001,-0.00536922,0.252169032,-0.175212,-0.390869702,0.833555262,-0.0632246645,0.385239072,0.172662297,0.0281769669,-0.376510847,-0.206487969,-0.279533501,-0.506449908,0.740587614,1,1,0.189667775,0.176426159,400,6.035877,using best approximate IK outside the usable position/orientation threshold,0.168362689,-0.0256220609,-0.593856589,-0.158674825,-0.480552661,-0.41915134,0.927738843
1781693835.012563,2026-06-17T18:57:15.012,1781693834.899322,right,base,1,pelvis,200,0.001,0.0478193,-0.263957818,-0.074045,-0.531497703,-0.846236602,0.0319147224,0.0193715169,-0.102515207,-0.0499199048,0.196512271,-0.084595736,0.138852247,0.118590914,0.0091967257,1,1,0.0493434106,0.171131694,2,0.056133,,-0.203962029,-0.0126693931,0.203087867,0.121623595,0.145104497,0.0315165544,-0.0138693442
1781693835.028130,2026-06-17T18:57:15.028,1781693834.932952,left,base,1,pelvis,200,0.001,-0.00536922,0.252169032,-0.175212,-0.390869702,0.833555262,-0.0632246645,0.385239072,0.173659824,0.0242010474,-0.427703846,-0.176266784,-0.3307265,-0.455256909,0.791780613,1,1,0.1852088,0.149347079,400,5.91975,using best approximate IK outside the usable position/orientation threshold,0.173659824,0.0242010474,-0.427703846,-0.176266784,-0.3307265,-0.455256909,0.791780613
1781693835.028677,2026-06-17T18:57:15.028,1781693834.899322,right,base,1,pelvis,200,0.001,0.0478193,-0.263957818,-0.074045,-0.531497703,-0.846236602,0.0319147224,0.0193715169,-0.153708205,-0.0458596925,0.198218307,-0.0334027371,0.140493681,0.0673979152,0.00402580374,1,1,0.0495659567,0.191128122,3,0.056699,,-0.0863714588,-0.0262492416,0.2061643,-0.106430626,0.148672793,0.108326799,-0.0112081069
1781693835.045149,2026-06-17T18:57:15.045,1781693834.932952,left,base,1,pelvis,200,0.001,-0.00536922,0.252169032,-0.175212,-0.390869702,0.833555262,-0.0632246645,0.385239072,0.172874175,0.0199258415,-0.456216755,-0.173657617,-0.360409925,-0.44348556,0.801173719,1,1,0.183480198,0.10150772,400,5.952277,using best approximate IK outside the usable position/orientation threshold,0.172874175,0.0199258415,-0.456216755,-0.173657617,-0.360409925,-0.44348556,0.801173719
1781693835.045687,2026-06-17T18:57:15.045,1781693834.899322,right,base,1,pelvis,200,0.001,0.0478193,-0.263957818,-0.074045,-0.531497703,-0.846236602,0.0319147224,0.0193715169,-0.117737283,-0.0407548223,0.198967275,-0.0822024903,0.141202852,0.101037341,0.00127342098,1,1,0.0441736315,0.175947578,3,0.060949,,-0.0986620986,-0.0164878704,0.207829804,-0.0734709256,0.150174391,0.105522115,-0.014797884
1781693835.061793,2026-06-17T18:57:15.061,1781693834.932952,left,base,1,pelvis,200,0.001,-0.00536922,0.252169032,-0.175212,-0.390869702,0.833555262,-0.0632246645,0.385239072,0.173002528,0.0206242893,-0.451558552,-0.174083881,-0.355560493,-0.444258211,0.799639151,1,1,0.183696358,0.10829191,400,6.169099,using best approximate IK outside the usable position/orientation threshold,0.173002528,0.0206242893,-0.451558552,-0.174083881,-0.355560493,-0.444258211,0.799639151
1781693835.062256,2026-06-17T18:57:15.062,1781693834.932666,right,base,1,pelvis,200,0.001,0.03758705,-0.254173618,-0.0659435,-0.528553869,-0.847758554,0.0309111996,0.0313167469,-0.112804072,-0.0384733872,0.200099222,-0.0864400259,0.142377723,0.102183826,-0.000689671407,1,1,0.046834078,0.192147676,3,0.051268,,-0.0956529825,-0.00775612934,0.208972906,-0.0659508115,0.151072273,0.100900066,-0.020853151
1781693835.078820,2026-06-17T18:57:15.078,1781693834.932952,left,base,1,pelvis,200,0.001,-0.00536922,0.252169032,-0.175212,-0.390869702,0.833555262,-0.0632246645,0.385239072,0.172980909,0.0205066514,-0.452343122,-0.174012087,-0.356377272,-0.444128075,0.799897615,1,1,0.183659248,0.107129163,400,6.194872,using best approximate IK outside the usable position/orientation threshold,0.172980909,0.0205066514,-0.452343122,-0.174012087,-0.356377272,-0.444128075,0.799897615
1781693835.079329,2026-06-17T18:57:15.079,1781693834.965995,right,base,1,pelvis,200,0.001,0.0361211,-0.253663068,-0.0543175,-0.530765115,-0.846265648,0.0291589204,0.0356735789,-0.110521452,-0.0349247612,0.201346995,-0.0768882575,0.143636163,0.10272265,-0.00781025083,1,1,0.0421270257,0.188045195,3,0.05721,,-0.127536417,0.00158227639,0.209415714,0.00223446447,0.151184346,0.0763920806,-0.0287206986
1781693835.093310,2026-06-17T18:57:15.093,1781693834.999575,left,base,1,pelvis,200,0.001,-0.012724235,0.261000532,-0.160861,-0.41759676,0.821032186,-0.111916153,0.372818817,0.172984846,0.0205280716,-0.452200263,-0.174025159,-0.356228548,-0.444151771,0.799850552,1,1,0.170755031,0.126506477,400,4.11121,using best approximate IK outside the usable position/orientation threshold,0.172984846,0.0205280716,-0.452200263,-0.174025159,-0.356228548,-0.444151771,0.799850552
1781693835.093656,2026-06-17T18:57:15.093,1781693834.999330,right,base,1,pelvis,200,0.001,0.0494579,-0.262089268,-0.0470275,-0.534688585,-0.843747243,0.0273524262,0.0380861058,-0.107914778,-0.0220254502,0.202683936,-0.0256394686,0.144939829,0.0793914585,-0.0179112265,1,1,0.0274369233,0.180645901,2,0.041646,,-0.103642376,-0.0121090924,0.206365025,-0.0288958109,0.148499598,0.0922458308,-0.0187938465
1781693835.110222,2026-06-17T18:57:15.110,1781693835.016179,left,base,1,pelvis,200,0.001,-0.017916225,0.269697932,-0.0959665,-0.485851919,0.763655026,-0.239657081,0.351202787,0.172984196,0.0205245382,-0.452223829,-0.174023003,-0.356253081,-0.444147862,0.799858315,1,1,0.25099209,0.11831905,400,4.159171,using best approximate IK outside the usable position/orientation threshold,2.79,2.70795374,1.19735688,-0.755768475,1.30828415,-0.52,0.625438006
1781693835.110491,2026-06-17T18:57:15.110,1781693835.032667,right,base,1,pelvis,200,0.001,0.12059985,-0.295940768,-0.0463465,-0.543034014,-0.838722181,0.0241521447,0.0327999672,-0.110989308,-0.0183263371,0.203738744,-0.0272485592,0.145918287,0.0887548733,-0.0196049711,1,1,0.0427103385,0.159513551,2,0.026651,,-0.136729286,-0.0218729019,0.207469736,-0.0216485096,0.149575741,0.115277806,0.000694349256
1781693835.129035,2026-06-17T18:57:15.129,1781693835.016179,left,base,1,pelvis,200,0.001,-0.017916225,0.269697932,-0.0959665,-0.485851919,0.763655026,-0.239657081,0.351202787,0.17298354,0.0205209649,-0.45224766,-0.174020822,-0.356277891,-0.444143909,0.799866166,1,1,0.115177051,0.395312493,400,6.292007,using best approximate IK outside the usable position/orientation threshold,0.17298354,0.0205209649,-0.45224766,-0.174020822,-0.356277891,-0.444143909,0.799866166
1781693835.129387,2026-06-17T18:57:15.129,1781693835.032667,right,base,1,pelvis,200,0.001,0.12059985,-0.295940768,-0.0463465,-0.543034014,-0.838722181,0.0241521447,0.0327999672,-0.123234185,-0.0202504216,0.204241213,-0.027563717,0.146412152,0.11234855,-0.00654809719,1,1,0.0390003913,0.148139257,2,0.03855,,-0.150870468,-0.0226054433,0.208135926,-0.0146155535,0.150234217,0.132718452,0.0118106196
1781693835.141734,2026-06-17T18:57:15.141,1781693835.032861,left,base,1,pelvis,200,0.001,-0.019308965,0.265325532,-0.0243425,-0.535006798,0.694069777,-0.328583248,0.352232763,0.172982922,0.0205176007,-0.452270097,-0.174018769,-0.356301249,-0.444140188,0.799873558,1,1,0.0441548936,0.491049105,207,2.213596,,0.594790609,0.147690133,-0.36232021,-0.777641708,-0.260970779,-0.333274152,0.432870879
1781693835.142292,2026-06-17T18:57:15.142,1781693835.049334,right,base,1,pelvis,200,0.001,0.14123375,-0.300587968,-0.039947,-0.546415644,-0.836736536,0.0249220936,0.0260922036,-0.140371181,-0.0213465964,0.204969999,-0.0195615547,0.147126281,0.130388163,0.0061633516,1,1,0.0416584709,0.114722852,3,0.061852,,-0.193171078,-0.0293389527,0.212784356,-0.00953051684,0.154861798,0.179847159,0.0444628091
1781693835.156429,2026-06-17T18:57:15.156,1781693835.049524,left,base,1,pelvis,200,0.001,-0.022703405,0.251974882,0.0167855,-0.562332085,0.666726179,-0.326674837,0.364063703,0.172982564,0.0205156539,-0.452283081,-0.174017581,-0.356314766,-0.444138034,0.799877835,1,1,0.0186338874,0.497894746,18,0.226361,,0.436882961,0.0344631831,-0.442124083,-0.417131145,-0.270314979,-0.52,0.678521923
1781693835.156854,2026-06-17T18:57:15.156,1781693835.049334,right,base,1,pelvis,200,0.001,0.14123375,-0.300587968,-0.039947,-0.546415644,-0.836736536,0.0249220936,0.0260922036,-0.179104425,-0.0282740276,0.205507888,-0.0136512666,0.147654317,0.169121407,0.0396782401,1,1,0.0384390037,0.112370465,2,0.037353,,-0.203805184,-0.0309460989,0.209707678,-0.00403229376,0.151828621,0.187502706,0.0555601573
1781693835.173164,2026-06-17T18:57:15.173,1781693835.049524,left,base,1,pelvis,200,0.001,-0.022703405,0.251974882,0.0167855,-0.562332085,0.666726179,-0.326674837,0.364063703,0.216629615,0.0288561445,-0.452295649,-0.217664632,-0.312667715,-0.487785085,0.756230784,1,1,0.018054138,0.499926443,13,0.167343,,0.426694376,0.035290502,-0.453332137,-0.408351028,-0.262536385,-0.52,0.691544532
1781693835.173697,2026-06-17T18:57:15.173,1781693835.066000,right,base,1,pelvis,200,0.001,0.1392873,-0.293357718,-0.0252435,-0.550346312,-0.834262651,0.0278700021,0.0186555597,-0.196702096,-0.0300897199,0.206958905,-0.00734436008,0.149091578,0.185824088,0.051703361,1,1,0.0345341964,0.0912665292,2,0.040126,,-0.207581714,-0.031612469,0.210444659,-0.0188219032,0.152561624,0.211698799,0.0632096111
1781693835.189735,2026-06-17T18:57:15.189,1781693835.082902,left,base,1,pelvis,200,0.001,-0.027216305,0.232301832,0.012022,-0.550768362,0.697044434,-0.228387028,0.398274572,0.267222514,0.030459182,-0.450868591,-0.268257531,-0.295964535,-0.506244995,0.705637885,1,1,0.0451117219,0.340657382,3,0.070935,,0.316818515,0.00759016998,-0.458901711,-0.291644994,-0.302222733,-0.52,0.75006531
1781693835.190140,2026-06-17T18:57:15.190,1781693835.099334,right,base,1,pelvis,200,0.001,0.1236485,-0.285271068,-0.020172,-0.551937417,-0.83329509,0.0296690647,0.0102042893,-0.202190548,-0.0309621071,0.207624018,-0.0183204406,0.149753852,0.210382835,0.0602722751,1,1,0.0172922836,0.0608910438,2,0.036048,,-0.150628347,-0.0386297796,0.215699842,-0.167978347,0.157705117,0.318369073,0.0806737676
1781693835.206684,2026-06-17T18:57:15.206,1781693835.116187,left,base,1,pelvis,200,0.001,-0.027969995,0.228349482,0.008006,-0.539246514,0.70413409,-0.213566257,0.409631339,0.31649076,0.0311537158,-0.451222742,-0.304196724,-0.29115902,-0.508222366,0.723791388,1,1,0.0477553776,0.317383637,2,0.057674,,0.321323513,0.0101547038,-0.457999102,-0.28432756,-0.298032003,-0.52,0.753023124
1781693835.207108,2026-06-17T18:57:15.207,1781693835.132670,right,base,1,pelvis,200,0.001,0.1088177,-0.280132418,-0.023442,-0.549039244,-0.835244388,0.0294225125,0.00755226308,-0.16443389,-0.0367016183,0.208338708,-0.0675886863,0.150465281,0.259651081,0.0720397247,1,1,0.00975855629,0.0518231624,2,0.038593,,-0.000333176059,-0.0608798957,0.216251202,-0.414869506,0.15796722,0.441783791,0.0945745591
1781693835.223204,2026-06-17T18:57:15.223,1781693835.132954,left,base,1,pelvis,200,0.001,-0.02562319,0.237531082,0.00636,-0.536066022,0.693094246,-0.271942349,0.397870512,0.340490575,0.0275058898,-0.452411508,-0.295006221,-0.292871772,-0.510045639,0.730788305,1,1,0.0357986162,0.437786289,2,0.056919,,0.331361151,0.00841826096,-0.458367245,-0.261016449,-0.297902671,-0.52,0.749151813
1781693835.223623,2026-06-17T18:57:15.223,1781693835.149338,right,base,1,pelvis,200,0.001,0.0939219,-0.277441768,-0.033217,-0.543531488,-0.838886819,0.027774365,0.00842679839,-0.113548452,-0.0564163095,0.209737808,-0.118474125,0.151841327,0.310536519,0.0755662343,1,1,0.0283522596,0.0878038252,2,0.038175,,-0.0950563183,-0.0524942627,0.21249729,-0.167007562,0.154295742,0.338194268,0.0751196575
1781693835.240000,2026-06-17T18:57:15.240,1781693835.132954,left,base,1,pelvis,200,0.001,-0.02562319,0.237531082,0.00636,-0.536066022,0.693094246,-0.271942349,0.397870512,0.33745427,0.0247572429,-0.453296653,-0.270191251,-0.293689218,-0.511622535,0.734310581,1,1,0.0375074718,0.454864812,2,0.063606,,0.32608487,0.00469092332,-0.459045835,-0.236124199,-0.298544284,-0.52,0.752084275
1781693835.240427,2026-06-17T18:57:15.240,1781693835.149338,right,base,1,pelvis,200,0.001,0.0939219,-0.277441768,-0.033217,-0.543531488,-0.838886819,0.027774365,0.00842679839,-0.0643090891,-0.0570549906,0.21066979,-0.167993426,0.152717862,0.340131847,0.078286078,1,1,0.0357508816,0.0998705126,2,0.040477,,-0.0615147321,-0.0522769574,0.213933353,-0.197270881,0.155624674,0.361602024,0.0787269561
1781693835.256634,2026-06-17T18:57:15.256,1781693835.132954,left,base,1,pelvis,200,0.001,-0.02562319,0.237531082,0.00636,-0.536066022,0.693094246,-0.271942349,0.397870512,0.33642255,0.021990638,-0.454155233,-0.243912036,-0.294402662,-0.513041053,0.736823579,1,1,0.0403092147,0.474643558,2,0.055208,,0.321764939,0.000656506269,-0.459639543,-0.208892798,-0.299048589,-0.52,0.753923064
1781693835.257024,2026-06-17T18:57:15.257,1781693835.149338,right,base,1,pelvis,200,0.001,0.0939219,-0.277441768,-0.033217,-0.543531488,-0.838886819,0.027774365,0.00842679839,-0.0688583689,-0.0563801972,0.210940182,-0.193118602,0.152951321,0.353596577,0.0778175827,1,1,0.0274297887,0.090264544,2,0.037028,,-0.0637028015,-0.051853199,0.214111212,-0.219171319,0.155693087,0.370853797,0.0775967465
1781693835.275701,2026-06-17T18:57:15.275,1781693835.182932,left,base,1,pelvis,200,0.001,-0.018114605,0.234750882,-0.0146715,-0.553442239,0.668225532,-0.316698125,0.383247472,0.334600347,0.0189412498,-0.45501729,-0.215457983,-0.295132698,-0.514267693,0.741113987,1,1,0.0485995292,0.432516023,223,2.337063,,0.633911668,0.134729104,-0.450930046,-0.822354093,-0.22402625,-0.399625263,0.509086816
1781693835.276124,2026-06-17T18:57:15.276,1781693835.149338,right,base,1,pelvis,200,0.001,0.0939219,-0.277441768,-0.033217,-0.543531488,-0.838886819,0.027774365,0.00842679839,-0.0677343296,-0.0557521429,0.211398326,-0.215486172,0.153360513,0.364002535,0.0779567742,1,1,0.0111052569,0.0697211305,2,0.032191,,-0.0502846627,-0.0429020621,0.22076689,-0.283342006,0.16129399,0.40610376,0.0762677916
1781693835.294291,2026-06-17T18:57:15.294,1781693835.182932,left,base,1,pelvis,200,0.001,-0.018114605,0.234750882,-0.0146715,-0.553442239,0.668225532,-0.316698125,0.383247472,0.331869997,0.0150517168,-0.456000537,-0.214061436,-0.295965687,-0.51548707,0.743838736,1,1,0.053040128,0.593552674,400,4.113793,using best approximate IK outside the usable position/orientation threshold,0.331869997,0.0150517168,-0.456000537,-0.214061436,-0.295965687,-0.51548707,0.743838736
1781693835.294792,2026-06-17T18:57:15.294,1781693835.149338,right,base,1,pelvis,200,0.001,0.0939219,-0.277441768,-0.033217,-0.543531488,-0.838886819,0.027774365,0.00842679839,-0.0669967053,-0.0550387767,0.211894686,-0.272630098,0.15378729,0.400284538,0.0778909021,1,1,0.00682900544,0.063769638,2,0.038131,,-0.045257281,-0.0427485636,0.220927367,-0.311474909,0.160890491,0.414255065,0.0727090582
1781693835.312813,2026-06-17T18:57:15.312,1781693835.182932,left,base,1,pelvis,200,0.001,-0.018114605,0.234750882,-0.0146715,-0.553442239,0.668225532,-0.316698125,0.383247472,0.329643152,0.0138843743,-0.456802462,-0.212922426,-0.296645064,-0.515502338,0.746061013,1,1,0.193182551,0.401484065,400,5.621031,using best approximate IK outside the usable position/orientation threshold,2.79,2.68349446,1.07870559,-0.8660691,1.09421366,-0.52,0.758335478
1781693835.313150,2026-06-17T18:57:15.313,1781693835.166006,right,base,1,pelvis,200,0.001,0.0894181,-0.277535968,-0.0433345,-0.538536219,-0.842071908,0.026769223,0.0133060715,-0.0592321547,-0.0527363309,0.213577825,-0.308565241,0.15521138,0.4094983,0.0775829832,1,1,0.00902854732,0.0669655943,2,0.043127,,-0.0952679395,-0.0287592409,0.22348972,-0.210209393,0.162732523,0.351349714,0.0643398372
1781693835.328306,2026-06-17T18:57:15.328,1781693835.182932,left,base,1,pelvis,200,0.001,-0.018114605,0.234750882,-0.0146715,-0.553442239,0.668225532,-0.316698125,0.383247472,0.33016146,0.0141560787,-0.45661581,-0.213187536,-0.296486936,-0.515498784,0.745543767,1,1,0.0524028822,0.592691122,400,4.673355,using best approximate IK outside the usable position/orientation threshold,0.33016146,0.0141560787,-0.45661581,-0.213187536,-0.296486936,-0.515498784,0.745543767
1781693835.328645,2026-06-17T18:57:15.328,1781693835.182676,right,base,1,pelvis,200,0.001,0.0786363,-0.275260868,-0.056453,-0.535294308,-0.844060588,0.0272805964,0.0166582258,-0.0834808693,-0.04289931,0.215030331,-0.25353275,0.156333755,0.354465809,0.0704908507,1,1,0.0281857949,0.0870989537,2,0.033784,,-0.117627303,-0.0288447501,0.218083228,-0.170959309,0.158777109,0.311168506,0.0610271409
1781693835.344681,2026-06-17T18:57:15.344,1781693835.182932,left,base,1,pelvis,200,0.001,-0.018114605,0.234750882,-0.0146715,-0.553442239,0.668225532,-0.316698125,0.383247472,0.330525462,0.0143468934,-0.456484727,-0.21337372,-0.296375884,-0.515496289,0.745180512,1,1,0.0525379162,0.592874348,400,4.299522,using best approximate IK outside the usable position/orientation threshold,0.330525462,0.0143468934,-0.456484727,-0.21337372,-0.296375884,-0.515496289,0.745180512
1781693835.344983,2026-06-17T18:57:15.344,1781693835.266012,right,base,1,pelvis,200,0.001,0.05330365,-0.227698618,-0.0772785,-0.522243192,-0.850882795,0.0363984719,0.0439962379,-0.107878658,-0.0403640309,0.216547078,-0.207109791,0.157481038,0.311868672,0.0660863999,1,1,0.0465054617,0.112890413,5,0.054787,,-0.242141923,0.0683535068,0.22354626,0.148542721,0.163394746,0.149262939,-0.0164652883
1781693835.359013,2026-06-17T18:57:15.359,1781693835.249536,left,base,1,pelvis,200,0.001,-0.019570095,0.224965232,-0.019197,-0.56129803,0.673578087,-0.268586384,0.398871455,0.330438582,0.0143013498,-0.456516014,-0.213329281,-0.29640239,-0.515496884,0.745267214,1,1,0.0286762412,0.474670971,213,1.891165,,0.280085741,-0.0819124244,-0.47956258,-0.173976807,-0.376487214,-0.505814345,0.90866043
1781693835.359354,2026-06-17T18:57:15.359,1781693835.266012,right,base,1,pelvis,200,0.001,0.05330365,-0.227698618,-0.0772785,-0.522243192,-0.850882795,0.0363984719,0.0439962379,-0.156953785,0.0087110957,0.216852415,-0.158034665,0.157738655,0.262793546,0.0170112732,1,1,0.0471688499,0.146217145,5,0.050487,,-0.0766923687,0.0463778235,0.231091301,-0.167984776,0.17141802,0.255302252,-0.0168444174
1781693835.378500,2026-06-17T18:57:15.378,1781693835.316195,left,base,1,pelvis,200,0.001,0.012673307,0.220102132,-0.1892133,-0.464492234,0.72629905,-0.179671022,0.473766798,0.29383978,-0.0287570456,-0.461645756,-0.180695272,-0.339460785,-0.505892081,0.788325609,1,1,0.260980361,0.168385463,400,4.600384,using best approximate IK outside the usable position/orientation threshold,0.00177008678,-0.143212533,-0.568630026,-0.103424744,-0.460701989,-0.52,1.05960575
1781693835.378920,2026-06-17T18:57:15.378,1781693835.266012,right,base,1,pelvis,200,0.001,0.05330365,-0.227698618,-0.0772785,-0.522243192,-0.850882795,0.0363984719,0.0439962379,-0.11389539,0.0233688387,0.217587757,-0.162574197,0.158359996,0.245500889,0.00321645324,1,1,0.0430910739,0.144721543,4,0.074979,,-0.185415755,0.072729465,0.224385408,0.0480231713,0.164648074,0.153354899,-0.0306732099
1781693835.395475,2026-06-17T18:57:15.395,1781693835.316195,left,base,1,pelvis,200,0.001,0.012673307,0.220102132,-0.1892133,-0.464492234,0.72629905,-0.179671022,0.473766798,0.234859792,-0.0877370337,-0.520625744,-0.121715284,-0.398440773,-0.506382191,0.847305597,1,1,0.186969286,0.314015277,400,4.852908,using best approximate IK outside the usable position/orientation threshold,0.234859792,-0.0877370337,-0.520625744,-0.121715284,-0.398440773,-0.506382191,0.847305597
1781693835.395856,2026-06-17T18:57:15.395,1781693835.266012,right,base,1,pelvis,200,0.001,0.05330365,-0.227698618,-0.0772785,-0.522243192,-0.850882795,0.0363984719,0.0439962379,-0.153556337,0.0345813551,0.219654027,-0.103594209,0.160358094,0.186520901,-0.0135339188,1,1,0.0473808188,0.172122672,4,0.046969,,-0.260092165,0.0913013652,0.223587332,0.185123738,0.164447719,0.061980494,-0.0517765017
1781693835.413729,2026-06-17T18:57:15.413,1781693835.316195,left,base,1,pelvis,200,0.001,0.012673307,0.220102132,-0.1892133,-0.464492234,0.72629905,-0.179671022,0.473766798,0.200646984,-0.0904771594,-0.530642095,-0.118089715,-0.423934783,-0.506536216,0.855479664,1,1,0.187791708,0.291758509,400,6.088552,using best approximate IK outside the usable position/orientation threshold,0.200646984,-0.0904771594,-0.530642095,-0.118089715,-0.423934783,-0.506536216,0.855479664
1781693835.414256,2026-06-17T18:57:15.414,1781693835.332682,right,base,1,pelvis,200,0.001,0.05867935,-0.216533018,-0.066948,0.573755088,0.817189467,0.0527640043,0.0149141973,-0.204331626,0.0583211954,0.220316201,-0.0528189197,0.160958493,0.135745612,-0.0368415775,1,1,0.0460857063,0.0866717108,4,0.076878,,-0.202144214,0.0886350485,0.213858452,0.0749991854,0.154355404,0.0240344776,-0.0653795666
1781693835.428552,2026-06-17T18:57:15.428,1781693835.316195,left,base,1,pelvis,200,0.001,0.012673307,0.220102132,-0.1892133,-0.464492234,0.72629905,-0.179671022,0.473766798,0.205862602,-0.0900594373,-0.529115139,-0.118642419,-0.420048315,-0.506512735,0.854233557,1,1,0.187453259,0.294693157,400,4.527129,using best approximate IK outside the usable position/orientation threshold,0.205862602,-0.0900594373,-0.529115139,-0.118642419,-0.420048315,-0.506512735,0.854233557
1781693835.428929,2026-06-17T18:57:15.428,1781693835.332682,right,base,1,pelvis,200,0.001,0.05867935,-0.216533018,-0.066948,0.573755088,0.817189467,0.0527640043,0.0149141973,-0.222214694,0.0635260779,0.220832447,0.00243887754,0.161509157,0.0804878146,-0.05269615,1,1,0.0447566072,0.0973530648,4,0.053078,,-0.147376457,0.0774263491,0.217039343,-0.0138754984,0.15773951,0.041768573,-0.0674176548
1781693835.447455,2026-06-17T18:57:15.447,1781693835.366204,left,base,1,pelvis,200,0.001,0.014352371,0.211948782,-0.21109895,-0.489923201,0.723366313,-0.156929836,0.460531715,0.205180036,-0.0901141044,-0.529314971,-0.118570087,-0.420556935,-0.506515808,0.854396635,1,1,0.209663332,0.292824995,400,6.271938,using best approximate IK outside the usable position/orientation threshold,0.205180036,-0.0901141044,-0.529314971,-0.118570087,-0.420556935,-0.506515808,0.854396635
1781693835.447979,2026-06-17T18:57:15.447,1781693835.349348,right,base,1,pelvis,200,0.001,0.06466815,-0.222298818,-0.0481105,0.636784923,0.735948174,0.19734135,0.118074719,-0.178451772,0.0668818647,0.21990038,-0.0120352994,0.160553066,0.0379939894,-0.056415669,1,1,0.0421170755,0.357157285,2,0.051497,,-0.140735929,0.0636651389,0.211889561,-0.0372094517,0.152486502,0.002290295,-0.058573416
1781693835.461986,2026-06-17T18:57:15.461,1781693835.382870,left,base,1,pelvis,200,0.001,-0.014469236,0.243580932,-0.07186215,-0.574328047,0.677250226,-0.325264126,0.325088716,0.205297592,-0.0901046893,-0.529280555,-0.118582545,-0.420469337,-0.506515279,0.854368548,1,1,0.435523024,0.336594226,400,4.510042,using best approximate IK outside the usable position/orientation threshold,2.79,3.32668283,-2.44390789,-0.401658412,-0.580753212,-0.52,-0.35430252
1781693835.462289,2026-06-17T18:57:15.462,1781693835.366017,right,base,1,pelvis,200,0.001,0.06793295,-0.240274768,-0.0257575,0.664299475,0.660090582,0.292092978,0.194083289,-0.155354925,0.0651348105,0.219388998,-0.0355694099,0.160050171,0.00514708687,-0.0583821637,1,1,0.021404632,0.461498131,5,0.056811,,0.16842838,-0.00298206594,0.176045698,-0.490749251,0.111437361,-0.0230009615,-0.0200840608
1781693835.480833,2026-06-17T18:57:15.480,1781693835.382870,left,base,1,pelvis,200,0.001,-0.014469236,0.243580932,-0.07186215,-0.574328047,0.677250226,-0.325264126,0.325088716,0.205281009,-0.0901060174,-0.52928541,-0.118580787,-0.420481694,-0.506515353,0.85437251,1,1,0.0795116821,0.590013756,400,6.27805,using best approximate IK outside the usable position/orientation threshold,0.205281009,-0.0901060174,-0.52928541,-0.118580787,-0.420481694,-0.506515353,0.85437251
1781693835.481488,2026-06-17T18:57:15.481,1781693835.382685,right,base,1,pelvis,200,0.001,0.06910385,-0.252958968,-0.016183,0.649666441,0.668664803,0.318750801,0.170935145,-0.112679907,0.0224597922,0.218311439,-0.0782444282,0.158963383,-0.011859675,-0.0518852153,1,1,0.0184355521,0.467235329,5,0.109923,,0.224021509,-0.043216118,0.173540695,-0.580565442,0.102990938,-0.00629878851,0.013910359
1781693835.495417,2026-06-17T18:57:15.495,1781693835.382870,left,base,1,pelvis,200,0.001,-0.014469236,0.243580932,-0.07186215,-0.574328047,0.677250226,-0.325264126,0.325088716,0.20526178,-0.0901075575,-0.52929104,-0.11857875,-0.420496023,-0.50651544,0.854377105,1,1,0.0795179149,0.590014309,400,4.48035,using best approximate IK outside the usable position/orientation threshold,0.20526178,-0.0901075575,-0.52929104,-0.11857875,-0.420496023,-0.50651544,0.854377105
1781693835.495687,2026-06-17T18:57:15.495,1781693835.432706,right,base,1,pelvis,200,0.001,0.0691738,-0.258383668,-0.014445,0.594822342,0.795402302,0.104550867,0.0508986886,-0.0547534906,-0.0354666242,0.213165997,-0.136170845,0.151411168,-0.0132160182,-0.0146318979,1,1,0.0357131874,0.138756378,2,0.028837,,0.0851475161,-0.0562352527,0.208055376,-0.385970009,0.145502501,0.0924192,0.00194124393
1781693835.514696,2026-06-17T18:57:15.514,1781693835.399554,left,base,1,pelvis,200,0.001,-0.03367517,0.264659732,0.0209215,-0.568512408,0.624974406,-0.467908613,0.2593495,0.205249106,-0.0901085726,-0.52929475,-0.118577407,-0.420505467,-0.506515497,0.854380133,1,1,0.028563208,0.555485886,400,6.539137,using best approximate IK outside the usable position/orientation threshold,0.516346489,0.126292096,-0.188119323,-0.532152385,0.30584847,-0.52,-0.363654654
1781693835.515121,2026-06-17T18:57:15.515,1781693835.449374,right,base,1,pelvis,200,0.001,0.0691317,-0.255120818,-0.01549,0.558610546,0.82876545,-0.0193306762,0.0269891178,-0.012486168,-0.0499308291,0.209433578,-0.178438167,0.14685033,0.0290513043,-0.0119434224,1,1,0.0386976,0.136868775,2,0.050791,,0.104710736,-0.0611923181,0.209082338,-0.401338068,0.146235526,0.147493019,-0.00830386993
1781693835.528924,2026-06-17T18:57:15.528,1781693835.399554,left,base,1,pelvis,200,0.001,-0.03367517,0.264659732,0.0209215,-0.568512408,0.624974406,-0.467908613,0.2593495,0.205234332,-0.0901097558,-0.529299075,-0.118575841,-0.420516476,-0.506515564,0.854383662,1,1,0.0285632433,0.555485894,400,4.507648,using best approximate IK outside the usable position/orientation threshold,0.516346854,0.126292627,-0.188121434,-0.532153349,0.305847367,-0.52,-0.363651304
1781693835.529248,2026-06-17T18:57:15.529,1781693835.449374,right,base,1,pelvis,200,0.001,0.0691317,-0.255120818,-0.01549,0.558610546,0.82876545,-0.0193306762,0.0269891178,0.0460775412,-0.0556498732,0.209251649,-0.237001876,0.146672411,0.0876150136,-0.0101105872,1,1,0.042649937,0.0848539975,2,0.038034,,0.133282422,-0.0620180434,0.20961968,-0.41749842,0.146760585,0.189349422,-0.00755087706
1781693835.547907,2026-06-17T18:57:15.547,1781693835.399554,left,base,1,pelvis,200,0.001,-0.03367517,0.264659732,0.0209215,-0.568512408,0.624974406,-0.467908613,0.2593495,0.205225035,-0.0901105004,-0.529301797,-0.118574856,-0.420523404,-0.506515605,0.854385884,1,1,0.0285632655,0.555485899,400,6.438019,using best approximate IK outside the usable position/orientation threshold,0.516347084,0.126292961,-0.188122763,-0.532153955,0.305846673,-0.52,-0.363649196
1781693835.548389,2026-06-17T18:57:15.548,1781693835.466041,right,base,1,pelvis,200,0.001,0.0691317,-0.255120818,-0.01549,0.544056106,0.836001319,-0.071427147,0.00170582248,0.0883491553,-0.05702628,0.209234506,-0.27927349,0.146628174,0.129886628,-0.00992764947,1,1,0.0481245015,0.158240251,2,0.058561,,0.159832227,-0.0616404676,0.211390897,-0.443458792,0.148829377,0.236738543,-0.00790899227
1781693835.558089,2026-06-17T18:57:15.558,1781693835.466225,left,base,1,pelvis,200,0.001,-0.034259505,0.263905032,0.0314195,-0.581316145,0.638808514,-0.436866173,0.251283045,0.205214395,-0.0901113525,-0.529304912,-0.118573728,-0.420531332,-0.506515653,0.854388426,1,1,0.02531205,0.497639382,27,0.226604,,0.606966403,0.181843943,-0.369577839,-0.710732554,0.0882838615,-0.52,0.085519655
1781693835.558361,2026-06-17T18:57:15.558,1781693835.466041,right,base,1,pelvis,200,0.001,0.0691317,-0.255120818,-0.01549,0.544056106,0.836001319,-0.071427147,0.00170582248,0.127527924,-0.057724962,0.209288418,-0.336784343,0.146646708,0.18739748,-0.00959497983,1,1,0.0411444498,0.116960083,3,0.037242,,0.196161102,-0.056018913,0.215628414,-0.532223968,0.153025258,0.336265316,-0.00937711213
1781693835.575053,2026-06-17T18:57:15.575,1781693835.466225,left,base,1,pelvis,200,0.001,-0.034259505,0.263905032,0.0314195,-0.581316145,0.638808514,-0.436866173,0.251283045,0.205209573,-0.0901117388,-0.529306324,-0.118573217,-0.420534926,-0.506515675,0.854389578,1,1,0.0253120578,0.497640115,27,0.337626,,0.606966216,0.181844074,-0.36957873,-0.710732355,0.0882823079,-0.52,0.085521906
1781693835.575656,2026-06-17T18:57:15.575,1781693835.466041,right,base,1,pelvis,200,0.001,0.0691317,-0.255120818,-0.01549,0.544056106,0.836001319,-0.071427147,0.00170582248,0.157238217,-0.058030518,0.20945249,-0.366494636,0.146817038,0.217107773,-0.00946340969,1,1,0.045806744,0.0967948261,3,0.065292,,0.208511587,-0.0550473252,0.216138693,-0.541931882,0.153614826,0.358575092,-0.00806776128
1781693835.591535,2026-06-17T18:57:15.591,1781693835.482912,left,base,1,pelvis,200,0.001,-0.02479109,0.252117282,-0.006647,-0.573415897,0.700594889,-0.342838961,0.250644084,0.205202492,-0.0901123059,-0.529308397,-0.118572467,-0.420540202,-0.506515707,0.85439127,1,1,0.0182609801,0.492410972,15,0.163037,,0.356743875,0.0337702837,-0.40716486,-0.300513061,-0.225830307,-0.52,0.442531804
1781693835.591871,2026-06-17T18:57:15.591,1781693835.482709,right,base,1,pelvis,200,0.001,0.0691317,-0.255120818,-0.01549,-0.555596319,-0.82790057,0.0754672676,0.0140736625,0.1823692,-0.0577559372,0.210295493,-0.418703298,0.14766445,0.269316435,-0.00945163021,1,1,0.0453104535,0.0851271064,3,0.035124,,0.212890893,-0.051868279,0.215556926,-0.55792804,0.152543389,0.395467429,-0.00576253026
1781693835.608394,2026-06-17T18:57:15.608,1781693835.482912,left,base,1,pelvis,200,0.001,-0.02479109,0.252117282,-0.006647,-0.573415897,0.700594889,-0.342838961,0.250644084,0.25347081,-0.0418439877,-0.481040079,-0.166840785,-0.372271884,-0.506515732,0.806122951,1,1,0.01804957,0.496530688,13,0.191724,,0.351720331,0.0250818821,-0.395148262,-0.289708696,-0.231364811,-0.52,0.459503114
1781693835.609050,2026-06-17T18:57:15.609,1781693835.516043,right,base,1,pelvis,200,0.001,0.065803,-0.249317468,-0.0141155,-0.574304637,-0.811919386,0.0758303733,0.0721862181,0.19019147,-0.0573957819,0.211072445,-0.466971616,0.148455652,0.317584753,-0.00926762167,1,1,0.0401936777,0.155486085,3,0.059953,,0.212547944,-0.0471678887,0.21462265,-0.581184165,0.148736553,0.437253207,0.00374175906
1781693835.624881,2026-06-17T18:57:15.624,1781693835.566341,left,base,1,pelvis,200,0.001,-0.032250135,0.254237132,0.009322,-0.569603964,0.791979812,-0.189743241,0.110981099,0.305347593,0.0100327956,-0.431523103,-0.218717568,-0.320395101,-0.508058578,0.754246168,1,1,0.0229090484,0.493901696,3,0.047386,,0.414983842,0.0460452701,-0.408382131,-0.426788216,-0.278825998,-0.433125937,0.629314172
1781693835.625151,2026-06-17T18:57:15.625,1781693835.516043,right,base,1,pelvis,200,0.001,0.065803,-0.249317468,-0.0141155,-0.574304637,-0.811919386,0.0758303733,0.0721862181,0.193539871,-0.0565804178,0.211733952,-0.5188484,0.149058635,0.369461537,-0.00639963903,1,1,0.0406200878,0.167631055,2,0.025177,,0.202608807,-0.0502919037,0.213644117,-0.566842234,0.149143838,0.422886866,-0.00107027189
1781693835.641761,2026-06-17T18:57:15.641,1781693835.566341,left,base,1,pelvis,200,0.001,-0.032250135,0.254237132,0.009322,-0.569603964,0.791979812,-0.189743241,0.110981099,0.35324827,0.0409828317,-0.427388502,-0.266618245,-0.272494424,-0.460157902,0.706345491,1,1,0.0296547246,0.473961859,3,0.075709,,0.445775083,0.0667323574,-0.410723073,-0.464080251,-0.23679545,-0.380419598,0.595609512
1781693835.642385,2026-06-17T18:57:15.642,1781693835.566051,right,base,1,pelvis,200,0.001,0.0538628,-0.211569268,-0.008965,-0.572518067,-0.811053666,0.0755359932,0.0933237761,0.196275788,-0.0552256301,0.212149736,-0.566749076,0.149012277,0.417362214,-0.00493994191,1,1,0.0455821278,0.187260478,3,0.059491,,0.214335293,-0.0174630201,0.219286948,-0.629736162,0.149742444,0.502541081,-0.0175034345
1781693835.658366,2026-06-17T18:57:15.658,1781693835.566341,left,base,1,pelvis,200,0.001,-0.032250135,0.254237132,0.009322,-0.569603964,0.791979812,-0.189743241,0.110981099,0.405306013,0.0620494222,-0.42504693,-0.318675988,-0.263177776,-0.408100159,0.654287748,1,1,0.0445998754,0.488187787,2,0.047497,,0.452638247,0.0754206552,-0.416207662,-0.432946596,-0.245280217,-0.358939128,0.59814641
1781693835.658650,2026-06-17T18:57:15.658,1781693835.582728,right,base,1,pelvis,200,0.001,0.0612703,-0.199423268,-0.011698,-0.56977399,-0.812989515,0.0730086266,0.0952648344,0.200439897,-0.0335239033,0.212391228,-0.618806819,0.149033537,0.469419957,-0.0101610484,1,1,0.0417641849,0.193885609,3,0.034329,,0.195394762,0.0083398594,0.220100579,-0.633420484,0.15010936,0.52,-0.0256614296
1781693835.675214,2026-06-17T18:57:15.675,1781693835.583009,left,base,1,pelvis,200,0.001,-0.041048435,0.256978232,0.010754,-0.571169868,0.760321593,-0.261185672,0.165704863,0.419092783,0.0712265321,-0.42327686,-0.367134564,-0.259917582,-0.360605321,0.605829172,1,1,0.0301444816,0.47651187,3,0.071943,,0.475116285,0.0841585412,-0.413779657,-0.490459356,-0.232167503,-0.352681037,0.529663892
1781693835.675665,2026-06-17T18:57:15.675,1781693835.582728,right,base,1,pelvis,200,0.001,0.0612703,-0.199423268,-0.011698,-0.56977399,-0.812989515,0.0730086266,0.0952648344,0.202657646,-0.00525795037,0.213491806,-0.629947819,0.149146681,0.515957591,-0.0194592018,1,1,0.0396597038,0.190364458,2,0.04228,,0.197416765,0.0128091959,0.216817889,-0.633481954,0.149503071,0.52,-0.0250673829
1781693835.691872,2026-06-17T18:57:15.691,1781693835.583009,left,base,1,pelvis,200,0.001,-0.041048435,0.256978232,0.010754,-0.571169868,0.760321593,-0.261185672,0.165704863,0.445793535,0.0804391431,-0.422344447,-0.418434852,-0.25513841,-0.354183664,0.554528885,1,1,0.0328870717,0.479803645,2,0.047396,,0.473268645,0.0874322702,-0.416814525,-0.480416424,-0.240421329,-0.349572297,0.517613507
1781693835.692153,2026-06-17T18:57:15.692,1781693835.582728,right,base,1,pelvis,200,0.001,0.0612703,-0.199423268,-0.011698,-0.56977399,-0.812989515,0.0730086266,0.0952648344,0.201382846,0.00158378568,0.214651795,-0.630618624,0.149315653,0.516667125,-0.0205478327,1,1,0.0361892562,0.190576012,2,0.027414,,0.196363746,0.0181232944,0.217702509,-0.633850761,0.149587211,0.52,-0.0252255046
1781693835.708658,2026-06-17T18:57:15.708,1781693835.583009,left,base,1,pelvis,200,0.001,-0.041048435,0.256978232,0.010754,-0.571169868,0.760321593,-0.261185672,0.165704863,0.449765922,0.0841913261,-0.421184165,-0.467651599,-0.252026515,-0.350895498,0.525784236,1,1,0.0241754085,0.447645708,2,0.053015,,0.476589725,0.0914479231,-0.41567114,-0.518790854,-0.236711607,-0.353043119,0.492255371
1781693835.709183,2026-06-17T18:57:15.709,1781693835.599385,right,base,1,pelvis,200,0.001,0.07950375,-0.202256518,-0.0161715,-0.568905178,-0.813868816,0.0686683544,0.0961722734,0.200673518,0.00889154792,0.215039198,-0.631498562,0.149349172,0.517263204,-0.0213561476,1,1,0.0343322252,0.189154763,2,0.036224,,0.182040912,0.0236783439,0.217783075,-0.622207191,0.149442733,0.52,-0.0214463566
1781693835.725308,2026-06-17T18:57:15.725,1781693835.599565,left,base,1,pelvis,200,0.001,-0.051887405,0.237275282,0.03341,-0.576429925,0.699184541,-0.317612953,0.279269639,0.454877229,0.0886466266,-0.420555418,-0.513614356,-0.250356646,-0.350705102,0.499418966,1,1,0.0365141632,0.467689823,3,0.057261,,0.534991554,0.095069408,-0.41803454,-0.621770632,-0.23333932,-0.390440718,0.490241413
1781693835.725593,2026-06-17T18:57:15.725,1781693835.632721,right,base,1,pelvis,200,0.001,0.08751745,-0.214363518,-0.002618,-0.568440498,-0.814291043,0.0660770415,0.0971561753,0.187567854,0.0162319477,0.215557658,-0.623855536,0.149395511,0.51779597,-0.0221093864,1,1,0.0275208897,0.206313466,2,0.030938,,0.186146196,0.0208106412,0.218629055,-0.649443154,0.149819156,0.52,-0.0136226316
1781693835.742180,2026-06-17T18:57:15.742,1781693835.616236,left,base,1,pelvis,200,0.001,-0.056969705,0.199035032,0.070286,-0.583737442,0.652723906,-0.307148199,0.372642034,0.504073949,0.0926573566,-0.419840908,-0.562811077,-0.247847062,-0.385274433,0.49636849,1,1,0.0400091248,0.420550608,5,0.075689,,0.682574559,0.0763616392,-0.436533242,-0.814751066,-0.254711407,-0.42742589,0.576419449
1781693835.742616,2026-06-17T18:57:15.742,1781693835.649388,right,base,1,pelvis,200,0.001,0.0910643,-0.230493868,0.014096,-0.568165838,-0.814420534,0.0650743575,0.0983468461,0.18646782,0.0177140137,0.216000586,-0.64789941,0.149404909,0.518234641,-0.0162645207,1,1,0.0271691539,0.239181213,2,0.029316,,0.206142033,0.0105932644,0.219418618,-0.710066689,0.150197833,0.52,0.000832693785
1781693835.758919,2026-06-17T18:57:15.758,1781693835.632927,left,base,1,pelvis,200,0.001,-0.05914675,0.164341132,0.1026595,-0.588316504,0.624890579,-0.273358268,0.434362421,0.555171819,0.0926779821,-0.421111215,-0.613908946,-0.245559523,-0.422897429,0.54746636,1,1,0.0439763749,0.380654038,6,0.075543,,0.780328721,0.035217551,-0.473074194,-0.937433924,-0.310868693,-0.422791833,0.729909229
1781693835.759205,2026-06-17T18:57:15.759,1781693835.649388,right,base,1,pelvis,200,0.001,0.0910643,-0.230493868,0.014096,-0.568165838,-0.814420534,0.0650743575,0.0983468461,0.202164634,0.0110172791,0.216573448,-0.69899728,0.149495192,0.518619393,-0.00125259762,1,1,0.021337585,0.25874995,2,0.02768,,0.217419996,0.00485181532,0.21941568,-0.747336875,0.149998935,0.52,0.0138143781
1781693835.775798,2026-06-17T18:57:15.775,1781693835.632927,left,base,1,pelvis,200,0.001,-0.05914675,0.164341132,0.1026595,-0.588316504,0.624890579,-0.273358268,0.434362421,0.604882092,0.0490578266,-0.460001925,-0.66361922,-0.295269797,-0.423181261,0.597176634,1,1,0.0403583976,0.400017161,5,0.071503,,0.769499007,0.0293706777,-0.486129938,-0.912229511,-0.33005354,-0.429177465,0.715844427
1781693835.776428,2026-06-17T18:57:15.776,1781693835.666055,right,base,1,pelvis,200,0.001,0.092012,-0.249703468,0.030588,-0.567979161,-0.814332483,0.0655070798,0.0998554069,0.214332304,0.00518564215,0.217218169,-0.746302651,0.149654412,0.518932241,0.0121882896,1,1,0.0353838689,0.296820835,2,0.037755,,0.245466956,-0.0121465999,0.219216234,-0.819558024,0.149798374,0.52,0.034938544
1781693835.792540,2026-06-17T18:57:15.792,1781693835.632927,left,base,1,pelvis,200,0.001,-0.05914675,0.164341132,0.1026595,-0.588316504,0.624890579,-0.273358268,0.434362421,0.656640858,0.0408060077,-0.475304269,-0.715377986,-0.319743612,-0.426040995,0.6489354,1,1,0.0422019017,0.415302936,4,0.061324,,0.760845409,0.0259331808,-0.492299965,-0.882544396,-0.34143458,-0.433475404,0.72714367
1781693835.792816,2026-06-17T18:57:15.792,1781693835.682723,right,base,1,pelvis,200,0.001,0.0931198,-0.262724618,0.034413,-0.567759477,-0.814189194,0.0669810424,0.101285108,0.243130878,-0.0118832858,0.217768455,-0.798061417,0.149740685,0.519199622,0.0337033927,1,1,0.039689968,0.313303369,2,0.026617,,0.271217688,-0.032848566,0.218227404,-0.866658774,0.14909959,0.52,0.0591755083
1781693835.809378,2026-06-17T18:57:15.809,1781693835.716238,left,base,1,pelvis,200,0.001,-0.07138875,0.200980082,0.03811,-0.532629274,0.670622183,-0.317967007,0.406778721,0.705733866,0.0353537949,-0.48337367,-0.764470994,-0.332918567,-0.430882405,0.698028408,1,1,0.00795423929,0.407619554,2,0.04173,,0.684398718,0.0269383248,-0.486658809,-0.715970229,-0.337548206,-0.489789741,0.715556009
1781693835.809666,2026-06-17T18:57:15.809,1781693835.716056,right,base,1,pelvis,200,0.001,0.1089375,-0.267805218,0.025946,-0.564016782,-0.816689832,0.0689247838,0.100757936,0.269465976,-0.0326409342,0.218139747,-0.847154425,0.14975548,0.519404884,0.05824325,1,1,0.033868592,0.322499118,2,0.028002,,0.275425711,-0.0506126441,0.217847643,-0.886299071,0.148950476,0.52,0.0836333595
1781693835.826137,2026-06-17T18:57:15.826,1781693835.716238,left,base,1,pelvis,200,0.001,-0.07138875,0.200980082,0.03811,-0.532629274,0.670622183,-0.317967007,0.406778721,0.691137867,0.0335571798,-0.485076013,-0.718159522,-0.334542665,-0.481432388,0.718290727,1,1,0.0101561711,0.404092327,2,0.063208,,0.668402931,0.0233349624,-0.489107905,-0.670486496,-0.340326901,-0.52,0.735701421
1781693835.826589,2026-06-17T18:57:15.826,1781693835.749392,right,base,1,pelvis,200,0.001,0.1081989,-0.264951318,0.0139125,-0.558728796,-0.820372446,0.0695343884,0.0998806873,0.274167899,-0.0504564702,0.218164548,-0.885828718,0.149569904,0.519573265,0.0829548368,1,1,0.0214117266,0.33119163,2,0.038418,,0.26634561,-0.0617181588,0.218504652,-0.891795723,0.14935129,0.52,0.102235487
1781693835.842951,2026-06-17T18:57:15.842,1781693835.766614,left,base,1,pelvis,200,0.001,-0.074720355,0.220442382,-0.000193,-0.498547289,0.6982285,-0.342008939,0.383350294,0.673967419,0.0323622823,-0.485361754,-0.672399852,-0.335085253,-0.517272306,0.729654067,1,1,0.0327538589,0.453975237,2,0.066081,,0.615492683,0.0164231108,-0.489598741,-0.558024018,-0.341405614,-0.52,0.744278835
1781693835.843384,2026-06-17T18:57:15.843,1781693835.766061,right,base,1,pelvis,200,0.001,0.1091628,-0.257731468,-0.0001715,-0.551907675,-0.824820328,0.0699526425,0.100876024,0.267240126,-0.0615793133,0.218067073,-0.891387466,0.149379377,0.519704522,0.101642759,1,1,0.0141204951,0.328624577,2,0.040095,,0.245991297,-0.0650424321,0.220356788,-0.869283173,0.150490327,0.52,0.114848435
1781693835.859553,2026-06-17T18:57:15.859,1781693835.766614,left,base,1,pelvis,200,0.001,-0.074720355,0.220442382,-0.000193,-0.498547289,0.6982285,-0.342008939,0.383350294,0.623586951,0.0238003963,-0.486074414,-0.622019383,-0.336082414,-0.517791217,0.739363701,1,1,0.0252477486,0.458710563,2,0.05371,,0.572152819,0.00761448775,-0.492201163,-0.511268772,-0.344115037,-0.52,0.757594304
1781693835.859977,2026-06-17T18:57:15.859,1781693835.799396,right,base,1,pelvis,200,0.001,0.078891,-0.241195318,-0.002886,-0.542176466,-0.829888798,0.069265522,0.111944408,0.246874316,-0.064905314,0.219311902,-0.869467383,0.149469691,0.519797565,0.114263629,1,1,0.0269955265,0.330681734,2,0.040097,,0.23872946,-0.0607479252,0.22437565,-0.846407792,0.152058092,0.52,0.117133255
1781693835.876396,2026-06-17T18:57:15.876,1781693835.782904,left,base,1,pelvis,200,0.001,-0.069092925,0.214756782,-0.0052055,-0.494881897,0.705199346,-0.33979115,0.377263522,0.5759276,0.0135415169,-0.486774403,-0.572243306,-0.338780765,-0.518229917,0.753632733,1,1,0.0259960928,0.453783324,2,0.059798,,0.521912315,-0.00753045482,-0.495018899,-0.452240629,-0.348655124,-0.52,0.77505727
1781693835.876850,2026-06-17T18:57:15.876,1781693835.816061,right,base,1,pelvis,200,0.001,0.0583036,-0.223068768,0.0029545,-0.53931747,-0.831186342,0.0683685931,0.116583303,0.239596937,-0.0619139307,0.223350709,-0.846596023,0.151057741,0.51986065,0.1165596,1,1,0.0423864559,0.324272361,2,0.040093,,0.246546511,-0.0524720318,0.229822482,-0.839348349,0.154445961,0.52,0.111765792
1781693835.893130,2026-06-17T18:57:15.893,1781693835.782904,left,base,1,pelvis,200,0.001,-0.069092925,0.214756782,-0.0052055,-0.494881897,0.705199346,-0.33979115,0.377263522,0.52527748,-0.00284938321,-0.490622252,-0.521593186,-0.344454369,-0.518608071,0.771918661,1,1,0.0257430242,0.456307368,2,0.071844,,0.478260268,-0.0229449361,-0.499912002,-0.404551034,-0.355039468,-0.52,0.796122359
1781693835.893617,2026-06-17T18:57:15.893,1781693835.816061,right,base,1,pelvis,200,0.001,0.0583036,-0.223068768,0.0029545,-0.53931747,-0.831186342,0.0683685931,0.116583303,0.245535335,-0.0536167349,0.228816876,-0.839535047,0.153465455,0.519904718,0.112251387,1,1,0.0364274486,0.315197097,2,0.04938,,0.251419006,-0.0462904081,0.234497536,-0.834440388,0.156461107,0.52,0.109563588
1781693835.909810,2026-06-17T18:57:15.909,1781693835.782904,left,base,1,pelvis,200,0.001,-0.069092925,0.214756782,-0.0052055,-0.494881897,0.705199346,-0.33979115,0.377263522,0.48065586,-0.0193045681,-0.496502757,-0.471320721,-0.351780351,-0.518922277,0.793670412,1,1,0.0288177372,0.462185601,2,0.05496,,0.439010726,-0.0386952083,-0.506519963,-0.356426986,-0.362706813,-0.52,0.819908856
1781693835.910527,2026-06-17T18:57:15.910,1781693835.832732,right,base,1,pelvis,200,0.001,0.0353186,-0.199678568,0.0135295,-0.538565696,-0.831348427,0.0670909111,0.119605992,0.250426871,-0.0474137734,0.233510921,-0.834624878,0.155499948,0.519934694,0.110039994,1,1,0.0480609956,0.310397329,3,0.064274,,0.29403515,-0.024427767,0.246943402,-0.862510096,0.162766807,0.52,0.0904240307
1781693835.926524,2026-06-17T18:57:15.926,1781693835.782904,left,base,1,pelvis,200,0.001,-0.069092925,0.214756782,-0.0052055,-0.494881897,0.705199346,-0.33979115,0.377263522,0.440855478,-0.035926345,-0.503933281,-0.420536849,-0.360232977,-0.519183943,0.818033564,1,1,0.0324804602,0.471497509,2,0.061177,,0.402973231,-0.0549970309,-0.514442845,-0.306634009,-0.371272903,-0.52,0.8458286
1781693835.926980,2026-06-17T18:57:15.926,1781693835.832732,right,base,1,pelvis,200,0.001,0.0353186,-0.199678568,0.0135295,-0.538565696,-0.831348427,0.0670909111,0.119605992,0.293049724,-0.0255351036,0.245973023,-0.862151426,0.161823324,0.51995541,0.0908967921,1,1,0.0411861685,0.307626506,2,0.053341,,0.308906401,-0.0177575217,0.251507244,-0.872535036,0.164855338,0.52,0.085384266
1781693835.948067,2026-06-17T18:57:15.948,1781693835.849588,left,base,1,pelvis,200,0.001,-0.058870715,0.220111982,-0.0063395,-0.507855497,0.690581612,-0.356021424,0.372059911,0.404370694,-0.0529216451,-0.512508289,-0.371170613,-0.369422165,-0.519391142,0.844414275,1,1,0.0448237234,0.465001334,400,4.753208,,0.404370694,-0.0529216451,-0.512508289,-0.371170613,-0.369422165,-0.519391142,0.844414275
1781693835.948471,2026-06-17T18:57:15.948,1781693835.866067,right,base,1,pelvis,200,0.001,0.05420045,-0.192931068,0.0105425,-0.53614608,-0.83224985,0.0618568581,0.126812056,0.30793585,-0.0188449989,0.25055467,-0.872180335,0.163929903,0.519969213,0.0858492351,1,1,0.0258493538,0.314295542,2,0.029428,,0.309125212,-0.00981557411,0.256303372,-0.874057871,0.166828026,0.52,0.084412676
1781693835.966218,2026-06-17T18:57:15.966,1781693835.849588,left,base,1,pelvis,200,0.001,-0.058870715,0.220111982,-0.0063395,-0.507855497,0.690581612,-0.356021424,0.372059911,0.403888174,-0.0530625128,-0.513176257,-0.370849723,-0.370061193,-0.519391451,0.844783166,1,1,0.187357449,0.391071899,400,6.147421,using best approximate IK outside the usable position/orientation threshold,2.79,2.75010933,0.942949789,-0.988690609,1.21630209,-0.52,1.06699611
1781693835.966838,2026-06-17T18:57:15.966,1781693835.866067,right,base,1,pelvis,200,0.001,0.05420045,-0.192931068,0.0105425,-0.53614608,-0.83224985,0.0618568581,0.126812056,0.30831229,-0.0108776123,0.25537374,-0.873711794,0.165925699,0.519981154,0.0848660285,1,1,0.0230226678,0.31555371,2,0.047499,,0.309324396,-0.00374670531,0.260315902,-0.874946636,0.168448556,0.52,0.0846843931
1781693835.982481,2026-06-17T18:57:15.982,1781693835.916279,left,base,1,pelvis,200,0.001,-0.04480573,0.256619032,-0.0017985,-0.542736654,0.635352546,-0.404541732,0.37163161,0.404036771,-0.0530191312,-0.51297055,-0.370948545,-0.369864398,-0.519391356,0.844669562,1,1,0.0534223929,0.614475161,400,5.160675,using best approximate IK outside the usable position/orientation threshold,0.404036771,-0.0530191312,-0.51297055,-0.370948545,-0.369864398,-0.519391356,0.844669562
1781693835.982778,2026-06-17T18:57:15.982,1781693835.882733,right,base,1,pelvis,200,0.001,0.08016035,-0.208536018,0.011375,-0.535922073,-0.83243783,0.0579796133,0.128347789,0.308589746,-0.00478728551,0.259405441,-0.874607877,0.167565516,0.519987586,0.0847112962,1,1,0.00567203099,0.321964968,2,0.031505,,0.300796625,-0.00661139896,0.262104408,-0.87950729,0.168735803,0.52,0.0963668011
1781693835.997712,2026-06-17T18:57:15.997,1781693835.932992,left,base,1,pelvis,200,0.001,-0.048547125,0.261238532,-0.001167,-0.531591477,0.648950269,-0.38861186,0.381123172,0.404136914,-0.0529898952,-0.512831918,-0.371015143,-0.369731773,-0.519391292,0.844593002,1,1,0.0587961957,0.569030023,400,4.19227,using best approximate IK outside the usable position/orientation threshold,0.404136914,-0.0529898952,-0.512831918,-0.371015143,-0.369731773,-0.519391292,0.844593002
1781693835.997966,2026-06-17T18:57:15.997,1781693835.932742,right,base,1,pelvis,200,0.001,0.09408565,-0.254370218,0.0364705,-0.53893328,-0.831448982,0.0538997861,0.123847985,0.301525621,-0.00651281787,0.261210559,-0.879173571,0.167869298,0.519991315,0.0958787836,1,1,0.0483954334,0.335121094,2,0.032911,,0.316530994,-0.0341326515,0.259766854,-0.933460702,0.166847003,0.52,0.127729961
1781693836.014505,2026-06-17T18:57:16.014,1781693835.932992,left,base,1,pelvis,200,0.001,-0.048547125,0.261238532,-0.001167,-0.531591477,0.648950269,-0.38861186,0.381123172,0.404209536,-0.0529686939,-0.512731386,-0.371063438,-0.369635596,-0.519391245,0.844537482,1,1,0.058755282,0.569075056,400,4.195504,using best approximate IK outside the usable position/orientation threshold,0.404209536,-0.0529686939,-0.512731386,-0.371063438,-0.369635596,-0.519391245,0.844537482
1781693836.014785,2026-06-17T18:57:16.014,1781693835.932742,right,base,1,pelvis,200,0.001,0.09408565,-0.254370218,0.0364705,-0.53893328,-0.831448982,0.0538997861,0.123847985,0.315559303,-0.0340187545,0.260558285,-0.9249435,0.167667498,0.519993832,0.127198928,1,1,0.0405038657,0.347988636,2,0.033732,,0.325432338,-0.0567399113,0.258779934,-0.965389491,0.166606445,0.52,0.154141725
1781693836.031291,2026-06-17T18:57:16.031,1781693835.932992,left,base,1,pelvis,200,0.001,-0.048547125,0.261238532,-0.001167,-0.531591477,0.648950269,-0.38861186,0.381123172,0.404268887,-0.0529513667,-0.512649223,-0.371102909,-0.369556993,-0.519391207,0.844492107,1,1,0.0587218465,0.569111896,400,4.135111,using best approximate IK outside the usable position/orientation threshold,0.404268887,-0.0529513667,-0.512649223,-0.371102909,-0.369556993,-0.519391207,0.844492107
1781693836.031564,2026-06-17T18:57:16.031,1781693835.932742,right,base,1,pelvis,200,0.001,0.09408565,-0.254370218,0.0364705,-0.53893328,-0.831448982,0.0538997861,0.123847985,0.324553996,-0.0566308767,0.259493567,-0.965044013,0.167346065,0.519995735,0.153655633,1,1,0.0344051981,0.362567864,2,0.02634,,0.330867523,-0.0752882212,0.257706949,-0.993747602,0.166423007,0.52,0.176381163
1781693836.044021,2026-06-17T18:57:16.044,1781693835.949691,left,base,1,pelvis,200,0.001,-0.058914205,0.254754032,-0.0022715,-0.498876066,0.691127148,-0.342549326,0.395127695,0.404310318,-0.0529392714,-0.51259187,-0.371130461,-0.369502125,-0.51939118,0.844460433,1,1,0.0406229845,0.488579923,2,0.056077,,0.395100579,-0.0433374379,-0.516392471,-0.315840188,-0.372262297,-0.52,0.852201849
1781693836.044325,2026-06-17T18:57:16.044,1781693835.949407,right,base,1,pelvis,200,0.001,0.0942038,-0.266878318,0.026897,-0.537677002,-0.831914877,0.0574963262,0.12456023,0.330004872,-0.0751761939,0.258406911,-0.993401048,0.167113179,0.519997078,0.175898439,1,1,0.0371560464,0.370736464,2,0.027845,,0.326068074,-0.0933775174,0.255443316,-0.999099828,0.165630351,0.52,0.198578253
1781693836.060818,2026-06-17T18:57:16.060,1781693835.999631,left,base,1,pelvis,200,0.001,-0.06374526,0.250641382,-0.002007,-0.479761618,0.711333825,-0.322883894,0.399473366,0.395930184,-0.0434367392,-0.515247121,-0.33286714,-0.371166874,-0.519639739,0.851362787,1,1,0.0302767008,0.468210296,2,0.065259,,0.37705003,-0.0446889703,-0.522516136,-0.259915673,-0.378501227,-0.52,0.868430992
1781693836.061190,2026-06-17T18:57:16.061,1781693835.982741,right,base,1,pelvis,200,0.001,0.08959585,-0.267709818,0.0217745,-0.531981962,-0.834294921,0.0646634069,0.129482893,0.326739009,-0.0932622306,0.256133482,-0.998756972,0.166344973,0.519997802,0.198096664,1,1,0.033270969,0.382254292,2,0.030266,,0.319682046,-0.107268544,0.254836578,-0.993500905,0.166057933,0.52,0.216706838
