wall_time_s,wall_time_iso,target_timestamp_s,hand_side,frame_id,hand_command,reference_frame,max_iters,eps,target_x,target_y,target_z,target_qx,target_qy,target_qz,target_qw,current_q0,current_q1,current_q2,current_q3,current_q4,current_q5,current_q6,success,has_solution,position_error_m,orientation_error_rad,iterations,solve_time_ms,message,q_target0,q_target1,q_target2,q_target3,q_target4,q_target5,q_target6
1781693868.777526,2026-06-17T18:57:48.777,1781693868.704911,right,base,1,pelvis,200,0.001,-0.00768,-0.270748118,-0.05335,0.707388045,0.706824957,0.000562863772,0.000563312174,0,0,0,0,0,0,0,1,1,0,4.34015936e-16,1,0.091069,,0,0,0,0,0,0,0
1781693868.793961,2026-06-17T18:57:48.793,1781693868.705127,left,base,1,pelvis,200,0.001,-0.00768,0.270851882,-0.05335,0.707388045,-0.706824957,-0.000562863772,0.000563312174,0,0,0,0,0,0,0,1,1,0,4.34754286e-16,1,0.041418,,0,0,0,0,0,0,0
1781693868.794730,2026-06-17T18:57:48.794,1781693868.704911,right,base,1,pelvis,200,0.001,-0.00768,-0.270748118,-0.05335,0.707388045,0.706824957,0.000562863772,0.000563312174,0,0,0,0,0,0,0,1,1,0,4.34015936e-16,1,0.027445,,0,0,0,0,0,0,0
1781693868.810624,2026-06-17T18:57:48.810,1781693868.705127,left,base,1,pelvis,200,0.001,-0.00768,0.270851882,-0.05335,0.707388045,-0.706824957,-0.000562863772,0.000563312174,0,0,0,0,0,0,0,1,1,0,4.34754286e-16,1,0.045112,,0,0,0,0,0,0,0
1781693868.811091,2026-06-17T18:57:48.811,1781693868.721576,right,base,1,pelvis,200,0.001,-0.012071865,-0.269480968,-0.0463325,0.702355975,0.71180165,-0.00487651697,0.00327355239,0,0,0,0,0,0,0,1,1,0.00723779176,0.014188868,2,0.0772,,0.00423901888,0.00218289545,0.00169737369,0.000860162366,0.00169737369,-0.00413878092,-0.00495072077
1781693868.827399,2026-06-17T18:57:48.827,1781693868.738382,left,base,1,pelvis,200,0.001,-0.0212618,0.270680632,-0.0535885,0.710514493,-0.703669133,0.00210173732,0.00380635159,0,0,0,0,0,0,0,1,1,0.00544857204,0.00931655984,2,0.067495,,0.0147098655,0.000423992241,0.0010668881,0.00101927606,0.0010668881,-0.0155324068,-0.00242718533
1781693868.827949,2026-06-17T18:57:48.827,1781693868.721576,right,base,1,pelvis,200,0.001,-0.012071865,-0.269480968,-0.0463325,0.702355975,0.71180165,-0.00487651697,0.00327355239,0,0,0,0,0,0,0,1,1,0.00723779176,0.014188868,2,0.050108,,0.00423901888,0.00218289545,0.00169737369,0.000860162366,0.00169737369,-0.00413878092,-0.00495072077
1781693868.844196,2026-06-17T18:57:48.844,1781693868.771846,left,base,1,pelvis,200,0.001,-0.031459,0.273119982,-0.0578485,0.710760388,-0.703402539,0.00210362002,0.00633350361,0,0,0,0,0,0,0,1,1,0.0106628696,0.0122152489,2,0.052457,,0.0255321767,0.0034888337,0.00115419861,0.00181919405,0.00115419861,-0.0263161058,-0.0063500222
1781693868.844678,2026-06-17T18:57:48.844,1781693868.754912,right,base,1,pelvis,200,0.001,-0.023630475,-0.264088818,-0.0321415,0.693333185,0.720386521,-0.0156024782,0.00942959261,9.03788527e-06,4.65408605e-06,3.61891964e-06,1.83392643e-06,3.61891964e-06,-8.82417091e-06,-1.05552836e-05,1,1,0.0221982165,0.0410114823,2,0.051921,,0.0158132904,0.00977238991,0.00468636538,0.00272112752,0.00468636551,-0.0159513335,-0.0182782223
1781693868.861101,2026-06-17T18:57:48.861,1781693868.805297,left,base,1,pelvis,200,0.001,-0.03490985,0.272407882,-0.055222,0.709761356,-0.704368906,0.00477873548,0.00896807952,3.07382971e-05,8.85990388e-07,2.22941014e-06,2.1299182e-06,2.22941014e-06,-3.24571107e-05,-5.07193921e-06,1,1,0.0111261054,0.0160741585,2,0.056356,,0.0292596379,0.00310874196,0.000823153482,0.002167351,0.000823149045,-0.0303931215,-0.00777589776
1781693868.861614,2026-06-17T18:57:48.861,1781693868.804925,right,base,1,pelvis,200,0.001,-0.020605395,-0.262703368,-0.03572,0.690981208,0.722581191,-0.0166148692,0.0120556444,0.000111042476,5.71816552e-05,4.44632551e-05,2.25322325e-05,4.44632551e-05,-0.00010841671,-0.000129685738,1,1,0.0185728181,0.0468200055,2,0.051553,,0.0126628789,0.0117025349,0.0054894093,0.00240593245,0.0054893915,-0.0130298473,-0.0214977098
1781693868.877856,2026-06-17T18:57:48.877,1781693868.805297,left,base,1,pelvis,200,0.001,-0.03490985,0.272407882,-0.055222,0.709761356,-0.704368906,0.00477873548,0.00896807952,0.000487830282,6.340454e-05,2.28774959e-05,3.46992751e-05,2.28774959e-05,-0.000503569562,-0.000118799873,1,1,0.0110266714,0.0160238955,2,0.07744,,0.0294585774,0.00313699952,0.000840395742,0.00214666988,0.000840323459,-0.0305569453,-0.00784504268
1781693868.878297,2026-06-17T18:57:48.878,1781693868.821592,right,base,1,pelvis,200,0.001,-0.015274035,-0.264280418,-0.0450455,0.690907957,0.722673177,-0.0145076604,0.0133866539,0.000819500792,0.000495515079,0.000253897865,0.000144288193,0.000253897871,-0.000823221765,-0.000948516376,1,1,0.00910518765,0.0455419344,2,0.044881,,0.00756498762,0.0101450871,0.0056805333,0.0018290809,0.00568022481,-0.00846619551,-0.0199774876
1781693868.894551,2026-06-17T18:57:48.894,1781693868.805297,left,base,1,pelvis,200,0.001,-0.03490985,0.272407882,-0.055222,0.709761356,-0.704368906,0.00477873548,0.00896807952,0.00177360122,0.000199496314,5.86406852e-05,0.000130004431,5.86404869e-05,-0.00183929089,-0.000460984628,1,1,0.0107478758,0.0158519754,2,0.054856,,0.0300204633,0.00320680079,0.000871289222,0.0020865708,0.000871019483,-0.0310235697,-0.00807560864
1781693868.895020,2026-06-17T18:57:48.895,1781693868.838263,right,base,1,pelvis,200,0.001,-0.01155864,-0.267381118,-0.0532925,0.690845842,0.722747539,-0.0126706011,0.0144039366,0.00168452952,0.00131406482,0.000636294489,0.000309476472,0.000636293194,-0.00171478173,-0.00244940932,1,1,0.00162741268,0.0441951717,2,0.048034,,0.0048211191,0.00704059149,0.00599632994,0.000461357842,0.00599524928,-0.00523819782,-0.0171239218
1781693868.911353,2026-06-17T18:57:48.911,1781693868.838541,left,base,1,pelvis,200,0.001,-0.04197135,0.267099382,-0.0446175,0.70745331,-0.706469235,0.0131941083,0.0153931577,0.00429834024,0.000466726039,0.000128865262,0.000317145576,0.000128864674,-0.00446211248,-0.0011328984,1,1,0.0152763931,0.0302432778,2,0.054126,,0.0379614456,-0.00165788423,0.000176999223,0.00445084966,0.000175944092,-0.0418927983,-0.00856157061
1781693868.911841,2026-06-17T18:57:48.911,1781693868.854936,right,base,1,pelvis,200,0.001,-0.009354335,-0.270747268,-0.0551275,0.690066148,0.723478074,-0.0128418562,0.0149423873,0.00227027772,0.00219371659,0.00113874749,0.000460843177,0.00113871559,-0.0023872852,-0.0041953686,1,1,0.00183340422,0.0449074257,2,0.047909,,0.00304708044,0.00372243828,0.00663165865,-0.000126901012,0.00662970176,-0.00294341382,-0.0147110227
1781693868.928381,2026-06-17T18:57:48.928,1781693868.838541,left,base,1,pelvis,200,0.001,-0.04197135,0.267099382,-0.0446175,0.70745331,-0.706469235,0.0131941083,0.0153931577,0.00687563741,0.000741275184,0.000203254424,0.000494437886,0.000203226868,-0.00712350898,-0.00182854189,1,1,0.0147795343,0.0299201681,2,0.060001,,0.038592402,-0.0015057231,0.000234783113,0.00528472907,0.000233122448,-0.0432887674,-0.00903926638
1781693868.929348,2026-06-17T18:57:48.929,1781693868.854936,right,base,1,pelvis,200,0.001,-0.009354335,-0.270747268,-0.0551275,0.690066148,0.723478074,-0.0128418562,0.0149423873,0.00258497302,0.00279167174,0.00173802362,0.000460906671,0.00173786234,-0.00273900005,-0.00579035404,1,1,0.00184641444,0.0437236163,2,0.043878,,0.00318663758,0.00405388206,0.00708759292,-0.000132559981,0.00708554301,-0.00308689195,-0.0158040256
1781693868.945206,2026-06-17T18:57:48.945,1781693868.838541,left,base,1,pelvis,200,0.001,-0.04197135,0.267099382,-0.0446175,0.70745331,-0.706469235,0.0131941083,0.0153931577,0.0108151078,0.000437232339,0.000199927131,0.000995829619,0.000199769351,-0.0115297829,-0.00268181125,1,1,0.013994962,0.0290403852,2,0.057938,,0.0389562891,-0.00151659162,0.00022445551,0.00776903941,0.000221144321,-0.0461142204,-0.00990780324
1781693868.945506,2026-06-17T18:57:48.945,1781693868.888271,right,base,1,pelvis,200,0.001,-0.00811738,-0.272851868,-0.055228,0.687497262,0.725824912,-0.0162143175,0.0162113792,0.00265382701,0.00293035593,0.00246717512,0.000373323341,0.00246674629,-0.0027694577,-0.00711953344,1,1,0.00230581485,0.0495279629,2,0.032289,,0.00163511605,0.00225848582,0.00846958292,-4.47363376e-05,0.00846732814,-0.000928241005,-0.0164868955
1781693868.962223,2026-06-17T18:57:48.962,1781693868.905270,left,base,1,pelvis,200,0.001,-0.0236655,0.257625882,-0.050248,0.71021326,-0.70331333,0.0228656439,0.0206069539,0.0147320047,0.000163254749,0.000204842199,0.00160061052,0.000204472496,-0.0160081409,-0.00357828072,1,1,0.00659925989,0.0447938794,2,0.110187,,0.0224220374,-0.0107485141,0.00116518899,0.0040620464,0.00115360588,-0.0273795135,-0.00663861792
1781693868.962827,2026-06-17T18:57:48.962,1781693868.888271,right,base,1,pelvis,200,0.001,-0.00811738,-0.272851868,-0.055228,0.687497262,0.725824912,-0.0162143175,0.0162113792,0.00273545781,0.00310248904,0.00317505974,0.000295818006,0.00317438255,-0.00281809114,-0.00845006647,1,1,0.00229127134,0.0481419196,2,0.042077,,0.00165175585,0.00244073913,0.00900721703,-3.74246302e-05,0.00900513035,-0.000970773114,-0.0175479928
1781693868.978738,2026-06-17T18:57:48.978,1781693868.905270,left,base,1,pelvis,200,0.001,-0.0236655,0.257625882,-0.050248,0.71021326,-0.70331333,0.0228656439,0.0206069539,0.0186681705,-0.000109700838,0.000208029135,0.0026029088,0.000207181475,-0.0209000303,-0.00460675485,1,1,0.00609512524,0.0438218607,2,0.056445,,0.0230549514,-0.0107450077,0.00115103504,0.0061997761,0.00113236229,-0.030115254,-0.00763909233
1781693868.979309,2026-06-17T18:57:48.979,1781693868.888271,right,base,1,pelvis,200,0.001,-0.00811738,-0.272851868,-0.055228,0.687497262,0.725824912,-0.0162143175,0.0162113792,0.00253806256,0.00295107951,0.00412486806,0.000234724432,0.00412390786,-0.00247906243,-0.00989182935,1,1,0.00222194678,0.0462590235,2,0.052991,,0.00154512767,0.00254069047,0.00972907949,-3.11689859e-05,0.00972704785,-0.000792196321,-0.0188533075
1781693868.995533,2026-06-17T18:57:48.995,1781693868.905270,left,base,1,pelvis,200,0.001,-0.0236655,0.257625882,-0.050248,0.71021326,-0.70331333,0.0228656439,0.0206069539,0.0193076756,-0.00192211874,0.000371089959,0.00285148607,0.000368413418,-0.0220038688,-0.00495290107,1,1,0.00563014195,0.0421567146,2,0.046938,,0.0230564719,-0.0112728393,0.00127607847,0.00679424219,0.0012548974,-0.0308772469,-0.00875543805
1781693868.996072,2026-06-17T18:57:48.996,1781693868.938290,right,base,1,pelvis,200,0.001,-0.005829965,-0.273678818,-0.0555965,0.679720583,0.732776092,-0.0257605885,0.0188552371,0.00237640777,0.00285799777,0.00501536689,0.000185086762,0.00501420123,-0.00220396331,-0.0112882483,1,1,0.00292584104,0.0655495447,2,0.046263,,-0.00192119199,0.00280068878,0.012892411,0.000434555345,0.0128900775,0.00467309072,-0.0243522978
1781693869.012238,2026-06-17T18:57:49.012,1781693868.921830,left,base,1,pelvis,200,0.001,-0.01923605,0.261768082,-0.0524725,0.708892319,-0.704700176,0.0215468262,0.0201265222,0.0200031058,-0.00355949576,0.000515834403,0.00347287133,0.00051018924,-0.0235092029,-0.00545141215,1,1,0.0024710881,0.0381873293,2,0.067654,,0.0197222499,-0.00717943442,0.000980567402,0.00427440298,0.000955117782,-0.0248859378,-0.0138397233
1781693869.012719,2026-06-17T18:57:49.012,1781693868.954952,right,base,1,pelvis,200,0.001,-0.004802165,-0.273472668,-0.0547825,0.67766302,0.734600869,-0.0279509965,0.0187919304,0.00220907066,0.00279412365,0.00596423967,0.000141554369,0.00596289969,-0.00191977389,-0.0128110986,1,1,0.0024673746,0.0686430586,2,0.052483,,-0.00349606661,0.00330974516,0.0142670048,0.000692347391,0.0142647737,0.00685932743,-0.0267600894
1781693869.028961,2026-06-17T18:57:49.028,1781693868.938596,left,base,1,pelvis,200,0.001,-0.01853195,0.266791882,-0.0578535,0.70708136,-0.706605121,0.0189923951,0.0196071999,0.0205974681,-0.00506096013,0.000663822024,0.00411940288,0.000655152673,-0.0249434519,-0.00609456736,1,1,0.00482792732,0.0434985788,1,0.038615,,0.0205974681,-0.00506096013,0.000663822024,0.00411940288,0.000655152673,-0.0249434519,-0.00609456736
1781693869.029422,2026-06-17T18:57:49.029,1781693868.954952,right,base,1,pelvis,200,0.001,-0.004802165,-0.273472668,-0.0547825,0.67766302,0.734600869,-0.0279509965,0.0187919304,0.00139446229,0.00279541848,0.00733067731,0.000199342714,0.00732914136,-0.00061946853,-0.01508736,1,1,0.00232770238,0.0659123027,2,0.041325,,-0.00386030085,0.00355768973,0.0153019471,0.000695080623,0.0152992127,0.00767512368,-0.0287034302
1781693869.045667,2026-06-17T18:57:49.045,1781693868.971858,left,base,1,pelvis,200,0.001,-0.020323,0.267774032,-0.0598065,0.704593188,-0.709166155,0.01697701,0.0185360526,0.0204190506,-0.00549282139,0.000728392107,0.0041510004,0.000716302017,-0.0249317274,-0.00767345499,1,1,0.00667220202,0.028980225,2,0.065414,,0.0288646338,-0.00118638291,-0.000293855277,-0.010367681,-0.000324658914,-0.0186366314,-0.0208331148
1781693869.046136,2026-06-17T18:57:49.046,1781693868.954952,right,base,1,pelvis,200,0.001,-0.004802165,-0.273472668,-0.0547825,0.67766302,0.734600869,-0.0279509965,0.0187919304,0.000359779838,0.00290423387,0.00879818656,0.000303647034,0.00879650354,0.000962810016,-0.0175569433,1,1,0.00218188726,0.0630061962,2,0.049858,,-0.00431166989,0.00386153915,0.0164127857,0.000704883716,0.0164093651,0.00865639453,-0.030766514
1781693869.062610,2026-06-17T18:57:49.062,1781693868.971858,left,base,1,pelvis,200,0.001,-0.020323,0.267774032,-0.0598065,0.704593188,-0.709166155,0.01697701,0.0185360526,0.0204567717,-0.00540151701,0.000714740659,0.00414432003,0.000703373783,-0.0249342062,-0.00733964555,1,1,0.00666746632,0.0292889865,2,0.075256,,0.0288689917,-0.00118832195,-0.000304538592,-0.0103568877,-0.000334818,-0.0186301671,-0.0205081537
1781693869.063008,2026-06-17T18:57:49.063,1781693868.971616,right,base,1,pelvis,200,0.001,-0.005144895,-0.273880868,-0.0541995,0.67733668,0.734907368,-0.0283802844,0.017909291,-0.000562267579,0.00304700775,0.0102191963,0.000389171543,0.0102172835,0.00242938659,-0.0199923444,1,1,0.00166105831,0.0606516125,2,0.049288,,-0.00458585724,0.00367145187,0.0175940924,0.00100180241,0.0175901007,0.00959392898,-0.0321370105
1781693869.079204,2026-06-17T18:57:49.079,1781693869.004961,left,base,1,pelvis,200,0.001,-0.0199593,0.262675632,-0.0544585,0.702252881,-0.711513786,0.0168009655,0.017514316,0.0223199176,-0.00446746152,0.000491240162,0.000928523377,0.000475566184,-0.0235386909,-0.01032974,1,1,0.00397291808,0.0369213067,1,0.041905,,0.0223199176,-0.00446746152,0.000491240162,0.000928523377,0.000475566184,-0.0235386909,-0.01032974
1781693869.079653,2026-06-17T18:57:49.079,1781693868.988279,right,base,1,pelvis,200,0.001,-0.00578387,-0.274695368,-0.0543755,0.677631695,0.734676231,-0.0278370919,0.0170651287,-0.00141255605,0.00323172697,0.0116237769,0.000460768667,0.0116215222,0.00384154582,-0.0224357078,1,1,0.00172533193,0.0565969162,2,0.042702,,-0.00426607738,0.00297382677,0.0185705848,0.00104320275,0.0185660345,0.00982435689,-0.0326743281
1781693869.096155,2026-06-17T18:57:49.096,1781693869.004961,left,base,1,pelvis,200,0.001,-0.0199593,0.262675632,-0.0544585,0.702252881,-0.711513786,0.0168009655,0.017514316,0.0239786903,-0.00363586497,0.000292256005,-0.00193452435,0.000272747382,-0.0222962532,-0.0129918433,1,1,0.00415485661,0.0350733598,1,0.062929,,0.0239786903,-0.00363586497,0.000292256005,-0.00193452435,0.000272747382,-0.0222962532,-0.0129918433
1781693869.096872,2026-06-17T18:57:49.096,1781693869.038295,right,base,1,pelvis,200,0.001,-0.006575295,-0.275307718,-0.0560715,0.679221657,0.733290608,-0.0264023238,0.0156761819,-0.00213951108,0.00333246125,0.0129914853,0.000584711268,0.0129888327,0.00515932929,-0.0246581287,1,1,0.00313149664,0.0496075377,2,0.05969,,-0.00340571579,0.00233743401,0.0191066791,0.000516347683,0.0191013268,0.00999354073,-0.0326940164
1781693869.112828,2026-06-17T18:57:49.112,1781693869.004961,left,base,1,pelvis,200,0.001,-0.0199593,0.262675632,-0.0544585,0.702252881,-0.711513786,0.0168009655,0.017514316,0.0235878553,-0.00383180324,0.000339140051,-0.00125994169,0.000320534935,-0.0225889926,-0.0123646066,1,1,0.00411181256,0.0355085185,1,0.045395,,0.0235878553,-0.00383180324,0.000339140051,-0.00125994169,0.000320534935,-0.0225889926,-0.0123646066
1781693869.113364,2026-06-17T18:57:49.113,1781693869.054961,right,base,1,pelvis,200,0.001,-0.00740264,-0.275498768,-0.0586415,0.681603827,0.731167472,-0.0246239404,0.0142832833,-0.00266203885,0.00324433963,0.0143623499,0.000697369184,0.014359231,0.00630559332,-0.0266278236,1,1,0.00556513724,0.0410727616,2,0.048412,,-0.00208840267,0.00203857244,0.019387107,-0.000613269359,0.019381003,0.0101967619,-0.0328973172
1781693869.129530,2026-06-17T18:57:49.129,1781693869.055246,left,base,1,pelvis,200,0.001,-0.02115485,0.259020932,-0.0485375,0.701231652,-0.712502966,0.0189352101,0.015973453,0.0236786488,-0.00378628551,0.000328248584,-0.00141665161,0.000309433578,-0.0225209873,-0.0125103177,1,1,0.00549033073,0.0287408673,2,0.052413,,0.0274217039,-0.0104540961,-0.00184895279,-0.00484010176,-0.00186275576,-0.0241770112,-0.0136957106
1781693869.129977,2026-06-17T18:57:49.129,1781693869.054961,right,base,1,pelvis,200,0.001,-0.00740264,-0.275498768,-0.0586415,0.681603827,0.731167472,-0.0246239404,0.0142832833,-0.00283516679,0.00303321207,0.0154668294,0.000655227391,0.0154631905,0.00716414721,-0.0280400328,1,1,0.00554479191,0.0389255343,2,0.037266,,-0.00224161058,0.0021175162,0.0202237923,-0.00057565687,0.0202174854,0.0108195821,-0.0342011464
1781693869.146356,2026-06-17T18:57:49.146,1781693869.071876,left,base,1,pelvis,200,0.001,-0.02116335,0.252674282,-0.047071,0.702860905,-0.710844536,0.0207289823,0.0160282001,0.0236569652,-0.00379715619,0.000330849717,-0.00137922567,0.000312084837,-0.0225372286,-0.0124755185,1,1,0.00815088399,0.0294867637,2,0.065323,,0.0280998962,-0.017478803,-0.00137295911,-0.0057872496,-0.00138576065,-0.0244946556,-0.00730591168
1781693869.146865,2026-06-17T18:57:49.146,1781693869.071630,right,base,1,pelvis,200,0.001,-0.01068925,-0.273934668,-0.06117,0.686135708,0.72704577,-0.0218141283,0.0120988854,-0.00265440706,0.00279245225,0.0164157613,0.000348178458,0.0164115258,0.00789821381,-0.0292157741,1,1,0.0081049342,0.0266411602,2,0.042033,,0.00134605943,0.0034869548,0.0194760169,-0.000450973079,0.0194706144,0.00733050652,-0.0350739928
1781693869.163318,2026-06-17T18:57:49.163,1781693869.071876,left,base,1,pelvis,200,0.001,-0.02116335,0.252674282,-0.047071,0.702860905,-0.710844536,0.0207289823,0.0160282001,0.0245797852,-0.00542891818,-0.00020346769,-0.00222756231,-0.000221016295,-0.0229391752,-0.0127746144,1,1,0.00783630541,0.0278156392,2,0.062696,,0.0302048445,-0.0179546747,-0.00178684841,-0.00920728258,-0.00179547853,-0.023417109,-0.00829227604
1781693869.164145,2026-06-17T18:57:49.164,1781693869.104959,right,base,1,pelvis,200,0.001,-0.015086365,-0.270380318,-0.060952,0.691827494,0.72177296,-0.0177758995,0.0101256859,-0.00255147455,0.00262415415,0.0173653096,0.00011781629,0.0173605576,0.00862666911,-0.0304588974,1,1,0.00848468172,0.0119982921,2,0.055423,,0.00595671565,0.00693522539,0.0183333072,0.000358474241,0.0183283314,0.0017070014,-0.0377586813
1781693869.179903,2026-06-17T18:57:49.179,1781693869.071876,left,base,1,pelvis,200,0.001,-0.02116335,0.252674282,-0.047071,0.702860905,-0.710844536,0.0207289823,0.0160282001,0.0254754731,-0.00849499633,-0.000501043322,-0.0031333203,-0.000517384043,-0.0233349653,-0.0113831098,1,1,0.00735494429,0.0264442896,2,0.046381,,0.0324147368,-0.0190381525,-0.00202201686,-0.0128454758,-0.00202697658,-0.0222875352,-0.00847719248
1781693869.180360,2026-06-17T18:57:49.180,1781693869.121644,right,base,1,pelvis,200,0.001,-0.019389235,-0.265982918,-0.0586335,0.698019641,0.715917717,-0.0127082733,0.00830076015,-0.00154410329,0.00284715685,0.017910851,-2.91951449e-05,0.0179059308,0.00829165806,-0.0316517322,1,1,0.00782581832,0.00751581078,2,0.037517,,0.0112368501,0.0112699647,0.0167071225,0.000767960835,0.016702203,-0.00462345142,-0.0407110455
1781693869.196834,2026-06-17T18:57:49.196,1781693869.105262,left,base,1,pelvis,200,0.001,-0.0234574,0.250120032,-0.052641,0.704158133,-0.70962146,0.0191723911,0.0152028472,0.0266335406,-0.0108113604,-0.000815894691,-0.00462063385,-0.000830347338,-0.0233550796,-0.0106262663,1,1,0.00498816463,0.0217984915,2,0.070103,,0.0307776575,-0.0227535316,-0.00186804906,-0.00512195389,-0.00186384878,-0.0283927413,-0.00514682558
1781693869.197758,2026-06-17T18:57:49.197,1781693869.138354,right,base,1,pelvis,200,0.001,-0.021784005,-0.262173918,-0.0544615,0.703314858,0.710801336,-0.00788488763,0.00689203468,0.000302869776,0.00385378726,0.018014875,6.6263087e-05,0.0180099411,0.0066702773,-0.0331554841,1,1,0.00695826628,0.0199449831,2,0.042432,,0.015120582,0.0152930309,0.015041035,0.00063692157,0.0150362234,-0.00925465789,-0.0431196144
1781693869.213380,2026-06-17T18:57:49.213,1781693869.171971,left,base,1,pelvis,200,0.001,-0.02953,0.252144132,-0.0542995,-0.68999263,0.723793728,0.00567973538,0.000742468902,0.0281496153,-0.012968774,-0.00113219105,-0.00677753604,-0.00114415425,-0.0230751242,-0.010062688,1,1,0.00527241377,0.0435382609,2,0.046887,,0.0343770855,-0.0250981691,-0.00695425236,-0.000762422398,-0.00698196745,-0.0335629584,0.0100848907
1781693869.213789,2026-06-17T18:57:49.213,1781693869.154992,right,base,1,pelvis,200,0.001,-0.020885125,-0.260536668,-0.054061,0.708260798,0.705930225,-0.00238311714,0.00484565273,0.00321489255,0.00582892137,0.0176665842,0.000253144694,0.0176616541,0.00366244354,-0.03516774,1,1,0.00633521992,0.0328378522,2,0.037679,,0.0159064464,0.0171498138,0.0131552843,0.000218394611,0.0131511237,-0.010845728,-0.0423761116
1781693869.230294,2026-06-17T18:57:49.230,1781693869.171971,left,base,1,pelvis,200,0.001,-0.02953,0.252144132,-0.0542995,-0.68999263,0.723793728,0.00567973538,0.000742468902,0.0288007929,-0.0153932462,-0.00131452232,-0.00636731505,-0.00132248053,-0.0243927261,-0.00884463314,1,1,0.00478646492,0.043904592,2,0.063578,,0.0346372212,-0.0259433059,-0.00708769115,-0.000486942129,-0.00711225169,-0.0342700366,0.0100264447
1781693869.231064,2026-06-17T18:57:49.231,1781693869.154992,right,base,1,pelvis,200,0.001,-0.020885125,-0.260536668,-0.054061,0.708260798,0.705930225,-0.00238311714,0.00484565273,0.00617719712,0.00818372621,0.0170133102,0.00034863383,0.0170084097,0.000448485299,-0.0371462793,1,1,0.005530778,0.0317846729,2,0.044938,,0.0171298199,0.0180777748,0.0126894742,0.000150666012,0.0126855706,-0.0121817611,-0.042936966
1781693869.246984,2026-06-17T18:57:49.246,1781693869.188544,left,base,1,pelvis,200,0.001,-0.0303075,0.255109982,-0.051121,-0.678902498,0.733859952,0.0194974805,0.0126813468,0.0302839838,-0.0179745765,-0.00281458637,-0.00487651711,-0.00282779954,-0.0268318386,-0.00380972935,1,1,0.00724604231,0.0921749958,2,0.06246,,0.0336607741,-0.0207450287,-0.0058237552,-0.00587078745,-0.00584850166,-0.0283780211,0.00453298639
1781693869.247467,2026-06-17T18:57:49.247,1781693869.154992,right,base,1,pelvis,200,0.001,-0.020885125,-0.260536668,-0.054061,0.708260798,0.705930225,-0.00238311714,0.00484565273,0.00880035633,0.010601125,0.0159731255,0.00031351928,0.0159684245,-0.00259661292,-0.0385563246,1,1,0.00475995219,0.0299531758,2,0.040622,,0.0182206906,0.0189667655,0.0119227585,6.11398029e-05,0.0119188736,-0.013593843,-0.0429838512
1781693869.263639,2026-06-17T18:57:49.263,1781693869.188544,left,base,1,pelvis,200,0.001,-0.0303075,0.255109982,-0.051121,-0.678902498,0.733859952,0.0194974805,0.0126813468,0.0314034257,-0.0200237479,-0.00391342207,-0.00374773091,-0.00392955324,-0.028744583,-0.000251735147,1,1,0.00347686191,0.0743206499,2,0.045116,,0.039935355,-0.0272173268,-0.0126667242,-0.00567672117,-0.0127092688,-0.0328401147,0.0233339785
1781693869.264086,2026-06-17T18:57:49.264,1781693869.171661,right,base,1,pelvis,200,0.001,-0.01883366,-0.259991668,-0.0563745,0.712940683,0.701212362,0.00328309529,0.00245479573,0.0109558596,0.0125359366,0.0151233804,0.00027137602,0.0151188857,-0.00507706296,-0.0396899495,1,1,0.00497908796,0.0419712981,2,0.039687,,0.0176321406,0.0194514864,0.0097066256,-0.000933863674,0.00970302774,-0.0135906262,-0.0399921912
1781693869.280355,2026-06-17T18:57:49.280,1781693869.221982,left,base,1,pelvis,200,0.001,-0.0220716,0.250660982,-0.0489525,-0.666007715,0.744773655,0.0316196305,0.0273153058,0.0319951047,-0.0202128046,-0.00441414403,-0.0043042103,-0.00443253337,-0.0286485026,0.00100239958,1,1,0.006866856,0.134727741,2,0.056604,,0.0329836481,-0.0249301886,-0.00866240051,-0.00732229061,-0.00869644792,-0.0260043464,0.0141870027
1781693869.280785,2026-06-17T18:57:49.280,1781693869.171661,right,base,1,pelvis,200,0.001,-0.01883366,-0.259991668,-0.0563745,0.712940683,0.701212362,0.00328309529,0.00245479573,0.0128765217,0.0142361068,0.0142772061,0.000215794171,0.0142728726,-0.00732871295,-0.0405607849,1,1,0.00458611743,0.0404719146,2,0.039563,,0.0183857984,0.0200664341,0.00907077362,-0.000939226599,0.00906711274,-0.0146718087,-0.0399230311
1781693869.297185,2026-06-17T18:57:49.297,1781693869.221982,left,base,1,pelvis,200,0.001,-0.0220716,0.250660982,-0.0489525,-0.666007715,0.744773655,0.0316196305,0.0273153058,0.0341058396,-0.0220747975,-0.00660790473,-0.00466906109,-0.0066327152,-0.0297627473,0.00693874183,1,1,0.00675772616,0.129366173,2,0.060118,,0.0348500798,-0.0265318076,-0.0106792968,-0.00792380478,-0.0107205332,-0.026619684,0.0195439782
1781693869.297979,2026-06-17T18:57:49.297,1781693869.221673,right,base,1,pelvis,200,0.001,-0.01549253,-0.257475668,-0.058423,-0.72170145,-0.692042129,-0.0149276222,0.00136928131,0.0141477856,0.0156302731,0.0130554064,-9.15303896e-05,0.0130512695,-0.00900263683,-0.0404087894,1,1,0.00636186666,0.0647271454,2,0.039553,,0.0163606949,0.0218046689,0.0051351586,-0.0017365539,0.00513055439,-0.015288678,-0.0350771188
1781693869.313800,2026-06-17T18:57:49.313,1781693869.271837,left,base,1,pelvis,200,0.001,-0.02175685,0.249630382,-0.0521605,-0.662977543,0.747070145,0.0353709217,0.0331039932,0.0337984778,-0.0228568728,-0.00717061942,-0.00539576554,-0.00719795983,-0.0287333427,0.00892399918,1,1,0.00608017692,0.141557753,2,0.048825,,0.0332802543,-0.0279048173,-0.0114955831,-0.00630395681,-0.0115432491,-0.0268595284,0.0231159598
1781693869.314263,2026-06-17T18:57:49.314,1781693869.238343,right,base,1,pelvis,200,0.001,-0.015324935,-0.255457768,-0.0566075,-0.725859071,-0.687533314,-0.0205198127,0.00234290803,0.0153200732,0.016857371,0.0119532069,-0.00032601381,0.0119492017,-0.010570801,-0.0402744226,1,1,0.00530677092,0.0752912166,2,0.042826,,0.0172936092,0.0238986139,0.00286635464,-0.00200717332,0.00286028635,-0.0180839325,-0.0338631781
1781693869.330595,2026-06-17T18:57:49.330,1781693869.271837,left,base,1,pelvis,200,0.001,-0.02175685,0.249630382,-0.0521605,-0.662977543,0.747070145,0.0353709217,0.0331039932,0.0340750987,-0.023823554,-0.00809356705,-0.00606075909,-0.00812456276,-0.0281773508,0.0117175546,1,1,0.00587417997,0.139227168,2,0.051315,,0.0336186099,-0.028735792,-0.0123427554,-0.00703500041,-0.0123962278,-0.0262802174,0.0256245014
1781693869.331203,2026-06-17T18:57:49.331,1781693869.255025,right,base,1,pelvis,200,0.001,-0.015069605,-0.254614068,-0.056204,-0.730811444,-0.682027071,-0.0272482872,0.00335243694,0.0155950553,0.0181646844,0.0101515515,-0.000698746162,0.010147388,-0.0118174904,-0.0389010456,1,1,0.00822182307,0.105175788,2,0.041072,,0.0163491079,0.0202399879,0.00668641324,-0.00122958443,0.00668056297,-0.0150333283,-0.0358140407
1781693869.347369,2026-06-17T18:57:49.347,1781693869.271837,left,base,1,pelvis,200,0.001,-0.02175685,0.249630382,-0.0521605,-0.662977543,0.747070145,0.0353709217,0.0331039932,0.0338568804,-0.0249440327,-0.00902756373,-0.00612752711,-0.00906313613,-0.027815553,0.0148468968,1,1,0.00560204859,0.136757582,2,0.115377,,0.0334334054,-0.0296998357,-0.0131994063,-0.00704666915,-0.0132573148,-0.0259789964,0.0284326802
1781693869.347877,2026-06-17T18:57:49.347,1781693869.288348,right,base,1,pelvis,200,0.001,-0.0150584,-0.254929568,-0.0570985,-0.734918965,-0.677392981,-0.0319558827,0.00341841257,0.0160639213,0.0197474688,0.0081405578,-0.00105992223,0.00813586852,-0.0135472687,-0.037510401,1,1,0.0074920297,0.114463519,2,0.057059,,0.016807995,0.0211175615,0.0043465666,-0.00136325589,0.00433927094,-0.0174181499,-0.0333912345
1781693869.364261,2026-06-17T18:57:49.364,1781693869.271837,left,base,1,pelvis,200,0.001,-0.02175685,0.249630382,-0.0521605,-0.662977543,0.747070145,0.0353709217,0.0331039932,0.0337922068,-0.0259732275,-0.00992740413,-0.00637384202,-0.00996783512,-0.0273988178,0.0177722553,1,1,0.00536217663,0.13440407,2,0.050072,,0.0334073332,-0.0305857933,-0.0140249529,-0.0072714941,-0.0140882342,-0.0255996764,0.031059627
1781693869.364685,2026-06-17T18:57:49.364,1781693869.288348,right,base,1,pelvis,200,0.001,-0.0150584,-0.254929568,-0.0570985,-0.734918965,-0.677392981,-0.0319558827,0.00341841257,0.0161420268,0.0198823575,0.00774230398,-0.00110638846,0.00773729673,-0.0139542633,-0.0370458103,1,1,0.00738158664,0.113485772,2,0.03963,,0.0168601853,0.0212065748,0.00397930489,-0.00136820379,0.00397160415,-0.0178088686,-0.0329251014
1781693869.381106,2026-06-17T18:57:49.381,1781693869.338357,left,base,1,pelvis,200,0.001,-0.02513985,0.251567632,-0.0572865,-0.660469488,0.74847307,0.0396758963,0.0446535758,0.0336929803,-0.0270038211,-0.0108322764,-0.00655991239,-0.0108775408,-0.0270061662,0.0207203962,1,1,0.00565640566,0.151083598,2,0.099449,,0.0316460044,-0.0313763489,-0.0150627018,-0.00165355273,-0.0151349418,-0.030122835,0.0354538622
1781693869.381598,2026-06-17T18:57:49.381,1781693869.288348,right,base,1,pelvis,200,0.001,-0.0150584,-0.254929568,-0.0570985,-0.734918965,-0.677392981,-0.0319558827,0.00341841257,0.0163262034,0.0202239588,0.00680319725,-0.00117742633,0.00679755713,-0.014912217,-0.0360351206,1,1,0.00712318575,0.11122381,2,0.042121,,0.0169940795,0.0214372102,0.00311339379,-0.00137078661,0.00310495312,-0.0187133118,-0.0319031722
1781693869.397752,2026-06-17T18:57:49.397,1781693869.338357,left,base,1,pelvis,200,0.001,-0.02513985,0.251567632,-0.0572865,-0.660469488,0.74847307,0.0396758963,0.0446535758,0.0336135758,-0.0279995414,-0.0117197799,-0.0067577186,-0.0117700527,-0.0266151887,0.0235945062,1,1,0.00556582476,0.148764581,2,0.043931,,0.031497685,-0.0322338135,-0.015875415,-0.00163770345,-0.0159530733,-0.0298544117,0.0380384435
1781693869.398311,2026-06-17T18:57:49.398,1781693869.321690,right,base,1,pelvis,200,0.001,-0.014627265,-0.254777068,-0.0574375,-0.73864896,-0.67320285,-0.0344522583,0.00294578029,0.0164753605,0.020500608,0.00604265248,-0.00123495704,0.00603649983,-0.0156880252,-0.0352166037,1,1,0.00725761025,0.120135595,2,0.056381,,0.0170721129,0.0216089782,0.00196794155,-0.0014183651,0.001958789,-0.0197332217,-0.0308176266
1781693869.414475,2026-06-17T18:57:49.414,1781693869.338357,left,base,1,pelvis,200,0.001,-0.02513985,0.251567632,-0.0572865,-0.660469488,0.74847307,0.0396758963,0.0446535758,0.0330700899,-0.0289322889,-0.0126431674,-0.00534783733,-0.012699508,-0.0275840766,0.0268703174,1,1,0.00549206,0.146068614,2,0.068811,,0.0314901754,-0.0330482635,-0.0167329595,-0.00126093663,-0.0168105749,-0.0302846934,0.0410115204
1781693869.414935,2026-06-17T18:57:49.414,1781693869.321690,right,base,1,pelvis,200,0.001,-0.014627265,-0.254777068,-0.0574375,-0.73864896,-0.67320285,-0.0344522583,0.00294578029,0.0166198482,0.0207614958,0.00522671611,-0.00127279196,0.00521992613,-0.0165307099,-0.0342936571,1,1,0.00705536668,0.11816848,2,0.048235,,0.0171819208,0.0217804062,0.00121536066,-0.00141169243,0.00120553996,-0.0205220931,-0.0298922293
1781693869.431382,2026-06-17T18:57:49.431,1781693869.338357,left,base,1,pelvis,200,0.001,-0.02513985,0.251567632,-0.0572865,-0.660469488,0.74847307,0.0396758963,0.0446535758,0.0326336841,-0.0298485951,-0.0135402465,-0.00431812557,-0.0136025036,-0.0282141862,0.0299699228,1,1,0.00542374852,0.143516509,2,0.05589,,0.0314600311,-0.0338454346,-0.0175639796,-0.000994058382,-0.0176431152,-0.0305241148,0.0438193622
1781693869.431811,2026-06-17T18:57:49.431,1781693869.321690,right,base,1,pelvis,200,0.001,-0.014627265,-0.254777068,-0.0574375,-0.73864896,-0.67320285,-0.0344522583,0.00294578029,0.0167456481,0.0209972276,0.00432027041,-0.00131328392,0.00431282328,-0.0174215058,-0.0333267805,1,1,0.00685991058,0.116042774,2,0.038849,,0.0172771122,0.0219307564,0.000379364382,-0.00140355306,0.00036885345,-0.0213609588,-0.0289281399
1781693869.448232,2026-06-17T18:57:49.448,1781693869.338357,left,base,1,pelvis,200,0.001,-0.02513985,0.251567632,-0.0572865,-0.660469488,0.74847307,0.0396758963,0.0446535758,0.0323112669,-0.0307507554,-0.0144404457,-0.00345613792,-0.0145070332,-0.0287979746,0.033083149,1,1,0.00536224599,0.140943833,2,0.056221,,0.0314766831,-0.0346315571,-0.0183972976,-0.000779986787,-0.0184771501,-0.0307649864,0.0466418072
1781693869.448669,2026-06-17T18:57:49.448,1781693869.355025,right,base,1,pelvis,200,0.001,-0.01409329,-0.254350118,-0.057332,-0.74027512,-0.671499824,-0.0328354498,0.00160179554,0.016871798,0.0212236867,0.00342247384,-0.00134173912,0.00341434038,-0.0183180525,-0.0323336669,1,1,0.00694078758,0.115397906,2,0.036702,,0.0171957048,0.0223313716,-0.000636966218,-0.00141948464,-0.000648005663,-0.0219691219,-0.028525693
1781693869.465176,2026-06-17T18:57:49.465,1781693869.355278,left,base,1,pelvis,200,0.001,-0.0240243,0.253830732,-0.063006,-0.659146526,0.749302886,0.040969339,0.0489137559,0.0320706822,-0.0316254043,-0.0153232498,-0.00276028062,-0.0153933837,-0.0292858335,0.0361175239,1,1,0.0102530624,0.146059064,2,0.09331,,0.0297537586,-0.0347806159,-0.0193044154,0.00197423298,-0.0193851728,-0.0321390558,0.0494027176
1781693869.466172,2026-06-17T18:57:49.466,1781693869.405046,right,base,1,pelvis,200,0.001,-0.013114925,-0.254051818,-0.057058,-0.740583291,-0.671316313,-0.0295075003,0.000322470358,0.0169840299,0.021419475,0.00257983406,-0.00135885546,0.00257104228,-0.019160636,-0.0313906734,1,1,0.00698624434,0.110395167,2,0.058826,,0.0168732017,0.0227268229,-0.00144631628,-0.0014241513,-0.00145772242,-0.0220911031,-0.028384219
1781693869.481739,2026-06-17T18:57:49.481,1781693869.355278,left,base,1,pelvis,200,0.001,-0.0240243,0.253830732,-0.063006,-0.659146526,0.749302886,0.040969339,0.0489137559,0.0318972338,-0.0325032042,-0.016220875,-0.00218203269,-0.0162938468,-0.0297177477,0.0391906259,1,1,0.0102640104,0.143505801,2,0.069873,,0.0301270945,-0.0355385763,-0.0201386218,0.00152542043,-0.0202198381,-0.0320597924,0.0521821086
1781693869.482285,2026-06-17T18:57:49.482,1781693869.405046,right,base,1,pelvis,200,0.001,-0.013114925,-0.254051818,-0.057058,-0.740583291,-0.671316313,-0.0295075003,0.000322470358,0.0170464023,0.0216881757,0.00163196715,-0.00137672054,0.00162251306,-0.0199881884,-0.0305464742,1,1,0.00677915967,0.108260694,2,0.049454,,0.0169247186,0.0229051184,-0.00231995207,-0.00141217632,-0.00233199187,-0.0228712153,-0.0275325326
1781693869.498471,2026-06-17T18:57:49.498,1781693869.355278,left,base,1,pelvis,200,0.001,-0.0240243,0.253830732,-0.063006,-0.659146526,0.749302886,0.040969339,0.0489137559,0.0313110314,-0.0331260359,-0.0170641686,-0.00104536778,-0.0171392696,-0.0303799325,0.0419834518,1,1,0.0102777576,0.141014461,2,0.045063,,0.0306737627,-0.036085403,-0.0209336759,0.000604601809,-0.0210126491,-0.0317619849,0.0547285581
1781693869.499093,2026-06-17T18:57:49.499,1781693869.438380,right,base,1,pelvis,200,0.001,-0.01329648,-0.252633168,-0.0547865,-0.740144148,-0.671861646,-0.0280814436,4.54726153e-05,0.0169988722,0.0219732034,0.000787218329,-0.00138973658,0.000777228557,-0.0205652746,-0.0299531037,1,1,0.00652870881,0.103934525,2,0.045512,,0.0171982129,0.0237245423,-0.00303377321,-0.00186439375,-0.00304642205,-0.0231400472,-0.0277363033
1781693869.515242,2026-06-17T18:57:49.515,1781693869.355278,left,base,1,pelvis,200,0.001,-0.0240243,0.253830732,-0.063006,-0.659146526,0.749302886,0.040969339,0.0489137559,0.0309736408,-0.0338135459,-0.0179403062,-0.000312761365,-0.0180171499,-0.030858648,0.0448897983,1,1,0.0102925794,0.138458505,2,0.057258,,0.0310653118,-0.0366885643,-0.021752553,7.05597754e-06,-0.0218305314,-0.0316060775,0.0573755572
1781693869.515735,2026-06-17T18:57:49.515,1781693869.438380,right,base,1,pelvis,200,0.001,-0.01329648,-0.252633168,-0.0547865,-0.740144148,-0.671861646,-0.0280814436,4.54726153e-05,0.0169776737,0.0222396131,-0.000101039037,-0.00139615151,-0.000111614859,-0.0212244817,-0.0292611268,1,1,0.00629647135,0.101984398,2,0.046473,,0.0171861524,0.0239054196,-0.00385203712,-0.00185302149,-0.00386522753,-0.0237691433,-0.0270305975
1781693869.532024,2026-06-17T18:57:49.532,1781693869.471721,left,base,1,pelvis,200,0.001,-0.058605335,0.252843232,0.0088215,-0.673517492,0.725526299,0.00987860436,0.141025498,0.0308884281,-0.0344591114,-0.018790895,-5.20856293e-05,-0.0188683438,-0.0311153381,0.0476855569,1,1,0.0416678785,0.19802417,5,0.083528,,0.399158143,-0.0408004376,-0.0333396245,-0.577445133,-0.0357111669,0.128056258,0.115912916
1781693869.532820,2026-06-17T18:57:49.532,1781693869.438380,right,base,1,pelvis,200,0.001,-0.01329648,-0.252633168,-0.0547865,-0.740144148,-0.671861646,-0.0280814436,4.54726153e-05,0.017040347,0.0226616038,-0.000934470345,-0.00152921769,-0.000945635282,-0.0217688516,-0.0288277989,1,1,0.00601930328,0.100176191,2,0.042378,,0.0172318552,0.0242145154,-0.00461978731,-0.00193158263,-0.00463375517,-0.0243011405,-0.0265482341
1781693869.548651,2026-06-17T18:57:49.548,1781693869.471721,left,base,1,pelvis,200,0.001,-0.058605335,0.252843232,0.0088215,-0.673517492,0.725526299,0.00987860436,0.141025498,0.0309401073,-0.0351104791,-0.0196561872,-3.48065332e-05,-0.0197337908,-0.0312587149,0.0505166339,1,1,0.0421465289,0.19664741,5,0.057528,,0.394927026,-0.0411555185,-0.0340490919,-0.569722204,-0.0362993107,0.124590353,0.11801687
1781693869.548886,2026-06-17T18:57:49.548,1781693869.455047,right,base,1,pelvis,200,0.001,-0.014117365,-0.250498168,-0.0513335,-0.739786201,-0.672233598,-0.0286003333,0.000622331871,0.0170839722,0.0230337554,-0.00180741073,-0.00162610028,-0.00181918169,-0.0223673419,-0.0282900735,1,1,0.00726397307,0.0980582301,2,0.029577,,0.0180915165,0.0252998929,-0.0053633685,-0.00286776914,-0.00537852231,-0.0248134628,-0.0266707505
1781693869.565445,2026-06-17T18:57:49.565,1781693869.471721,left,base,1,pelvis,200,0.001,-0.058605335,0.252843232,0.0088215,-0.673517492,0.725526299,0.00987860436,0.141025498,0.0309786132,-0.0355958096,-0.0203009118,-2.19319724e-05,-0.0203786306,-0.0313655441,0.0526260541,1,1,0.0424844082,0.195625577,5,0.06415,,0.39190977,-0.0414213992,-0.034580254,-0.564215325,-0.036738515,0.12211932,0.119585153
1781693869.565708,2026-06-17T18:57:49.565,1781693869.488391,right,base,1,pelvis,200,0.001,-0.01401366,-0.250685168,-0.050213,-0.740189235,-0.671686991,-0.0307478911,0.00332409908,0.0171237355,0.0233512425,-0.0025636129,-0.0017082395,-0.00257597457,-0.0228873088,-0.0278217213,1,1,0.00727641711,0.100170137,2,0.034076,,0.0182598305,0.025340796,-0.00611565526,-0.00326375381,-0.00613199474,-0.0250396975,-0.025433914
1781693869.582242,2026-06-17T18:57:49.582,1781693869.488588,left,base,1,pelvis,200,0.001,-0.03615721,0.250761582,-0.0220335,-0.671635555,0.725601354,0.0284416151,0.146967446,0.0310091468,-0.0359806577,-0.0208121531,-1.17229499e-05,-0.0208899633,-0.0314502556,0.0542987417,1,1,0.0323387982,0.26549145,2,0.042724,,0.0402997602,-0.0412437264,-0.0228698974,-0.00316549474,-0.0229478173,-0.0501923487,0.0788648677
1781693869.582533,2026-06-17T18:57:49.582,1781693869.505048,right,base,1,pelvis,200,0.001,-0.01308196,-0.252518168,-0.0519725,-0.740718366,-0.67106401,-0.0313837087,0.00494567767,0.0174038173,0.0239151939,-0.00337387943,-0.00204381452,-0.00338704916,-0.0234447496,-0.0274886233,1,1,0.00522138391,0.100735818,2,0.030215,,0.0178864276,0.0249913821,-0.00694588652,-0.00316689111,-0.00696365786,-0.0252144426,-0.0239970029
1781693869.599178,2026-06-17T18:57:49.599,1781693869.505234,left,base,1,pelvis,200,0.001,-0.010265875,0.249533532,-0.063059,-0.668371742,0.72818135,0.0505150239,0.143106146,0.03103132,-0.0362601294,-0.02118341,-4.30928933e-06,-0.0212612866,-0.033511023,0.0555134258,1,1,0.0153516944,0.267626953,2,0.046895,,0.030726091,-0.0435686316,-0.0233519407,-0.00328913434,-0.0234298517,-0.0392935138,0.0836147845
1781693869.599507,2026-06-17T18:57:49.599,1781693869.521716,right,base,1,pelvis,200,0.001,-0.01150926,-0.255409868,-0.0555605,-0.741341601,-0.670383843,-0.031029262,0.00594297177,0.0176519322,0.0243284038,-0.00416858141,-0.00239741315,-0.00418266989,-0.0239070443,-0.0268930671,1,1,0.00437218918,0.100328202,2,0.036195,,0.0167196266,0.024137831,-0.00778623811,-0.00218162065,-0.00780505602,-0.0253963805,-0.0221390371
1781693869.616031,2026-06-17T18:57:49.616,1781693869.505234,left,base,1,pelvis,200,0.001,-0.010265875,0.249533532,-0.063059,-0.668371742,0.72818135,0.0505150239,0.143106146,0.0337382734,-0.0377156456,-0.0216759678,-0.000927569464,-0.0217538571,-0.0383829939,0.0623334801,1,1,0.0157743981,0.261986436,2,0.049927,,0.0320693373,-0.0448892402,-0.0238361314,-0.00235070879,-0.0239214527,-0.0443846475,0.089878577
1781693869.616351,2026-06-17T18:57:49.616,1781693869.555052,right,base,1,pelvis,200,0.001,-0.011737715,-0.255714768,-0.0567975,-0.741204166,-0.670547846,-0.0309014252,0.0052031599,0.0177206901,0.0245228,-0.00498293297,-0.00262303675,-0.00499810132,-0.024290395,-0.0260438934,1,1,0.0048222768,0.0977911112,2,0.033497,,0.0165614564,0.0241408892,-0.00852347594,-0.0017724989,-0.00854340915,-0.0262060557,-0.0212768743
1781693869.632921,2026-06-17T18:57:49.632,1781693869.505234,left,base,1,pelvis,200,0.001,-0.010265875,0.249533532,-0.063059,-0.668371742,0.72818135,0.0505150239,0.143106146,0.0328606991,-0.0394208644,-0.0221642486,-0.00161559176,-0.0222421442,-0.0386482663,0.0685336113,1,1,0.015212008,0.25740278,2,0.041773,,0.030724234,-0.0463978473,-0.0243009431,-0.00159230144,-0.0243915437,-0.0454528692,0.0955304225
1781693869.633194,2026-06-17T18:57:49.633,1781693869.571721,right,base,1,pelvis,200,0.001,-0.01302822,-0.255032418,-0.0567165,-0.740794917,-0.670910356,-0.0327732446,0.00530097184,0.0174281017,0.0244102822,-0.00580227622,-0.00249402072,-0.00581851126,-0.0246136498,-0.0249025914,1,1,0.00443375678,0.0970458544,2,0.028545,,0.0169366196,0.0241933784,-0.00922292272,-0.0017528052,-0.00924388759,-0.027239058,-0.0201532532
1781693869.649961,2026-06-17T18:57:49.649,1781693869.571898,left,base,1,pelvis,200,0.001,-0.03139323,0.249555082,-0.023291,-0.674826652,0.714011092,0.0498958506,0.179743022,0.032629259,-0.0410201345,-0.0226532041,-0.0018305826,-0.0227332713,-0.0403259168,0.0747761168,1,1,0.030168134,0.315049775,2,0.053593,,0.0459361129,-0.0473193431,-0.0240720332,-0.0145455245,-0.0241731066,-0.0539065688,0.105387873
1781693869.650271,2026-06-17T18:57:49.650,1781693869.571721,right,base,1,pelvis,200,0.001,-0.01302822,-0.255032418,-0.0567165,-0.740794917,-0.670910356,-0.0327732446,0.00530097184,0.0171743797,0.0243314138,-0.00659894394,-0.00228278553,-0.00661626167,-0.025079848,-0.0238411141,1,1,0.00435340112,0.0952861074,2,0.034397,,0.0167884554,0.0240971352,-0.00995663364,-0.00165768923,-0.00997819735,-0.0276458671,-0.0191501711
1781693869.666739,2026-06-17T18:57:49.666,1781693869.571898,left,base,1,pelvis,200,0.001,-0.03139323,0.249555082,-0.023291,-0.674826652,0.714011092,0.0498958506,0.179743022,0.0320658556,-0.0426105712,-0.0231405162,-0.00825110977,-0.0232236987,-0.0418421921,0.0809141182,1,1,0.0307571855,0.307431468,2,0.078743,,0.0641313431,-0.0483394921,-0.0249880414,-0.0531884759,-0.0251646994,-0.0412533031,0.110716985
1781693869.667607,2026-06-17T18:57:49.667,1781693869.605055,right,base,1,pelvis,200,0.001,-0.014109295,-0.254336468,-0.056127,-0.740864849,-0.670735526,-0.0347531224,0.00503497462,0.0171039165,0.0242905052,-0.00737659314,-0.00212571917,-0.00739499175,-0.0257197571,-0.02274817,1,1,0.00395077726,0.0957476085,2,0.044289,,0.0173954737,0.0242361942,-0.0106743549,-0.00182862833,-0.0106969074,-0.0288386804,-0.0181141785
1781693869.683424,2026-06-17T18:57:49.683,1781693869.605410,left,base,1,pelvis,200,0.001,-0.062813585,0.250000282,0.0326265,-0.681125711,0.699976756,0.0357064914,0.211719989,0.036228627,-0.0440237779,-0.0234200851,-0.0464265061,-0.023508637,-0.0454629787,0.0882592341,1,1,0.0490410955,0.282833251,4,0.054063,,0.548463861,-0.0510977639,-0.0347526033,-0.860100107,-0.0456817679,0.215784658,0.163695865
1781693869.683636,2026-06-17T18:57:49.683,1781693869.605055,right,base,1,pelvis,200,0.001,-0.014109295,-0.254336468,-0.056127,-0.740864849,-0.670735526,-0.0347531224,0.00503497462,0.0170087503,0.0242321707,-0.00815492208,-0.00198452711,-0.00817427551,-0.0263008128,-0.0216627504,1,1,0.00388036872,0.0939859074,2,0.028186,,0.0173512746,0.0241566283,-0.011391806,-0.00174660664,-0.0114149623,-0.0293608958,-0.0170851656
1781693869.700407,2026-06-17T18:57:49.700,1781693869.605410,left,base,1,pelvis,200,0.001,-0.062813585,0.250000282,0.0326265,-0.681125711,0.699976756,0.0357064914,0.211719989,0.0441240512,-0.0452449635,-0.023863758,-0.0483398905,-0.0239772407,-0.0442717981,0.0946139371,1,1,0.0471253037,0.282502848,4,0.070337,,0.553382902,-0.0522555444,-0.0354584905,-0.86305217,-0.0462985769,0.219492753,0.168784124
1781693869.701099,2026-06-17T18:57:49.701,1781693869.605055,right,base,1,pelvis,200,0.001,-0.014109295,-0.254336468,-0.056127,-0.740864849,-0.670735526,-0.0347531224,0.00503497462,0.0171175397,0.0242333026,-0.00886366526,-0.00194067113,-0.00888391863,-0.0270147418,-0.0206644995,1,1,0.00380590904,0.0923272028,2,0.046017,,0.0174542388,0.0241268751,-0.0120456403,-0.00171248821,-0.0120695407,-0.030007266,-0.0161309517
1781693869.717332,2026-06-17T18:57:49.717,1781693869.638549,left,base,1,pelvis,200,0.001,-0.080684515,0.250479882,0.065221,-0.680130503,0.694683622,0.0294059319,0.232319728,0.0507480385,-0.0462694959,-0.0242359842,-0.0499451536,-0.0243703829,-0.0432724388,0.0999453127,1,1,0.0463496448,0.287256987,5,0.061727,,0.751898772,-0.0586075666,-0.0426016973,-1.13438319,-0.0611469904,0.274478818,0.198714581
1781693869.717597,2026-06-17T18:57:49.717,1781693869.638388,right,base,1,pelvis,200,0.001,-0.013880305,-0.254736518,-0.0556745,-0.74170157,-0.669846179,-0.0342655475,0.00327869965,0.0171889136,0.0242098891,-0.00963566459,-0.00188141112,-0.00965680439,-0.0277311692,-0.0195715052,1,1,0.00268401573,0.0755074461,2,0.035165,,0.0183807383,0.0235901831,-0.0192896205,-0.00184290653,-0.0193206003,-0.0365261178,-0.00665919759
1781693869.734154,2026-06-17T18:57:49.734,1781693869.638549,left,base,1,pelvis,200,0.001,-0.080684515,0.250479882,0.065221,-0.680130503,0.694683622,0.0294059319,0.232319728,0.0554875355,-0.0470025541,-0.024502314,-0.0510937277,-0.0246516782,-0.0425573921,0.103759939,1,1,0.0452824967,0.287392144,5,0.100389,,0.754642616,-0.0593122226,-0.0431928704,-1.13643994,-0.0615579476,0.276955712,0.201629672
1781693869.734541,2026-06-17T18:57:49.734,1781693869.671724,right,base,1,pelvis,200,0.001,-0.013812965,-0.255763768,-0.054251,-0.740104785,-0.671884413,-0.0285040562,0.00193950823,0.0172656743,0.0241858725,-0.0103328901,-0.00183254035,-0.0103548286,-0.0283896625,-0.0185761252,1,1,0.00119305042,0.0659434463,2,0.037786,,0.0184333752,0.023058461,-0.0192224647,-0.00273652016,-0.0192520518,-0.0345531339,-0.00784332884
1781693869.750859,2026-06-17T18:57:49.750,1781693869.638549,left,base,1,pelvis,200,0.001,-0.080684515,0.250479882,0.065221,-0.680130503,0.694683622,0.0294059319,0.232319728,0.0589535676,-0.0475386454,-0.0246970831,-0.051933689,-0.0248573917,-0.0420344728,0.106549606,1,1,0.0445145022,0.28752151,5,0.094007,,0.756583733,-0.0598217705,-0.0436214618,-1.13783859,-0.0618525398,0.278726555,0.203758458
1781693869.751274,2026-06-17T18:57:49.751,1781693869.671724,right,base,1,pelvis,200,0.001,-0.013812965,-0.255763768,-0.054251,-0.740104785,-0.671884413,-0.0285040562,0.00193950823,0.0175988043,0.0240079078,-0.0130087505,-0.00183563729,-0.01303339,-0.0308204623,-0.0150158936,1,1,0.00111540408,0.0609472308,2,0.042653,,0.0186687944,0.0226703394,-0.0212727474,-0.0025776738,-0.0213043701,-0.0364744524,-0.00484023463
1781693869.767609,2026-06-17T18:57:49.767,1781693869.655222,left,base,1,pelvis,200,0.001,-0.079123685,0.251043382,0.064487,-0.668463037,0.703775159,0.0354103576,0.237915533,0.0612829966,-0.0478989382,-0.0248279823,-0.052498205,-0.0249956464,-0.0416830324,0.108424468,1,1,0.0435181345,0.296866528,5,0.074273,,0.752118244,-0.0589796087,-0.0473840482,-1.13225755,-0.0668862688,0.280463075,0.209819597
1781693869.768186,2026-06-17T18:57:49.768,1781693869.705076,right,base,1,pelvis,200,0.001,-0.01354561,-0.256959368,-0.054487,0.740692914,0.671368879,0.0252507285,0.000485294871,0.0178442706,0.0237286539,-0.0148363457,-0.0021006075,-0.0148624404,-0.0319183262,-0.0129062786,1,1,0.00127385359,0.0562043928,2,0.043439,,0.0182631657,0.0215348267,-0.0228744517,-0.00235014762,-0.0229060891,-0.036832635,-0.00422390094
1781693869.784374,2026-06-17T18:57:49.784,1781693869.688541,left,base,1,pelvis,200,0.001,-0.050650035,0.244167582,0.0153065,-0.630336891,0.745272718,0.0943371438,0.195817472,0.0627577372,-0.0481270364,-0.0249108534,-0.052855595,-0.0250831741,-0.0414605387,0.109611426,1,1,0.0443347526,0.330472853,3,0.080971,,0.419756854,-0.0556227194,-0.0434939347,-0.656860449,-0.0494194073,0.192849347,0.17365411
1781693869.784760,2026-06-17T18:57:49.784,1781693869.721742,right,base,1,pelvis,200,0.001,-0.01358835,-0.257723118,-0.055061,0.742202327,0.669765231,0.0231551206,0.00375249774,0.0180900735,0.0234131545,-0.0167551332,-0.0022428281,-0.0167828759,-0.0332765755,-0.0105016703,1,1,0.00187088727,0.0546722517,2,0.042231,,0.0182580643,0.0207917657,-0.0248706263,-0.00178986259,-0.0249017299,-0.0387295376,-0.00365099252
1781693869.801213,2026-06-17T18:57:49.801,1781693869.705271,left,base,1,pelvis,200,0.001,-0.031517235,0.237956332,-0.0202055,-0.615216512,0.76165301,0.131531118,0.155218878,0.0635710169,-0.0482528264,-0.0249565546,-0.0530526859,-0.0251314434,-0.0413378394,0.110266002,1,1,0.0307533726,0.356080501,2,0.062444,,0.18781219,-0.0569704427,-0.0349548312,-0.271930994,-0.0358234504,0.0555932845,0.14823625
1781693869.801679,2026-06-17T18:57:49.801,1781693869.721742,right,base,1,pelvis,200,0.001,-0.01358835,-0.257723118,-0.055061,0.742202327,0.669765231,0.0231551206,0.00375249774,0.0181408604,0.0228620354,-0.0185505988,-0.00227431665,-0.0185794843,-0.0343199568,-0.00865971376,1,1,0.00185065203,0.0517211507,2,0.041415,,0.0183298612,0.0204474665,-0.0262391497,-0.00169801245,-0.0262711773,-0.0396387439,-0.00230398658
1781693869.817907,2026-06-17T18:57:49.817,1781693869.705271,left,base,1,pelvis,200,0.001,-0.031517235,0.237956332,-0.0202055,-0.615216512,0.76165301,0.131531118,0.155218878,0.0639634818,-0.048313529,-0.0249786086,-0.103674195,-0.0251547366,0.000105976244,0.110581881,1,1,0.0341435992,0.355434219,2,0.045672,,0.21177315,-0.0568884067,-0.0354524897,-0.355509837,-0.0368765565,0.107164971,0.148060749
1781693869.818398,2026-06-17T18:57:49.818,1781693869.755086,right,base,1,pelvis,200,0.001,-0.014512745,-0.259247918,-0.0557515,0.742508271,0.66948806,0.0202999694,0.0074240091,0.0181758911,0.0222432588,-0.0204395725,-0.00212951966,-0.0204691209,-0.035637923,-0.00716267236,1,1,0.00265207302,0.0485457445,2,0.040984,,0.0190968718,0.0189193941,-0.027781138,-0.000886809859,-0.0278109252,-0.0423313886,-0.00224827214
1781693869.834815,2026-06-17T18:57:49.834,1781693869.705271,left,base,1,pelvis,200,0.001,-0.031517235,0.237956332,-0.0202055,-0.615216512,0.76165301,0.131531118,0.155218878,0.0809889645,-0.049503595,-0.02635004,-0.153839372,-0.0266213648,0.0502711526,0.115758227,1,1,0.0351817522,0.350221304,2,0.059392,,0.212880669,-0.0583148464,-0.036161545,-0.37401123,-0.0381443283,0.14034675,0.152686217
1781693869.835721,2026-06-17T18:57:49.835,1781693869.755086,right,base,1,pelvis,200,0.001,-0.014512745,-0.259247918,-0.0557515,0.742508271,0.66948806,0.0202999694,0.0074240091,0.0182215237,0.0217110336,-0.0221584135,-0.00200163236,-0.0221886967,-0.0368236603,-0.00572268666,1,1,0.00263054504,0.0458015855,2,0.047116,,0.0192219007,0.0186239103,-0.0290894357,-0.000831952059,-0.0291197988,-0.0432572894,-0.0012385423
1781693869.851450,2026-06-17T18:57:49.851,1781693869.705271,left,base,1,pelvis,200,0.001,-0.031517235,0.237956332,-0.0202055,-0.615216512,0.76165301,0.131531118,0.155218878,0.100647473,-0.0506136251,-0.0277182527,-0.205981515,-0.0281628491,0.0936933414,0.120613702,1,1,0.0365022503,0.345865243,2,0.059656,,0.212036129,-0.0598201597,-0.0368240874,-0.386204969,-0.039426774,0.163554621,0.157254707
1781693869.851958,2026-06-17T18:57:49.851,1781693869.771754,right,base,1,pelvis,200,0.001,-0.015662175,-0.261026418,-0.056391,0.741476471,0.670668515,0.018038457,0.00953942399,0.0184899231,0.0208550605,-0.0238824544,-0.00165980525,-0.0239125856,-0.0385124411,-0.00465736096,1,1,0.00347352922,0.0407260827,2,0.046469,,0.0204085206,0.0166132887,-0.030040716,-0.000225427773,-0.0300694174,-0.0457546155,-0.000498353998
1781693869.868258,2026-06-17T18:57:49.868,1781693869.771917,left,base,1,pelvis,200,0.001,-0.04526106,0.240445782,0.0043465,-0.604388396,0.768721977,0.107891321,0.179278143,0.117540634,-0.0517728006,-0.0289891236,-0.254570983,-0.0296652454,0.122530571,0.125441206,1,1,0.045751457,0.333148298,3,0.070528,,0.369294441,-0.0650213234,-0.0503893547,-0.642904319,-0.0579440536,0.252336022,0.190442723
1781693869.869105,2026-06-17T18:57:49.869,1781693869.788422,right,base,1,pelvis,200,0.001,-0.016547665,-0.263546918,-0.0575055,0.740041345,0.672282445,0.0158359817,0.0111509457,0.0187017558,0.0201782346,-0.0253893431,-0.0014202264,-0.0254195413,-0.0398855895,-0.00366796255,1,1,0.00489374762,0.0355413631,2,0.052416,,0.0210625977,0.013785765,-0.0307112293,0.000598331173,-0.030738792,-0.0476130946,0.0012980354
1781693869.885042,2026-06-17T18:57:49.885,1781693869.771917,left,base,1,pelvis,200,0.001,-0.04526106,0.240445782,0.0043465,-0.604388396,0.768721977,0.107891321,0.179278143,0.133411943,-0.0531244219,-0.0303050713,-0.306005023,-0.0313047758,0.164687375,0.13078455,1,1,0.0481106134,0.32991279,3,0.087179,,0.364218795,-0.0669560409,-0.0511658592,-0.648981326,-0.0592122971,0.269299331,0.195193659
1781693869.885577,2026-06-17T18:57:49.885,1781693869.788422,right,base,1,pelvis,200,0.001,-0.016547665,-0.263546918,-0.0575055,0.740041345,0.672282445,0.0158359817,0.0111509457,0.0192219947,0.017206095,-0.026807128,-0.00105603986,-0.0268368699,-0.0416745272,-0.00270183424,1,1,0.00456119475,0.0330896216,2,0.045356,,0.0216761625,0.0128127404,-0.0317703392,0.000244819349,-0.0317985603,-0.0485933998,0.000766601606
1781693869.901936,2026-06-17T18:57:49.901,1781693869.771917,left,base,1,pelvis,200,0.001,-0.04526106,0.240445782,0.0043465,-0.604388396,0.768721977,0.107891321,0.179278143,0.160936695,-0.0545126523,-0.0326486742,-0.355441354,-0.0344132705,0.190177816,0.137745967,1,1,0.0473115404,0.324671601,3,0.057328,,0.367997859,-0.0683945462,-0.0527664968,-0.655154898,-0.0618374443,0.275021705,0.20114279
1781693869.902445,2026-06-17T18:57:49.902,1781693869.788422,right,base,1,pelvis,200,0.001,-0.016547665,-0.263546918,-0.0575055,0.740041345,0.672282445,0.0158359817,0.0111509457,0.0197629841,0.0160837662,-0.02795462,-0.000569787741,-0.0279837214,-0.0434199887,-0.00152619404,1,1,0.00446077924,0.0312885461,2,0.043395,,0.022376401,0.0123895396,-0.0326364997,-0.000288974646,-0.0326648201,-0.0493093095,0.00124226875
1781693869.918469,2026-06-17T18:57:49.918,1781693869.805292,left,base,1,pelvis,200,0.001,-0.060072165,0.243083032,0.0396515,-0.59992057,0.765451648,0.0809649679,0.218228685,0.186457865,-0.0560748648,-0.0349734251,-0.405992053,-0.0375266789,0.205331937,0.144958271,1,1,0.0433404222,0.302975651,5,0.095792,,0.602982706,-0.0733570047,-0.0780818463,-0.977294741,-0.0991699987,0.325078629,0.258195017
1781693869.918957,2026-06-17T18:57:49.918,1781693869.838424,right,base,1,pelvis,200,0.001,-0.017378355,-0.265422018,-0.058488,0.741248268,0.670880552,0.0137018432,0.0168091889,0.0203381335,0.0151004139,-0.0291017208,-0.000324896438,-0.0291305576,-0.0449752457,-0.000836922219,1,1,0.00558146742,0.0354424842,2,0.043441,,0.0241427273,0.0106124127,-0.0339529298,-0.000696809367,-0.0339808823,-0.0524289681,0.000293586042
1781693869.935425,2026-06-17T18:57:49.935,1781693869.821904,left,base,1,pelvis,200,0.001,-0.059755885,0.241045982,0.053347,-0.590848529,0.767685055,0.080784016,0.234588182,0.21004985,-0.057675866,-0.0372857193,-0.455647252,-0.0406859784,0.214388453,0.152259716,1,1,0.047589543,0.320259857,5,0.076187,,0.645915584,-0.0750272909,-0.0857502359,-1.05045826,-0.109088897,0.338513888,0.270587269
1781693869.936151,2026-06-17T18:57:49.936,1781693869.838424,right,base,1,pelvis,200,0.001,-0.017378355,-0.265422018,-0.058488,0.741248268,0.670880552,0.0137018432,0.0168091889,0.0209416656,0.0136071082,-0.0301483707,-0.000314259976,-0.0301770546,-0.0470616635,-0.000221272667,1,1,0.00545854167,0.0334028519,2,0.047206,,0.0244941223,0.0101186183,-0.0347426868,-0.000608361217,-0.0347705795,-0.054009906,0.000140294161
1781693869.951811,2026-06-17T18:57:49.951,1781693869.838599,left,base,1,pelvis,200,0.001,-0.052083695,0.240480082,0.039103,-0.580598632,0.775804379,0.0881910781,0.230770726,0.250349735,-0.0592841511,-0.0414698418,-0.507604144,-0.0466842023,0.225741032,0.163124627,1,1,0.0493914497,0.347086493,4,0.04849,,0.552205095,-0.0734699699,-0.0788719739,-0.924449286,-0.0990575949,0.317745238,0.255181524
1781693869.952191,2026-06-17T18:57:49.952,1781693869.855094,right,base,1,pelvis,200,0.001,-0.01769593,-0.266543968,-0.0585105,0.744027126,0.667681242,0.011555893,0.0221778387,0.0219328719,0.0126798031,-0.0313264495,-0.0004327161,-0.0313549069,-0.0488835186,-6.18470648e-05,1,1,0.00553943553,0.0413251094,2,0.039884,,0.0255781023,0.00923693008,-0.0366457691,-0.000652339103,-0.0366727013,-0.0569344118,-0.0019576989
1781693869.968604,2026-06-17T18:57:49.968,1781693869.855321,left,base,1,pelvis,200,0.001,-0.04269754,0.246288082,-0.010705,-0.572856473,0.78895753,0.0886328972,0.203778524,0.288170415,-0.0607893778,-0.0457035607,-0.555054925,-0.0526508145,0.236523424,0.173399301,1,1,0.043311091,0.373714717,2,0.057617,,0.342130539,-0.0665936512,-0.0570954874,-0.613048834,-0.0683967098,0.234704703,0.20415341
1781693869.969005,2026-06-17T18:57:49.969,1781693869.888426,right,base,1,pelvis,200,0.001,-0.01987468,-0.269244468,-0.052386,0.74866248,0.662282677,0.00530505802,0.0292916977,0.0226630985,0.0119495952,-0.0323004376,-0.00048279349,-0.032328734,-0.0520025425,-4.2154891e-06,1,1,0.00325412744,0.0557629937,2,0.045021,,0.0291204152,0.00704496974,-0.0390978261,-0.00165789862,-0.0391238572,-0.0616627686,-0.00448204279
1781693869.985443,2026-06-17T18:57:49.985,1781693869.871926,left,base,1,pelvis,200,0.001,-0.03772295,0.253302332,-0.0553045,-0.568389837,0.798703782,0.0824598323,0.179459293,0.315778003,-0.0621152663,-0.0491716653,-0.605462573,-0.0575031288,0.245016015,0.181950488,1,1,0.0444698847,0.338593923,2,0.060389,,0.298024315,-0.0676428177,-0.0581249932,-0.534261866,-0.0707843273,0.188982469,0.209472116
1781693869.986131,2026-06-17T18:57:49.986,1781693869.921760,right,base,1,pelvis,200,0.001,-0.021511305,-0.271220368,-0.0482305,0.749558255,0.661230484,0.00285691032,0.0304714223,0.0235405652,0.00968165017,-0.0336084577,-0.000533829659,-0.0336363435,-0.0569139376,-0.000592247868,1,1,0.00620411366,0.0558769768,2,0.05154,,0.031921651,0.00441135898,-0.0404474023,-0.00219513986,-0.0404729675,-0.0665682589,-0.00505496731
1781693870.002233,2026-06-17T18:57:50.002,1781693869.871926,left,base,1,pelvis,200,0.001,-0.03772295,0.253302332,-0.0553045,-0.568389837,0.798703782,0.0824598323,0.179459293,0.318698743,-0.0626116208,-0.0500498892,-0.621045039,-0.0587105011,0.222164271,0.184411313,1,1,0.0407265517,0.307309309,3,0.076956,,0.279426347,-0.0727230949,-0.0670677728,-0.472584618,-0.084290413,0.114208588,0.238261534
1781693870.002660,2026-06-17T18:57:50.002,1781693869.921760,right,base,1,pelvis,200,0.001,-0.021511305,-0.271220368,-0.0482305,0.749558255,0.661230484,0.00285691032,0.0304714223,0.025252141,0.00694902987,-0.0352922791,-0.000878629126,-0.0353195959,-0.0619964864,-0.0017854124,1,1,0.00583244658,0.0515222352,2,0.034676,,0.0334937894,0.00376209775,-0.0417013353,-0.00318338365,-0.0417254222,-0.0700658571,-0.00732337399
1781693870.019139,2026-06-17T18:57:50.019,1781693869.871926,left,base,1,pelvis,200,0.001,-0.03772295,0.253302332,-0.0553045,-0.568389837,0.798703782,0.0824598323,0.179459293,0.31635313,-0.0631824342,-0.0509660484,-0.571355507,-0.0600803345,0.17247474,0.187254581,1,1,0.0403476457,0.33212331,2,0.083427,,0.293853142,-0.0682056144,-0.0596905006,-0.497169755,-0.0733430691,0.121294566,0.214830338
1781693870.020232,2026-06-17T18:57:50.020,1781693869.971776,right,base,1,pelvis,200,0.001,-0.02294365,-0.272984668,-0.0448915,0.750265853,0.660238406,-0.000533701927,0.0344399791,0.0272345631,0.00619474136,-0.03682457,-0.00126994422,-0.0368513662,-0.0656657307,-0.00275724358,1,1,0.00899003903,0.0551375589,2,0.069281,,0.0379081111,0.00225506196,-0.0431668635,-0.00649750773,-0.0431883315,-0.0729691087,-0.00943333366
1781693870.035914,2026-06-17T18:57:50.035,1781693869.871926,left,base,1,pelvis,200,0.001,-0.03772295,0.253302332,-0.0553045,-0.568389837,0.798703782,0.0824598323,0.179459293,0.311758241,-0.0643696017,-0.052969625,-0.544747493,-0.0630928532,0.145783517,0.1936015,1,1,0.0366971956,0.326417148,2,0.090177,,0.287130776,-0.0691045551,-0.0614000303,-0.470276799,-0.0759708776,0.0969517654,0.220823182
1781693870.036448,2026-06-17T18:57:50.036,1781693869.971776,right,base,1,pelvis,200,0.001,-0.02294365,-0.272984668,-0.0448915,0.750265853,0.660238406,-0.000533701927,0.0344399791,0.029204782,0.00458771409,-0.0383596312,-0.00460077064,-0.0383855746,-0.0687487822,-0.00419452607,1,1,0.00888488313,0.0514800669,2,0.039728,,0.0478772509,0.00228656381,-0.0442894388,-0.0237553049,-0.0442982815,-0.0691442062,-0.0116382954
1781693870.052657,2026-06-17T18:57:50.052,1781693869.972053,left,base,1,pelvis,200,0.001,-0.040821355,0.250745232,-0.037195,-0.609431138,0.771863832,0.0706260698,0.16682887,0.309556807,-0.06484124,-0.0537959576,-0.533724733,-0.0643531188,0.125822225,0.196211588,1,1,0.033087301,0.240559068,2,0.068299,,0.314073148,-0.0684301546,-0.0596236807,-0.51116639,-0.0737905878,0.0995913995,0.218680714
1781693870.053450,2026-06-17T18:57:50.053,1781693869.988454,right,base,1,pelvis,200,0.001,-0.024577785,-0.273972868,-0.042226,0.751510097,0.658510281,-0.00410105699,0.0397487705,0.0317531405,0.00390470717,-0.0397672019,-0.0218196133,-0.0397918349,-0.0699845053,-0.00572846325,1,1,0.0114010584,0.0581566503,2,0.053509,,0.110107246,0.00399964365,-0.0456952814,-0.136095927,-0.0456210329,-0.0319265043,-0.0170862863
1781693870.069469,2026-06-17T18:57:50.069,1781693869.988746,left,base,1,pelvis,200,0.001,-0.035900355,0.246697032,-0.037853,-0.629040683,0.760833172,0.0702902678,0.143178145,0.306550482,-0.0654127592,-0.0548153225,-0.525219212,-0.0659105388,0.121951992,0.199510898,1,1,0.0283913779,0.186837913,2,0.078945,,0.307565771,-0.0698673523,-0.0588595559,-0.502076934,-0.0728302366,0.100644743,0.21929037
1781693870.069971,2026-06-17T18:57:50.069,1781693869.988454,right,base,1,pelvis,200,0.001,-0.024577785,-0.273972868,-0.042226,0.751510097,0.658510281,-0.00410105699,0.0397487705,0.0471491932,0.003409383,-0.0411514879,-0.0728216389,-0.0411712874,-0.0425220286,-0.00753750117,1,1,0.0100959226,0.0566796382,2,0.042798,,0.206316187,0.00776363072,-0.0466932861,-0.319781413,-0.0463581299,0.0491819941,-0.0215989508
1781693870.086325,2026-06-17T18:57:50.086,1781693869.988746,left,base,1,pelvis,200,0.001,-0.035900355,0.246697032,-0.037853,-0.629040683,0.760833172,0.0702902678,0.143178145,0.307586823,-0.0658284431,-0.0554777339,-0.523283261,-0.066996114,0.118871541,0.20215178,1,1,0.0276001625,0.184666438,2,0.06124,,0.308137745,-0.0702266281,-0.0594481913,-0.500032392,-0.0738122969,0.0979587859,0.22172198
1781693870.086804,2026-06-17T18:57:50.086,1781693870.005114,right,base,1,pelvis,200,0.001,-0.026265355,-0.273210818,-0.039544,0.753192666,0.656206876,-0.00743281282,0.0451452926,0.0778059743,0.00352851403,-0.0420685519,-0.122382424,-0.0420693699,0.00703875667,-0.0094647118,1,1,0.00785002793,0.0638093966,2,0.041214,,0.264007581,0.0116002925,-0.0482500267,-0.424208273,-0.0474860253,0.118149784,-0.0295646407
1781693870.103028,2026-06-17T18:57:50.103,1781693870.038604,left,base,1,pelvis,200,0.001,-0.02056595,0.249404682,-0.087076,-0.619844221,0.775907772,0.0669467365,0.0963244772,0.307583716,-0.0664245475,-0.0559768585,-0.52015341,-0.0678571747,0.11618144,0.204681272,1,1,0.0477734518,0.166641129,2,0.0732,,0.223137002,-0.0709286144,-0.0572512958,-0.358914536,-0.0713445343,0.0468943257,0.218946085
1781693870.103503,2026-06-17T18:57:50.103,1781693870.005114,right,base,1,pelvis,200,0.001,-0.026265355,-0.273210818,-0.039544,0.753192666,0.656206876,-0.00743281282,0.0451452926,0.129680612,0.00420789802,-0.0428104371,-0.174257062,-0.0427573592,0.0589133943,-0.0114112479,1,1,0.0093967143,0.0970367267,2,0.038456,,0.172981035,0.00674884244,-0.0449586267,-0.252076349,-0.0445360043,0.08775664,-0.0182611733
1781693870.120121,2026-06-17T18:57:50.120,1781693870.055285,left,base,1,pelvis,200,0.001,-0.01882805,0.253409282,-0.0883995,-0.618688716,0.777654273,0.0601629364,0.094119742,0.307669493,-0.0670131953,-0.0565142991,-0.471551782,-0.0687791618,0.067579813,0.207319558,1,1,0.044886123,0.160988588,2,0.104477,,0.213269171,-0.0695831074,-0.0572401101,-0.303585275,-0.0715634216,0.000728410573,0.218507399
1781693870.120637,2026-06-17T18:57:50.120,1781693870.005114,right,base,1,pelvis,200,0.001,-0.026265355,-0.273210818,-0.039544,0.753192666,0.656206876,-0.00743281282,0.0451452926,0.171658649,0.00539255747,-0.0436821521,-0.222858689,-0.043515146,0.0988530241,-0.0143203985,1,1,0.0137789329,0.117489547,2,0.039176,,0.198980087,0.00766821234,-0.0458580434,-0.278967808,-0.0452230838,0.119282018,-0.0210411673
1781693870.136643,2026-06-17T18:57:50.136,1781693870.055285,left,base,1,pelvis,200,0.001,-0.01882805,0.253409282,-0.0883995,-0.618688716,0.777654273,0.0601629364,0.094119742,0.292056778,-0.0676673206,-0.0566374246,-0.419946796,-0.0692077431,0.0166059581,0.209261931,1,1,0.0431168116,0.167184617,2,0.067601,,0.191375175,-0.0705062236,-0.0572561017,-0.244797857,-0.0717487881,-0.0499429696,0.220730131
1781693870.137090,2026-06-17T18:57:50.137,1781693870.038445,right,base,1,pelvis,200,0.001,-0.026854985,-0.272719218,-0.037902,0.755539658,0.653361541,-0.00817240563,0.0470290793,0.171894977,0.00563494312,-0.0439102746,-0.274463675,-0.0436975866,0.10340572,-0.0150246659,1,1,0.0102899233,0.0941027137,2,0.040021,,0.204366149,0.00826580319,-0.0463230241,-0.326579444,-0.0455000994,0.11827652,-0.0218483348
1781693870.153678,2026-06-17T18:57:50.153,1781693870.055285,left,base,1,pelvis,200,0.001,-0.01882805,0.253409282,-0.0883995,-0.618688716,0.777654273,0.0601629364,0.094119742,0.257242185,-0.0679949897,-0.0567405057,-0.370697862,-0.0696106496,-0.0326429757,0.210843242,1,1,0.04190297,0.184130532,2,0.094372,,0.151876914,-0.0715728137,-0.0574481432,-0.182332217,-0.0720358099,-0.10487261,0.223362802
1781693870.154205,2026-06-17T18:57:50.154,1781693870.105111,right,base,1,pelvis,200,0.001,-0.02389224,-0.276838668,-0.037135,0.757724978,0.650797454,-0.00662605841,0.0476615817,0.176829216,0.00600535463,-0.0442651101,-0.314665822,-0.0439754945,0.10629799,-0.016120724,1,1,0.00815403039,0.0699263593,2,0.043887,,0.270813209,0.00917023946,-0.0526956033,-0.446435596,-0.0502221881,0.137199391,-0.03075784
1781693870.170335,2026-06-17T18:57:50.170,1781693870.055285,left,base,1,pelvis,200,0.001,-0.01882805,0.253409282,-0.0883995,-0.618688716,0.777654273,0.0601629364,0.094119742,0.206200576,-0.0684660986,-0.0568372318,-0.319353229,-0.0700117656,-0.0839876088,0.212698028,1,1,0.0454629849,0.215103847,2,0.05867,,0.0938774264,-0.0732572946,-0.0576758612,-0.107050742,-0.0723240444,-0.16899434,0.227026298
1781693870.170819,2026-06-17T18:57:50.170,1781693870.105111,right,base,1,pelvis,200,0.001,-0.02389224,-0.276838668,-0.037135,0.757724978,0.650797454,-0.00662605841,0.0476615817,0.206884558,0.00646044794,-0.0446794274,-0.366010456,-0.0442824413,0.123473016,-0.0172738568,1,1,0.00772413334,0.0680939989,2,0.040687,,0.276487218,0.0096163065,-0.0531119551,-0.454313972,-0.0502504298,0.136242274,-0.0316424605
1781693870.187361,2026-06-17T18:57:50.187,1781693870.055285,left,base,1,pelvis,200,0.001,-0.01882805,0.253409282,-0.0883995,-0.618688716,0.777654273,0.0601629364,0.094119742,0.156229949,-0.0690723689,-0.0569564502,-0.269382602,-0.0704067545,-0.133958236,0.214779241,1,1,0.0488025554,0.211184993,4,0.087689,,0.130106314,-0.0699594064,-0.0701975561,-0.177990253,-0.0843341882,-0.146184388,0.240747663
1781693870.187851,2026-06-17T18:57:50.187,1781693870.105111,right,base,1,pelvis,200,0.001,-0.02389224,-0.276838668,-0.037135,0.757724978,0.650797454,-0.00662605841,0.0476615817,0.224713923,0.00697974674,-0.0462156306,-0.415981082,-0.045420722,0.12610351,-0.0198578993,1,1,0.0109174043,0.0632182104,2,0.045835,,0.282748774,0.0103243485,-0.0542267601,-0.467284743,-0.0508087429,0.120471118,-0.0331493379
1781693870.204175,2026-06-17T18:57:50.204,1781693870.122045,left,base,1,pelvis,200,0.001,-0.030586,0.255146232,-0.0515605,-0.627361259,0.768969881,0.0477900852,0.113222263,0.129071903,-0.0699611003,-0.0571092278,-0.217070944,-0.0708139196,-0.151064078,0.217380086,1,1,0.0433012926,0.203435799,2,0.073946,,0.11073023,-0.0712692677,-0.0606544492,-0.152846955,-0.0753218242,-0.182316545,0.229143966
1781693870.205087,2026-06-17T18:57:50.205,1781693870.138454,right,base,1,pelvis,200,0.001,-0.024119945,-0.285710768,-0.035391,0.755178921,0.65365874,-0.00623540001,0.0489506796,0.241959519,0.00754334286,-0.0476898023,-0.457630389,-0.0464531297,0.125774671,-0.0223769899,1,1,0.0139844104,0.0614041468,2,0.042471,,0.29769135,0.00134699199,-0.0562720531,-0.493720129,-0.0518025057,0.113464302,-0.0254540112
1781693870.221091,2026-06-17T18:57:50.221,1781693870.138684,left,base,1,pelvis,200,0.001,-0.05105507,0.254725282,0.0006335,-0.638241449,0.755543583,0.0328206425,0.143960248,0.129309922,-0.0699607105,-0.0601208602,-0.166598207,-0.0739249417,-0.175258219,0.22275698,1,1,0.0450937273,0.131209409,3,0.099453,,0.381420885,-0.0584844573,-0.0732748947,-0.556041572,-0.0896329427,-0.0243940245,0.233038059
1781693870.221579,2026-06-17T18:57:50.221,1781693870.138454,right,base,1,pelvis,200,0.001,-0.024119945,-0.285710768,-0.035391,0.755178921,0.65365874,-0.00623540001,0.0489506796,0.265782965,0.00474331166,-0.0491378132,-0.48593114,-0.0474179478,0.117665466,-0.0247631882,1,1,0.0125870089,0.061468987,2,0.038052,,0.306432344,0.00117479002,-0.0570478854,-0.50108241,-0.05244947,0.102336261,-0.0292088015
1781693870.237833,2026-06-17T18:57:50.237,1781693870.172227,left,base,1,pelvis,200,0.001,-0.04550652,0.249812732,0.0181845,-0.629063619,0.759379522,0.0786904471,0.146388241,0.124878978,-0.0702727794,-0.0602481122,-0.21598304,-0.0742580746,-0.125873386,0.224280169,1,1,0.0450026436,0.190062568,4,0.093643,,0.472162548,-0.0622581004,-0.0813195035,-0.735838809,-0.102560806,0.0835525571,0.259898042
1781693870.238304,2026-06-17T18:57:50.238,1781693870.188463,right,base,1,pelvis,200,0.001,-0.02678963,-0.291186118,-0.0342785,0.758169852,0.650209475,-0.00129721091,0.049035002,0.281883777,0.00378172171,-0.0507988533,-0.495048536,-0.0484387891,0.105647506,-0.0249240301,1,1,0.0122063775,0.0599755856,2,0.038742,,0.320536147,-0.00495061271,-0.0606409494,-0.511530975,-0.0556124483,0.093784375,-0.0219098403
1781693870.254659,2026-06-17T18:57:50.254,1781693870.172227,left,base,1,pelvis,200,0.001,-0.04550652,0.249812732,0.0181845,-0.629063619,0.759379522,0.0786904471,0.146388241,0.174945449,-0.069034089,-0.0616169372,-0.266049511,-0.0758736312,-0.0758069153,0.225200428,1,1,0.0481476556,0.182546299,3,0.079821,,0.431284473,-0.0622018023,-0.076558567,-0.670140014,-0.0951298523,0.0895996175,0.247333957
1781693870.255190,2026-06-17T18:57:50.255,1781693870.205126,right,base,1,pelvis,200,0.001,-0.0269002,-0.292796418,-0.0353605,0.760594985,0.647335763,0.00161354924,0.049488135,0.302142831,-0.00296997266,-0.052386951,-0.506968735,-0.0494580434,0.0963046861,-0.0260129404,1,1,0.00910806532,0.0584896473,2,0.044038,,0.323344608,-0.00868803863,-0.0622242204,-0.505613491,-0.0574999412,0.0830850317,-0.0235043638
1781693870.271632,2026-06-17T18:57:50.271,1781693870.172227,left,base,1,pelvis,200,0.001,-0.04550652,0.249812732,0.0181845,-0.629063619,0.759379522,0.0786904471,0.146388241,0.225708579,-0.0682864645,-0.0637908077,-0.316812641,-0.0788181442,-0.0250437851,0.229028768,1,1,0.0410376706,0.163487558,3,0.091167,,0.447488687,-0.0627093166,-0.0772777968,-0.67776372,-0.096628896,0.124031669,0.250480993
1781693870.272131,2026-06-17T18:57:50.272,1781693870.205126,right,base,1,pelvis,200,0.001,-0.0269002,-0.292796418,-0.0353605,0.760594985,0.647335763,0.00161354924,0.049488135,0.310041376,-0.00724083432,-0.0546765106,-0.508234246,-0.0511652011,0.0849519569,-0.02487479,1,1,0.0075639528,0.0580074629,2,0.049635,,0.326477063,-0.00974478451,-0.0633732758,-0.505041682,-0.0585294054,0.0756209154,-0.0248827575
1781693870.288409,2026-06-17T18:57:50.288,1781693870.172227,left,base,1,pelvis,200,0.001,-0.04550652,0.249812732,0.0181845,-0.629063619,0.759379522,0.0786904471,0.146388241,0.276551103,-0.0675802015,-0.0652727956,-0.367655164,-0.0807114878,0.0257987385,0.2311535,1,1,0.0452821623,0.1694714,2,0.071278,,0.400925792,-0.0637634767,-0.0724968003,-0.582045653,-0.08982525,0.116785695,0.24057705
1781693870.288907,2026-06-17T18:57:50.288,1781693870.205126,right,base,1,pelvis,200,0.001,-0.0269002,-0.292796418,-0.0353605,0.760594985,0.647335763,0.00161354924,0.049488135,0.314476518,-0.00843653726,-0.0569598577,-0.50744141,-0.0530815984,0.0773320755,-0.0244602061,1,1,0.0065948468,0.0566366664,2,0.042979,,0.328237862,-0.00976372038,-0.0648621182,-0.504240482,-0.0598475038,0.0711641187,-0.0254928312
1781693870.305380,2026-06-17T18:57:50.305,1781693870.172227,left,base,1,pelvis,200,0.001,-0.04550652,0.249812732,0.0181845,-0.629063619,0.759379522,0.0786904471,0.146388241,0.29769348,-0.0669954991,-0.0667138794,-0.41805566,-0.082622218,0.076199234,0.233473578,1,1,0.0441378921,0.165786341,2,0.080664,,0.405583082,-0.0642410001,-0.0733909337,-0.601585772,-0.0912401484,0.151203913,0.243587944
1781693870.305907,2026-06-17T18:57:50.305,1781693870.255125,right,base,1,pelvis,200,0.001,-0.028419395,-0.296915468,-0.037292,0.764889759,0.64209752,0.0106097725,0.050416913,0.318148949,-0.00883688973,-0.0589225049,-0.50670704,-0.0547487473,0.0728282581,-0.0245895161,1,1,0.00685901318,0.055600794,2,0.042024,,0.322136009,-0.0151252814,-0.0688785681,-0.485846107,-0.0640545531,0.0561549356,-0.0173417402
1781693870.322290,2026-06-17T18:57:50.322,1781693870.172227,left,base,1,pelvis,200,0.001,-0.04550652,0.249812732,0.0181845,-0.629063619,0.759379522,0.0786904471,0.146388241,0.310810927,-0.0665848148,-0.0674486993,-0.468986875,-0.0835374875,0.12114948,0.234376197,1,1,0.0442356784,0.163237316,2,0.075828,,0.406994639,-0.064765875,-0.0738139074,-0.626561367,-0.0918841643,0.181413446,0.24536951
1781693870.322787,2026-06-17T18:57:50.322,1781693870.255125,right,base,1,pelvis,200,0.001,-0.028419395,-0.296915468,-0.037292,0.764889759,0.64209752,0.0106097725,0.050416913,0.321267176,-0.0138932462,-0.0607582882,-0.489109472,-0.0563246432,0.0578107791,-0.0228844511,1,1,0.00362020564,0.0527508835,2,0.044363,,0.322594892,-0.0165636901,-0.069474976,-0.478150367,-0.0649069747,0.0521075425,-0.0188602534
1781693870.338880,2026-06-17T18:57:50.338,1781693870.238616,left,base,1,pelvis,200,0.001,-0.03795782,0.246656482,0.016454,-0.618151577,0.76193127,0.114196402,0.155911991,0.323366024,-0.0662743141,-0.0682359066,-0.519699222,-0.0845579102,0.154167033,0.235596538,1,1,0.0416476342,0.217921749,2,0.049353,,0.402987389,-0.0674092537,-0.0745087871,-0.647415502,-0.0939686328,0.205341458,0.253918217
1781693870.339328,2026-06-17T18:57:50.339,1781693870.271792,right,base,1,pelvis,200,0.001,-0.029501455,-0.298283418,-0.0365595,0.766365652,0.640169778,0.0139360793,0.0516926221,0.321534482,-0.0153718356,-0.0632565813,-0.481320666,-0.0587028347,0.0537166543,-0.0211791754,1,1,0.00303301521,0.0508899761,2,0.037627,,0.327181512,-0.0182963939,-0.072149401,-0.480761287,-0.0676293242,0.0517748326,-0.0159924613
1781693870.355797,2026-06-17T18:57:50.355,1781693870.238616,left,base,1,pelvis,200,0.001,-0.03795782,0.246656482,0.016454,-0.618151577,0.76193127,0.114196402,0.155911991,0.334774195,-0.0660685409,-0.0689968278,-0.569116956,-0.0855573188,0.181009168,0.236929715,1,1,0.0433005686,0.215903479,2,0.075823,,0.407314628,-0.0679153389,-0.0751346208,-0.677601241,-0.0949493328,0.221008154,0.255981187
1781693870.356713,2026-06-17T18:57:50.356,1781693870.305134,right,base,1,pelvis,200,0.001,-0.031385945,-0.299529518,-0.034881,0.768969372,0.636748067,0.0171260598,0.0542651126,0.321854946,-0.0171411702,-0.0651358285,-0.480362577,-0.060577774,0.0532303682,-0.0204783791,1,1,0.00355986519,0.0541523923,2,0.041208,,0.337599936,-0.0195528961,-0.0748181123,-0.494179159,-0.0704204319,0.0535472437,-0.0145892299
1781693870.372517,2026-06-17T18:57:50.372,1781693870.255303,left,base,1,pelvis,200,0.001,-0.03742175,0.244883882,0.0145335,-0.606569049,0.761364423,0.129165961,0.188982428,0.344984996,-0.0662692316,-0.0698219104,-0.621421463,-0.0868164045,0.199871268,0.239472716,1,1,0.0464056531,0.278777628,2,0.073764,,0.409290687,-0.0705313117,-0.0764663033,-0.706297226,-0.0981486366,0.225212567,0.266419207
1781693870.373049,2026-06-17T18:57:50.373,1781693870.321797,right,base,1,pelvis,200,0.001,-0.03260775,-0.300855518,-0.0330155,0.771011213,0.633980569,0.0197919225,0.0567329449,0.327610866,-0.0184364783,-0.0673540481,-0.491770428,-0.0628080051,0.0527700183,-0.0190595942,1,1,0.00451408517,0.0567666347,2,0.045771,,0.350631768,-0.0206368691,-0.0776347617,-0.513593802,-0.0733008034,0.0536965927,-0.0125495869
1781693870.389403,2026-06-17T18:57:50.389,1781693870.255303,left,base,1,pelvis,200,0.001,-0.03742175,0.244883882,0.0145335,-0.606569049,0.761364423,0.129165961,0.188982428,0.354242492,-0.0665137193,-0.0706109797,-0.670465118,-0.088024346,0.207112917,0.241924633,1,1,0.0423500924,0.25805413,3,0.082945,,0.458343499,-0.0762151273,-0.0832873026,-0.785362492,-0.110465559,0.232647537,0.295181028
1781693870.389988,2026-06-17T18:57:50.389,1781693870.321797,right,base,1,pelvis,200,0.001,-0.03260775,-0.300855518,-0.0330155,0.771011213,0.633980569,0.0197919225,0.0567329449,0.340947871,-0.0195557073,-0.0695920916,-0.511208485,-0.0650905339,0.0530030635,-0.0173518654,1,1,0.00404387355,0.0548695631,2,0.049552,,0.35593439,-0.0207352357,-0.0790475727,-0.52012338,-0.0748937693,0.0504078196,-0.0119642365
1781693870.406371,2026-06-17T18:57:50.406,1781693870.255303,left,base,1,pelvis,200,0.001,-0.03742175,0.244883882,0.0145335,-0.606569049,0.761364423,0.129165961,0.188982428,0.392195584,-0.0671628621,-0.071557054,-0.721239692,-0.0896601789,0.217320936,0.257199258,1,1,0.0480184783,0.269992301,2,0.057492,,0.4420384,-0.0727626452,-0.0782760015,-0.77387842,-0.101248548,0.227953923,0.284343161
1781693870.406710,2026-06-17T18:57:50.406,1781693870.321797,right,base,1,pelvis,200,0.001,-0.03260775,-0.300855518,-0.0330155,0.771011213,0.633980569,0.0197919225,0.0567329449,0.346578381,-0.019890258,-0.072080786,-0.517803293,-0.0676310897,0.0518043869,-0.0158658659,1,1,0.00367301682,0.0519452705,2,0.040336,,0.358199005,-0.0205701938,-0.0807915042,-0.522354353,-0.0767241603,0.0487101925,-0.0112426385
1781693870.422954,2026-06-17T18:57:50.422,1781693870.338614,left,base,1,pelvis,200,0.001,-0.076731985,0.249567632,0.0573035,-0.619906047,0.73397959,0.0502888113,0.272876328,0.403486127,-0.0687079597,-0.0735592467,-0.767708621,-0.0932113723,0.219936977,0.263682226,1,1,0.0404806724,0.209122344,6,0.068232,,0.754805423,-0.0768957945,-0.10829618,-1.10181329,-0.1507619,0.168905746,0.381113688
1781693870.423776,2026-06-17T18:57:50.423,1781693870.338466,right,base,1,pelvis,200,0.001,-0.0334109,-0.303073668,-0.03109,0.773008326,0.631169438,0.023669114,0.0593552083,0.349436561,-0.0201483914,-0.0742090795,-0.520108261,-0.0698497759,0.0500632371,-0.0146739516,1,1,0.00409324486,0.0534990214,2,0.037498,,0.369264496,-0.0222951045,-0.0839317735,-0.538235698,-0.0799488396,0.0507977856,-0.00771912025
1781693870.439582,2026-06-17T18:57:50.439,1781693870.338614,left,base,1,pelvis,200,0.001,-0.076731985,0.249567632,0.0573035,-0.619906047,0.73397959,0.0502888113,0.272876328,0.454646939,-0.0694469836,-0.0744189421,-0.818869433,-0.0946762614,0.186468133,0.283515357,1,1,0.046895197,0.208523667,5,0.063693,,0.732006339,-0.0765993426,-0.104054443,-1.07682235,-0.142753052,0.148274559,0.376953271
1781693870.439855,2026-06-17T18:57:50.439,1781693870.371801,right,base,1,pelvis,200,0.001,-0.033322045,-0.305421818,-0.030239,0.774542296,0.628971715,0.0267712565,0.0613360599,0.360512839,-0.021319192,-0.0762599366,-0.536024461,-0.0719986326,0.0496416749,-0.0120468826,1,1,0.00411717542,0.0554493186,2,0.024707,,0.377499028,-0.0248668294,-0.0866480616,-0.549861143,-0.0828086378,0.0488461291,-0.00326978926
1781693870.456730,2026-06-17T18:57:50.456,1781693870.338614,left,base,1,pelvis,200,0.001,-0.076731985,0.249567632,0.0573035,-0.619906047,0.73397959,0.0502888113,0.272876328,0.502850884,-0.0702824255,-0.0782185371,-0.867073378,-0.100966701,0.16478345,0.294461767,1,1,0.0430768664,0.197808004,5,0.108406,,0.745165536,-0.0776251003,-0.105893838,-1.07764225,-0.148044984,0.120860889,0.386144501
1781693870.457698,2026-06-17T18:57:50.457,1781693870.371801,right,base,1,pelvis,200,0.001,-0.033322045,-0.305421818,-0.030239,0.774542296,0.628971715,0.0267712565,0.0613360599,0.369012661,-0.0239160698,-0.0789409429,-0.547691363,-0.0751118057,0.049983818,-0.00746737457,1,1,0.00353158984,0.0528069857,2,0.058741,,0.380861985,-0.0257418045,-0.0882910323,-0.553700691,-0.0849542395,0.0471029231,-0.000890255065
1781693870.473394,2026-06-17T18:57:50.473,1781693870.338614,left,base,1,pelvis,200,0.001,-0.076731985,0.249567632,0.0573035,-0.619906047,0.73397959,0.0502888113,0.272876328,0.556878442,-0.0710873866,-0.0815107915,-0.921100936,-0.106291511,0.136328401,0.310339629,1,1,0.0485647982,0.200895321,4,0.072938,,0.729224199,-0.0769415851,-0.102487245,-1.06186913,-0.142533513,0.101526767,0.379406815
1781693870.473880,2026-06-17T18:57:50.473,1781693870.371801,right,base,1,pelvis,200,0.001,-0.033322045,-0.305421818,-0.030239,0.774542296,0.628971715,0.0267712565,0.0613360599,0.372674299,-0.0248232207,-0.0814492119,-0.551599583,-0.077616727,0.048324021,-0.0049419542,1,1,0.00321681686,0.0500009447,2,0.040839,,0.382330841,-0.025873817,-0.0900297217,-0.554841137,-0.0867066976,0.0452924034,0.000498192978
1781693870.490333,2026-06-17T18:57:50.490,1781693870.338614,left,base,1,pelvis,200,0.001,-0.076731985,0.249567632,0.0573035,-0.619906047,0.73397959,0.0502888113,0.272876328,0.605359906,-0.0718931222,-0.0845158617,-0.9695824,-0.111437386,0.115744897,0.319682143,1,1,0.0436670692,0.193937338,4,0.110973,,0.749414066,-0.0783024569,-0.104028245,-1.07267734,-0.147285215,0.0764080066,0.387834979
1781693870.490868,2026-06-17T18:57:50.490,1781693870.371801,right,base,1,pelvis,200,0.001,-0.033322045,-0.305421818,-0.030239,0.774542296,0.628971715,0.0267712565,0.0613360599,0.375112736,-0.0250967912,-0.0834868269,-0.552805398,-0.0798019679,0.0464783779,-0.00342542399,1,1,0.00284787225,0.0473460479,2,0.048504,,0.383281182,-0.0257713405,-0.0914615506,-0.555131275,-0.0882874752,0.0441462245,0.00130568142
1781693870.506915,2026-06-17T18:57:50.506,1781693870.438707,left,base,1,pelvis,200,0.001,-0.075634555,0.250427982,0.054751,-0.627690883,0.732953195,0.0430568804,0.258708087,0.645299814,-0.0725707626,-0.086928108,-1.02313503,-0.115611329,0.0894565642,0.330243943,1,1,0.0412829863,0.161144057,4,0.091482,,0.760647071,-0.078157636,-0.103394098,-1.08002026,-0.146780935,0.0423403976,0.389481232
1781693870.507524,2026-06-17T18:57:50.507,1781693870.438486,right,base,1,pelvis,200,0.001,-0.03335584,-0.308447418,-0.0301765,0.775839831,0.627050437,0.0280803407,0.0639671861,0.377451472,-0.0253485551,-0.0856067882,-0.553464997,-0.0820391672,0.0452929881,-0.00215413407,1,1,0.00299312261,0.047281851,2,0.064562,,0.383988198,-0.0287612615,-0.0944811153,-0.554523171,-0.0911677494,0.042374387,0.00486266918
1781693870.523822,2026-06-17T18:57:50.523,1781693870.472123,left,base,1,pelvis,200,0.001,-0.0552657,0.246726482,0.0091205,-0.625875662,0.747853596,0.0885140303,0.202879082,0.670613821,-0.0733616301,-0.0892876097,-1.05433298,-0.119981737,0.0544523439,0.339794946,1,1,0.0496748546,0.254173011,2,0.070137,,0.661364335,-0.0797750049,-0.0929330642,-1.00448774,-0.129531773,0.0329787148,0.361820193
1781693870.524535,2026-06-17T18:57:50.524,1781693870.438486,right,base,1,pelvis,200,0.001,-0.03335584,-0.308447418,-0.0301765,0.775839831,0.627050437,0.0280803407,0.0639671861,0.379160152,-0.0279237656,-0.087747553,-0.553953381,-0.0844419218,0.0434893611,0.0011862936,1,1,0.00242151923,0.0451703609,2,0.043369,,0.384638278,-0.0296461504,-0.095739698,-0.554367775,-0.0927802966,0.0410075128,0.00629170464
1781693870.540550,2026-06-17T18:57:50.540,1781693870.472123,left,base,1,pelvis,200,0.001,-0.0552657,0.246726482,0.0091205,-0.625875662,0.747853596,0.0885140303,0.202879082,0.683985102,-0.0740739085,-0.0913826336,-1.01302724,-0.123961818,0.0434939844,0.347174101,1,1,0.0317065271,0.223365014,2,0.080166,,0.671775471,-0.0802093449,-0.0942735929,-0.973281486,-0.132614467,0.0315581983,0.367408277
1781693870.541105,2026-06-17T18:57:50.541,1781693870.471815,right,base,1,pelvis,200,0.001,-0.035972045,-0.310869318,-0.0267865,0.777857948,0.624071947,0.0267813522,0.0689490879,0.380665068,-0.0288345361,-0.0898464232,-0.554130986,-0.0865383812,0.0420884563,0.00273448318,1,1,0.00372505788,0.0481579971,2,0.040713,,0.402110112,-0.0307209077,-0.0992398343,-0.578621708,-0.0956783638,0.0466712987,0.00691802282
1781693870.557397,2026-06-17T18:57:50.557,1781693870.472123,left,base,1,pelvis,200,0.001,-0.0552657,0.246726482,0.0091205,-0.625875662,0.747853596,0.0885140303,0.202879082,0.680551064,-0.0749393865,-0.091618003,-0.981096101,-0.124807388,0.040503169,0.34939751,1,1,0.023016375,0.207880915,2,0.054419,,0.668835451,-0.0807769143,-0.0942437893,-0.948597504,-0.133039821,0.0332319698,0.368764375
1781693870.557873,2026-06-17T18:57:50.557,1781693870.471815,right,base,1,pelvis,200,0.001,-0.035972045,-0.310869318,-0.0267865,0.777857948,0.624071947,0.0267813522,0.0689490879,0.395138493,-0.0299330875,-0.0929296885,-0.576790145,-0.0893759963,0.0454336796,0.00381968039,1,1,0.00309403217,0.0453164197,2,0.039538,,0.407849742,-0.0306436365,-0.101143472,-0.586586142,-0.0975364144,0.045073633,0.00684972688
1781693870.574199,2026-06-17T18:57:50.574,1781693870.472123,left,base,1,pelvis,200,0.001,-0.0552657,0.246726482,0.0091205,-0.625875662,0.747853596,0.0885140303,0.202879082,0.679135156,-0.0757896741,-0.0920464723,-0.95553037,-0.12606703,0.0390599323,0.352303478,1,1,0.015771762,0.194713488,2,0.116676,,0.667560834,-0.0813864413,-0.0944297734,-0.928964182,-0.133897959,0.0357328076,0.370841529
1781693870.574691,2026-06-17T18:57:50.574,1781693870.471815,right,base,1,pelvis,200,0.001,-0.035972045,-0.310869318,-0.0267865,0.777857948,0.624071947,0.0267813522,0.0689490879,0.401095931,-0.0301803971,-0.09503742,-0.584798165,-0.0914379805,0.0458221884,0.00479230066,1,1,0.00274725168,0.0430148246,2,0.043193,,0.410261944,-0.0304443348,-0.102553685,-0.589503691,-0.098959374,0.04425598,0.00717782688
1781693870.591070,2026-06-17T18:57:50.591,1781693870.472123,left,base,1,pelvis,200,0.001,-0.0552657,0.246726482,0.0091205,-0.625875662,0.747853596,0.0885140303,0.202879082,0.677379423,-0.0766398211,-0.0924210366,-0.934965377,-0.127255642,0.0380664721,0.355109476,1,1,0.0106870609,0.185017072,2,0.084255,,0.666024179,-0.0820252954,-0.0946168359,-0.913105069,-0.134756476,0.0377788742,0.372949666
1781693870.591597,2026-06-17T18:57:50.591,1781693870.471815,right,base,1,pelvis,200,0.001,-0.035972045,-0.310869318,-0.0267865,0.777857948,0.624071947,0.0267813522,0.0689490879,0.403715683,-0.0303209225,-0.096889713,-0.587765998,-0.0932879626,0.045229133,0.00541642838,1,1,0.00252879704,0.0407697273,2,0.048314,,0.411326607,-0.0302402091,-0.103827811,-0.5905423,-0.100270194,0.0434666412,0.00732552525
1781693870.607660,2026-06-17T18:57:50.607,1781693870.472123,left,base,1,pelvis,200,0.001,-0.0552657,0.246726482,0.0091205,-0.625875662,0.747853596,0.0885140303,0.202879082,0.675605876,-0.0774972103,-0.0927838778,-0.918187814,-0.128455454,0.0376449387,0.35795118,1,1,0.00760959894,0.177403887,2,0.074947,,0.664477489,-0.0826949992,-0.0948255902,-0.900123632,-0.135669326,0.0397452396,0.375176882
1781693870.608154,2026-06-17T18:57:50.608,1781693870.471815,right,base,1,pelvis,200,0.001,-0.035972045,-0.310869318,-0.0267865,0.777857948,0.624071947,0.0267813522,0.0689490879,0.405752608,-0.0303593233,-0.0986521065,-0.588858341,-0.0950526708,0.0444101129,0.00596450262,1,1,0.00219208223,0.0384268315,2,0.043086,,0.412121098,-0.0300067439,-0.105054092,-0.590961716,-0.101528026,0.0431415126,0.00741364168
1781693870.624474,2026-06-17T18:57:50.624,1781693870.472123,left,base,1,pelvis,200,0.001,-0.0552657,0.246726482,0.0091205,-0.625875662,0.747853596,0.0885140303,0.202879082,0.67380251,-0.0783494386,-0.0931288578,-0.904359767,-0.129641366,0.0376701466,0.360774037,1,1,0.00667979673,0.171283153,2,0.073374,,0.662907973,-0.083378888,-0.0950424894,-0.889379836,-0.136603627,0.0416473697,0.377455136
1781693870.624994,2026-06-17T18:57:50.624,1781693870.471815,right,base,1,pelvis,200,0.001,-0.035972045,-0.310869318,-0.0267865,0.777857948,0.624071947,0.0267813522,0.0689490879,0.407453205,-0.0303229822,-0.100231185,-0.589372108,-0.0966445087,0.0440562291,0.00637974316,1,1,0.00458623993,0.0475759883,1,0.030264,,0.407453205,-0.0303229822,-0.100231185,-0.589372108,-0.0966445087,0.0440562291,0.00637974316
1781693870.641266,2026-06-17T18:57:50.641,1781693870.572046,left,base,1,pelvis,200,0.001,-0.031753245,0.226481482,-0.0167815,-0.610511421,0.762919159,0.140683258,0.159494144,0.671914947,-0.0792290633,-0.0934723089,-0.892831112,-0.13086154,0.0380901852,0.364292306,1,1,0.039778212,0.25507519,2,0.077008,,0.630279085,-0.0936210909,-0.097622837,-0.85193551,-0.140363009,0.0591060023,0.387841371
1781693870.641761,2026-06-17T18:57:50.641,1781693870.471815,right,base,1,pelvis,200,0.001,-0.035972045,-0.310869318,-0.0267865,0.777857948,0.624071947,0.0267813522,0.0689490879,0.408939637,-0.0302222801,-0.10176698,-0.589878299,-0.098199604,0.043764949,0.0067089753,1,1,0.00382393673,0.0446612772,1,0.028819,,0.408939637,-0.0302222801,-0.10176698,-0.589878299,-0.098199604,0.043764949,0.0067089753
1781693870.658023,2026-06-17T18:57:50.658,1781693870.605939,left,base,1,pelvis,200,0.001,-0.030806345,0.213358932,0.0044405,-0.60613282,0.764794161,0.135082433,0.171597294,0.641737224,-0.0801215383,-0.0938099971,-0.854843201,-0.132096453,0.0560336252,0.377454279,1,1,0.0393130149,0.224493505,2,0.063621,,0.626254173,-0.0977595961,-0.102035198,-0.853676299,-0.144269144,0.0880151693,0.404257466
1781693870.658524,2026-06-17T18:57:50.658,1781693870.555159,right,base,1,pelvis,200,0.001,-0.03706193,-0.316302568,-0.022306,0.779629705,0.621062343,0.0264386319,0.0758952433,0.408492815,-0.0302525511,-0.10130532,-0.589726137,-0.0977321419,0.0438525078,0.00661000803,1,1,0.00383373468,0.0406824306,2,0.04525,,0.43186667,-0.0333716376,-0.110163627,-0.621647478,-0.105705202,0.0536328299,0.00996134545
1781693870.674829,2026-06-17T18:57:50.674,1781693870.605939,left,base,1,pelvis,200,0.001,-0.030806345,0.213358932,0.0044405,-0.60613282,0.764794161,0.135082433,0.171597294,0.635103773,-0.0832142167,-0.0946834992,-0.854177064,-0.133990278,0.0855284211,0.396182863,1,1,0.0398039213,0.199801399,2,0.088151,,0.618817427,-0.100941362,-0.102813688,-0.850514714,-0.145322453,0.114116522,0.421762148
1781693870.675369,2026-06-17T18:57:50.675,1781693870.621846,right,base,1,pelvis,200,0.001,-0.04085531,-0.320346768,-0.006917,0.783950974,0.61367941,0.0283484611,0.0895255062,0.426245537,-0.0327376695,-0.105103763,-0.620109283,-0.100653117,0.0526320229,0.00720481494,1,1,0.00800859344,0.0558284511,2,0.047423,,0.50406625,-0.0317328657,-0.11779106,-0.738672378,-0.111374361,0.0902727801,0.00662118237
1781693870.691682,2026-06-17T18:57:50.691,1781693870.605939,left,base,1,pelvis,200,0.001,-0.030806345,0.213358932,0.0044405,-0.60613282,0.764794161,0.135082433,0.171597294,0.625508275,-0.0898753001,-0.0964958953,-0.852208041,-0.136524302,0.11216239,0.415624213,1,1,0.0381248083,0.18012924,2,0.070385,,0.608822308,-0.106972447,-0.104177299,-0.845608865,-0.146871415,0.136803257,0.43959814
1781693870.692216,2026-06-17T18:57:50.692,1781693870.621846,right,base,1,pelvis,200,0.001,-0.04085531,-0.320346768,-0.006917,0.783950974,0.61367941,0.0283484611,0.0895255062,0.476844158,-0.0329345642,-0.106675231,-0.670707905,-0.102222168,0.0862036197,0.0080609246,1,1,0.00596152381,0.0663091022,2,0.048134,,0.518655578,-0.0316580515,-0.117986563,-0.753783046,-0.111784607,0.1160028,0.00489904442
1781693870.708491,2026-06-17T18:57:50.708,1781693870.638843,left,base,1,pelvis,200,0.001,-0.0253405,0.210729982,-0.0022635,-0.60528122,0.76630674,0.143660869,0.160530932,0.613759642,-0.0988303069,-0.0981730037,-0.84686379,-0.140223486,0.135316511,0.435049196,1,1,0.0405955362,0.177112938,2,0.069863,,0.588867067,-0.116252173,-0.104848935,-0.829012325,-0.149183831,0.15798039,0.457574602
1781693870.709010,2026-06-17T18:57:50.709,1781693870.638515,right,base,1,pelvis,200,0.001,-0.04013411,-0.323903718,-0.0065745,0.784160426,0.613072339,0.0287922864,0.0916828055,0.501217939,-0.0326827066,-0.109004939,-0.721277916,-0.104140328,0.112650869,0.00775917665,1,1,0.0052322389,0.0682265507,2,0.054438,,0.526007468,-0.0350973926,-0.120985865,-0.770727617,-0.113849566,0.125580245,0.00790575659
1781693870.725841,2026-06-17T18:57:50.725,1781693870.638843,left,base,1,pelvis,200,0.001,-0.0253405,0.210729982,-0.0022635,-0.60528122,0.76630674,0.143660869,0.160530932,0.59247603,-0.110339385,-0.100102559,-0.829948513,-0.144364764,0.156868778,0.454250204,1,1,0.0360336568,0.16105315,2,0.08728,,0.569170872,-0.126100361,-0.105783811,-0.811018677,-0.152062644,0.175463469,0.474670165
1781693870.726397,2026-06-17T18:57:50.726,1781693870.655182,right,base,1,pelvis,200,0.001,-0.03949722,-0.328811168,-0.0094915,0.78352695,0.613654173,0.0286493205,0.0932378181,0.512420105,-0.0336014035,-0.111003621,-0.766504204,-0.105841411,0.122934975,0.00712271098,1,1,0.00514537491,0.0581608756,2,0.044637,,0.519757719,-0.0414518657,-0.123751654,-0.766649026,-0.115772963,0.110287201,0.0134061467
1781693870.742019,2026-06-17T18:57:50.742,1781693870.655423,left,base,1,pelvis,200,0.001,-0.03326853,0.219706232,0.005862,-0.606554852,0.766088254,0.124682514,0.172204152,0.572698394,-0.120356617,-0.101618686,-0.811954203,-0.147389528,0.174358808,0.47142245,1,1,0.0218713135,0.120580909,2,0.072946,,0.562985879,-0.130195723,-0.10667583,-0.806019725,-0.154007072,0.186851041,0.485953169
1781693870.742540,2026-06-17T18:57:50.742,1781693870.655182,right,base,1,pelvis,200,0.001,-0.03949722,-0.328811168,-0.0094915,0.78352695,0.613654173,0.0286493205,0.0932378181,0.515759239,-0.0403038816,-0.11474661,-0.76754212,-0.107809438,0.111553432,0.00851257846,1,1,0.00340434865,0.052848421,2,0.04396,,0.521663915,-0.0432816537,-0.12517997,-0.766078176,-0.116533726,0.100298037,0.0112971053
1781693870.758951,2026-06-17T18:57:50.758,1781693870.655423,left,base,1,pelvis,200,0.001,-0.03326853,0.219706232,0.005862,-0.606554852,0.766088254,0.124682514,0.172204152,0.566421161,-0.124611389,-0.102867793,-0.80693597,-0.149465793,0.185760687,0.482781758,1,1,0.0208600618,0.110813543,2,0.070943,,0.556999503,-0.133922824,-0.107679041,-0.80059507,-0.155611857,0.196774493,0.496268276
1781693870.760051,2026-06-17T18:57:50.760,1781693870.671854,right,base,1,pelvis,200,0.001,-0.03931459,-0.334397318,-0.01365,0.782595195,0.614581382,0.0282309418,0.0950657671,0.516746906,-0.0424129755,-0.118395942,-0.767321516,-0.109776512,0.101274741,0.0097213411,1,1,0.0049211587,0.0469908191,2,0.045628,,0.506413395,-0.0508018023,-0.128993401,-0.737096925,-0.118435174,0.0802519857,0.0171165169
1781693870.775561,2026-06-17T18:57:50.775,1781693870.688659,left,base,1,pelvis,200,0.001,-0.03800813,0.240499832,-0.0188585,-0.623164873,0.756712408,0.10319,0.168533965,0.56033738,-0.128505804,-0.104091561,-0.801491057,-0.151208773,0.195703062,0.49317963,1,1,0.0121052233,0.0421989295,2,0.077078,,0.465574292,-0.131890001,-0.0987271398,-0.657006255,-0.150991982,0.151573605,0.504942373
1781693870.776086,2026-06-17T18:57:50.776,1781693870.671854,right,base,1,pelvis,200,0.001,-0.03931459,-0.334397318,-0.01365,0.782595195,0.614581382,0.0282309418,0.0950657671,0.510206674,-0.0501692502,-0.124144644,-0.738198077,-0.113603955,0.0809824537,0.0144801485,1,1,0.00224124921,0.0422368825,2,0.045065,,0.503034231,-0.0529922116,-0.131841067,-0.72418357,-0.120396905,0.0717141262,0.0164828367
1781693870.792289,2026-06-17T18:57:50.792,1781693870.688659,left,base,1,pelvis,200,0.001,-0.03800813,0.240499832,-0.0188585,-0.623164873,0.756712408,0.10319,0.168533965,0.512268618,-0.130120199,-0.105160712,-0.753422295,-0.152520993,0.154508147,0.494100117,1,1,0.00974927834,0.0592713345,2,0.064121,,0.443746715,-0.131816372,-0.100783683,-0.625507905,-0.152701061,0.110694643,0.50661632
1781693870.792772,2026-06-17T18:57:50.792,1781693870.671854,right,base,1,pelvis,200,0.001,-0.03931459,-0.334397318,-0.01365,0.782595195,0.614581382,0.0282309418,0.0950657671,0.506258698,-0.0524522184,-0.127721468,-0.725136426,-0.116293442,0.0723461791,0.0152376521,1,1,0.0014932436,0.0380769029,2,0.046931,,0.501255755,-0.053230103,-0.134026704,-0.718670088,-0.122085935,0.0680169257,0.0153692586
1781693870.809068,2026-06-17T18:57:50.809,1781693870.705415,left,base,1,pelvis,200,0.001,-0.0281591,0.241436182,-0.049466,-0.631852972,0.752333618,0.117222886,0.144964628,0.461226538,-0.1304543,-0.103946191,-0.702380216,-0.152232348,0.113339343,0.496146904,1,1,0.0388564805,0.137982664,2,0.07082,,0.406090405,-0.132201596,-0.0977585616,-0.60416768,-0.147895059,0.081817466,0.500729494
1781693870.809584,2026-06-17T18:57:50.809,1781693870.738515,right,base,1,pelvis,200,0.001,-0.04609251,-0.328850268,-0.005581,0.786769288,0.608182179,0.0280625371,0.101592411,0.504387625,-0.0527056988,-0.130025526,-0.719602405,-0.118101097,0.06863541,0.0156287037,1,1,0.00377716283,0.0498002075,2,0.043281,,0.537251171,-0.0427234724,-0.136955361,-0.765944784,-0.124269439,0.075366041,0.00670155611
1781693870.825852,2026-06-17T18:57:50.825,1781693870.705415,left,base,1,pelvis,200,0.001,-0.0281591,0.241436182,-0.049466,-0.631852972,0.752333618,0.117222886,0.144964628,0.418395281,-0.130728298,-0.103310013,-0.65295819,-0.152326636,0.0840792052,0.498252958,1,1,0.0387766328,0.158694409,2,0.059412,,0.367645073,-0.132520236,-0.0975253243,-0.555356361,-0.148076825,0.0506902077,0.503409935
1781693870.826916,2026-06-17T18:57:50.826,1781693870.738515,right,base,1,pelvis,200,0.001,-0.04609251,-0.328850268,-0.005581,0.786769288,0.608182179,0.0280625371,0.101592411,0.532827357,-0.0473068685,-0.133063769,-0.764580719,-0.120394714,0.0745744601,0.00878007112,1,1,0.00244726553,0.0434203046,2,0.04123,,0.548075463,-0.0394282395,-0.138517418,-0.781236406,-0.125577505,0.0717242224,0.00221082435
1781693870.842607,2026-06-17T18:57:50.842,1781693870.755392,left,base,1,pelvis,200,0.001,-0.02795945,0.243450182,-0.051405,-0.643573805,0.742798522,0.106600833,0.15066312,0.377394402,-0.131052808,-0.102087247,-0.600843226,-0.151350534,0.0525790538,0.498798441,1,1,0.041070715,0.151807622,2,0.082776,,0.328915934,-0.132088345,-0.0954918848,-0.500881592,-0.145903911,0.0134403358,0.503360712
1781693870.843156,2026-06-17T18:57:50.843,1781693870.788530,right,base,1,pelvis,200,0.001,-0.04567861,-0.340535518,-0.0123775,0.785944729,0.609151378,0.0254793898,0.10284106,0.543768713,-0.0438801314,-0.134739075,-0.779893014,-0.121815857,0.0723025832,0.00423356969,1,1,0.0046736428,0.0382971776,2,0.048045,,0.525300113,-0.0526636301,-0.143581137,-0.740298615,-0.129265296,0.0521692709,0.0118427671
1781693870.859392,2026-06-17T18:57:50.859,1781693870.788893,left,base,1,pelvis,200,0.001,-0.0319461,0.248704682,-0.042032,-0.651246099,0.734830781,0.0830978938,0.170284998,0.3366368,-0.131376411,-0.101081232,-0.552231585,-0.150628602,0.0150295051,0.499815388,1,1,0.0436503013,0.122168461,2,0.079601,,0.310071784,-0.12932256,-0.0957162213,-0.478816806,-0.145932697,-0.0226668093,0.501967916
1781693870.859936,2026-06-17T18:57:50.859,1781693870.805217,right,base,1,pelvis,200,0.001,-0.04478881,-0.345908568,-0.01579,0.785008122,0.61020802,0.024445356,0.103975216,0.528141635,-0.0521835015,-0.139900369,-0.741126343,-0.125602489,0.0527562588,0.00985802672,1,1,0.00477366859,0.0325091319,2,0.047776,,0.503320504,-0.0626079227,-0.147555933,-0.699363144,-0.132039252,0.0365848034,0.0177871018
1781693870.876249,2026-06-17T18:57:50.876,1781693870.838888,left,base,1,pelvis,200,0.001,-0.01221585,0.255893782,-0.0861235,-0.637198213,0.750351193,0.0939223816,0.148761926,0.315957261,-0.129798817,-0.0997201685,-0.50181893,-0.149478091,-0.021378928,0.500678711,1,1,0.0494341523,0.132353399,8,0.143209,,0.0612019034,-0.112856939,-0.0718862798,-0.0426764856,-0.123188009,-0.177820609,0.490466095
1781693870.876718,2026-06-17T18:57:50.876,1781693870.805217,right,base,1,pelvis,200,0.001,-0.04478881,-0.345908568,-0.01579,0.785008122,0.61020802,0.024445356,0.103975216,0.506108376,-0.0621292632,-0.143974526,-0.700217346,-0.128476762,0.0371741732,0.0158513046,1,1,0.00237599108,0.0294595526,2,0.037724,,0.493376796,-0.0662202955,-0.149381799,-0.681048945,-0.133334247,0.0298704285,0.018478636
1781693870.893085,2026-06-17T18:57:50.893,1781693870.838888,left,base,1,pelvis,200,0.001,-0.01221585,0.255893782,-0.0861235,-0.637198213,0.750351193,0.0939223816,0.148761926,0.265726281,-0.120544309,-0.0986691603,-0.451587951,-0.14854745,-0.0716099079,0.501017118,1,1,0.0492657188,0.132392013,9,0.163746,,0.00879069882,-0.113016034,-0.0717227744,0.055400166,-0.122479196,-0.223564069,0.493531333
1781693870.894116,2026-06-17T18:57:50.894,1781693870.821877,right,base,1,pelvis,200,0.001,-0.04733716,-0.341899218,-0.0106885,0.78488133,0.610123925,0.0236693387,0.105592881,0.496098402,-0.065750756,-0.145898494,-0.681900935,-0.12986996,0.0304512549,0.0165962147,1,1,0.00416698899,0.0372364757,1,0.058042,,0.496098402,-0.065750756,-0.145898494,-0.681900935,-0.12986996,0.0304512549,0.0165962147
1781693870.909647,2026-06-17T18:57:50.909,1781693870.838888,left,base,1,pelvis,200,0.001,-0.01221585,0.255893782,-0.0861235,-0.637198213,0.750351193,0.0939223816,0.148761926,0.213346673,-0.119705797,-0.0957477773,-0.399208342,-0.145781331,-0.123989516,0.499866249,1,1,0.0493389864,0.129503408,12,0.152231,,0.102625195,-0.102638039,-0.0754983112,-0.108111991,-0.125359235,-0.151167363,0.485355754
1781693870.910097,2026-06-17T18:57:50.910,1781693870.838546,right,base,1,pelvis,200,0.001,-0.05215786,-0.334897918,-0.0014585,0.783861319,0.611163297,0.0208911225,0.107723801,0.495222308,-0.0659019023,-0.147019781,-0.681626677,-0.130985125,0.030264285,0.0172021722,1,1,0.00656516476,0.0264575232,2,0.038964,,0.553024951,-0.0486983341,-0.149960145,-0.770726596,-0.133094714,0.0561873821,0.000974408616
1781693870.932417,2026-06-17T18:57:50.932,1781693870.872104,left,base,1,pelvis,200,0.001,-0.0099179,0.254926682,-0.0909535,-0.629025262,0.7583515,0.105195542,0.134774328,0.165604068,-0.109050908,-0.0932072986,-0.351465737,-0.14331729,-0.16157049,0.499196376,1,1,0.0518120878,0.140583696,400,5.249269,using best approximate IK outside the usable position/orientation threshold,0.0106611213,-0.10645609,0.0452840882,-0.0542673715,-0.101875294,0.0929644338,0.460574019
1781693870.932913,2026-06-17T18:57:50.932,1781693870.871878,right,base,1,pelvis,200,0.001,-0.05925226,-0.327293368,0.01054,0.781050702,0.614468663,0.0142451477,0.110386316,0.542964913,-0.0584791094,-0.146686598,-0.729369282,-0.130653761,0.0545497578,0.00543385107,1,1,0.00936354632,0.032621128,2,0.052688,,0.619847001,-0.032198045,-0.146925549,-0.862900191,-0.129895578,0.0984617272,-0.021377277
1781693870.943350,2026-06-17T18:57:50.943,1781693870.888887,left,base,1,pelvis,200,0.001,-0.02404503,0.253423582,-0.058262,-0.632067527,0.755708058,0.0913714412,0.145076644,0.0970925819,-0.108071362,-0.0246958126,-0.282954251,-0.140574254,-0.0930590034,0.487086235,1,1,0.0440549139,0.188242446,5,0.119667,,-0.0201036569,-0.116611882,-0.0256778683,0.0816682069,-0.141192026,-0.26558183,0.512727294
1781693870.943835,2026-06-17T18:57:50.943,1781693870.871878,right,base,1,pelvis,200,0.001,-0.05925226,-0.327293368,0.01054,0.781050702,0.614468663,0.0142451477,0.110386316,0.609575291,-0.0426142127,-0.147724939,-0.797880768,-0.13142801,0.0965986936,-0.016583465,1,1,0.0100269218,0.0579822149,2,0.042428,,0.638343997,-0.02496572,-0.146015894,-0.883228939,-0.129832206,0.131127721,-0.0372686206
1781693870.960229,2026-06-17T18:57:50.960,1781693870.888887,left,base,1,pelvis,200,0.001,-0.02404503,0.253423582,-0.058262,-0.632067527,0.755708058,0.0913714412,0.145076644,0.0643260013,-0.107942634,-0.0170716532,-0.250187671,-0.137490171,-0.125825584,0.484973366,1,1,0.0485677297,0.211017867,5,0.097385,,-0.0448203156,-0.116389556,-0.0201094694,0.118885816,-0.140247747,-0.30146255,0.512974424
1781693870.960683,2026-06-17T18:57:50.960,1781693870.888553,right,base,1,pelvis,200,0.001,-0.05749626,-0.332509918,0.005556,0.780644244,0.6151236,0.0131367144,0.109749478,0.629647759,-0.0337550258,-0.147598678,-0.830647348,-0.131185966,0.129365274,-0.0331916695,1,1,0.0104914775,0.0719581771,2,0.038543,,0.623595404,-0.0285834132,-0.147221185,-0.865037758,-0.13087121,0.145534031,-0.042513952
1781693870.977107,2026-06-17T18:57:50.977,1781693870.922237,left,base,1,pelvis,200,0.001,-0.03976103,0.250950232,-0.022182,-0.644929397,0.744047291,0.0650048421,0.161969358,0.0138010513,-0.108998434,-0.0181197769,-0.199662721,-0.137941009,-0.176350534,0.488353429,1,1,0.0450091852,0.182102076,6,0.12232,,0.220988839,-0.118760648,-0.03647701,-0.293892025,-0.154908017,-0.194138288,0.492727914
1781693870.977602,2026-06-17T18:57:50.977,1781693870.921899,right,base,1,pelvis,200,0.001,-0.05300881,-0.345841468,-0.007431,0.78134056,0.614620008,0.012487743,0.107671869,0.627734436,-0.0315858531,-0.147208052,-0.866059832,-0.130851863,0.144262493,-0.039433158,1,1,0.00928906029,0.0527220501,2,0.042473,,0.576876732,-0.047063055,-0.151698035,-0.805723975,-0.134321992,0.121401233,-0.0284425922
1781693870.994024,2026-06-17T18:57:50.994,1781693870.922237,left,base,1,pelvis,200,0.001,-0.03976103,0.250950232,-0.022182,-0.644929397,0.744047291,0.0650048421,0.161969358,0.0645305645,-0.109938101,-0.0183727356,-0.250392234,-0.138234275,-0.202602538,0.491483608,1,1,0.0419423773,0.19975719,6,0.142977,,0.22356821,-0.119264792,-0.0352321271,-0.281613676,-0.15385113,-0.226371578,0.496703733
1781693870.994575,2026-06-17T18:57:50.994,1781693870.938562,right,base,1,pelvis,200,0.001,-0.05666466,-0.345364568,-0.004051,0.783732359,0.611569575,0.0125080199,0.10765591,0.579980073,-0.0465343202,-0.147573053,-0.815330319,-0.13085701,0.121960166,-0.0306042334,1,1,0.00216934154,0.0395107265,2,0.04141,,0.572252289,-0.0511534935,-0.152085017,-0.798735013,-0.134939386,0.103432544,-0.0241790835
1781693871.010516,2026-06-17T18:57:51.010,1781693870.938796,left,base,1,pelvis,200,0.001,-0.01810018,0.248479682,-0.0721735,-0.650835307,0.743666433,0.0676689791,0.13709321,0.115445329,-0.110956306,-0.0204621384,-0.281165125,-0.140158581,-0.209222033,0.491627213,1,1,0.0475692174,0.217167289,6,0.091636,,0.0504555589,-0.113684015,-0.0182307997,-0.0217133671,-0.137781795,-0.294340126,0.488177661
1781693871.010920,2026-06-17T18:57:51.010,1781693870.955417,right,base,1,pelvis,200,0.001,-0.06035001,-0.343050968,0.000678,0.786043798,0.608535072,0.0121156384,0.10804363,0.574465897,-0.0507730516,-0.149148424,-0.799335156,-0.132019907,0.103848334,-0.0257220186,1,1,0.00439014155,0.0484822652,1,0.022491,,0.574465897,-0.0507730516,-0.149148424,-0.799335156,-0.132019907,0.103848334,-0.0257220186
1781693871.032472,2026-06-17T18:57:51.032,1781693870.972130,left,base,1,pelvis,200,0.001,-0.00100155,0.250677932,-0.102896,-0.648835559,0.75029143,0.0644816986,0.109166379,0.106069624,-0.111924207,-0.0221827752,-0.23207927,-0.141753701,-0.258307889,0.492218604,1,1,0.0680528349,0.227518252,400,5.02891,using best approximate IK outside the usable position/orientation threshold,0.0599611105,-0.0975749559,-0.0126404289,-0.0862936142,-0.131660094,-0.210171509,0.438621457
1781693871.032973,2026-06-17T18:57:51.032,1781693870.955417,right,base,1,pelvis,200,0.001,-0.06035001,-0.343050968,0.000678,0.786043798,0.608535072,0.0121156384,0.10804363,0.573795671,-0.05088824,-0.150037552,-0.799153447,-0.132903853,0.103722443,-0.0252548561,1,1,0.00457662539,0.0469390359,1,0.028352,,0.573795671,-0.05088824,-0.150037552,-0.799153447,-0.132903853,0.103722443,-0.0252548561
1781693871.049536,2026-06-17T18:57:51.049,1781693870.972130,left,base,1,pelvis,200,0.001,-0.00100155,0.250677932,-0.102896,-0.648835559,0.75029143,0.0644816986,0.109166379,0.0971936307,-0.10154025,-0.0215520408,-0.165915968,-0.141119785,-0.215457346,0.457923371,1,1,0.074690136,0.266850111,400,5.417669,using best approximate IK outside the usable position/orientation threshold,0.055145744,-0.0990814019,-0.0176236495,-0.100701835,-0.137279971,-0.230293794,0.448627088
1781693871.050056,2026-06-17T18:57:51.050,1781693870.955417,right,base,1,pelvis,200,0.001,-0.06035001,-0.343050968,0.000678,0.786043798,0.608535072,0.0121156384,0.10804363,0.574059364,-0.0508429204,-0.149687735,-0.799224938,-0.132556075,0.103771974,-0.0254386559,1,1,0.00449947326,0.0475448408,1,0.032877,,0.574059364,-0.0508429204,-0.149687735,-0.799224938,-0.132556075,0.103771974,-0.0254386559
1781693871.066567,2026-06-17T18:57:51.066,1781693870.972130,left,base,1,pelvis,200,0.001,-0.00100155,0.250677932,-0.102896,-0.648835559,0.75029143,0.0644816986,0.109166379,0.0922557647,-0.101014363,-0.0203701615,-0.114917519,-0.139865218,-0.219191007,0.455363505,1,1,0.0671095576,0.237198141,400,5.01656,using best approximate IK outside the usable position/orientation threshold,0.0922557647,-0.101014363,-0.0203701615,-0.114917519,-0.139865218,-0.219191007,0.455363505
1781693871.067067,2026-06-17T18:57:51.067,1781693870.988745,right,base,1,pelvis,200,0.001,-0.06271261,-0.342017618,0.003265,0.78816069,0.605728486,0.0110255013,0.108508827,0.573975883,-0.0508572678,-0.149798481,-0.799202306,-0.132666175,0.103756293,-0.0253804681,1,1,0.00320915377,0.0391043606,2,0.045187,,0.600023379,-0.0454178202,-0.154973406,-0.830767299,-0.137665881,0.100370424,-0.0261935775
1781693871.082756,2026-06-17T18:57:51.082,1781693870.988901,left,base,1,pelvis,200,0.001,0.01077895,0.254269182,-0.120458,-0.642882876,0.758354596,0.0630093621,0.0873483556,0.0871432582,-0.100748066,-0.0199917849,-0.110133847,-0.139509059,-0.220720596,0.454435454,1,1,0.0783291639,0.0875144902,400,5.16679,using best approximate IK outside the usable position/orientation threshold,0.0400790035,-0.077013505,0.0289338498,-0.187112576,-0.121316546,0.164536951,0.297173461
1781693871.083207,2026-06-17T18:57:51.083,1781693870.988745,right,base,1,pelvis,200,0.001,-0.06271261,-0.342017618,0.003265,0.78816069,0.605728486,0.0110255013,0.108508827,0.597075603,-0.0484130376,-0.15241262,-0.829818828,-0.135120145,0.100735311,-0.0253371138,1,1,0.00463040935,0.0424455541,1,0.026049,,0.597075603,-0.0484130376,-0.15241262,-0.829818828,-0.135120145,0.100735311,-0.0253371138
1781693871.100282,2026-06-17T18:57:51.100,1781693870.988901,left,base,1,pelvis,200,0.001,0.01077895,0.254269182,-0.120458,-0.642882876,0.758354596,0.0630093621,0.0873483556,0.0878459416,-0.0827271324,-0.0200437905,-0.158433636,-0.139558011,-0.172420806,0.406135665,1,1,0.0862994904,0.246354827,400,5.511683,using best approximate IK outside the usable position/orientation threshold,-0.0445200433,-0.0570069173,0.35369447,0.0161550477,-0.475103887,-0.213695859,0.327962094
1781693871.100842,2026-06-17T18:57:51.100,1781693871.038746,right,base,1,pelvis,200,0.001,-0.06406151,-0.348296168,-0.001685,0.791051279,0.601787682,0.00804283905,0.109657526,0.59796354,-0.0480921606,-0.153183987,-0.830104529,-0.135886978,0.100625399,-0.0255951001,1,1,0.00288857064,0.0370904695,2,0.049246,,0.592424666,-0.0517077456,-0.160099546,-0.809108983,-0.142203174,0.0811309462,-0.0198069775
1781693871.117007,2026-06-17T18:57:51.117,1781693870.988901,left,base,1,pelvis,200,0.001,0.01077895,0.254269182,-0.120458,-0.642882876,0.758354596,0.0630093621,0.0873483556,0.032696148,-0.0626497454,0.0351060031,-0.103283842,-0.194707804,-0.198530201,0.350985871,1,1,0.081731107,0.268952015,400,5.787674,using best approximate IK outside the usable position/orientation threshold,-0.0284989848,-0.0748289358,0.14838101,-0.0282226631,-0.103746538,-0.051541222,0.408440768
1781693871.117341,2026-06-17T18:57:51.117,1781693871.055414,right,base,1,pelvis,200,0.001,-0.06540246,-0.353899968,-0.0051455,0.791331525,0.60135044,0.0076534818,0.110061302,0.594235826,-0.0513931562,-0.157668182,-0.809595973,-0.139786561,0.0814926458,-0.0210845893,1,1,0.00395339742,0.0323463005,2,0.032154,,0.578156416,-0.0599859635,-0.164983365,-0.775458936,-0.146400094,0.0614049435,-0.0115570722
1781693871.131922,2026-06-17T18:57:51.131,1781693870.988901,left,base,1,pelvis,200,0.001,0.01077895,0.254269182,-0.120458,-0.642882876,0.758354596,0.0630093621,0.0873483556,0.0071908457,-0.0619872013,0.0820818542,-0.0563079913,-0.152752561,-0.15155435,0.372347557,1,1,0.0842234828,0.243230281,400,3.779512,using best approximate IK outside the usable position/orientation threshold,0.0071908457,-0.0619872013,0.0820818542,-0.0563079913,-0.152752561,-0.15155435,0.372347557
1781693871.132841,2026-06-17T18:57:51.132,1781693871.072082,right,base,1,pelvis,200,0.001,-0.06659501,-0.358724668,-0.007149,0.790529181,0.602362447,0.00799569031,0.110268606,0.579935661,-0.059672252,-0.162606326,-0.775961327,-0.144038004,0.0617738453,-0.0128107106,1,1,0.00395012515,0.0264554508,2,0.038754,,0.563913303,-0.0694224078,-0.169176483,-0.743886686,-0.15000372,0.0445187221,-0.00236711297
1781693871.144936,2026-06-17T18:57:51.144,1781693871.072265,left,base,1,pelvis,200,0.001,-0.035076645,0.257026982,-0.02153,-0.640117345,0.751960782,0.0463062818,0.150534034,0.0031440587,-0.0634432958,0.125881618,-0.0511918044,-0.147195881,-0.14069216,0.376440083,1,1,0.0477872726,0.160960663,3,0.043371,,0.185151529,-0.0993497817,0.105555982,-0.305284005,-0.167420638,-0.0581168954,0.375102889
1781693871.145285,2026-06-17T18:57:51.145,1781693871.088748,right,base,1,pelvis,200,0.001,-0.06910606,-0.358808818,-0.003992,0.791655482,0.600746757,0.00798382172,0.111000859,0.565661839,-0.0691086713,-0.166852122,-0.744402047,-0.147694419,0.044892201,-0.00359845023,1,1,0.00492367837,0.0349751515,1,0.025,,0.565661839,-0.0691086713,-0.166852122,-0.744402047,-0.147694419,0.044892201,-0.00359845023
1781693871.161955,2026-06-17T18:57:51.161,1781693871.088901,left,base,1,pelvis,200,0.001,-0.030718545,0.262234632,-0.048236,-0.663840818,0.732655648,0.0567951053,0.138943823,0.0403445096,-0.0633037297,0.12168343,-0.0883922553,-0.147728487,-0.103491709,0.376047816,1,1,0.0421387598,0.111628915,2,0.063506,,0.0328808049,-0.0680789522,0.11720852,-0.0430804197,-0.152070573,-0.136182359,0.384339561
1781693871.162287,2026-06-17T18:57:51.162,1781693871.105419,right,base,1,pelvis,200,0.001,-0.07258106,-0.355955718,0.0011385,0.793627837,0.598072413,0.00807137407,0.111351235,0.565244041,-0.0691836361,-0.167407509,-0.744278905,-0.148246208,0.0448029612,-0.00330423207,1,1,0.00353103102,0.0305115757,2,0.032912,,0.591577272,-0.0660575182,-0.173813067,-0.776153104,-0.154339609,0.0470613032,-0.00206416117
1781693871.178926,2026-06-17T18:57:51.178,1781693871.105616,left,base,1,pelvis,200,0.001,-0.014284645,0.268286882,-0.0965595,-0.68650348,0.716847674,0.0652207688,0.102901095,0.0678381088,-0.0680988363,0.11953804,-0.0602846995,-0.150348079,-0.127862673,0.375922115,1,1,0.049773862,0.0786488787,46,0.326333,,0.0378304053,-0.0623822635,0.128371087,-0.0190180991,-0.143474401,-0.128337958,0.320460504
1781693871.179285,2026-06-17T18:57:51.179,1781693871.122093,right,base,1,pelvis,200,0.001,-0.07667651,-0.351458718,0.0069925,0.796051166,0.594850303,0.00825221691,0.11129941,0.589038013,-0.0686285905,-0.17158751,-0.775375046,-0.152128675,0.0466354913,-0.00324153971,1,1,0.00511874082,0.0318359989,2,0.034973,,0.625252871,-0.0574543903,-0.176169646,-0.820585563,-0.157221257,0.0518205861,-0.00783738899
1781693871.199017,2026-06-17T18:57:51.199,1781693871.105616,left,base,1,pelvis,200,0.001,-0.014284645,0.268286882,-0.0965595,-0.68650348,0.716847674,0.0652207688,0.102901095,0.062992606,-0.0653050432,0.119215141,-0.0341004548,-0.150586837,-0.129015882,0.334107315,1,1,0.0502244439,0.0689090894,400,3.517331,using best approximate IK outside the usable position/orientation threshold,0.062992606,-0.0653050432,0.119215141,-0.0341004548,-0.150586837,-0.129015882,0.334107315
1781693871.199363,2026-06-17T18:57:51.199,1781693871.138751,right,base,1,pelvis,200,0.001,-0.08028146,-0.347558618,0.010343,0.797996344,0.592383198,0.00858080884,0.110500458,0.622752067,-0.0599678572,-0.173997681,-0.819794309,-0.155063167,0.0514018729,-0.0066820243,1,1,0.00512978723,0.032182002,2,0.031881,,0.652675239,-0.0475836699,-0.177208754,-0.853770635,-0.159341795,0.052446106,-0.0120950727
1781693871.216361,2026-06-17T18:57:51.216,1781693871.155848,left,base,1,pelvis,200,0.001,-0.00204295,0.271488082,-0.1272405,-0.69877216,0.708331543,0.0619354096,0.0784085336,0.0587220708,-0.0648089883,0.12076909,-0.0315406735,-0.149379713,-0.128900824,0.331791175,1,1,0.0814773146,0.106514328,400,4.233573,using best approximate IK outside the usable position/orientation threshold,0.0587220708,-0.0648089883,0.12076909,-0.0315406735,-0.149379713,-0.128900824,0.331791175
1781693871.217078,2026-06-17T18:57:51.217,1781693871.155437,right,base,1,pelvis,200,0.001,-0.08183091,-0.347083268,0.0114645,0.79888404,0.591241786,0.00846017059,0.110208286,0.650230658,-0.0500280674,-0.175101792,-0.852979766,-0.15724752,0.0520396223,-0.0109716556,1,1,0.0033829157,0.0303139618,2,0.05293,,0.667817084,-0.0420594272,-0.178452052,-0.870298148,-0.161628617,0.0506276953,-0.0134386721
1781693871.232778,2026-06-17T18:57:51.232,1781693871.155848,left,base,1,pelvis,200,0.001,-0.00204295,0.271488082,-0.1272405,-0.69877216,0.708331543,0.0619354096,0.0784085336,0.0593978716,-0.0648874877,0.120523182,-0.031945752,-0.149570737,-0.128919032,0.332157698,1,1,0.0815433382,0.106543298,400,3.611918,using best approximate IK outside the usable position/orientation threshold,0.0593978716,-0.0648874877,0.120523182,-0.031945752,-0.149570737,-0.128919032,0.332157698
1781693871.233491,2026-06-17T18:57:51.233,1781693871.155437,right,base,1,pelvis,200,0.001,-0.08183091,-0.347083268,0.0114645,0.79888404,0.591241786,0.00846017059,0.110208286,0.665423732,-0.0444459432,-0.176397417,-0.869515804,-0.159585627,0.0509525746,-0.0123426841,1,1,0.00469803836,0.035286205,1,0.027086,,0.665423732,-0.0444459432,-0.176397417,-0.869515804,-0.159585627,0.0509525746,-0.0123426841
1781693871.249746,2026-06-17T18:57:51.249,1781693871.155848,left,base,1,pelvis,200,0.001,-0.00204295,0.271488082,-0.1272405,-0.69877216,0.708331543,0.0619354096,0.0784085336,0.0592923905,-0.0648752352,0.120561564,-0.0318825261,-0.149540921,-0.12891619,0.33210049,1,1,0.0815329744,0.106538604,400,3.539412,using best approximate IK outside the usable position/orientation threshold,0.0592923905,-0.0648752352,0.120561564,-0.0318825261,-0.149540921,-0.12891619,0.33210049
1781693871.250050,2026-06-17T18:57:51.250,1781693871.155437,right,base,1,pelvis,200,0.001,-0.08183091,-0.347083268,0.0114645,0.79888404,0.591241786,0.00846017059,0.110208286,0.666158221,-0.044192966,-0.177027958,-0.869755896,-0.160212594,0.0508528734,-0.0126790286,1,1,0.00441916156,0.0340681492,1,0.01858,,0.666158221,-0.044192966,-0.177027958,-0.869755896,-0.160212594,0.0508528734,-0.0126790286
1781693871.263016,2026-06-17T18:57:51.263,1781693871.189050,left,base,1,pelvis,200,0.001,-0.01783825,0.264353932,-0.080682,-0.677756332,0.722517637,0.0615903031,0.12174257,0.0593098421,-0.0648772624,0.120555214,-0.0318929867,-0.149545854,-0.12891666,0.332109955,1,1,0.0497386919,0.164789805,7,0.096845,,-0.0314453024,-0.0658997328,0.111827241,0.0893675197,-0.158149481,-0.286978561,0.369888724
1781693871.263344,2026-06-17T18:57:51.263,1781693871.205445,right,base,1,pelvis,200,0.001,-0.08096966,-0.356925468,0.0062885,0.799374366,0.590345979,0.00491936784,0.111660414,0.66592746,-0.0442724459,-0.176829856,-0.869680464,-0.160015615,0.0508841973,-0.0125733565,1,1,0.00357046559,0.0282661725,2,0.030105,,0.65366983,-0.0520007238,-0.18424744,-0.844465214,-0.166987223,0.0416809174,-0.00433096307
1781693871.279778,2026-06-17T18:57:51.279,1781693871.222347,left,base,1,pelvis,200,0.001,-0.00799955,0.250860132,-0.073775,-0.615327146,0.766223882,0.123974584,0.137490978,0.0204485674,-0.0648786936,0.12055073,0.006968288,-0.149549337,-0.167777935,0.360919907,1,1,0.0353318212,0.241739936,2,0.044881,,0.036864679,-0.077885721,0.111550177,-0.0254493598,-0.158528664,-0.138329318,0.377190886
1781693871.280065,2026-06-17T18:57:51.280,1781693871.222107,right,base,1,pelvis,200,0.001,-0.08230976,-0.356618868,0.0056555,0.800767894,0.588295806,0.00312749359,0.112556847,0.655051554,-0.0517536553,-0.182323772,-0.84482452,-0.165074718,0.0419902822,-0.00534359852,1,1,0.00431872187,0.037047986,1,0.020417,,0.655051554,-0.0517536553,-0.182323772,-0.84482452,-0.165074718,0.0419902822,-0.00534359852
1781693871.296588,2026-06-17T18:57:51.296,1781693871.222347,left,base,1,pelvis,200,0.001,-0.00799955,0.250860132,-0.073775,-0.615327146,0.766223882,0.123974584,0.137490978,0.0260030418,-0.065064427,0.118963873,-0.0243525803,-0.151113757,-0.139795808,0.369709211,1,1,0.0386624655,0.234722438,2,0.039339,,-0.041200451,-0.068509622,0.112014969,0.100956827,-0.158106489,-0.183265238,0.396396067
1781693871.296875,2026-06-17T18:57:51.296,1781693871.238777,right,base,1,pelvis,200,0.001,-0.08359401,-0.356866818,0.005471,0.802103272,0.586382181,0.00273695043,0.113043298,0.654620625,-0.0518307104,-0.182923721,-0.84471246,-0.165671185,0.0418937983,-0.00502778023,1,1,0.00214013919,0.0310595747,2,0.033464,,0.647443906,-0.0539204175,-0.188556577,-0.82693411,-0.171123456,0.0332418919,-0.00227760955
1781693871.317035,2026-06-17T18:57:51.317,1781693871.239060,left,base,1,pelvis,200,0.001,0.00641965,0.252341932,-0.104038,-0.602819999,0.776637477,0.140419912,0.117151726,-0.0244131893,-0.0675270506,0.117539903,0.0260636509,-0.15253796,-0.181082098,0.390291801,1,1,0.0645789443,0.214413508,400,3.678197,using best approximate IK outside the usable position/orientation threshold,0.0694900932,-0.11081072,0.0826926223,-0.155281328,-0.188088699,0.0147221955,0.435847435
1781693871.317441,2026-06-17T18:57:51.317,1781693871.255447,right,base,1,pelvis,200,0.001,-0.08476496,-0.357601518,0.005538,0.803339124,0.58464576,0.00328112834,0.113246726,0.648764141,-0.0536838472,-0.186721201,-0.827287231,-0.169298823,0.0335418304,-0.00324363419,1,1,0.00332630323,0.0380541586,1,0.025357,,0.648764141,-0.0536838472,-0.186721201,-0.827287231,-0.169298823,0.0335418304,-0.00324363419
1781693871.334090,2026-06-17T18:57:51.334,1781693871.255723,left,base,1,pelvis,200,0.001,0.011287,0.256336082,-0.118374,-0.597732438,0.783567272,0.128744394,0.110286643,0.0373019367,-0.0787702137,0.106782614,-0.0356514751,-0.161589258,-0.119366972,0.417999131,1,1,0.0790725997,0.237645622,400,3.821035,using best approximate IK outside the usable position/orientation threshold,-0.0406235648,-0.0916696821,0.268721437,-0.00579469751,-0.284485391,0.0829965757,0.459384606
1781693871.334430,2026-06-17T18:57:51.334,1781693871.272112,right,base,1,pelvis,200,0.001,-0.08619146,-0.359973718,0.005003,0.804262451,0.583227341,0.00462148924,0.113957979,0.64827224,-0.05377199,-0.187405037,-0.827155663,-0.169978656,0.0334300775,-0.00288370687,1,1,0.00247410706,0.0305020887,2,0.030495,,0.643390622,-0.057550209,-0.19395826,-0.811922558,-0.176486208,0.0245638621,0.00288322528
1781693871.351253,2026-06-17T18:57:51.351,1781693871.272334,left,base,1,pelvis,200,0.001,0.00651605,0.261618732,-0.1151695,-0.601113026,0.784268758,0.0973065049,0.118815359,-0.0136772007,-0.0834841858,0.157761751,-0.0163753144,-0.212568396,-0.0683878345,0.443983616,1,1,0.0740228033,0.137922378,400,4.358806,using best approximate IK outside the usable position/orientation threshold,0.0724845417,-0.0977404447,0.11714128,-0.158922039,-0.256329186,0.0808923694,0.40808068
1781693871.351560,2026-06-17T18:57:51.351,1781693871.272112,right,base,1,pelvis,200,0.001,-0.08619146,-0.359973718,0.005003,0.804262451,0.583227341,0.00462148924,0.113957979,0.644644316,-0.0573238663,-0.192215526,-0.812266016,-0.174753677,0.0248532138,0.00196460729,1,1,0.00260837092,0.0335459826,1,0.018918,,0.644644316,-0.0573238663,-0.192215526,-0.812266016,-0.174753677,0.0248532138,0.00196460729
1781693871.367422,2026-06-17T18:57:51.367,1781693871.272334,left,base,1,pelvis,200,0.001,0.00651605,0.261618732,-0.1151695,-0.601113026,0.784268758,0.0973065049,0.118815359,0.0377275139,-0.0847559034,0.134274173,-0.067780029,-0.26397311,-0.01698312,0.415528526,1,1,0.0728387257,0.158698434,400,3.713156,using best approximate IK outside the usable position/orientation threshold,0.0377275139,-0.0847559034,0.134274173,-0.067780029,-0.26397311,-0.01698312,0.415528526
1781693871.367750,2026-06-17T18:57:51.367,1781693871.272112,right,base,1,pelvis,200,0.001,-0.08619146,-0.359973718,0.005003,0.804262451,0.583227341,0.00462148924,0.113957979,0.64424443,-0.057396062,-0.192771399,-0.812156465,-0.175306296,0.0247609204,0.00225761549,1,1,0.00253741852,0.0325686759,1,0.018421,,0.64424443,-0.057396062,-0.192771399,-0.812156465,-0.175306296,0.0247609204,0.00225761549
1781693871.384002,2026-06-17T18:57:51.384,1781693871.272334,left,base,1,pelvis,200,0.001,0.00651605,0.261618732,-0.1151695,-0.601113026,0.784268758,0.0973065049,0.118815359,0.0526517056,-0.086085739,0.13163485,-0.075003989,-0.263476536,-0.0140713301,0.414381185,1,1,0.0732758248,0.152513327,400,3.583388,using best approximate IK outside the usable position/orientation threshold,0.0526517056,-0.086085739,0.13163485,-0.075003989,-0.263476536,-0.0140713301,0.414381185
1781693871.384362,2026-06-17T18:57:51.384,1781693871.322122,right,base,1,pelvis,200,0.001,-0.08978271,-0.369348218,0.0005475,0.804893882,0.58154216,0.00501067315,0.118023085,0.644365773,-0.0573741547,-0.192602723,-0.812189707,-0.175138607,0.0247889263,0.00216870398,1,1,0.00551115738,0.0289480353,2,0.031172,,0.625125884,-0.0707997073,-0.201535993,-0.769268432,-0.183195023,0.00385233334,0.0163839689
1781693871.401127,2026-06-17T18:57:51.401,1781693871.272334,left,base,1,pelvis,200,0.001,0.00651605,0.261618732,-0.1151695,-0.601113026,0.784268758,0.0973065049,0.118815359,0.0501844782,-0.0858658942,0.132071176,-0.0738097433,-0.263558628,-0.0145526994,0.414570861,1,1,0.0731502472,0.153498979,400,3.687548,using best approximate IK outside the usable position/orientation threshold,0.0501844782,-0.0858658942,0.132071176,-0.0738097433,-0.263558628,-0.0145526994,0.414570861
1781693871.401971,2026-06-17T18:57:51.401,1781693871.322122,right,base,1,pelvis,200,0.001,-0.08978271,-0.369348218,0.0005475,0.804893882,0.58154216,0.00501067315,0.118023085,0.62630458,-0.0705814864,-0.199907209,-0.769611842,-0.181576225,0.00413335714,0.01552024,1,1,0.00233670756,0.0242106584,2,0.033719,,0.616582064,-0.075639768,-0.205072299,-0.749726674,-0.186554682,-0.00580570808,0.0211137601
1781693871.414295,2026-06-17T18:57:51.414,1781693871.339059,left,base,1,pelvis,200,0.001,-0.029086145,0.260324582,-0.046338,-0.641316652,0.753046549,0.0450117267,0.140027826,0.0506375367,-0.0859062644,0.131991053,-0.0740290434,-0.263543554,-0.0144643053,0.41453603,1,1,0.0249324295,0.102399074,2,0.044254,,0.0520347375,-0.088217113,0.129314197,-0.0548293253,-0.265976556,-0.0388858043,0.416456296
1781693871.414594,2026-06-17T18:57:51.414,1781693871.355459,right,base,1,pelvis,200,0.001,-0.09048301,-0.378468218,-0.002543,0.804019225,0.582457886,0.00299444862,0.119527952,0.61773682,-0.0754242481,-0.203480992,-0.750072169,-0.184973213,-0.00552634303,0.0202683879,1,1,0.00499077907,0.0197002503,2,0.030679,,0.597836075,-0.089298852,-0.210304563,-0.713665259,-0.190857047,-0.0188594534,0.0325128835
1781693871.431076,2026-06-17T18:57:51.431,1781693871.339059,left,base,1,pelvis,200,0.001,-0.029086145,0.260324582,-0.046338,-0.641316652,0.753046549,0.0450117267,0.140027826,0.0505729894,-0.0859005129,0.132002468,-0.0590915278,-0.263545701,-0.0371149625,0.414540993,1,1,0.0221478962,0.0961283886,2,0.052379,,0.0508179922,-0.0878669378,0.129357009,-0.0403447856,-0.266011521,-0.0593418036,0.41621768
1781693871.431907,2026-06-17T18:57:51.431,1781693871.355459,right,base,1,pelvis,200,0.001,-0.09048301,-0.378468218,-0.002543,0.804019225,0.582457886,0.00299444862,0.119527952,0.598980677,-0.0890799221,-0.208738004,-0.714023617,-0.189300642,-0.0185780969,0.0316761581,1,1,0.00218334481,0.0170615251,2,0.05032,,0.589326035,-0.0945310098,-0.212571761,-0.697317537,-0.192767042,-0.0251377277,0.036251838
1781693871.447694,2026-06-17T18:57:51.447,1781693871.355690,left,base,1,pelvis,200,0.001,-0.053195935,0.257107832,0.0017065,-0.669757882,0.726565465,0.0205216506,0.15200614,0.0508617726,-0.0863581808,0.131471373,-0.0438017743,-0.264025942,-0.0578687993,0.41491938,1,1,0.0424321349,0.119411681,3,0.039182,,0.330701505,-0.129211317,0.117560773,-0.493382833,-0.276314357,0.0873611612,0.363699336
1781693871.447950,2026-06-17T18:57:51.447,1781693871.372126,right,base,1,pelvis,200,0.001,-0.09136221,-0.379113218,-0.0028085,0.80432789,0.581773418,0.000866909572,0.120812184,0.590447978,-0.0943145764,-0.211040997,-0.697675777,-0.191246374,-0.0248598069,0.0354329423,1,1,0.00329267917,0.0228142677,1,0.015593,,0.590447978,-0.0943145764,-0.211040997,-0.697675777,-0.191246374,-0.0248598069,0.0354329423
1781693871.464543,2026-06-17T18:57:51.464,1781693871.372333,left,base,1,pelvis,200,0.001,-0.047975585,0.253982582,-0.013128,-0.673318136,0.725614888,0.0390742628,0.136377873,0.0986744728,-0.0866569509,0.131052678,-0.0916144745,-0.264419134,-0.010056099,0.385807713,1,1,0.0324604163,0.121928603,2,0.061728,,0.242620941,-0.110829151,0.12539009,-0.337161504,-0.269814232,0.0783042966,0.359926953
1781693871.465014,2026-06-17T18:57:51.465,1781693871.372126,right,base,1,pelvis,200,0.001,-0.09136221,-0.379113218,-0.0028085,0.80432789,0.581773418,0.000866909572,0.120812184,0.590110735,-0.0943796339,-0.211501127,-0.697568094,-0.19170347,-0.0249433468,0.0356790932,1,1,0.00319047721,0.0220332836,1,0.021885,,0.590110735,-0.0943796339,-0.211501127,-0.697568094,-0.19170347,-0.0249433468,0.0356790932
1781693871.481388,2026-06-17T18:57:51.481,1781693871.372333,left,base,1,pelvis,200,0.001,-0.047975585,0.253982582,-0.013128,-0.673318136,0.725614888,0.0390742628,0.136377873,0.149832424,-0.0912996596,0.129580703,-0.142772426,-0.26571691,0.0411018524,0.379684887,1,1,0.0259723332,0.164906821,2,0.050692,,0.269188508,-0.112889268,0.123798236,-0.35430315,-0.270940789,0.116483764,0.357030077
1781693871.481704,2026-06-17T18:57:51.481,1781693871.405465,right,base,1,pelvis,200,0.001,-0.09232256,-0.378212318,-0.0019475,0.805028094,0.580684383,-0.000534399964,0.121388345,0.590218316,-0.0943588804,-0.211354345,-0.697602445,-0.191557656,-0.0249166974,0.0356005707,1,1,0.00251176841,0.0256532485,1,0.018901,,0.590218316,-0.0943588804,-0.211354345,-0.697602445,-0.191557656,-0.0249166974,0.0356005707
1781693871.498205,2026-06-17T18:57:51.498,1781693871.372333,left,base,1,pelvis,200,0.001,-0.047975585,0.253982582,-0.013128,-0.673318136,0.725614888,0.0390742628,0.136377873,0.199793753,-0.0934720033,0.129114564,-0.192733754,-0.266172672,0.0910631809,0.374632295,1,1,0.0281392358,0.20974953,2,0.061734,,0.28686984,-0.112090439,0.123898086,-0.355973554,-0.270463873,0.147286308,0.35738812
1781693871.498949,2026-06-17T18:57:51.498,1781693871.438803,right,base,1,pelvis,200,0.001,-0.09330516,-0.376679568,-0.00027,0.805981551,0.57939748,-0.00103797855,0.121207351,0.590296576,-0.0943437832,-0.211247567,-0.697627434,-0.191451582,-0.0248973112,0.035543449,1,1,0.00278253994,0.0286074595,1,0.029043,,0.590296576,-0.0943437832,-0.211247567,-0.697627434,-0.191451582,-0.0248973112,0.035543449
1781693871.514873,2026-06-17T18:57:51.514,1781693871.455754,left,base,1,pelvis,200,0.001,-0.049352025,0.253040282,-0.0096775,-0.681934235,0.71473886,0.0346414124,0.151373822,0.251704868,-0.0957697792,0.128485447,-0.24464487,-0.266736915,0.138748777,0.372549306,1,1,0.0374339911,0.281917754,2,0.066892,,0.317031338,-0.113637434,0.124303577,-0.377295469,-0.269592588,0.180375576,0.360754631
1781693871.515290,2026-06-17T18:57:51.515,1781693871.438803,right,base,1,pelvis,200,0.001,-0.09330516,-0.376679568,-0.00027,0.805981551,0.57939748,-0.00103797855,0.121207351,0.590355021,-0.0943325086,-0.211167826,-0.697646095,-0.191372366,-0.0248828335,0.0355007904,1,1,0.00276145967,0.0287363272,1,0.024635,,0.590355021,-0.0943325086,-0.211167826,-0.697646095,-0.191372366,-0.0248828335,0.0355007904
1781693871.531587,2026-06-17T18:57:51.531,1781693871.455754,left,base,1,pelvis,200,0.001,-0.049352025,0.253040282,-0.0096775,-0.681934235,0.71473886,0.0346414124,0.151373822,0.281927976,-0.0976785576,0.127948934,-0.293596973,-0.267172801,0.172462705,0.370776133,1,1,0.0394601211,0.297024416,2,0.039794,,0.329761449,-0.113932498,0.124180246,-0.396137699,-0.269227304,0.200832336,0.36260288
1781693871.531983,2026-06-17T18:57:51.531,1781693871.472144,right,base,1,pelvis,200,0.001,-0.09582451,-0.378294068,0.0021595,0.806048053,0.57954951,-0.00180998078,0.120023437,0.5903931,-0.0943251629,-0.211115872,-0.697658254,-0.191320756,-0.024873401,0.0354729975,1,1,0.00262026334,0.0214276002,2,0.037089,,0.605274124,-0.0933549223,-0.216206675,-0.713702864,-0.195550801,-0.0228941434,0.0354894333
1781693871.548671,2026-06-17T18:57:51.548,1781693871.505649,left,base,1,pelvis,200,0.001,-0.035313585,0.234977632,0.0037435,-0.650326586,0.735229484,0.0874414961,0.169902683,0.298903231,-0.099665752,0.127495015,-0.343737115,-0.267474112,0.193702432,0.369528259,1,1,0.0452607133,0.207842177,3,0.04861,,0.393829562,-0.146804901,0.112425807,-0.553769913,-0.279990288,0.272696263,0.379949228
1781693871.548954,2026-06-17T18:57:51.548,1781693871.488806,right,base,1,pelvis,200,0.001,-0.09910601,-0.379548968,0.0039925,0.806416205,0.579095943,-0.00305538176,0.119714069,0.603761442,-0.0943202328,-0.214867332,-0.713269054,-0.19422066,-0.0231156169,0.0354543438,1,1,0.00291846668,0.0195856694,2,0.035001,,0.617829478,-0.0934248518,-0.219598207,-0.725384547,-0.198194869,-0.0233536285,0.0362169053
1781693871.565685,2026-06-17T18:57:51.565,1781693871.505649,left,base,1,pelvis,200,0.001,-0.035313585,0.234977632,0.0037435,-0.650326586,0.735229484,0.0874414961,0.169902683,0.349880938,-0.115553625,0.127059975,-0.394714822,-0.267704206,0.244680139,0.368619351,1,1,0.0400763404,0.231361269,4,0.113561,,0.425697708,-0.168554757,0.106886529,-0.606580925,-0.283678794,0.318425352,0.386833815
1781693871.566303,2026-06-17T18:57:51.566,1781693871.488806,right,base,1,pelvis,200,0.001,-0.09910601,-0.379548968,0.0039925,0.806416205,0.579095943,-0.00305538176,0.119714069,0.616344863,-0.0940141828,-0.21828708,-0.724955266,-0.196893067,-0.0231169174,0.0355171597,1,1,0.00362677254,0.021718187,1,0.040412,,0.616344863,-0.0940141828,-0.21828708,-0.724955266,-0.196893067,-0.0231169174,0.0355171597
1781693871.582386,2026-06-17T18:57:51.582,1781693871.522376,left,base,1,pelvis,200,0.001,-0.020185,0.224563532,-0.0076655,-0.623036265,0.754705852,0.136646685,0.153533623,0.401864282,-0.141439056,0.125047905,-0.447216024,-0.269393435,0.29718134,0.372330569,1,1,0.0420208318,0.195050243,5,0.071426,,0.369834595,-0.193482106,0.105026703,-0.549297317,-0.289063957,0.370997512,0.424089559
1781693871.582657,2026-06-17T18:57:51.582,1781693871.505470,right,base,1,pelvis,200,0.001,-0.10317476,-0.380423518,0.0052305,0.807092669,0.57801887,-0.00478884414,0.12030244,0.616826508,-0.0938336421,-0.218712441,-0.725094535,-0.197315403,-0.0231937122,0.035744174,1,1,0.0030840435,0.0189967939,2,0.025361,,0.628500467,-0.0929694282,-0.223011571,-0.731268428,-0.200872412,-0.026763865,0.0366933136
1781693871.599210,2026-06-17T18:57:51.599,1781693871.522376,left,base,1,pelvis,200,0.001,-0.020185,0.224563532,-0.0076655,-0.623036265,0.754705852,0.136646685,0.153533623,0.38526571,-0.16999601,0.122146249,-0.495668163,-0.271389352,0.345633479,0.411375129,1,1,0.0480230195,0.208970369,3,0.06839,,0.367564217,-0.192019193,0.111960207,-0.533448755,-0.280983234,0.371142276,0.434130082
1781693871.600081,2026-06-17T18:57:51.600,1781693871.538813,right,base,1,pelvis,200,0.001,-0.10412626,-0.381395468,0.003638,0.809362558,0.574500506,-0.00281948178,0.121956834,0.627075523,-0.0938888524,-0.221755648,-0.730855234,-0.199625718,-0.0265359558,0.0360235907,1,1,0.00469802951,0.0284939448,1,0.024356,,0.627075523,-0.0938888524,-0.221755648,-0.730855234,-0.199625718,-0.0265359558,0.0360235907
1781693871.615854,2026-06-17T18:57:51.615,1781693871.555723,left,base,1,pelvis,200,0.001,-0.0231182,0.226614382,-0.004418,-0.615726977,0.759208128,0.13432977,0.162600192,0.380663809,-0.173563264,0.119545997,-0.538134728,-0.274073911,0.366323325,0.423292524,1,1,0.0452333335,0.219918082,2,0.04784,,0.378580783,-0.185464559,0.112795582,-0.559495949,-0.280222158,0.375542767,0.435103415
1781693871.616119,2026-06-17T18:57:51.616,1781693871.538813,right,base,1,pelvis,200,0.001,-0.10412626,-0.381395468,0.003638,0.809362558,0.574500506,-0.00281948178,0.121956834,0.627538684,-0.0937161239,-0.22216387,-0.730989538,-0.200030941,-0.0266100349,0.0362412761,1,1,0.00448478857,0.0278100681,1,0.016465,,0.627538684,-0.0937161239,-0.22216387,-0.730989538,-0.200030941,-0.0266100349,0.0362412761
1781693871.632856,2026-06-17T18:57:51.632,1781693871.555723,left,base,1,pelvis,200,0.001,-0.0231182,0.226614382,-0.004418,-0.615726977,0.759208128,0.13432977,0.162600192,0.378723361,-0.176297148,0.11842231,-0.555720875,-0.275097392,0.371417378,0.425866745,1,1,0.039831316,0.207680771,2,0.055307,,0.37791001,-0.187951812,0.111644753,-0.574287176,-0.28122695,0.377820592,0.437868468
1781693871.633727,2026-06-17T18:57:51.633,1781693871.555483,right,base,1,pelvis,200,0.001,-0.10549261,-0.381923518,0.006718,0.809869966,0.573881496,-0.00129822125,0.121527696,0.627398884,-0.0937682603,-0.222040652,-0.730949,-0.199908628,-0.0265876749,0.0361755699,1,1,0.00263257392,0.0220606303,2,0.056083,,0.638023501,-0.0932945975,-0.227146247,-0.73723371,-0.204921405,-0.0300703109,0.0393491687
1781693871.649649,2026-06-17T18:57:51.649,1781693871.555723,left,base,1,pelvis,200,0.001,-0.0231182,0.226614382,-0.004418,-0.615726977,0.759208128,0.13432977,0.162600192,0.378699489,-0.177832056,0.117480223,-0.571087437,-0.275955436,0.374377184,0.430167698,1,1,0.0362222108,0.196514985,2,0.052151,,0.378453599,-0.18946315,0.110663983,-0.586824474,-0.282027862,0.378493414,0.442379885
1781693871.649955,2026-06-17T18:57:51.649,1781693871.588826,right,base,1,pelvis,200,0.001,-0.11059476,-0.381185768,0.0150355,0.810421783,0.573372637,3.77850839e-05,0.120251205,0.636686105,-0.093811416,-0.225969149,-0.736844653,-0.203752979,-0.0298557087,0.0387213037,1,1,0.0049921753,0.0192231396,2,0.032579,,0.673484124,-0.0881810964,-0.232061759,-0.782350938,-0.209696044,-0.0205677113,0.040268665
1781693871.666464,2026-06-17T18:57:51.666,1781693871.572504,left,base,1,pelvis,200,0.001,-0.03717582,0.235959982,0.0088575,-0.621598419,0.752720879,0.103916304,0.19033677,0.378569483,-0.179498515,0.116519274,-0.584111482,-0.276823516,0.375614889,0.435932776,1,1,0.0262960496,0.252601804,2,0.071532,,0.406490946,-0.190627439,0.106410729,-0.634830869,-0.28519175,0.380094131,0.440993284
1781693871.666817,2026-06-17T18:57:51.666,1781693871.588826,right,base,1,pelvis,200,0.001,-0.11059476,-0.381185768,0.0150355,0.810421783,0.573372637,3.77850839e-05,0.120251205,0.672160478,-0.0894811757,-0.230906813,-0.781952581,-0.208549645,-0.0207585803,0.0396532657,1,1,0.00225661107,0.0165959232,2,0.039434,,0.686799088,-0.0861133959,-0.234327039,-0.798429584,-0.212320033,-0.0185029827,0.0405582359
1781693871.683211,2026-06-17T18:57:51.683,1781693871.622449,left,base,1,pelvis,200,0.001,-0.04476721,0.252344532,-0.0091945,-0.615365581,0.758492615,0.0709247093,0.20244466,0.398072714,-0.181271832,0.11347819,-0.632474256,-0.277749687,0.377723656,0.437080111,1,1,0.00406542741,0.289330113,2,0.041148,,0.407881172,-0.181388883,0.105828052,-0.637436965,-0.283553348,0.35191508,0.439118197
1781693871.683489,2026-06-17T18:57:51.683,1781693871.588826,right,base,1,pelvis,200,0.001,-0.11059476,-0.381185768,0.0150355,0.810421783,0.573372637,3.77850839e-05,0.120251205,0.685498511,-0.0873866984,-0.23319572,-0.798033653,-0.211196946,-0.0186905792,0.0399557693,1,1,0.00296230419,0.0192135371,1,0.01868,,0.685498511,-0.0873866984,-0.23319572,-0.798033653,-0.211196946,-0.0186905792,0.0399557693
1781693871.700115,2026-06-17T18:57:51.700,1781693871.622449,left,base,1,pelvis,200,0.001,-0.04476721,0.252344532,-0.0091945,-0.615365581,0.758492615,0.0709247093,0.20244466,0.401032779,-0.18170714,0.111576316,-0.635515067,-0.279140121,0.35227504,0.437811226,1,1,0.00422763211,0.267477125,2,0.077018,,0.411342343,-0.181693588,0.104136708,-0.640340099,-0.284946923,0.327866058,0.439905159
1781693871.700846,2026-06-17T18:57:51.700,1781693871.605496,right,base,1,pelvis,200,0.001,-0.11772356,-0.379029268,0.022251,0.811802088,0.571602081,0.000874610235,0.119363588,0.685905317,-0.0872338251,-0.233549584,-0.798157496,-0.211548236,-0.0186319011,0.0401442143,1,1,0.00526121655,0.0176874365,2,0.050959,,0.720109393,-0.079188062,-0.237835564,-0.836447497,-0.216203033,-0.0143967102,0.0407720263
1781693871.716842,2026-06-17T18:57:51.716,1781693871.655768,left,base,1,pelvis,200,0.001,-0.03101124,0.255844532,-0.046076,-0.599336624,0.777956956,0.0761768588,0.172556283,0.405878121,-0.18164254,0.108721084,-0.638803351,-0.280035912,0.328194002,0.438076514,1,1,0.0299850276,0.22774215,2,0.044292,,0.362773988,-0.170582491,0.107654717,-0.558299339,-0.280821183,0.279042526,0.443472111
1781693871.717168,2026-06-17T18:57:51.717,1781693871.605496,right,base,1,pelvis,200,0.001,-0.11772356,-0.379029268,0.022251,0.811802088,0.571602081,0.000874610235,0.119363588,0.718851564,-0.0804103084,-0.236750555,-0.83605459,-0.215125776,-0.0145778904,0.0401948147,1,1,0.00239145492,0.0154050352,2,0.03438,,0.732644163,-0.0762490632,-0.239272471,-0.850171528,-0.218342469,-0.0137570305,0.0410720638
1781693871.733725,2026-06-17T18:57:51.733,1781693871.655768,left,base,1,pelvis,200,0.001,-0.03101124,0.255844532,-0.046076,-0.599336624,0.777956956,0.0761768588,0.172556283,0.366068313,-0.170798858,0.107782065,-0.589933502,-0.281041835,0.279369563,0.44073935,1,1,0.0250879619,0.196137145,2,0.052585,,0.32962755,-0.162137734,0.10588878,-0.514770995,-0.282525113,0.232238339,0.447279247
1781693871.734189,2026-06-17T18:57:51.734,1781693871.622178,right,base,1,pelvis,200,0.001,-0.12433286,-0.375890618,0.0258785,0.814463187,0.56775597,0.00189199033,0.119579662,0.731407353,-0.0774476404,-0.238208885,-0.849781744,-0.217286232,-0.0139347737,0.040506412,1,1,0.00453406997,0.020710779,2,0.028074,,0.753152821,-0.0694537823,-0.240953604,-0.867545475,-0.221073908,-0.0183248797,0.041150168
1781693871.750384,2026-06-17T18:57:51.750,1781693871.672441,left,base,1,pelvis,200,0.001,-0.013525,0.256478532,-0.0863905,-0.582428445,0.7965898,0.0923842735,0.132992266,0.332214175,-0.16231421,0.107753361,-0.538820612,-0.2809921,0.232540867,0.445158452,1,1,0.0485661721,0.173605556,3,0.062095,,0.112208314,-0.125330974,0.115796776,-0.147388407,-0.273461716,0.0662651218,0.477721694
1781693871.750695,2026-06-17T18:57:51.750,1781693871.638844,right,base,1,pelvis,200,0.001,-0.12776956,-0.372860118,0.0270095,0.817208237,0.563618213,0.00306556995,0.120398547,0.751934927,-0.0706295326,-0.239911769,-0.867157902,-0.220038906,-0.0181398403,0.0406867357,1,1,0.00395530744,0.0251007427,2,0.032164,,0.767224709,-0.062030987,-0.242002825,-0.877110786,-0.223682772,-0.0248882278,0.0404072695
1781693871.767541,2026-06-17T18:57:51.767,1781693871.689150,left,base,1,pelvis,200,0.001,-0.0163592,0.258401382,-0.081732,-0.579114652,0.800536282,0.0828593328,0.130008505,0.282758532,-0.127315938,0.107317607,-0.489364969,-0.281350366,0.183085224,0.457862055,1,1,0.0461673998,0.190099192,3,0.062826,,0.0751402039,-0.103577826,0.108118092,-0.096396781,-0.278691978,0.0112038899,0.495152997
1781693871.767818,2026-06-17T18:57:51.767,1781693871.672184,right,base,1,pelvis,200,0.001,-0.12817261,-0.370886818,0.0363065,0.820370128,0.558975436,0.00766815683,0.12033501,0.766026704,-0.0631854608,-0.240981705,-0.876727829,-0.222667821,-0.02470472,0.0408303776,1,1,0.00489465447,0.0306091097,2,0.025991,,0.802343722,-0.0517536731,-0.245399776,-0.927590612,-0.22888738,-0.0124579981,0.0398509267
1781693871.784050,2026-06-17T18:57:51.784,1781693871.705730,left,base,1,pelvis,200,0.001,-0.0182791,0.258248382,-0.0769315,-0.583393822,0.798322738,0.0805282539,0.12588747,0.231269418,-0.10550202,0.10836688,-0.437875855,-0.280374168,0.131596109,0.477602795,1,1,0.0498348416,0.208610534,3,0.053985,,0.0288488871,-0.0906058631,0.105944445,-0.0323213028,-0.279881001,-0.0486151937,0.51998569
1781693871.784385,2026-06-17T18:57:51.784,1781693871.672184,right,base,1,pelvis,200,0.001,-0.12817261,-0.370886818,0.0363065,0.820370128,0.558975436,0.00766815683,0.12033501,0.801159204,-0.0528873794,-0.244398902,-0.927199023,-0.227891951,-0.0126253519,0.0403554687,1,1,0.0021613107,0.0247964437,2,0.032433,,0.815539759,-0.0473265314,-0.247524708,-0.945670356,-0.232699336,-0.00937081746,0.0414503013
1781693871.800869,2026-06-17T18:57:51.800,1781693871.722379,left,base,1,pelvis,200,0.001,-0.01818075,0.257004932,-0.0717025,-0.588179153,0.795687846,0.0785713828,0.121460588,0.181654988,-0.0923879493,0.108336021,-0.388261425,-0.280165513,0.0819816799,0.50442752,1,1,0.0458903838,0.206189001,5,0.087769,,-0.0361340315,-0.0902240003,0.0971937483,0.0977579591,-0.287422905,-0.133711132,0.546348387
1781693871.801364,2026-06-17T18:57:51.801,1781693871.705517,right,base,1,pelvis,200,0.001,-0.12880836,-0.373052068,0.0394185,0.821979913,0.556590913,0.0107316145,0.12016826,0.81437476,-0.0484389061,-0.246543242,-0.945280788,-0.231722661,-0.00953580871,0.0409296198,1,1,0.00222635654,0.026076867,2,0.047186,,0.82918311,-0.0463836089,-0.251624015,-0.964028263,-0.238504758,-0.00508021572,0.0463385794
1781693871.817580,2026-06-17T18:57:51.817,1781693871.722379,left,base,1,pelvis,200,0.001,-0.01818075,0.257004932,-0.0717025,-0.588179153,0.795687846,0.0785713828,0.121460588,0.130534945,-0.091773888,0.108021096,-0.337141382,-0.280128048,0.0308616371,0.532668526,1,1,0.0460455822,0.219987425,6,0.106304,,0.0210996476,-0.100708245,0.0928916784,-0.00223731253,-0.29376515,-0.117877366,0.544926433
1781693871.817934,2026-06-17T18:57:51.817,1781693871.738851,right,base,1,pelvis,200,0.001,-0.13582401,-0.374549368,0.043243,0.825202028,0.551649029,0.0148033478,0.120440121,0.82803771,-0.0474734451,-0.250661401,-0.963640882,-0.237546297,-0.0052431776,0.0458270403,1,1,0.00423642977,0.0320474551,2,0.026329,,0.847867235,-0.0459194969,-0.257694597,-0.976544331,-0.246598318,-0.0109828522,0.0568309459
1781693871.834536,2026-06-17T18:57:51.834,1781693871.722379,left,base,1,pelvis,200,0.001,-0.01818075,0.257004932,-0.0717025,-0.588179153,0.795687846,0.0785713828,0.121460588,0.0810092075,-0.0915642417,0.10655653,-0.287615645,-0.28111479,-0.0186641007,0.534518939,1,1,0.0495821981,0.232131611,6,0.147351,,-0.0274747457,-0.0979139177,0.0891972698,0.0798452448,-0.297536295,-0.183472843,0.552022863
1781693871.835146,2026-06-17T18:57:51.835,1781693871.738851,right,base,1,pelvis,200,0.001,-0.13582401,-0.374549368,0.043243,0.825202028,0.551649029,0.0148033478,0.120440121,0.846738822,-0.0469878002,-0.256749247,-0.976160773,-0.245656409,-0.0108181491,0.0563263267,1,1,0.00476595,0.0339691356,1,0.052072,,0.846738822,-0.0469878002,-0.256749247,-0.976160773,-0.245656409,-0.0108181491,0.0563263267
1781693871.851107,2026-06-17T18:57:51.851,1781693871.739100,left,base,1,pelvis,200,0.001,-0.0148644,0.254462632,-0.0672145,-0.592020532,0.793516243,0.0772262682,0.117812419,0.0287497623,-0.0928781194,0.102124413,-0.235356199,-0.282932487,-0.0709235459,0.541865997,1,1,0.0444404887,0.237361339,7,0.095957,,0.0499431668,-0.110030228,0.0829995813,-0.0585673955,-0.30152372,-0.144006487,0.527170262
1781693871.851392,2026-06-17T18:57:51.851,1781693871.755515,right,base,1,pelvis,200,0.001,-0.14015896,-0.370630368,0.0477935,0.826166392,0.550223241,0.0148485851,0.120345324,0.847103449,-0.0468732798,-0.25705472,-0.976284713,-0.245960771,-0.01087137,0.0564893857,1,1,0.00458109984,0.0279953304,2,0.02687,,0.871347576,-0.0386090843,-0.260589751,-0.99754661,-0.251712376,-0.0150860992,0.0605442855
1781693871.868104,2026-06-17T18:57:51.868,1781693871.789290,left,base,1,pelvis,200,0.001,-0.0230252,0.258505432,-0.061511,-0.596992528,0.790619373,0.0748519114,0.113657909,0.0383301104,-0.095309034,0.0940690101,-0.187271702,-0.288881904,-0.119008043,0.531434587,1,1,0.0494090191,0.259542406,5,0.14387,,0.0957634691,-0.106276558,0.0816567785,-0.138617175,-0.300503422,-0.140513107,0.510233324
1781693871.868591,2026-06-17T18:57:51.868,1781693871.772183,right,base,1,pelvis,200,0.001,-0.14409676,-0.365619768,0.0541475,0.827042466,0.549007296,0.0146170772,0.119908671,0.870256735,-0.0396373722,-0.259680875,-0.997171944,-0.250806146,-0.0149266786,0.0600584903,1,1,0.00560322184,0.0247485297,2,0.037337,,0.901602791,-0.0265687172,-0.261118557,-1.03083969,-0.254503591,-0.0151896471,0.0593906349
1781693871.884650,2026-06-17T18:57:51.884,1781693871.805780,left,base,1,pelvis,200,0.001,-0.03239795,0.262855932,-0.05848,-0.601170279,0.788101583,0.0731024417,0.11020991,0.0858279167,-0.0976354876,0.0909814811,-0.137244754,-0.290879745,-0.141819663,0.513882052,1,1,0.0429985492,0.238222988,3,0.058262,,0.0957674875,-0.098667914,0.085688588,-0.103274475,-0.295911315,-0.152332466,0.50103701
1781693871.884914,2026-06-17T18:57:51.884,1781693871.838867,right,base,1,pelvis,200,0.001,-0.15087316,-0.356821168,0.0702335,0.830204142,0.544861335,0.0110133233,0.117328232,0.900525386,-0.027579529,-0.26022808,-1.03046296,-0.253615045,-0.0150334505,0.0598315103,1,1,0.0102250151,0.0276122858,2,0.026501,,0.963252048,-0.00343801877,-0.260701776,-1.10804387,-0.256414395,-0.00315489943,0.0525789954
1781693871.901539,2026-06-17T18:57:51.901,1781693871.805780,left,base,1,pelvis,200,0.001,-0.03239795,0.262855932,-0.05848,-0.601170279,0.788101583,0.0731024417,0.11020991,0.0874077275,-0.0990059834,0.0895025595,-0.107030951,-0.292406084,-0.15038479,0.504133682,1,1,0.0411347924,0.231637863,2,0.057788,,-0.00235707863,-0.0903331335,0.0891189209,0.0785291893,-0.292436757,-0.227590352,0.519958269
1781693871.902046,2026-06-17T18:57:51.902,1781693871.838867,right,base,1,pelvis,200,0.001,-0.15087316,-0.356821168,0.0702335,0.830204142,0.544861335,0.0110133233,0.117328232,0.949345167,-0.00550638366,-0.260501404,-1.07928274,-0.254607143,-0.00346151215,0.0534791889,1,1,0.00484481742,0.0208670489,2,0.027059,,0.981114858,0.00647556083,-0.261611152,-1.12704219,-0.257579909,0.00847642008,0.0499122281
1781693871.918265,2026-06-17T18:57:51.918,1781693871.822484,left,base,1,pelvis,200,0.001,-0.0429795,0.267520332,-0.0581035,-0.604569752,0.785980685,0.0719744614,0.107468385,0.0359565213,-0.0909784092,0.0888437323,-0.0555797444,-0.29301158,-0.201835997,0.514331295,1,1,0.0436066203,0.231715825,4,0.058716,,-0.00104837097,-0.0829181732,0.0836147203,0.106979368,-0.298327084,-0.27155969,0.509264938
1781693871.918576,2026-06-17T18:57:51.918,1781693871.838867,right,base,1,pelvis,200,0.001,-0.15087316,-0.356821168,0.0702335,0.830204142,0.544861335,0.0110133233,0.117328232,0.979475605,0.00495568999,-0.260554957,-1.12643926,-0.256255167,0.0082466985,0.0505729898,1,1,0.00212440593,0.0176291367,2,0.032312,,0.99271033,0.0108126701,-0.261896588,-1.14420328,-0.259141858,0.0109585976,0.0501466721
1781693871.935169,2026-06-17T18:57:51.935,1781693871.839157,left,base,1,pelvis,200,0.001,-0.04321535,0.266712632,-0.059947,-0.605340919,0.785467615,0.0722589217,0.1066848,0.00387973714,-0.0834700381,0.0888906319,-0.0060704575,-0.292913614,-0.251345283,0.511634123,1,1,0.0480642181,0.249351273,4,0.065935,,-0.00548444403,-0.0802956397,0.0822936745,0.113018124,-0.299398069,-0.29834371,0.504292793
1781693871.935468,2026-06-17T18:57:51.935,1781693871.888873,right,base,1,pelvis,200,0.001,-0.14379606,-0.354101218,0.0729935,0.829801893,0.545855578,0.00858439183,0.115744611,0.991524276,0.00971500349,-0.260939677,-1.143763,-0.258185811,0.0107921175,0.0503888459,1,1,0.00342653119,0.013085633,2,0.026446,,1.00274314,0.0177501503,-0.2596223,-1.17425205,-0.258330222,0.027897765,0.0422800021
1781693871.951957,2026-06-17T18:57:51.951,1781693871.839157,left,base,1,pelvis,200,0.001,-0.04321535,0.266712632,-0.059947,-0.605340919,0.785467615,0.0722589217,0.1066848,-0.000382195647,-0.0807513939,0.0872357124,0.0446218624,-0.293903358,-0.29685009,0.506237895,1,1,0.0494325123,0.264065979,3,0.067509,,0.0100732007,-0.0799503072,0.0833456787,0.0858103598,-0.297771286,-0.305837025,0.497032171
1781693871.952256,2026-06-17T18:57:51.952,1781693871.888873,right,base,1,pelvis,200,0.001,-0.14379606,-0.354101218,0.0729935,0.829801893,0.545855578,0.00858439183,0.115744611,1.00172021,0.0168040875,-0.260304759,-1.17386522,-0.258479396,0.0277499934,0.042692038,1,1,0.00347636168,0.0135315268,1,0.017154,,1.00172021,0.0168040875,-0.260304759,-1.17386522,-0.258479396,0.0277499934,0.042692038
1781693871.968680,2026-06-17T18:57:51.968,1781693871.889149,left,base,1,pelvis,200,0.001,-0.04911953,0.264822282,-0.0268445,-0.643287883,0.752993706,0.0390132342,0.132887719,0.00594063889,-0.0803193497,0.0862899142,0.0860674422,-0.294954925,-0.304618191,0.498615739,1,1,0.0432515695,0.164720038,2,0.047152,,-0.0145987441,-0.0789794367,0.0862872578,0.155529904,-0.295233161,-0.342241237,0.502364037
1781693871.969090,2026-06-17T18:57:51.969,1781693871.888873,right,base,1,pelvis,200,0.001,-0.14379606,-0.354101218,0.0729935,0.829801893,0.545855578,0.00858439183,0.115744611,1.00204284,0.0168869205,-0.260089512,-1.17392503,-0.258432346,0.0277966005,0.0425620821,1,1,0.00349386144,0.0135561392,1,0.017694,,1.00204284,0.0168869205,-0.260089512,-1.17392503,-0.258432346,0.0277966005,0.0425620821
1781693871.989408,2026-06-17T18:57:51.989,1781693871.905902,left,base,1,pelvis,200,0.001,-0.054022975,0.263304132,0.0008705,-0.67372084,0.722859298,0.0101221592,0.15320642,-0.0112997528,-0.079274707,0.0856922459,0.136540894,-0.295526635,-0.341227001,0.499926358,1,1,0.0650476316,0.153668826,400,4.067922,using best approximate IK outside the usable position/orientation threshold,-0.0112997528,-0.079274707,0.0856922459,0.136540894,-0.295526635,-0.341227001,0.499926358
1781693871.989764,2026-06-17T18:57:51.989,1781693871.888873,right,base,1,pelvis,200,0.001,-0.14379606,-0.354101218,0.0729935,0.829801893,0.545855578,0.00858439183,0.115744611,1.00194065,0.0168606834,-0.26015769,-1.17390609,-0.258447249,0.0277818378,0.0426032452,1,1,0.0034872213,0.0135471703,1,0.021601,,1.00194065,0.0168606834,-0.26015769,-1.17390609,-0.258447249,0.0277818378,0.0426032452
1781693872.007261,2026-06-17T18:57:52.007,1781693871.905902,left,base,1,pelvis,200,0.001,-0.054022975,0.263304132,0.0008705,-0.67372084,0.722859298,0.0101221592,0.15320642,-0.0121509152,-0.0791985252,0.0858457631,0.136648648,-0.295450917,-0.341383032,0.500555296,1,1,0.0654633689,0.154458931,400,5.047775,using best approximate IK outside the usable position/orientation threshold,-0.0121509152,-0.0791985252,0.0858457631,0.136648648,-0.295450917,-0.341383032,0.500555296
1781693872.007720,2026-06-17T18:57:52.007,1781693871.888873,right,base,1,pelvis,200,0.001,-0.14379606,-0.354101218,0.0729935,0.829801893,0.545855578,0.00858439183,0.115744611,1.0018505,0.016837537,-0.260217838,-1.17388938,-0.258460396,0.0277688142,0.0426395594,1,1,0.00348220617,0.0135401601,1,0.033584,,1.0018505,0.016837537,-0.260217838,-1.17388938,-0.258460396,0.0277688142,0.0426395594
1781693872.022804,2026-06-17T18:57:52.022,1781693871.922411,left,base,1,pelvis,200,0.001,-0.048988445,0.258076182,-0.0030435,-0.687310181,0.711356644,0.00440482275,0.146823151,-0.0119427647,-0.0792171554,0.0858082207,0.136622297,-0.295469434,-0.341344875,0.50040149,1,1,0.0600431417,0.18513891,400,4.045612,using best approximate IK outside the usable position/orientation threshold,-0.0119427647,-0.0792171554,0.0858082207,0.136622297,-0.295469434,-0.341344875,0.50040149
1781693872.023069,2026-06-17T18:57:52.023,1781693871.972217,right,base,1,pelvis,200,0.001,-0.13916821,-0.363398368,0.0590495,0.822150161,0.558732045,-0.00300450812,0.108988937,1.00179718,0.0168238488,-0.260253408,-1.17387949,-0.258468171,0.0277611124,0.0426610347,1,1,0.00621405742,0.0257094107,2,0.033609,,0.966098953,0.00223142854,-0.261815552,-1.13752231,-0.257687806,0.0362773508,0.0425832595
1781693872.039597,2026-06-17T18:57:52.039,1781693871.922411,left,base,1,pelvis,200,0.001,-0.048988445,0.258076182,-0.0030435,-0.687310181,0.711356644,0.00440482275,0.146823151,-0.0119906994,-0.0792128651,0.0858168663,0.136628365,-0.29546517,-0.341353662,0.50043691,1,1,0.0600669119,0.185175353,400,4.030765,using best approximate IK outside the usable position/orientation threshold,-0.0119906994,-0.0792128651,0.0858168663,0.136628365,-0.29546517,-0.341353662,0.50043691
1781693872.039892,2026-06-17T18:57:52.039,1781693871.972217,right,base,1,pelvis,200,0.001,-0.13916821,-0.363398368,0.0590495,0.822150161,0.558732045,-0.00300450812,0.108988937,0.966543539,0.00231132393,-0.261071656,-1.13758629,-0.258305071,0.0361417551,0.0426735004,1,1,0.00258564844,0.0195844805,2,0.037334,,0.951322485,-0.00421238781,-0.260905411,-1.12203074,-0.256703927,0.0416206106,0.0414606213
1781693872.056626,2026-06-17T18:57:52.056,1781693871.989334,left,base,1,pelvis,200,0.001,-0.00695795,0.261396982,-0.1161145,-0.666098483,0.741109119,0.0429810828,0.0722683267,-0.0120330285,-0.0792090765,0.0858245008,0.136633724,-0.295461404,-0.341361422,0.500468187,1,1,0.0769773021,0.252811865,400,4.241229,using best approximate IK outside the usable position/orientation threshold,0.108065003,-0.078932002,0.10253952,-0.110447587,-0.27861438,-0.191323091,0.419773659
1781693872.056967,2026-06-17T18:57:52.056,1781693871.988895,right,base,1,pelvis,200,0.001,-0.14544291,-0.364315318,0.060054,0.822110346,0.559116415,-0.00438469346,0.107257575,0.951762173,-0.00413246662,-0.261307001,-1.12209722,-0.257309722,0.0414863087,0.0418261454,1,1,0.00224809988,0.0181948615,2,0.037561,,0.950169994,-0.008087089,-0.261879643,-1.1106751,-0.256586522,0.037833079,0.0446621473
1781693872.073334,2026-06-17T18:57:52.073,1781693872.005881,left,base,1,pelvis,200,0.001,-0.005951,0.266063482,-0.1141765,-0.663600275,0.743377779,0.0429703144,0.0719562705,0.0398022701,-0.0792060429,0.0918142643,0.0847984252,-0.287926354,-0.289526123,0.448632889,1,1,0.0710430057,0.189669916,400,4.036456,using best approximate IK outside the usable position/orientation threshold,0.0907279196,-0.0675165651,0.118406486,-0.109784173,-0.261630907,-0.140049643,0.353257791
1781693872.073635,2026-06-17T18:57:52.073,1781693872.022224,right,base,1,pelvis,200,0.001,-0.15518201,-0.364405018,0.0606715,0.824949551,0.554924675,-0.00385421971,0.107247321,0.950601442,-0.00800780612,-0.261177108,-1.11074295,-0.257113779,0.0379461492,0.0442835021,1,1,0.00465530188,0.0111416142,2,0.02601,,0.955175552,-0.00995621002,-0.263201246,-1.09473631,-0.258500213,0.0227914535,0.0512194549
1781693872.090345,2026-06-17T18:57:52.090,1781693872.005881,left,base,1,pelvis,200,0.001,-0.005951,0.266063482,-0.1141765,-0.663600275,0.743377779,0.0429703144,0.0719562705,0.0891069938,-0.0683446491,0.109231031,0.0354937015,-0.269607417,-0.240221399,0.399328165,1,1,0.0678506645,0.108828554,400,4.238373,using best approximate IK outside the usable position/orientation threshold,0.0870938151,-0.0617106088,0.132732459,-0.096611806,-0.244891627,-0.0736547484,0.304929999
1781693872.090663,2026-06-17T18:57:52.090,1781693872.022224,right,base,1,pelvis,200,0.001,-0.15518201,-0.364405018,0.0606715,0.824949551,0.554924675,-0.00385421971,0.107247321,0.954313433,-0.00987795395,-0.262498415,-1.09480658,-0.257798464,0.0229059082,0.0508462591,1,1,0.00207444063,0.00899571398,2,0.02794,,0.956372869,-0.0108491588,-0.263605877,-1.08839059,-0.258574373,0.0180910279,0.0534862867
1781693872.107120,2026-06-17T18:57:52.107,1781693872.005881,left,base,1,pelvis,200,0.001,-0.005951,0.266063482,-0.1141765,-0.663600275,0.743377779,0.0429703144,0.0719562705,0.0942675014,-0.062422666,0.124975339,-0.0155812802,-0.251646508,-0.189146418,0.348253183,1,1,0.0680530856,0.0942109843,400,4.206972,using best approximate IK outside the usable position/orientation threshold,0.119250796,-0.0642119432,0.139275536,-0.166733782,-0.237201098,-0.0322170745,0.274803436
1781693872.107425,2026-06-17T18:57:52.107,1781693872.022224,right,base,1,pelvis,200,0.001,-0.15518201,-0.364405018,0.0606715,0.824949551,0.554924675,-0.00385421971,0.107247321,0.955526782,-0.0107721809,-0.262916245,-1.08846097,-0.258022761,0.0182043798,0.0531196359,1,1,0.00260646032,0.00973140421,1,0.020149,,0.955526782,-0.0107721809,-0.262916245,-1.08846097,-0.258022761,0.0182043798,0.0531196359
1781693872.123919,2026-06-17T18:57:52.123,1781693872.022496,left,base,1,pelvis,200,0.001,-0.00597,0.266231232,-0.1014055,-0.664697746,0.742505989,0.0436056833,0.0704294477,0.112795103,-0.062305949,0.132775408,-0.065853745,-0.242865816,-0.138873953,0.297980719,1,1,0.0609138943,0.103283929,400,4.187146,using best approximate IK outside the usable position/orientation threshold,0.112795103,-0.062305949,0.132775408,-0.065853745,-0.242865816,-0.138873953,0.297980719
1781693872.124218,2026-06-17T18:57:52.124,1781693872.038897,right,base,1,pelvis,200,0.001,-0.15877461,-0.363097868,0.0607365,0.826499144,0.552437094,-0.00359058085,0.108164363,0.955793594,-0.0107964558,-0.26313372,-1.08843878,-0.258196711,0.0181686344,0.0532352589,1,1,0.00242126276,0.00842626877,2,0.027225,,0.95873772,-0.00948377663,-0.263807952,-1.0815443,-0.258965787,0.0103380465,0.0549674365
1781693872.140653,2026-06-17T18:57:52.140,1781693872.022496,left,base,1,pelvis,200,0.001,-0.00597,0.266231232,-0.1014055,-0.664697746,0.742505989,0.0436056833,0.0704294477,0.113907172,-0.062634279,0.133895131,-0.0683042642,-0.241890001,-0.137663753,0.294549668,1,1,0.0607894233,0.101397425,400,4.058284,using best approximate IK outside the usable position/orientation threshold,0.113907172,-0.062634279,0.133895131,-0.0683042642,-0.241890001,-0.137663753,0.294549668
1781693872.141185,2026-06-17T18:57:52.141,1781693872.038897,right,base,1,pelvis,200,0.001,-0.15877461,-0.363097868,0.0607365,0.826499144,0.552437094,-0.00359058085,0.108164363,0.95792214,-0.0102410018,-0.263143561,-1.08161359,-0.25830245,0.0104489292,0.0546139067,1,1,0.00297554394,0.00995777787,1,0.020904,,0.95792214,-0.0102410018,-0.263143561,-1.08161359,-0.25830245,0.0104489292,0.0546139067
1781693872.153443,2026-06-17T18:57:52.153,1781693872.055760,left,base,1,pelvis,200,0.001,-0.0070135,0.263438582,-0.086513,-0.66597392,0.741470869,0.0446694168,0.0685881241,0.113704617,-0.0625744762,0.133691183,-0.0678579213,-0.242067738,-0.137884182,0.295174607,1,1,0.0464290823,0.0968605221,2,0.044757,,-0.0486908201,-0.0426375079,0.136300066,0.207409285,-0.239241891,-0.240233359,0.318397411
1781693872.153713,2026-06-17T18:57:52.153,1781693872.072223,right,base,1,pelvis,200,0.001,-0.16079716,-0.361216568,0.0607925,0.828206037,0.54969249,-0.0036177086,0.109086383,0.958182263,-0.010168355,-0.263355464,-1.08159149,-0.258514017,0.010413564,0.0547266624,1,1,0.00214888615,0.0112162315,2,0.028085,,0.961000307,-0.00655880535,-0.263364402,-1.07712457,-0.259096539,0.00358050254,0.0542244104
1781693872.170386,2026-06-17T18:57:52.170,1781693872.072404,left,base,1,pelvis,200,0.001,-0.0130499,0.259093232,-0.07314,-0.665898545,0.741607348,0.0456448852,0.0671878925,0.0761129217,-0.0437932332,0.133720943,-0.0302662256,-0.242041802,-0.175475877,0.310802583,1,1,0.0334100485,0.140860845,2,0.051636,,0.00434100135,-0.0413019442,0.13343007,0.0917983128,-0.242197987,-0.213977927,0.321590286
1781693872.170657,2026-06-17T18:57:52.170,1781693872.072223,right,base,1,pelvis,200,0.001,-0.16079716,-0.361216568,0.0607925,0.828206037,0.54969249,-0.0036177086,0.109086383,0.960210386,-0.00729238125,-0.263303755,-1.07719256,-0.258462389,0.00368925503,0.0545436168,1,1,0.0027395834,0.0126582587,1,0.017428,,0.960210386,-0.00729238125,-0.263303755,-1.07719256,-0.258462389,0.00368925503,0.0545436168
1781693872.187212,2026-06-17T18:57:52.187,1781693872.072404,left,base,1,pelvis,200,0.001,-0.0130499,0.259093232,-0.07314,-0.665898545,0.741607348,0.0456448852,0.0671878925,0.0253083067,-0.0422964505,0.134090988,0.0205383895,-0.24164008,-0.215032111,0.315074141,1,1,0.033832726,0.169274016,2,0.063452,,0.0726414132,-0.0545207175,0.133706958,-0.0659004662,-0.242109247,-0.164585944,0.302943566
1781693872.187518,2026-06-17T18:57:52.187,1781693872.072223,right,base,1,pelvis,200,0.001,-0.16079716,-0.361216568,0.0607925,0.828206037,0.54969249,-0.0036177086,0.109086383,0.960461863,-0.00722265817,-0.263323062,-1.07717091,-0.258664275,0.00365463299,0.0544419954,1,1,0.00259594763,0.0123181206,1,0.0179,,0.960461863,-0.00722265817,-0.263323062,-1.07717091,-0.258664275,0.00365463299,0.0544419954
1781693872.203984,2026-06-17T18:57:52.203,1781693872.122435,left,base,1,pelvis,200,0.001,-0.04264168,0.254098582,-0.059204,-0.661210835,0.745793542,0.0470512637,0.0661695015,0.0642486002,-0.0441287419,0.133992572,-0.0299307706,-0.241723157,-0.165627962,0.306658376,1,1,0.0364134327,0.144486694,2,0.051361,,0.0315385757,-0.0473207181,0.132563142,0.0460164366,-0.243039968,-0.197003412,0.316653021
1781693872.204264,2026-06-17T18:57:52.204,1781693872.072223,right,base,1,pelvis,200,0.001,-0.16079716,-0.361216568,0.0607925,0.828206037,0.54969249,-0.0036177086,0.109086383,0.960382098,-0.00724477348,-0.263316938,-1.07717778,-0.258600239,0.00366561468,0.0544742285,1,1,0.00264131495,0.0124258394,1,0.016215,,0.960382098,-0.00724477348,-0.263316938,-1.07717778,-0.258600239,0.00366561468,0.0544742285
1781693872.220640,2026-06-17T18:57:52.220,1781693872.189354,left,base,1,pelvis,200,0.001,-0.050548215,0.259664232,-0.058309,-0.659616902,0.747217838,0.0478204535,0.0654541859,0.0383753063,-0.045735772,0.133948404,0.0203159449,-0.241782862,-0.195226349,0.311977031,1,1,0.0370141113,0.148632172,2,0.063847,,0.0747401723,-0.054647842,0.132395642,-0.0255919284,-0.243396835,-0.175527132,0.306116408
1781693872.220969,2026-06-17T18:57:52.220,1781693872.105558,right,base,1,pelvis,200,0.001,-0.16046581,-0.360331068,0.0607225,0.829771825,0.547225419,-0.00407316374,0.109574034,0.960323032,-0.00726114957,-0.263312403,-1.07718286,-0.258552822,0.00367374647,0.0544980966,1,1,0.00294405176,0.0182239219,1,0.01779,,0.960323032,-0.00726114957,-0.263312403,-1.07718286,-0.258552822,0.00367374647,0.0544980966
1781693872.237422,2026-06-17T18:57:52.237,1781693872.189354,left,base,1,pelvis,200,0.001,-0.050548215,0.259664232,-0.058309,-0.659616902,0.747217838,0.0478204535,0.0654541859,0.0687849786,-0.047279263,0.133725022,-0.0249982427,-0.241985579,-0.176243219,0.308743756,1,1,0.0351706815,0.146588415,2,0.056138,,0.0442927991,-0.0485708904,0.132319175,0.0386652693,-0.243307131,-0.203697157,0.315006197
1781693872.237825,2026-06-17T18:57:52.237,1781693872.138892,right,base,1,pelvis,200,0.001,-0.15840216,-0.361768868,0.0587725,0.831641943,0.544472278,-0.00574539309,0.109034889,0.96028057,-0.00727292249,-0.263309143,-1.07718652,-0.258518733,0.00367959249,0.0545152556,1,1,0.00197548379,0.0257142132,1,0.016603,,0.96028057,-0.00727292249,-0.263309143,-1.07718652,-0.258518733,0.00367959249,0.0545152556
1781693872.254001,2026-06-17T18:57:52.254,1781693872.189354,left,base,1,pelvis,200,0.001,-0.050548215,0.259664232,-0.058309,-0.659616902,0.747217838,0.0478204535,0.0654541859,0.0490252715,-0.0485383238,0.133497872,0.0257055213,-0.242226719,-0.2024498,0.31175722,1,1,0.0307389844,0.139672543,2,0.042147,,0.0877046069,-0.0573169723,0.132039086,-0.0299536769,-0.24375921,-0.176242214,0.304122845
1781693872.254247,2026-06-17T18:57:52.254,1781693872.172225,right,base,1,pelvis,200,0.001,-0.15857961,-0.361279918,0.058335,0.831854384,0.544147731,-0.00600923258,0.10902027,0.960251009,-0.00728111839,-0.263306873,-1.07718906,-0.258495001,0.00368366229,0.0545272011,1,1,0.00257828785,0.0266681329,1,0.017605,,0.960251009,-0.00728111839,-0.263306873,-1.07718906,-0.258495001,0.00368366229,0.0545272011
1781693872.271001,2026-06-17T18:57:52.271,1781693872.222748,left,base,1,pelvis,200,0.001,-0.037617635,0.251653732,-0.0457805,-0.65812036,0.74842444,0.048060421,0.0665480678,0.0836121004,-0.0522721814,0.133291724,-0.0233810495,-0.242415677,-0.176731087,0.305923103,1,1,0.022445516,0.129676051,2,0.086187,,0.0833715358,-0.0600063095,0.131503717,-0.0188169048,-0.244139936,-0.171486165,0.308067797
1781693872.271471,2026-06-17T18:57:52.271,1781693872.188910,right,base,1,pelvis,200,0.001,-0.15933476,-0.359854318,0.0588065,0.832178442,0.543557914,-0.00582372777,0.109498489,0.960232329,-0.0072862976,-0.263305439,-1.07719067,-0.258480005,0.00368623411,0.0545347498,1,1,0.00331589727,0.0277801037,1,0.026193,,0.960232329,-0.0072862976,-0.263305439,-1.07719067,-0.258480005,0.00368623411,0.0545347498
1781693872.287515,2026-06-17T18:57:52.287,1781693872.222748,left,base,1,pelvis,200,0.001,-0.037617635,0.251653732,-0.0457805,-0.65812036,0.74842444,0.048060421,0.0665480678,0.0843928904,-0.0559208955,0.133052739,-0.0204063962,-0.242672003,-0.171887241,0.305906482,1,1,0.0198181869,0.121504366,2,0.046003,,0.0843111866,-0.0628859548,0.131385519,-0.0174283885,-0.244286171,-0.165986475,0.307257685
1781693872.287829,2026-06-17T18:57:52.287,1781693872.222250,right,base,1,pelvis,200,0.001,-0.16166631,-0.356115118,0.0637345,0.832708882,0.542568658,-0.00478646599,0.110418557,0.960220474,-0.00728958439,-0.263304529,-1.07719169,-0.258470488,0.00368786621,0.0545395403,1,1,0.00315673747,0.0222183342,2,0.025534,,0.97143275,0.00355234157,-0.262223949,-1.0893538,-0.258892043,0.00256861911,0.0482000042
1781693872.304432,2026-06-17T18:57:52.304,1781693872.255895,left,base,1,pelvis,200,0.001,-0.0142945,0.228679632,-0.0243125,-0.648517827,0.756140305,0.0504370551,0.0716419647,0.0841943779,-0.0595919201,0.132751668,-0.0187102307,-0.242957314,-0.166314696,0.306326559,1,1,0.0427783364,0.117564428,2,0.042891,,0.114392087,-0.0802285092,0.129091737,-0.086597456,-0.246585513,-0.120654331,0.309104261
1781693872.304779,2026-06-17T18:57:52.304,1781693872.222250,right,base,1,pelvis,200,0.001,-0.16166631,-0.356115118,0.0637345,0.832708882,0.542568658,-0.00478646599,0.110418557,0.970747403,0.00291580346,-0.262684519,-1.08910794,-0.258465641,0.00266289701,0.0484772817,1,1,0.00363656004,0.0228593808,1,0.018467,,0.970747403,0.00291580346,-0.262684519,-1.08910794,-0.258465641,0.00266289701,0.0484772817
1781693872.321222,2026-06-17T18:57:52.321,1781693872.255895,left,base,1,pelvis,200,0.001,-0.0142945,0.228679632,-0.0243125,-0.648517827,0.756140305,0.0504370551,0.0716419647,0.112270037,-0.0776199761,0.131035889,-0.0696435917,-0.244366878,-0.120946107,0.307731323,1,1,0.0368183624,0.100955699,2,0.049739,,0.197814679,-0.102711173,0.125617264,-0.240354996,-0.249660823,-0.0314794241,0.296389739
1781693872.321543,2026-06-17T18:57:52.321,1781693872.272256,right,base,1,pelvis,200,0.001,-0.16338916,-0.353816618,0.068924,0.833375236,0.541238073,-0.00376590474,0.111950353,0.970966516,0.00297433719,-0.262537269,-1.08916358,-0.258601966,0.00263275529,0.0483886329,1,1,0.00360468614,0.01927915,2,0.027837,,0.990627954,0.0138873782,-0.262361499,-1.11333105,-0.259709597,0.00464229828,0.0435211282
1781693872.338042,2026-06-17T18:57:52.338,1781693872.255895,left,base,1,pelvis,200,0.001,-0.0142945,0.228679632,-0.0243125,-0.648517827,0.756140305,0.0504370551,0.0716419647,0.162487427,-0.0981529704,0.128997663,-0.119860982,-0.245804295,-0.070728717,0.298005614,1,1,0.0203102802,0.0752819044,2,0.067634,,0.414068379,-0.162907669,0.109370715,-0.654515033,-0.264884463,0.212177398,0.252355036
1781693872.338585,2026-06-17T18:57:52.338,1781693872.272256,right,base,1,pelvis,200,0.001,-0.16338916,-0.353816618,0.068924,0.833375236,0.541238073,-0.00376590474,0.111950353,0.9899632,0.0132712836,-0.262583689,-1.11308958,-0.259173362,0.0045500495,0.0437895317,1,1,0.00397202659,0.020137079,1,0.025622,,0.9899632,0.0132712836,-0.262583689,-1.11308958,-0.259173362,0.0045500495,0.0437895317
1781693872.354697,2026-06-17T18:57:52.354,1781693872.255895,left,base,1,pelvis,200,0.001,-0.0142945,0.228679632,-0.0243125,-0.648517827,0.756140305,0.0504370551,0.0716419647,0.21370546,-0.138930979,0.126965635,-0.171079015,-0.246545706,-0.0195106842,0.261003698,1,1,0.0226580386,0.0672424146,2,0.056486,,0.416830694,-0.171580368,0.105608868,-0.648421428,-0.268401387,0.241509639,0.207896258
1781693872.355110,2026-06-17T18:57:52.355,1781693872.272256,right,base,1,pelvis,200,0.001,-0.16338916,-0.353816618,0.068924,0.833375236,0.541238073,-0.00376590474,0.111950353,0.990176509,0.0133259867,-0.262512392,-1.11313913,-0.259345431,0.00457965069,0.0437034052,1,1,0.00388648218,0.0199648049,1,0.023162,,0.990176509,0.0133259867,-0.262512392,-1.11313913,-0.259345431,0.00457965069,0.0437034052
1781693872.371563,2026-06-17T18:57:52.371,1781693872.255895,left,base,1,pelvis,200,0.001,-0.0142945,0.228679632,-0.0243125,-0.648517827,0.756140305,0.0504370551,0.0716419647,0.263088147,-0.150285541,0.121220609,-0.220461701,-0.250614497,0.0298720024,0.215817909,1,1,0.0493327183,0.107210597,3,0.078525,,0.324695345,-0.157506933,0.111594466,-0.416598462,-0.26138974,0.149031782,0.194412599
1781693872.372092,2026-06-17T18:57:52.372,1781693872.288912,right,base,1,pelvis,200,0.001,-0.16148651,-0.357078268,0.063138,0.833355136,0.541158355,-0.00419646077,0.112468849,0.990109936,0.0133089141,-0.262534643,-1.11312366,-0.259291729,0.00457041231,0.0437302848,1,1,0.00329036996,0.0204042451,1,0.024517,,0.990109936,0.0133089141,-0.262534643,-1.11312366,-0.259291729,0.00457041231,0.0437302848
1781693872.388185,2026-06-17T18:57:52.388,1781693872.322481,left,base,1,pelvis,200,0.001,-0.02322365,0.228536882,-0.008267,-0.653217441,0.749517611,0.0438693259,0.0980092251,0.314452092,-0.152860112,0.11933313,-0.271825646,-0.252764954,0.0812359474,0.20144545,1,1,0.045536875,0.170742987,4,0.075577,,0.41407934,-0.168386697,0.103258118,-0.572641537,-0.270997843,0.238441715,0.179767371
1781693872.388580,2026-06-17T18:57:52.388,1781693872.322247,right,base,1,pelvis,200,0.001,-0.15625361,-0.361238468,0.0536685,0.832382907,0.542605327,-0.00399452088,0.112704035,0.990058557,0.013295738,-0.262551816,-1.11311173,-0.259250283,0.00456328237,0.0437510298,1,1,0.00593741728,0.0127899512,2,0.037387,,0.952839449,0.00338530475,-0.265208488,-1.06988452,-0.262018886,0.000618811168,0.0452819911
1781693872.404974,2026-06-17T18:57:52.404,1781693872.339115,left,base,1,pelvis,200,0.001,-0.03890627,0.233667332,0.0143725,-0.663496695,0.735158855,0.0324053479,0.135142466,0.363683144,-0.153429033,0.115312634,-0.321056699,-0.257264165,0.130467,0.186004882,1,1,0.0496732031,0.266533463,4,0.056482,,0.512609503,-0.174662907,0.0969668365,-0.702687599,-0.278024201,0.290851815,0.164314002
1781693872.405295,2026-06-17T18:57:52.405,1781693872.322247,right,base,1,pelvis,200,0.001,-0.15625361,-0.361238468,0.0536685,0.832382907,0.542605327,-0.00399452088,0.112704035,0.953140682,0.00343885863,-0.264707536,-1.06993865,-0.261518457,0.000703972294,0.0450171389,1,1,0.00245069531,0.0102417011,2,0.034419,,0.937314682,-0.000369756713,-0.266354514,-1.05096275,-0.263389584,-0.00160282352,0.0457222152
1781693872.421775,2026-06-17T18:57:52.421,1781693872.355780,left,base,1,pelvis,200,0.001,-0.054485155,0.242637882,0.0290765,-0.675635682,0.716758183,0.019432912,0.171454057,0.413620869,-0.160337433,0.107494128,-0.370994424,-0.266031038,0.180404725,0.169808946,1,1,0.0432394977,0.340445284,5,0.068762,,0.598911859,-0.177711372,0.0919666696,-0.829619586,-0.286326703,0.324635213,0.151353114
1781693872.422050,2026-06-17T18:57:52.422,1781693872.338915,right,base,1,pelvis,200,0.001,-0.15310136,-0.359617718,0.05504,0.831194016,0.544466412,-0.00288077144,0.112536818,0.93761328,-0.00031651096,-0.26586192,-1.051019,-0.262897469,-0.0015187567,0.045461809,1,1,0.0042608782,0.0066485676,1,0.017067,,0.93761328,-0.00031651096,-0.26586192,-1.051019,-0.262897469,-0.0015187567,0.045461809
1781693872.438612,2026-06-17T18:57:52.438,1781693872.355780,left,base,1,pelvis,200,0.001,-0.054485155,0.242637882,0.0290765,-0.675635682,0.716758183,0.019432912,0.171454057,0.463752428,-0.165296023,0.10109962,-0.421125983,-0.275913215,0.230536284,0.15615529,1,1,0.0489422958,0.376328298,5,0.062769,,0.598579294,-0.177081715,0.0905081873,-0.820280349,-0.291643088,0.351728866,0.143826979
1781693872.438866,2026-06-17T18:57:52.438,1781693872.355582,right,base,1,pelvis,200,0.001,-0.15107621,-0.357653518,0.057875,0.829665724,0.546911009,-0.00175934123,0.111982314,0.937518939,-0.000333333842,-0.266017554,-1.05100123,-0.263052952,-0.00154531743,0.0455440838,1,1,0.00279432753,0.00129365541,2,0.026052,,0.942194227,0.00417866756,-0.26397289,-1.07040638,-0.261701639,0.00926272253,0.0398614718
1781693872.455416,2026-06-17T18:57:52.455,1781693872.355780,left,base,1,pelvis,200,0.001,-0.054485155,0.242637882,0.0290765,-0.675635682,0.716758183,0.019432912,0.171454057,0.514349619,-0.167028182,0.0983711785,-0.471723174,-0.282666979,0.281133475,0.14798109,1,1,0.0439097445,0.3772903,6,0.081997,,0.613561073,-0.179568891,0.0906164998,-0.858403022,-0.296328235,0.380689172,0.147892598
1781693872.455700,2026-06-17T18:57:52.455,1781693872.355582,right,base,1,pelvis,200,0.001,-0.15107621,-0.357653518,0.057875,0.829665724,0.546911009,-0.00175934123,0.111982314,0.941613034,0.00363453912,-0.264366253,-1.07019921,-0.262095357,0.00918030347,0.0400997515,1,1,0.0027270665,0.000950917377,1,0.016974,,0.941613034,0.00363453912,-0.264366253,-1.07019921,-0.262095357,0.00918030347,0.0400997515
1781693872.472309,2026-06-17T18:57:52.472,1781693872.355780,left,base,1,pelvis,200,0.001,-0.054485155,0.242637882,0.0290765,-0.675635682,0.716758183,0.019432912,0.171454057,0.564818064,-0.170433937,0.0972282499,-0.522191619,-0.288645189,0.33160192,0.147377267,1,1,0.0487582515,0.406940848,6,0.118319,,0.610234633,-0.180680892,0.0925558292,-0.84753268,-0.29828112,0.407017467,0.152866675
1781693872.472859,2026-06-17T18:57:52.472,1781693872.372251,right,base,1,pelvis,200,0.001,-0.15477516,-0.361992468,0.0539615,0.828228181,0.54939798,-0.00264441148,0.110421677,0.941797476,0.00368449909,-0.26424142,-1.07024969,-0.261970411,0.00920645914,0.0400241335,1,1,0.00452274744,0.0065954334,1,0.028192,,0.941797476,0.00368449909,-0.26424142,-1.07024969,-0.261970411,0.00920645914,0.0400241335
1781693872.488874,2026-06-17T18:57:52.488,1781693872.372448,left,base,1,pelvis,200,0.001,-0.041346455,0.245185032,-0.016225,-0.674833348,0.719878779,0.0166523343,0.161546262,0.606389337,-0.172946301,0.0962129916,-0.573873853,-0.291773719,0.383284154,0.149236376,1,1,0.0452572672,0.386778432,7,0.072887,,0.388983725,-0.148750801,0.122052718,-0.507354447,-0.273560345,0.291044081,0.19772551
1781693872.489186,2026-06-17T18:57:52.489,1781693872.388917,right,base,1,pelvis,200,0.001,-0.16008641,-0.365271718,0.0511865,0.827765418,0.55050899,-0.00374918523,0.108306085,0.94173774,0.00366831849,-0.26428185,-1.07023334,-0.262010877,0.00919798807,0.040048624,1,1,0.00444165035,0.00886318033,2,0.025058,,0.926324974,-0.00804156669,-0.267752162,-1.03224865,-0.264555302,-0.00679542283,0.0521023549
1781693872.509858,2026-06-17T18:57:52.509,1781693872.405769,left,base,1,pelvis,200,0.001,-0.00630785,0.239718882,-0.0984385,-0.642921133,0.756621583,0.0269742996,0.115968029,0.557484441,-0.149506927,0.109904372,-0.524968957,-0.284058292,0.334379258,0.190351008,1,1,0.0564747119,0.0790239377,400,4.143572,using best approximate IK outside the usable position/orientation threshold,0.00254908651,-0.0994103251,0.146395141,-0.027404899,-0.254349967,-0.0691943365,0.318607522
1781693872.510218,2026-06-17T18:57:52.510,1781693872.388917,right,base,1,pelvis,200,0.001,-0.16008641,-0.365271718,0.0511865,0.827765418,0.55050899,-0.00374918523,0.108306085,0.926600767,-0.0079915422,-0.267299666,-1.03230307,-0.264103279,-0.00671746594,0.051862311,1,1,0.00445205619,0.00807172912,1,0.021794,,0.926600767,-0.0079915422,-0.267299666,-1.03230307,-0.264103279,-0.00671746594,0.051862311
1781693872.522703,2026-06-17T18:57:52.522,1781693872.439237,left,base,1,pelvis,200,0.001,-0.0050186,0.238008532,-0.080608,-0.612208693,0.782529973,0.0355019474,0.107642783,0.494535499,-0.101068513,0.125279296,-0.462020015,-0.272584023,0.271430316,0.25329995,1,1,0.0493837354,0.21277723,9,0.101523,,0.150431977,-0.115070452,0.108888382,-0.221185205,-0.287342407,0.202844086,0.288705675
1781693872.523039,2026-06-17T18:57:52.523,1781693872.422251,right,base,1,pelvis,200,0.001,-0.16654521,-0.365814268,0.05114,0.82854751,0.549904574,-0.00470527172,0.105317822,0.926495012,-0.00801072451,-0.267473179,-1.0322822,-0.264276611,-0.00674735916,0.0519543578,1,1,0.00401964988,0.00983779794,2,0.028041,,0.921127561,-0.0146406512,-0.269629811,-1.0053345,-0.266265598,-0.0221908638,0.062300003
1781693872.539548,2026-06-17T18:57:52.539,1781693872.439237,left,base,1,pelvis,200,0.001,-0.0050186,0.238008532,-0.080608,-0.612208693,0.782529973,0.0355019474,0.107642783,0.45588594,-0.100931122,0.126570985,-0.423370456,-0.271073214,0.232780757,0.291949509,1,1,0.0480789166,0.194506122,9,0.095499,,0.150253264,-0.116977348,0.10666736,-0.220134843,-0.288404534,0.183004624,0.30835758
1781693872.539847,2026-06-17T18:57:52.539,1781693872.422251,right,base,1,pelvis,200,0.001,-0.16654521,-0.365814268,0.05114,0.82854751,0.549904574,-0.00470527172,0.105317822,0.921394893,-0.0145913522,-0.269192148,-1.00539096,-0.265828416,-0.0221133064,0.0620665115,1,1,0.00394895367,0.00922258026,1,0.016794,,0.921394893,-0.0145913522,-0.269192148,-1.00539096,-0.265828416,-0.0221133064,0.0620665115
1781693872.556376,2026-06-17T18:57:52.556,1781693872.439237,left,base,1,pelvis,200,0.001,-0.0050186,0.238008532,-0.080608,-0.612208693,0.782529973,0.0355019474,0.107642783,0.405622773,-0.102490505,0.122412835,-0.373107289,-0.272867493,0.184982072,0.297335602,1,1,0.0470432998,0.182582737,8,0.099215,,0.0868846322,-0.107878976,0.110076473,-0.0916450729,-0.283613916,0.107435498,0.324460128
1781693872.556708,2026-06-17T18:57:52.556,1781693872.438931,right,base,1,pelvis,200,0.001,-0.16911256,-0.361658568,0.054636,0.830354463,0.547467373,-0.00431215418,0.103789917,0.921310135,-0.0146069825,-0.269330909,-1.00537306,-0.265967025,-0.022137896,0.0621405402,1,1,0.00287582407,0.00936961893,2,0.02801,,0.930547545,-0.0111590517,-0.268728089,-1.00782963,-0.266235724,-0.0268378189,0.0641187124
1781693872.573197,2026-06-17T18:57:52.573,1781693872.439237,left,base,1,pelvis,200,0.001,-0.0050186,0.238008532,-0.080608,-0.612208693,0.782529973,0.0355019474,0.107642783,0.354887538,-0.104143759,0.120615945,-0.322372054,-0.274640597,0.134246837,0.314612285,1,1,0.0482675276,0.168930537,7,0.107793,,-0.0133839445,-0.0954628987,0.116496935,0.105004284,-0.277993419,-0.00304187072,0.357185395
1781693872.573625,2026-06-17T18:57:52.573,1781693872.438931,right,base,1,pelvis,200,0.001,-0.16911256,-0.361658568,0.054636,0.830354463,0.547467373,-0.00431215418,0.103789917,0.930032859,-0.0116403011,-0.269076872,-1.00765424,-0.26607051,-0.0267621715,0.0638926547,1,1,0.00322156729,0.0100702981,1,0.032923,,0.930032859,-0.0116403011,-0.269076872,-1.00765424,-0.26607051,-0.0267621715,0.0638926547
1781693872.589817,2026-06-17T18:57:52.589,1781693872.472464,left,base,1,pelvis,200,0.001,-0.00721935,0.260313482,-0.0609405,-0.616328139,0.779682423,0.0416889394,0.102454751,0.304017835,-0.0965381811,0.119372004,-0.271502351,-0.27569969,0.0833771339,0.348349827,1,1,0.0409866047,0.15139935,5,0.092889,,0.0956650635,-0.0806177547,0.111437895,-0.0551654298,-0.281972543,0.0334072775,0.34231476
1781693872.590247,2026-06-17T18:57:52.590,1781693872.488925,right,base,1,pelvis,200,0.001,-0.17129366,-0.355793168,0.05414,0.83396978,0.541776176,-0.00474483245,0.104644485,0.930197234,-0.0115938244,-0.268965482,-1.00770761,-0.266123274,-0.0267863308,0.0639648502,1,1,0.00350719332,0.01380103,2,0.040883,,0.935098825,-0.00274770064,-0.266163347,-1.00705024,-0.265126558,-0.0335848076,0.0602860399
1781693872.606613,2026-06-17T18:57:52.606,1781693872.489102,left,base,1,pelvis,200,0.001,-0.00906145,0.269023882,-0.053364,-0.618146939,0.778076176,0.0472669133,0.101280134,0.254293256,-0.0816229379,0.119024585,-0.221777772,-0.275976861,0.0336525551,0.347263182,1,1,0.0467844269,0.136695117,3,0.070734,,0.153931276,-0.0733109746,0.114231606,-0.118777344,-0.279492067,0.0167827735,0.342308469
1781693872.607066,2026-06-17T18:57:52.607,1781693872.488925,right,base,1,pelvis,200,0.001,-0.17129366,-0.355793168,0.05414,0.83396978,0.541776176,-0.00474483245,0.104644485,0.934600285,-0.00321440926,-0.266501119,-1.00710283,-0.265464469,-0.0335107199,0.0604880891,1,1,0.00394743048,0.0139780509,1,0.033153,,0.934600285,-0.00321440926,-0.266501119,-1.00710283,-0.265464469,-0.0335107199,0.0604880891
1781693872.623411,2026-06-17T18:57:52.623,1781693872.505825,left,base,1,pelvis,200,0.001,-0.0110252,0.272755082,-0.0498255,-0.618349718,0.77744898,0.0539376725,0.101525554,0.203931384,-0.0742147503,0.118065033,-0.1714159,-0.276735185,0.0185545497,0.346631045,1,1,0.0446321178,0.125285643,2,0.075114,,0.17046486,-0.0716892967,0.115240461,-0.144736402,-0.279068772,0.0193612789,0.341871556
1781693872.623709,2026-06-17T18:57:52.623,1781693872.488925,right,base,1,pelvis,200,0.001,-0.17129366,-0.355793168,0.05414,0.83396978,0.541776176,-0.00474483245,0.104644485,0.934758427,-0.0030663646,-0.266393974,-1.00708615,-0.26535728,-0.0335342212,0.0604239971,1,1,0.00380750826,0.0139180593,1,0.018019,,0.934758427,-0.0030663646,-0.266393974,-1.00708615,-0.26535728,-0.0335342212,0.0604239971
1781693872.640110,2026-06-17T18:57:52.640,1781693872.505825,left,base,1,pelvis,200,0.001,-0.0110252,0.272755082,-0.0498255,-0.618349718,0.77744898,0.0539376725,0.101525554,0.161408227,-0.072479519,0.117562346,-0.143498235,-0.277096702,0.0183222122,0.345628638,1,1,0.031455449,0.115204008,2,0.039627,,0.133552587,-0.0701481603,0.114788216,-0.116163434,-0.279473997,0.0141433162,0.341922296
1781693872.640353,2026-06-17T18:57:52.640,1781693872.488925,right,base,1,pelvis,200,0.001,-0.17129366,-0.355793168,0.05414,0.83396978,0.541776176,-0.00474483245,0.104644485,0.93487498,-0.00295725287,-0.266315007,-1.00707385,-0.26527828,-0.0335515422,0.06037676,1,1,0.00370453773,0.0138761148,1,0.01425,,0.93487498,-0.00295725287,-0.266315007,-1.00707385,-0.26527828,-0.0335515422,0.06037676
1781693872.656891,2026-06-17T18:57:52.656,1781693872.522458,left,base,1,pelvis,200,0.001,-0.01963535,0.276235382,-0.04997,-0.618917105,0.776655286,0.0579914223,0.101907699,0.140577901,-0.0708353716,0.117247697,-0.119558704,-0.277363946,0.0154811187,0.345119498,1,1,0.0211317459,0.105783223,2,0.064619,,0.116766155,-0.067465711,0.114673688,-0.0908981966,-0.279656277,0.00625968088,0.341907845
1781693872.657255,2026-06-17T18:57:52.657,1781693872.505594,right,base,1,pelvis,200,0.001,-0.16886776,-0.356734368,0.051274,0.833965453,0.541550297,-0.00622607752,0.105764521,0.934959144,-0.00287846265,-0.266257984,-1.00706497,-0.265221234,-0.0335640498,0.0603426499,1,1,0.00340978089,0.0140755961,1,0.01897,,0.934959144,-0.00287846265,-0.266257984,-1.00706497,-0.265221234,-0.0335640498,0.0603426499
1781693872.673590,2026-06-17T18:57:52.673,1781693872.522458,left,base,1,pelvis,200,0.001,-0.01963535,0.276235382,-0.04997,-0.618917105,0.776655286,0.0579914223,0.101907699,0.122830523,-0.0680612835,0.116897949,-0.0938679612,-0.277664003,0.00742512715,0.344664844,1,1,0.0194410424,0.103380122,2,0.040169,,0.101043196,-0.0650982651,0.114317628,-0.0675071534,-0.280024811,-0.00151260941,0.341636205
1781693872.673845,2026-06-17T18:57:52.673,1781693872.538928,right,base,1,pelvis,200,0.001,-0.17043956,-0.354022018,0.051832,0.836604847,0.536692456,-0.00447889584,0.10969721,0.935018013,-0.00282335284,-0.266218099,-1.00705876,-0.265181332,-0.0335727982,0.0603187915,1,1,0.00212574562,0.0183754849,2,0.026064,,0.930656332,0.00324303104,-0.265071396,-0.999193882,-0.265420355,-0.039865692,0.0560652902
1781693872.690358,2026-06-17T18:57:52.690,1781693872.522458,left,base,1,pelvis,200,0.001,-0.01963535,0.276235382,-0.04997,-0.618917105,0.776655286,0.0579914223,0.101907699,0.10624754,-0.0656109694,0.116571352,-0.0700861281,-0.277956537,-0.000503247266,0.344013643,1,1,0.0177615753,0.100769671,2,0.06377,,0.0871492447,-0.0630795087,0.113966917,-0.0472639331,-0.280399304,-0.00856474103,0.340983556
1781693872.690708,2026-06-17T18:57:52.690,1781693872.638954,right,base,1,pelvis,200,0.001,-0.17431091,-0.343883268,0.064195,0.840340267,0.530013555,0.00246347434,0.113612493,0.930885745,0.00281202198,-0.265382931,-0.999243335,-0.265155788,-0.0397966137,0.0562520849,1,1,0.00704748502,0.0284269932,2,0.033466,,0.967886813,0.024798751,-0.262581022,-1.04712752,-0.265151364,-0.0387920862,0.0472176875
1781693872.707150,2026-06-17T18:57:52.707,1781693872.606406,left,base,1,pelvis,200,0.001,-0.02653235,0.272837432,-0.052444,-0.622987654,0.773317207,0.0648727769,0.09827717,0.0915732995,-0.063516407,0.116223602,-0.0494781058,-0.278275672,-0.00769958065,0.342995224,1,1,0.00838221051,0.0679418166,2,0.065527,,0.0171610195,-0.0576345273,0.110631487,0.0664212679,-0.283530453,-0.0570251232,0.346915674
1781693872.707579,2026-06-17T18:57:52.707,1781693872.655627,right,base,1,pelvis,200,0.001,-0.17240246,-0.343658118,0.065242,0.840359951,0.530166045,0.00210076773,0.112759502,0.967430564,0.0243720148,-0.262887879,-1.04696882,-0.26523965,-0.0388505102,0.0474025705,1,1,0.00320565283,0.0207510029,2,0.042887,,0.984008286,0.0352699827,-0.261779321,-1.07154948,-0.26633883,-0.0359922367,0.0431647036
1781693872.723795,2026-06-17T18:57:52.723,1781693872.606406,left,base,1,pelvis,200,0.001,-0.02653235,0.272837432,-0.052444,-0.622987654,0.773317207,0.0648727769,0.09827717,0.0407608167,-0.0580083523,0.114308953,0.00133437702,-0.279311995,-0.056233149,0.344284684,1,1,0.00655572225,0.0556790446,2,0.044808,,0.0489152591,-0.0612125045,0.107151475,-0.000768951482,-0.286464599,-0.0603740033,0.337701837
1781693872.724108,2026-06-17T18:57:52.724,1781693872.655627,right,base,1,pelvis,200,0.001,-0.17240246,-0.343658118,0.065242,0.840359951,0.530166045,0.00210076773,0.112759502,0.983557424,0.034848837,-0.262081355,-1.0713904,-0.265973705,-0.0360500586,0.0433471067,1,1,0.00344722152,0.0211005472,1,0.020923,,0.983557424,0.034848837,-0.262081355,-1.0713904,-0.265973705,-0.0360500586,0.0433471067
1781693872.740655,2026-06-17T18:57:52.740,1781693872.606406,left,base,1,pelvis,200,0.001,-0.02653235,0.272837432,-0.052444,-0.622987654,0.773317207,0.0648727769,0.09827717,0.0456703356,-0.0579458452,0.110218012,-0.000470888586,-0.282948153,-0.0597106269,0.339110372,1,1,0.00608705378,0.0485563803,2,0.044942,,0.0489632701,-0.0603678898,0.104082484,0.0023797934,-0.289069732,-0.0639025427,0.333715913
1781693872.740986,2026-06-17T18:57:52.740,1781693872.672288,right,base,1,pelvis,200,0.001,-0.17037211,-0.343747368,0.0668635,0.840255583,0.530506128,0.00149185826,0.11194453,0.983698296,0.034980424,-0.261986984,-1.07144011,-0.266087788,-0.0360319922,0.0432901148,1,1,0.00491227229,0.0197073502,1,0.025163,,0.983698296,0.034980424,-0.261986984,-1.07144011,-0.266087788,-0.0360319922,0.0432901148
1781693872.757420,2026-06-17T18:57:52.757,1781693872.689265,left,base,1,pelvis,200,0.001,-0.04037115,0.265758332,-0.033864,-0.633317988,0.760783225,0.059376953,0.128808339,0.0462973569,-0.0585287794,0.106604681,0.0010628962,-0.286178348,-0.0633542321,0.334876839,1,1,0.0144286355,0.0387690288,2,0.072118,,0.0670525901,-0.0711662697,0.102868203,0.0062026057,-0.289902684,-0.0974176048,0.354533951
1781693872.757812,2026-06-17T18:57:52.757,1781693872.688953,right,base,1,pelvis,200,0.001,-0.16683241,-0.343073218,0.0692605,0.839292594,0.532179043,0.00123247036,0.111228992,0.983805714,0.0350807623,-0.261915025,-1.07147801,-0.26617478,-0.036018216,0.0432466571,1,1,0.00350624283,0.0119032899,2,0.040015,,1.00012727,0.0432588407,-0.260812071,-1.10722079,-0.266626181,-0.0198916285,0.0371839179
1781693872.774260,2026-06-17T18:57:52.774,1781693872.705809,left,base,1,pelvis,200,0.001,-0.04679084,0.249758432,-0.0061665,-0.631679545,0.752603766,0.0703856944,0.172088288,0.0648680945,-0.0684434104,0.104922778,0.00512742653,-0.287547797,-0.0969455288,0.353062457,1,1,0.0440098797,0.103381273,2,0.046114,,0.0555010943,-0.0766616394,0.103553791,0.0365848131,-0.288895511,-0.122201384,0.375652773
1781693872.774518,2026-06-17T18:57:52.774,1781693872.705618,right,base,1,pelvis,200,0.001,-0.16341416,-0.343619168,0.0714135,0.837660235,0.534925149,0.000718751857,0.110362579,0.999695562,0.0428563893,-0.261100155,-1.10706506,-0.26627802,-0.0199485927,0.0373585114,1,1,0.00286651558,0.00252070761,2,0.026583,,1.0107832,0.0471374825,-0.261186891,-1.13466025,-0.268128841,-0.00462437434,0.0349359769
1781693872.790989,2026-06-17T18:57:52.790,1781693872.705809,left,base,1,pelvis,200,0.001,-0.04679084,0.249758432,-0.0061665,-0.631679545,0.752603766,0.0703856944,0.172088288,0.0571815166,-0.074469831,0.104519517,0.0357019936,-0.288010001,-0.121806734,0.374457118,1,1,0.0386666748,0.0954301956,2,0.073222,,-0.0421451313,-0.0723723467,0.105178383,0.229093587,-0.287243433,-0.215695348,0.415865253
1781693872.791351,2026-06-17T18:57:52.791,1781693872.722285,right,base,1,pelvis,200,0.001,-0.16223841,-0.346359468,0.071909,0.835838354,0.537930387,-0.000127535471,0.109567919,1.01035701,0.0467408574,-0.261009384,-1.13450386,-0.267785928,-0.00468216427,0.0351081062,1,1,0.00456090545,0.00486376932,1,0.023561,,1.01035701,0.0467408574,-0.261009384,-1.13450386,-0.267785928,-0.00468216427,0.0351081062
1781693872.814193,2026-06-17T18:57:52.814,1781693872.722472,left,base,1,pelvis,200,0.001,-0.04859489,0.229332882,0.0137435,-0.601107731,0.764612965,0.100528494,0.209596114,0.00666014285,-0.0726851605,0.104319525,0.0862233673,-0.288193382,-0.172328108,0.413453997,1,1,0.0780517005,0.16163761,400,6.089803,using best approximate IK outside the usable position/orientation threshold,0.00666014285,-0.0726851605,0.104319525,0.0862233673,-0.288193382,-0.172328108,0.413453997
1781693872.814645,2026-06-17T18:57:52.814,1781693872.722285,right,base,1,pelvis,200,0.001,-0.16223841,-0.346359468,0.071909,0.835838354,0.537930387,-0.000127535471,0.109567919,1.0104927,0.0468671393,-0.2610659,-1.13455365,-0.267895108,-0.00466376447,0.0350533018,1,1,0.00460801597,0.0050268958,1,0.026201,,1.0104927,0.0468671393,-0.2610659,-1.13455365,-0.267895108,-0.00466376447,0.0350533018
1781693872.830551,2026-06-17T18:57:52.830,1781693872.722472,left,base,1,pelvis,200,0.001,-0.04859489,0.229332882,0.0137435,-0.601107731,0.764612965,0.100528494,0.209596114,0.00404927914,-0.0726128588,0.104518036,0.0863855991,-0.287973817,-0.172652682,0.414011319,1,1,0.0788303562,0.160799398,400,6.073162,using best approximate IK outside the usable position/orientation threshold,0.00404927914,-0.0726128588,0.104518036,0.0863855991,-0.287973817,-0.172652682,0.414011319
1781693872.830962,2026-06-17T18:57:52.830,1781693872.738953,right,base,1,pelvis,200,0.001,-0.16480911,-0.352045718,0.0699755,0.834697132,0.539860013,-0.00164226427,0.108761973,1.01062417,0.0469894924,-0.261120659,-1.1346019,-0.268000892,-0.00464593712,0.0350002024,1,1,0.00322729272,0.00807478576,2,0.040246,,1.00934105,0.0373170365,-0.266369076,-1.1340225,-0.271704184,0.00169567988,0.0423283946
1781693872.846384,2026-06-17T18:57:52.846,1781693872.722472,left,base,1,pelvis,200,0.001,-0.04859489,0.229332882,0.0137435,-0.601107731,0.764612965,0.100528494,0.209596114,0.00451569185,-0.072625775,0.104482573,0.0863566175,-0.28801304,-0.172594699,0.413911757,1,1,0.0786894015,0.160945434,400,5.01492,using best approximate IK outside the usable position/orientation threshold,0.00451569185,-0.072625775,0.104482573,0.0863566175,-0.28801304,-0.172594699,0.413911757
1781693872.846643,2026-06-17T18:57:52.846,1781693872.738953,right,base,1,pelvis,200,0.001,-0.16480911,-0.352045718,0.0699755,0.834697132,0.539860013,-0.00164226427,0.108761973,1.00953047,0.0373481707,-0.266043955,-1.13405079,-0.271378495,0.00164018441,0.0421568829,1,1,0.00334093347,0.00756706975,1,0.023174,,1.00953047,0.0373481707,-0.266043955,-1.13405079,-0.271378495,0.00164018441,0.0421568829
1781693872.858043,2026-06-17T18:57:52.858,1781693872.755830,left,base,1,pelvis,200,0.001,-0.0279177,0.185553532,-0.011551,-0.501661857,0.820374186,0.202588927,0.185146707,0.00443064018,-0.0726234197,0.10448904,0.0863619024,-0.288005888,-0.172605273,0.413929913,1,1,0.0472780636,0.345486937,7,0.085547,,-0.106166179,-0.221348996,0.0465248993,0.242066044,-0.334588389,-0.219014971,0.723161193
1781693872.858349,2026-06-17T18:57:52.858,1781693872.755621,right,base,1,pelvis,200,0.001,-0.16831736,-0.354946118,0.0678025,0.83450696,0.540200379,-0.00250081436,0.10851465,1.00947353,0.037338812,-0.266141684,-1.13404229,-0.271476395,0.00165686593,0.042208438,1,1,0.00290469807,0.00711085808,2,0.02835,,1.00332307,0.0282915335,-0.270353385,-1.11824655,-0.274289287,-0.00271947482,0.0502953217
1781693872.874900,2026-06-17T18:57:52.874,1781693872.789164,left,base,1,pelvis,200,0.001,-0.031472935,0.189576032,-0.0066215,-0.51884914,0.811486076,0.189895764,0.190330022,-0.0305131789,-0.107567239,0.0695452208,0.121305721,-0.322949707,-0.207549092,0.448873732,1,1,0.0452549496,0.322537564,8,0.088627,,-0.100183188,-0.234786771,0.0232603944,0.26,-0.355254813,-0.269408702,0.753159873
1781693872.875453,2026-06-17T18:57:52.875,1781693872.755621,right,base,1,pelvis,200,0.001,-0.16831736,-0.354946118,0.0678025,0.83450696,0.540200379,-0.00250081436,0.10851465,1.00350838,0.0283228261,-0.270035971,-1.11827578,-0.273971465,-0.00266525938,0.0501272679,1,1,0.0029635016,0.00657548144,1,0.024018,,1.00350838,0.0283228261,-0.270035971,-1.11827578,-0.273971465,-0.00266525938,0.0501272679
1781693872.895839,2026-06-17T18:57:52.895,1781693872.822707,left,base,1,pelvis,200,0.001,-0.060121365,0.230812632,0.035191,-0.640502304,0.727010589,0.077637383,0.234914537,-0.0822841044,-0.159338164,0.0293896286,0.173076647,-0.348287044,-0.259320017,0.500644657,1,1,0.112062707,0.216887452,400,4.244882,using best approximate IK outside the usable position/orientation threshold,-0.0822841044,-0.159338164,0.0293896286,0.173076647,-0.348287044,-0.259320017,0.500644657
1781693872.896186,2026-06-17T18:57:52.896,1781693872.855637,right,base,1,pelvis,200,0.001,-0.15350191,-0.350639718,0.052986,0.829440483,0.548604322,-0.000199336134,0.105174819,1.0034481,0.0283126462,-0.270139229,-1.11826627,-0.274074856,-0.00268289629,0.0501819377,1,1,0.0083707073,0.0201013845,2,0.041303,,0.959240648,0.021288224,-0.263325625,-1.08128322,-0.267057758,0.00296055353,0.0410436366
1781693872.912457,2026-06-17T18:57:52.912,1781693872.822707,left,base,1,pelvis,200,0.001,-0.060121365,0.230812632,0.035191,-0.640502304,0.727010589,0.077637383,0.234914537,-0.0872498248,-0.159651144,0.0283343593,0.173236057,-0.349486684,-0.259798082,0.502605764,1,1,0.114532535,0.217156327,400,4.101632,using best approximate IK outside the usable position/orientation threshold,-0.0872498248,-0.159651144,0.0283343593,0.173236057,-0.349486684,-0.259798082,0.502605764
1781693872.912792,2026-06-17T18:57:52.912,1781693872.855637,right,base,1,pelvis,200,0.001,-0.15350191,-0.350639718,0.052986,0.829440483,0.548604322,-0.000199336134,0.105174819,0.959424055,0.0213191509,-0.263578748,-1.08131515,-0.267310508,0.00290816313,0.041196808,1,1,0.00340898045,0.0155239171,2,0.033486,,0.940822627,0.0178590927,-0.259818751,-1.06410343,-0.263379456,0.0041644294,0.0381520255
1781693872.929178,2026-06-17T18:57:52.929,1781693872.822707,left,base,1,pelvis,200,0.001,-0.060121365,0.230812632,0.035191,-0.640502304,0.727010589,0.077637383,0.234914537,-0.0865187581,-0.159605066,0.0284897188,0.173212588,-0.34931007,-0.2597277,0.502317045,1,1,0.114166638,0.217105043,400,4.06963,using best approximate IK outside the usable position/orientation threshold,-0.0865187581,-0.159605066,0.0284897188,0.173212588,-0.34931007,-0.2597277,0.502317045
1781693872.929472,2026-06-17T18:57:52.929,1781693872.855637,right,base,1,pelvis,200,0.001,-0.15350191,-0.350639718,0.052986,0.829440483,0.548604322,-0.000199336134,0.105174819,0.941005095,0.0178898934,-0.260068417,-1.06413658,-0.263628772,0.00411270724,0.0383031813,1,1,0.00350504306,0.0158863787,1,0.018665,,0.941005095,0.0178898934,-0.260068417,-1.06413658,-0.263628772,0.00411270724,0.0383031813
1781693872.946244,2026-06-17T18:57:52.946,1781693872.822707,left,base,1,pelvis,200,0.001,-0.060121365,0.230812632,0.035191,-0.640502304,0.727010589,0.077637383,0.234914537,-0.0866316466,-0.159612181,0.0284657288,0.173216212,-0.349337342,-0.259738568,0.502361628,1,1,0.114223088,0.217112699,400,4.182937,using best approximate IK outside the usable position/orientation threshold,-0.0866316466,-0.159612181,0.0284657288,0.173216212,-0.349337342,-0.259738568,0.502361628
1781693872.946503,2026-06-17T18:57:52.946,1781693872.872307,right,base,1,pelvis,200,0.001,-0.15507391,-0.349463818,0.056655,0.827915163,0.550875802,-0.00154735143,0.105308784,0.940947479,0.0178801678,-0.259989583,-1.06412611,-0.263550048,0.00412903903,0.0382554523,1,1,0.00200682363,0.0209445601,1,0.020541,,0.940947479,0.0178801678,-0.259989583,-1.06412611,-0.263550048,0.00412903903,0.0382554523
1781693872.962769,2026-06-17T18:57:52.962,1781693872.872721,left,base,1,pelvis,200,0.001,-0.067116745,0.242294632,0.044208,-0.678919245,0.693995927,0.0382519708,0.236590573,-0.086613069,-0.15961101,0.0284696768,0.173215616,-0.349332854,-0.25973678,0.502354291,1,1,0.126807644,0.259268943,400,4.056831,using best approximate IK outside the usable position/orientation threshold,-0.086613069,-0.15961101,0.0284696768,0.173215616,-0.349332854,-0.25973678,0.502354291
1781693872.963027,2026-06-17T18:57:52.963,1781693872.888973,right,base,1,pelvis,200,0.001,-0.15815516,-0.347491418,0.0624635,0.826634214,0.552710819,-0.0034231281,0.105711443,0.94090379,0.0178727931,-0.259929804,-1.06411818,-0.263490353,0.00414142305,0.0382192606,1,1,0.00325365893,0.0195352554,2,0.028344,,0.9616417,0.02388995,-0.256110421,-1.09060658,-0.258706659,0.00905057562,0.0338457688
1781693872.981947,2026-06-17T18:57:52.981,1781693872.905847,left,base,1,pelvis,200,0.001,-0.066228275,0.247757482,0.0397365,-0.702087484,0.675704987,0.0203860849,0.223786379,-0.086597302,-0.159610016,0.0284730274,0.17321511,-0.349329045,-0.259735262,0.502348064,1,1,0.124438006,0.300480382,400,6.307649,using best approximate IK outside the usable position/orientation threshold,-0.086597302,-0.159610016,0.0284730274,0.17321511,-0.349329045,-0.259735262,0.502348064
1781693872.982306,2026-06-17T18:57:52.982,1781693872.888973,right,base,1,pelvis,200,0.001,-0.15815516,-0.347491418,0.0624635,0.826634214,0.552710819,-0.0034231281,0.105711443,0.961287954,0.0235586221,-0.256349344,-1.09047923,-0.258945337,0.00900069096,0.0339906142,1,1,0.00343605116,0.0197517221,1,0.03297,,0.961287954,0.0235586221,-0.256349344,-1.09047923,-0.258945337,0.00900069096,0.0339906142
1781693872.997857,2026-06-17T18:57:52.997,1781693872.922585,left,base,1,pelvis,200,0.001,-0.05231615,0.247860632,0.0128295,-0.696024536,0.688360841,0.0381042142,0.200642135,-0.0865814643,-0.159609018,0.0284763931,0.173214601,-0.349325218,-0.259733737,0.502341809,1,1,0.0984484024,0.274672597,400,5.658628,using best approximate IK outside the usable position/orientation threshold,-0.0865814643,-0.159609018,0.0284763931,0.173214601,-0.349325218,-0.259733737,0.502341809
1781693872.998106,2026-06-17T18:57:52.998,1781693872.888973,right,base,1,pelvis,200,0.001,-0.15815516,-0.347491418,0.0624635,0.826634214,0.552710819,-0.0034231281,0.105711443,0.961414538,0.0236771841,-0.256263848,-1.0905248,-0.258859929,0.00901854163,0.0339387829,1,1,0.00336942395,0.0196733438,1,0.019518,,0.961414538,0.0236771841,-0.256263848,-1.0905248,-0.258859929,0.00901854163,0.0339387829
1781693873.009073,2026-06-17T18:57:53.009,1781693872.939244,left,base,1,pelvis,200,0.001,-0.030118335,0.247839782,-0.0284905,-0.664833223,0.721487066,0.0752905526,0.178282169,-0.0865702417,-0.159608311,0.028478778,0.173214241,-0.349322507,-0.259732657,0.502337377,1,1,0.0435640889,0.19306214,3,0.047269,,-0.103108974,-0.13999963,0.0421026005,0.26,-0.334686507,-0.325045813,0.516935582
1781693873.009333,2026-06-17T18:57:53.009,1781693872.922321,right,base,1,pelvis,200,0.001,-0.15735121,-0.345266468,0.0638525,0.826164257,0.5534651,-0.00499781605,0.105375641,0.961490046,0.0237479072,-0.256212849,-1.09055198,-0.258808982,0.00902918969,0.0339078651,1,1,0.00224503781,0.0170114401,2,0.027035,,0.974031306,0.0290033193,-0.252024827,-1.10936815,-0.25381036,0.014448927,0.0279261833
1781693873.025866,2026-06-17T18:57:53.025,1781693872.939244,left,base,1,pelvis,200,0.001,-0.030118335,0.247839782,-0.0284905,-0.664833223,0.721487066,0.0752905526,0.178282169,-0.101601064,-0.14009866,0.040626488,0.207006498,-0.335966234,-0.293524914,0.515847856,1,1,0.0477641493,0.184461015,2,0.044645,,-0.102952039,-0.133555377,0.0463022598,0.24331628,-0.32992242,-0.321935856,0.523133484
1781693873.026185,2026-06-17T18:57:53.026,1781693872.955655,right,base,1,pelvis,200,0.001,-0.15982066,-0.347462818,0.0597735,0.828826157,0.549602547,-0.00609803158,0.104628179,0.973690799,0.0286849783,-0.252254421,-1.10924427,-0.254039792,0.0144005789,0.0280656845,1,1,0.00371008699,0.0114873724,1,0.021659,,0.973690799,0.0286849783,-0.252254421,-1.10924427,-0.254039792,0.0144005789,0.0280656845
1781693873.042755,2026-06-17T18:57:53.042,1781693872.939244,left,base,1,pelvis,200,0.001,-0.030118335,0.247839782,-0.0284905,-0.664833223,0.721487066,0.0752905526,0.178282169,-0.101910982,-0.133636721,0.0451277912,0.243323188,-0.3309411,-0.322017871,0.522266751,1,1,0.0412228225,0.17439226,2,0.055989,,-0.101212722,-0.128804968,0.0504865784,0.26,-0.325253892,-0.341960861,0.527731159
1781693873.043522,2026-06-17T18:57:53.043,1781693872.972336,right,base,1,pelvis,200,0.001,-0.16164211,-0.348238718,0.0591985,0.831303487,0.54596939,-0.00441676079,0.104078958,0.973799315,0.0287864298,-0.252181252,-1.10928375,-0.253966675,0.0144159869,0.0280212271,1,1,0.00227149792,0.00321909682,2,0.036996,,0.96687275,0.0252311971,-0.253750237,-1.0914009,-0.255819076,0.0096648139,0.0321728211
1781693873.059428,2026-06-17T18:57:53.059,1781693872.939244,left,base,1,pelvis,200,0.001,-0.030118335,0.247839782,-0.0284905,-0.664833223,0.721487066,0.0752905526,0.178282169,-0.10207707,-0.128869645,0.0495734651,0.25946637,-0.326046218,-0.341683772,0.527056814,1,1,0.0411245197,0.170613342,2,0.047903,,-0.0997208558,-0.125244904,0.0545914821,0.26,-0.320748259,-0.356937107,0.531653666
1781693873.059821,2026-06-17T18:57:53.059,1781693872.972336,right,base,1,pelvis,200,0.001,-0.16164211,-0.348238718,0.0591985,0.831303487,0.54596939,-0.00441676079,0.104078958,0.967032746,0.0252579434,-0.25348312,-1.09142798,-0.255551777,0.00970960047,0.0320322158,1,1,0.0022361856,0.00310372854,1,0.024358,,0.967032746,0.0252579434,-0.25348312,-1.09142798,-0.255551777,0.00970960047,0.0320322158
1781693873.076254,2026-06-17T18:57:53.076,1781693873.006099,left,base,1,pelvis,200,0.001,-0.02308565,0.248928832,-0.0418225,-0.646490683,0.735103882,0.0882042264,0.184098057,-0.100391239,-0.125295927,0.053882646,0.259586349,-0.321363565,-0.356718585,0.531129961,1,1,0.0285812907,0.151770782,2,0.066993,,-0.0607990829,-0.124227428,0.0563332553,0.205532573,-0.31828152,-0.333970976,0.526735058
1781693873.076555,2026-06-17T18:57:53.076,1781693872.988995,right,base,1,pelvis,200,0.001,-0.16323206,-0.347886018,0.0604015,0.83401077,0.541967359,-0.00166075243,0.10341498,0.966983185,0.0252496583,-0.253565864,-1.09141959,-0.255634577,0.00969572714,0.0320757705,1,1,0.00338388093,0.0120712852,1,0.017916,,0.966983185,0.0252496583,-0.253565864,-1.09141959,-0.255634577,0.00969572714,0.0320757705
1781693873.092938,2026-06-17T18:57:53.092,1781693873.006099,left,base,1,pelvis,200,0.001,-0.02308565,0.248928832,-0.0418225,-0.646490683,0.735103882,0.0882042264,0.184098057,-0.0613115238,-0.124266064,0.0557988214,0.209257379,-0.318745615,-0.334005906,0.526930943,1,1,0.0221286764,0.138415365,2,0.050956,,-0.0257832314,-0.124103217,0.0582983003,0.15769928,-0.315809323,-0.310607094,0.52276282
1781693873.093346,2026-06-17T18:57:53.093,1781693873.038993,right,base,1,pelvis,200,0.001,-0.14069301,-0.363861868,0.0442935,0.823536479,0.558804973,-0.00855228477,0.0972189724,0.966945036,0.025243281,-0.253629555,-1.09141314,-0.255698311,0.00968504837,0.032109296,1,1,0.011811625,0.0271617893,2,0.040098,,0.913408176,-0.0024197537,-0.259072505,-1.05102395,-0.258316543,0.0338194722,0.0377269009
1781693873.109675,2026-06-17T18:57:53.109,1781693873.022610,left,base,1,pelvis,200,0.001,-0.030426475,0.250598082,-0.029041,-0.651040486,0.727793637,0.0683004129,0.204445009,-0.0261662618,-0.124131748,0.0579036189,0.158844724,-0.316152165,-0.310636109,0.522907933,1,1,0.0238258223,0.100523612,2,0.044201,,-0.0364113569,-0.122022573,0.0607147608,0.194804248,-0.313051256,-0.332760459,0.532837572
1781693873.110048,2026-06-17T18:57:53.110,1781693873.038993,right,base,1,pelvis,200,0.001,-0.14069301,-0.363861868,0.0442935,0.823536479,0.558804973,-0.00855228477,0.0972189724,0.916532381,-0.00239002803,-0.25879985,-1.05105515,-0.258043956,0.0337699486,0.0375831346,1,1,0.00529411038,0.0192983736,2,0.03016,,0.891120157,-0.0145447779,-0.258794959,-1.0308088,-0.25704493,0.043937054,0.0394259453
1781693873.132612,2026-06-17T18:57:53.132,1781693873.039179,left,base,1,pelvis,200,0.001,-0.048540745,0.252460582,0.003411,-0.674811646,0.699135293,0.0306554403,0.234306056,-0.036130375,-0.122043248,0.0604313628,0.194645704,-0.313297497,-0.332675683,0.532628523,1,1,0.0563888769,0.15612568,400,6.182156,using best approximate IK outside the usable position/orientation threshold,-0.036130375,-0.122043248,0.0604313628,0.194645704,-0.313297497,-0.332675683,0.532628523
1781693873.132997,2026-06-17T18:57:53.132,1781693873.038993,right,base,1,pelvis,200,0.001,-0.14069301,-0.363861868,0.0442935,0.823536479,0.558804973,-0.00855228477,0.0972189724,0.891277357,-0.0145162547,-0.258884681,-1.03083936,-0.257254622,0.0438903683,0.0392927086,1,1,0.00214512718,0.0148793679,2,0.044852,,0.880545499,-0.0200068561,-0.257777393,-1.02183959,-0.255674809,0.0484456251,0.0401108391
1781693873.147410,2026-06-17T18:57:53.147,1781693873.072603,left,base,1,pelvis,200,0.001,-0.05675329,0.252819882,0.017436,-0.683908539,0.689460953,0.0151997918,0.238079126,-0.0362420561,-0.12203503,0.0605440042,0.19470872,-0.313199625,-0.332709379,0.532711613,1,1,0.0721262247,0.186104195,400,4.263365,using best approximate IK outside the usable position/orientation threshold,-0.0362420561,-0.12203503,0.0605440042,0.19470872,-0.313199625,-0.332709379,0.532711613
1781693873.147673,2026-06-17T18:57:53.147,1781693873.055665,right,base,1,pelvis,200,0.001,-0.14345271,-0.362787468,0.0468225,0.82085276,0.562590613,-0.0121365797,0.0976998099,0.880700453,-0.0199784527,-0.257982885,-1.02187028,-0.255880472,0.0483994952,0.039980177,1,1,0.00171676715,0.0252250512,1,0.021545,,0.880700453,-0.0199784527,-0.257982885,-1.02187028,-0.255880472,0.0483994952,0.039980177
1781693873.164133,2026-06-17T18:57:53.164,1781693873.072603,left,base,1,pelvis,200,0.001,-0.05675329,0.252819882,0.017436,-0.683908539,0.689460953,0.0151997918,0.238079126,-0.0362938929,-0.122031216,0.0605962867,0.194737969,-0.313154197,-0.332725019,0.532750179,1,1,0.0721366521,0.185999052,400,4.242319,using best approximate IK outside the usable position/orientation threshold,-0.0362938929,-0.122031216,0.0605962867,0.194737969,-0.313154197,-0.332725019,0.532750179
1781693873.164395,2026-06-17T18:57:53.164,1781693873.088998,right,base,1,pelvis,200,0.001,-0.15029976,-0.356798168,0.050624,0.817082287,0.56764419,-0.0191533428,0.0989432092,0.880656672,-0.0199864778,-0.257924825,-1.0218616,-0.255822363,0.0484125288,0.0400170943,1,1,0.00458273645,0.0323920355,2,0.033554,,0.900112074,-0.0116859191,-0.251975303,-1.03755985,-0.247676813,0.0444597094,0.0314440917
1781693873.183584,2026-06-17T18:57:53.183,1781693873.089178,left,base,1,pelvis,200,0.001,-0.0610737,0.252398932,0.024001,-0.688192538,0.688333057,0.0112319731,0.229046886,-0.0363373111,-0.122028021,0.0606400783,0.194762468,-0.313116147,-0.332738118,0.532782482,1,1,0.0798461186,0.188501688,400,6.186639,using best approximate IK outside the usable position/orientation threshold,-0.0363373111,-0.122028021,0.0606400783,0.194762468,-0.313116147,-0.332738118,0.532782482
1781693873.183934,2026-06-17T18:57:53.183,1781693873.105666,right,base,1,pelvis,200,0.001,-0.14988106,-0.355039468,0.0486815,0.815398297,0.570015875,-0.0221334877,0.0985780342,0.899820629,-0.0119606363,-0.252175757,-1.03745737,-0.247877605,0.0444972676,0.0315656069,1,1,0.00214587517,0.0310405731,2,0.057719,,0.902834854,-0.00786177048,-0.246263265,-1.03805476,-0.239857066,0.0427251749,0.0225445157
1781693873.197605,2026-06-17T18:57:53.197,1781693873.105868,left,base,1,pelvis,200,0.001,-0.065149235,0.251588282,0.029643,-0.692031722,0.689623051,0.0104315051,0.213080567,-0.0363714614,-0.122025508,0.0606745222,0.194781737,-0.313086219,-0.332748422,0.53280789,1,1,0.0867070723,0.186104097,400,4.155574,using best approximate IK outside the usable position/orientation threshold,-0.0363714614,-0.122025508,0.0606745222,0.194781737,-0.313086219,-0.332748422,0.53280789
1781693873.197845,2026-06-17T18:57:53.197,1781693873.105666,right,base,1,pelvis,200,0.001,-0.14988106,-0.355039468,0.0486815,0.815398297,0.570015875,-0.0221334877,0.0985780342,0.90254805,-0.00813221083,-0.246460824,-1.03795394,-0.240055123,0.0427622424,0.0226646988,1,1,0.00236262601,0.0312224459,1,0.021125,,0.90254805,-0.00813221083,-0.246460824,-1.03795394,-0.240055123,0.0427622424,0.0226646988
1781693873.216918,2026-06-17T18:57:53.216,1781693873.122526,left,base,1,pelvis,200,0.001,-0.06305045,0.248522082,0.0385035,-0.680055999,0.704380395,0.0285371772,0.201389493,-0.036387484,-0.122024329,0.0606906826,0.194790778,-0.313072178,-0.332753256,0.532819811,1,1,0.0921281251,0.14269879,400,6.280734,using best approximate IK outside the usable position/orientation threshold,-0.036387484,-0.122024329,0.0606906826,0.194790778,-0.313072178,-0.332753256,0.532819811
1781693873.217263,2026-06-17T18:57:53.217,1781693873.105666,right,base,1,pelvis,200,0.001,-0.14988106,-0.355039468,0.0486815,0.815398297,0.570015875,-0.0221334877,0.0985780342,0.902625264,-0.00805940237,-0.246407637,-1.03798108,-0.240001802,0.042752263,0.0226323429,1,1,0.00230425185,0.0311732706,1,0.026321,,0.902625264,-0.00805940237,-0.246407637,-1.03798108,-0.240001802,0.042752263,0.0226323429
1781693873.232912,2026-06-17T18:57:53.232,1781693873.139179,left,base,1,pelvis,200,0.001,-0.052584215,0.241759582,0.0538855,-0.642038883,0.739400813,0.0716146389,0.189588644,-0.0364011104,-0.122023327,0.0607044262,0.194798467,-0.313060236,-0.332757367,0.532829949,1,1,0.0998105068,0.09352722,400,5.850767,using best approximate IK outside the usable position/orientation threshold,-0.0364011104,-0.122023327,0.0607044262,0.194798467,-0.313060236,-0.332757367,0.532829949
1781693873.233351,2026-06-17T18:57:53.233,1781693873.105666,right,base,1,pelvis,200,0.001,-0.14988106,-0.355039468,0.0486815,0.815398297,0.570015875,-0.0221334877,0.0985780342,0.902706146,-0.00798313499,-0.246351923,-1.03800952,-0.239945947,0.0427418095,0.0225984498,1,1,0.00224311977,0.0311219255,1,0.029698,,0.902706146,-0.00798313499,-0.246351923,-1.03800952,-0.239945947,0.0427418095,0.0225984498
1781693873.249851,2026-06-17T18:57:53.249,1781693873.139179,left,base,1,pelvis,200,0.001,-0.052584215,0.241759582,0.0538855,-0.642038883,0.739400813,0.0716146389,0.189588644,-0.0364070765,-0.122022888,0.0607104436,0.194801833,-0.313055007,-0.332759167,0.532834387,1,1,0.0998112769,0.0935209326,400,5.845872,using best approximate IK outside the usable position/orientation threshold,-0.0364070765,-0.122022888,0.0607104436,0.194801833,-0.313055007,-0.332759167,0.532834387
1781693873.250557,2026-06-17T18:57:53.250,1781693873.122334,right,base,1,pelvis,200,0.001,-0.15051926,-0.353832468,0.04835,0.815003312,0.570412328,-0.0245888236,0.0989685144,0.902753894,-0.00793811165,-0.246319033,-1.0380263,-0.239912974,0.0427356385,0.0225784415,1,1,0.0035755884,0.0349698202,1,0.030246,,0.902753894,-0.00793811165,-0.246319033,-1.0380263,-0.239912974,0.0427356385,0.0225784415
1781693873.266714,2026-06-17T18:57:53.266,1781693873.139179,left,base,1,pelvis,200,0.001,-0.052584215,0.241759582,0.0538855,-0.642038883,0.739400813,0.0716146389,0.189588644,-0.0364100928,-0.122022666,0.0607134858,0.194803535,-0.313052364,-0.332760077,0.532836631,1,1,0.0998116663,0.0935177544,400,5.975956,using best approximate IK outside the usable position/orientation threshold,-0.0364100928,-0.122022666,0.0607134858,0.194803535,-0.313052364,-0.332760077,0.532836631
1781693873.267202,2026-06-17T18:57:53.267,1781693873.122334,right,base,1,pelvis,200,0.001,-0.15051926,-0.353832468,0.04835,0.815003312,0.570412328,-0.0245888236,0.0989685144,0.902788119,-0.00790583955,-0.246295458,-1.03803833,-0.23988934,0.0427312151,0.0225640999,1,1,0.00355016455,0.0349491961,1,0.031442,,0.902788119,-0.00790583955,-0.246295458,-1.03803833,-0.23988934,0.0427312151,0.0225640999
1781693873.283322,2026-06-17T18:57:53.283,1781693873.205939,left,base,1,pelvis,200,0.001,-0.046899005,0.238435232,0.0624165,-0.628462851,0.752119442,0.0893699999,0.17709826,-0.0364111261,-0.12202259,0.0607145279,0.194804118,-0.313051459,-0.332760389,0.5328374,1,1,0.10545172,0.12719187,400,5.833268,using best approximate IK outside the usable position/orientation threshold,-0.0364111261,-0.12202259,0.0607145279,0.194804118,-0.313051459,-0.332760389,0.5328374
1781693873.283745,2026-06-17T18:57:53.283,1781693873.222339,right,base,1,pelvis,200,0.001,-0.14735091,-0.352697118,0.0456405,0.823269956,0.55961587,-0.013643566,0.0941833913,0.90280987,-0.00788532942,-0.246280475,-1.03804597,-0.239874319,0.042728404,0.0225549852,1,1,0.00209592167,0.00893767354,2,0.047543,,0.895348546,-0.00507015531,-0.242976966,-1.03040339,-0.237940756,0.0429535123,0.0191475204
1781693873.299870,2026-06-17T18:57:53.299,1781693873.205939,left,base,1,pelvis,200,0.001,-0.046899005,0.238435232,0.0624165,-0.628462851,0.752119442,0.0893699999,0.17709826,-0.0364113456,-0.122022573,0.0607147493,0.194804242,-0.313051266,-0.332760455,0.532837564,1,1,0.105451743,0.127191829,400,5.777553,using best approximate IK outside the usable position/orientation threshold,-0.0364113456,-0.122022573,0.0607147493,0.194804242,-0.313051266,-0.332760455,0.532837564
1781693873.300269,2026-06-17T18:57:53.300,1781693873.239008,right,base,1,pelvis,200,0.001,-0.14354806,-0.351982868,0.0438955,0.821077788,0.563251999,-0.0105907004,0.0920124365,0.895483747,-0.00531883852,-0.243158721,-1.03042976,-0.23812287,0.0429133401,0.0192581886,1,1,0.0023436221,0.0123655686,2,0.04411,,0.886532687,-0.00510884621,-0.239869254,-1.02591402,-0.236185935,0.0477652639,0.0174523694
1781693873.317238,2026-06-17T18:57:53.317,1781693873.222528,left,base,1,pelvis,200,0.001,-0.050780685,0.240410432,0.061013,-0.651231018,0.739496492,0.0608426673,0.159189411,-0.0364113569,-0.122022573,0.0607147608,0.194804248,-0.313051256,-0.332760459,0.532837572,1,1,0.105541375,0.119021554,400,5.872267,using best approximate IK outside the usable position/orientation threshold,-0.0364113569,-0.122022573,0.0607147608,0.194804248,-0.313051256,-0.332760459,0.532837572
1781693873.317746,2026-06-17T18:57:53.317,1781693873.239008,right,base,1,pelvis,200,0.001,-0.14354806,-0.351982868,0.0438955,0.821077788,0.563251999,-0.0105907004,0.0920124365,0.88666665,-0.00524083469,-0.240048729,-1.02594035,-0.236365669,0.0477253054,0.0175616356,1,1,0.00245307739,0.0125434674,1,0.03029,,0.88666665,-0.00524083469,-0.240048729,-1.02594035,-0.236365669,0.0477253054,0.0175616356
1781693873.333521,2026-06-17T18:57:53.333,1781693873.222528,left,base,1,pelvis,200,0.001,-0.050780685,0.240410432,0.061013,-0.651231018,0.739496492,0.0608426673,0.159189411,-0.0364113569,-0.122022573,0.0607147608,0.194804248,-0.313051256,-0.332760459,0.532837572,1,1,0.105541375,0.119021554,400,5.838612,using best approximate IK outside the usable position/orientation threshold,-0.0364113569,-0.122022573,0.0607147608,0.194804248,-0.313051256,-0.332760459,0.532837572
1781693873.333920,2026-06-17T18:57:53.333,1781693873.239008,right,base,1,pelvis,200,0.001,-0.14354806,-0.351982868,0.0438955,0.821077788,0.563251999,-0.0105907004,0.0920124365,0.886622526,-0.00519736166,-0.239989616,-1.02593168,-0.23630647,0.0477384665,0.0175256466,1,1,0.00241679815,0.012484804,1,0.029556,,0.886622526,-0.00519736166,-0.239989616,-1.02593168,-0.23630647,0.0477384665,0.0175256466
1781693873.350725,2026-06-17T18:57:53.350,1781693873.222528,left,base,1,pelvis,200,0.001,-0.050780685,0.240410432,0.061013,-0.651231018,0.739496492,0.0608426673,0.159189411,-0.0364113569,-0.122022573,0.0607147608,0.194804248,-0.313051256,-0.332760459,0.532837572,1,1,0.105541375,0.119021554,400,5.805789,using best approximate IK outside the usable position/orientation threshold,-0.0364113569,-0.122022573,0.0607147608,0.194804248,-0.313051256,-0.332760459,0.532837572
1781693873.351143,2026-06-17T18:57:53.351,1781693873.272341,right,base,1,pelvis,200,0.001,-0.14615501,-0.353974818,0.043771,0.821207595,0.563341834,-0.00832357648,0.0905250352,0.886592227,-0.00516750865,-0.239949022,-1.02592572,-0.236265818,0.0477475043,0.0175009329,1,1,0.00184710898,0.0167907449,1,0.030763,,0.886592227,-0.00516750865,-0.239949022,-1.02592572,-0.236265818,0.0477475043,0.0175009329
1781693873.367050,2026-06-17T18:57:53.367,1781693873.289225,left,base,1,pelvis,200,0.001,-0.06163415,0.247505882,0.04938,-0.695597418,0.699426649,0.0143243742,0.163528,-0.0364113569,-0.122022573,0.0607147608,0.194804248,-0.313051256,-0.332760459,0.532837572,1,1,0.100258451,0.193134049,400,5.857963,using best approximate IK outside the usable position/orientation threshold,-0.0364113569,-0.122022573,0.0607147608,0.194804248,-0.313051256,-0.332760459,0.532837572
1781693873.367425,2026-06-17T18:57:53.367,1781693873.289011,right,base,1,pelvis,200,0.001,-0.14594231,-0.353775918,0.044632,0.820479465,0.564250631,-0.00904929989,0.0913935613,0.886569122,-0.00514474471,-0.239918068,-1.02592118,-0.23623482,0.0477543959,0.0174820878,1,1,0.00109898464,0.0157398025,1,0.028657,,0.886569122,-0.00514474471,-0.239918068,-1.02592118,-0.23623482,0.0477543959,0.0174820878
1781693873.384414,2026-06-17T18:57:53.384,1781693873.289225,left,base,1,pelvis,200,0.001,-0.06163415,0.247505882,0.04938,-0.695597418,0.699426649,0.0143243742,0.163528,-0.0364113569,-0.122022573,0.0607147608,0.194804248,-0.313051256,-0.332760459,0.532837572,1,1,0.100258451,0.193134049,400,5.898581,using best approximate IK outside the usable position/orientation threshold,-0.0364113569,-0.122022573,0.0607147608,0.194804248,-0.313051256,-0.332760459,0.532837572
1781693873.384860,2026-06-17T18:57:53.384,1781693873.289011,right,base,1,pelvis,200,0.001,-0.14594231,-0.353775918,0.044632,0.820479465,0.564250631,-0.00904929989,0.0913935613,0.886554123,-0.00512996661,-0.239897973,-1.02591823,-0.236214696,0.0477588699,0.0174698538,1,1,0.00110916966,0.0157189967,1,0.035313,,0.886554123,-0.00512996661,-0.239897973,-1.02591823,-0.236214696,0.0477588699,0.0174698538
1781693873.399254,2026-06-17T18:57:53.399,1781693873.322549,left,base,1,pelvis,200,0.001,-0.050465305,0.246773182,0.017881,-0.680896635,0.712921442,0.0331898623,0.164381336,-0.0364113569,-0.122022573,0.0607147608,0.194804248,-0.313051256,-0.332760459,0.532837572,1,1,0.0681010903,0.154045551,400,4.556432,using best approximate IK outside the usable position/orientation threshold,-0.0364113569,-0.122022573,0.0607147608,0.194804248,-0.313051256,-0.332760459,0.532837572
1781693873.399511,2026-06-17T18:57:53.399,1781693873.289011,right,base,1,pelvis,200,0.001,-0.14594231,-0.353775918,0.044632,0.820479465,0.564250631,-0.00904929989,0.0913935613,0.886543737,-0.00511973417,-0.23988406,-1.02591619,-0.236200762,0.0477619677,0.017461383,1,1,0.00111627929,0.0157045929,1,0.021119,,0.886543737,-0.00511973417,-0.23988406,-1.02591619,-0.236200762,0.0477619677,0.017461383
1781693873.411449,2026-06-17T18:57:53.411,1781693873.355886,left,base,1,pelvis,200,0.001,-0.027517115,0.241322382,-0.019606,-0.628515549,0.754254575,0.0897236379,0.167385512,-0.0364113569,-0.122022573,0.0607147608,0.194804248,-0.313051256,-0.332760459,0.532837572,1,1,0.0270607748,0.142763757,2,0.044418,,-0.0770715541,-0.122992335,0.0624553845,0.26,-0.311014294,-0.363230485,0.550075258
1781693873.411737,2026-06-17T18:57:53.411,1781693873.339014,right,base,1,pelvis,200,0.001,-0.14616816,-0.351617168,0.045734,0.821813751,0.561232883,-0.0100066765,0.0976712659,0.886538416,-0.00511449086,-0.23987693,-1.02591515,-0.236193622,0.0477635551,0.0174570423,1,1,0.0017812583,0.00553094464,1,0.021049,,0.886538416,-0.00511449086,-0.23987693,-1.02591515,-0.236193622,0.0477635551,0.0174570423
1781693873.428152,2026-06-17T18:57:53.428,1781693873.355886,left,base,1,pelvis,200,0.001,-0.027517115,0.241322382,-0.019606,-0.628515549,0.754254575,0.0897236379,0.167385512,-0.0364113569,-0.122022573,0.0607147608,0.194804248,-0.313051256,-0.332760459,0.532837572,1,1,0.0270607748,0.142763757,2,0.043144,,-0.0770715541,-0.122992335,0.0624553845,0.26,-0.311014294,-0.363230485,0.550075258
1781693873.428383,2026-06-17T18:57:53.428,1781693873.355683,right,base,1,pelvis,200,0.001,-0.14740566,-0.354428968,0.0412045,0.824106715,0.557529351,-0.00835920412,0.0996958789,0.886535677,-0.00511179263,-0.239873261,-1.02591461,-0.236189947,0.0477643719,0.0174548086,1,1,0.00467163721,0.0122048616,1,0.017952,,0.886535677,-0.00511179263,-0.239873261,-1.02591461,-0.236189947,0.0477643719,0.0174548086
1781693873.444959,2026-06-17T18:57:53.444,1781693873.355886,left,base,1,pelvis,200,0.001,-0.027517115,0.241322382,-0.019606,-0.628515549,0.754254575,0.0897236379,0.167385512,-0.0364655205,-0.122023864,0.0607170795,0.194891096,-0.313048543,-0.332801048,0.532860534,1,1,0.0270788177,0.142811736,2,0.045611,,-0.0771008715,-0.122994394,0.0624569859,0.26,-0.311012233,-0.363253516,0.550091088
1781693873.445471,2026-06-17T18:57:53.445,1781693873.389020,right,base,1,pelvis,200,0.001,-0.14546166,-0.358463818,0.0340715,0.824746159,0.556595044,-0.00569937882,0.0998160707,0.886533679,-0.00510982442,-0.239870585,-1.02591421,-0.236187267,0.0477649678,0.0174531792,1,1,0.00509923064,0.013253193,2,0.03928,,0.854341384,-0.0165061136,-0.242918032,-0.973376985,-0.239647538,0.0280319423,0.0278833711
1781693873.461667,2026-06-17T18:57:53.461,1781693873.355886,left,base,1,pelvis,200,0.001,-0.027517115,0.241322382,-0.019606,-0.628515549,0.754254575,0.0897236379,0.167385512,-0.0371324643,-0.122039771,0.0607456307,0.195960493,-0.313015131,-0.333300844,0.533143282,1,1,0.0273017077,0.143403801,2,0.046722,,-0.0774623836,-0.123019713,0.0624767266,0.26,-0.310986829,-0.363537497,0.550286159
1781693873.461891,2026-06-17T18:57:53.461,1781693873.389020,right,base,1,pelvis,200,0.001,-0.14546166,-0.358463818,0.0340715,0.824746159,0.556595044,-0.00569937882,0.0998160707,0.85446574,-0.0164838523,-0.242723182,-0.974436544,-0.239452899,0.0280635488,0.0277807151,1,1,0.0021293275,0.00973684302,2,0.02712,,0.840493354,-0.0211718027,-0.24414965,-0.950077944,-0.241435206,0.0173011756,0.0333586046
1781693873.478434,2026-06-17T18:57:53.478,1781693873.389330,left,base,1,pelvis,200,0.001,-0.01370515,0.237792682,-0.0416885,-0.599036247,0.774726299,0.120925546,0.162270605,-0.0392262182,-0.122089708,0.0608352623,0.199317679,-0.31291024,-0.334869866,0.534030918,1,1,0.0103488605,0.193356797,2,0.050747,,-0.0149417779,-0.128213868,0.0596024953,0.1524588,-0.313438278,-0.295566625,0.535222501
1781693873.478845,2026-06-17T18:57:53.478,1781693873.405686,right,base,1,pelvis,200,0.001,-0.14181331,-0.361049168,0.028578,0.823909895,0.557989049,-0.00333825104,0.0990432305,0.840613483,-0.0211501634,-0.243962685,-0.950105668,-0.241248407,0.0173321521,0.033259805,1,1,0.00362859762,0.00969230195,2,0.030255,,0.816542386,-0.0290956379,-0.244881898,-0.917609151,-0.242866168,0.00902823829,0.0394065309
1781693873.495250,2026-06-17T18:57:53.495,1781693873.405886,left,base,1,pelvis,200,0.001,-0.02190985,0.240960582,-0.0297895,-0.619636995,0.760649853,0.0933325412,0.169560705,-0.0433770517,-0.122188707,0.0610129554,0.205973248,-0.312702295,-0.337980426,0.535790643,1,1,0.0132032885,0.132302784,2,0.064566,,-0.0512741932,-0.124848761,0.0614770099,0.226071221,-0.311834506,-0.337715488,0.543978399
1781693873.495607,2026-06-17T18:57:53.495,1781693873.422354,right,base,1,pelvis,200,0.001,-0.13822971,-0.359218618,0.029049,0.822226198,0.560485824,-0.00219936223,0.0989691004,0.816662337,-0.0290738112,-0.24469743,-0.917638471,-0.242681823,0.00905929636,0.0393087074,1,1,0.00226624245,0.00949774646,2,0.038419,,0.807509724,-0.0302192358,-0.243252057,-0.912197809,-0.241974655,0.0104364715,0.0391579359
1781693873.512057,2026-06-17T18:57:53.512,1781693873.405886,left,base,1,pelvis,200,0.001,-0.02190985,0.240960582,-0.0297895,-0.619636995,0.760649853,0.0933325412,0.169560705,-0.0406484844,-0.122766864,0.0608776117,0.200838155,-0.312772917,-0.33391052,0.535736126,1,1,0.0130965065,0.130796701,2,0.054283,,-0.0492575162,-0.125320178,0.0613785508,0.222193727,-0.311883254,-0.334317643,0.544009032
1781693873.512555,2026-06-17T18:57:53.512,1781693873.439022,right,base,1,pelvis,200,0.001,-0.13534596,-0.358106168,0.028305,0.821044055,0.56224037,-0.00293533892,0.0988119935,0.807628608,-0.0301976346,-0.243404777,-0.912227061,-0.242127453,0.0104046629,0.0392497358,1,1,0.00217303896,0.00803830966,2,0.041075,,0.801161295,-0.029889327,-0.24120616,-0.911416092,-0.240385453,0.0137356805,0.0369211014
1781693873.533096,2026-06-17T18:57:53.533,1781693873.455891,left,base,1,pelvis,200,0.001,-0.034278625,0.244723582,-0.012941,-0.653545619,0.731996166,0.0431152551,0.187618792,-0.0419668922,-0.12302518,0.0609519834,0.203969002,-0.312656482,-0.334382629,0.536758804,1,1,0.0344757546,0.0763251596,400,4.335574,,-0.0419668922,-0.12302518,0.0609519834,0.203969002,-0.312656482,-0.334382629,0.536758804
1781693873.533406,2026-06-17T18:57:53.533,1781693873.439022,right,base,1,pelvis,200,0.001,-0.13534596,-0.358106168,0.028305,0.821044055,0.56224037,-0.00293533892,0.0988119935,0.801278947,-0.0300940135,-0.241356936,-0.911444995,-0.240536278,0.0137041068,0.0370117923,1,1,0.00226209391,0.00815482027,1,0.022185,,0.801278947,-0.0300940135,-0.241356936,-0.911444995,-0.240536278,0.0137041068,0.0370117923
1781693873.552025,2026-06-17T18:57:53.552,1781693873.455891,left,base,1,pelvis,200,0.001,-0.034278625,0.244723582,-0.012941,-0.653545619,0.731996166,0.0431152551,0.187618792,-0.0432844879,-0.123439943,0.0610290746,0.207262659,-0.312516741,-0.334370885,0.538069099,1,1,0.0340259922,0.0758117222,400,6.285402,,-0.0432844879,-0.123439943,0.0610290746,0.207262659,-0.312516741,-0.334370885,0.538069099
1781693873.552518,2026-06-17T18:57:53.552,1781693873.455691,right,base,1,pelvis,200,0.001,-0.13160826,-0.360962568,0.0208985,0.820628528,0.563058041,-0.00365063651,0.0975762967,0.801234026,-0.0300158618,-0.241299368,-0.911433959,-0.240478691,0.013716162,0.0369771654,1,1,0.00414085742,0.00690633912,2,0.044068,,0.773990068,-0.0371127206,-0.239934926,-0.878927617,-0.239429726,0.00913421884,0.0391694045
1781693873.562288,2026-06-17T18:57:53.562,1781693873.472564,left,base,1,pelvis,200,0.001,-0.016914875,0.238097032,-0.0407555,-0.61893408,0.760541359,0.0712743616,0.182804296,-0.0430405752,-0.123363162,0.0610148035,0.206652939,-0.31254261,-0.334373059,0.537826538,1,1,0.00668337164,0.0676958086,2,0.051844,,0.0357566305,-0.137149938,0.0588575975,0.0720152317,-0.313916787,-0.257044628,0.533001389
1781693873.562675,2026-06-17T18:57:53.562,1781693873.472358,right,base,1,pelvis,200,0.001,-0.12849346,-0.366136018,0.0107275,0.82101829,0.56288002,-0.003332609,0.0953097301,0.774105587,-0.0370916848,-0.240081047,-0.878957475,-0.239575876,0.00916349181,0.0390771979,1,1,0.00653002013,0.00749670919,2,0.040519,,0.728126798,-0.0517011608,-0.239884109,-0.814832702,-0.239876195,-0.00503634967,0.0478471267
1781693873.579097,2026-06-17T18:57:53.579,1781693873.472564,left,base,1,pelvis,200,0.001,-0.016914875,0.238097032,-0.0407555,-0.61893408,0.760541359,0.0712743616,0.182804296,-0.0430668072,-0.12337142,0.0610163383,0.206718513,-0.312539827,-0.334372825,0.537852624,1,1,0.00668106692,0.067668201,2,0.062015,,0.0357202616,-0.137153027,0.0588599268,0.0720830544,-0.313913252,-0.257046458,0.53301977
1781693873.579512,2026-06-17T18:57:53.579,1781693873.489026,right,base,1,pelvis,200,0.001,-0.12640051,-0.370383768,0.003147,0.821487609,0.56269408,-0.00142248296,0.0923658845,0.743666448,-0.0516687161,-0.240051363,-0.848518336,-0.239618655,-0.00499172141,0.0477096092,1,1,0.0075905958,0.0194373844,2,0.042167,,0.688539094,-0.0674142369,-0.239059958,-0.757987428,-0.24021303,-0.0310993482,0.0608071841
1781693873.595746,2026-06-17T18:57:53.595,1781693873.472564,left,base,1,pelvis,200,0.001,-0.016914875,0.238097032,-0.0407555,-0.61893408,0.760541359,0.0712743616,0.182804296,-0.036689603,-0.12448617,0.0608416856,0.195820354,-0.31265123,-0.328116593,0.537460136,1,1,0.00646997001,0.0663488106,2,0.053465,,0.041250254,-0.137811616,0.05865108,0.0621192158,-0.314114738,-0.251390676,0.532153932
1781693873.596024,2026-06-17T18:57:53.596,1781693873.522362,right,base,1,pelvis,200,0.001,-0.12639656,-0.370876118,0.003427,0.820783497,0.563957717,0.0003569117,0.0909176431,0.693055667,-0.0673876075,-0.239230888,-0.797907556,-0.240009986,-0.0310624209,0.0606979093,1,1,0.00730498611,0.040060861,2,0.025581,,0.666054932,-0.0753291713,-0.238114886,-0.727371231,-0.240442768,-0.0594018562,0.0734167309
1781693873.612609,2026-06-17T18:57:53.612,1781693873.522615,left,base,1,pelvis,200,0.001,-0.0067501,0.233535032,-0.053114,-0.591772714,0.775377424,0.102580513,0.195120843,-0.029688784,-0.125709929,0.0606499538,0.183856485,-0.312773527,-0.321248576,0.537029266,1,1,0.0189332869,0.147314743,2,0.04431,,0.0362226965,-0.135044382,0.0568844606,0.0578723682,-0.315789658,-0.251111904,0.530174191
1781693873.612984,2026-06-17T18:57:53.612,1781693873.522362,right,base,1,pelvis,200,0.001,-0.12639656,-0.370876118,0.003427,0.820783497,0.563957717,0.0003569117,0.0909176431,0.666172522,-0.0753067307,-0.238256169,-0.748701537,-0.240274991,-0.0593697783,0.073325745,1,1,0.00644819044,0.0459403229,2,0.034142,,0.652971155,-0.0793202367,-0.23755074,-0.701668704,-0.240677048,-0.077017655,0.0817939621
1781693873.629340,2026-06-17T18:57:53.629,1781693873.522615,left,base,1,pelvis,200,0.001,-0.0067501,0.233535032,-0.053114,-0.591772714,0.775377424,0.102580513,0.195120843,-0.0222779038,-0.126974172,0.0604411349,0.1711388,-0.312913641,-0.313950641,0.536519948,1,1,0.0187684625,0.145674045,2,0.064375,,0.0453010113,-0.136231827,0.056560317,0.0419349161,-0.316104852,-0.242519888,0.528949631
1781693873.629761,2026-06-17T18:57:53.629,1781693873.539027,right,base,1,pelvis,200,0.001,-0.12679781,-0.369860218,0.006338,0.819384142,0.566026283,0.00106646546,0.0906793114,0.653087901,-0.0792978754,-0.237690181,-0.701706854,-0.240511482,-0.0769850398,0.0817037242,1,1,0.00267926756,0.0343887734,2,0.040775,,0.658528911,-0.0787221616,-0.236970263,-0.701978497,-0.240377675,-0.0712781241,0.0829852216
1781693873.646165,2026-06-17T18:57:53.646,1781693873.522615,left,base,1,pelvis,200,0.001,-0.0067501,0.233535032,-0.053114,-0.591772714,0.775377424,0.102580513,0.195120843,-0.0154756226,-0.127912552,0.0600275751,0.157968506,-0.313248056,-0.306643933,0.535782082,1,1,0.0186554873,0.144497022,2,0.068382,,0.0542535676,-0.137176011,0.0560264845,0.0250397311,-0.316622322,-0.233808449,0.527504458
1781693873.646702,2026-06-17T18:57:53.646,1781693873.572362,right,base,1,pelvis,200,0.001,-0.12825566,-0.366366368,0.010265,0.818344366,0.567264444,-1.42102261e-06,0.0923230729,0.658342982,-0.0789060822,-0.237107911,-0.701926632,-0.240515139,-0.0713023171,0.0828961001,1,1,0.00296274164,0.0254278195,2,0.045151,,0.677546877,-0.0723136723,-0.235670909,-0.729340415,-0.239149883,-0.0573091447,0.0772836037
1781693873.662775,2026-06-17T18:57:53.662,1781693873.589234,left,base,1,pelvis,200,0.001,-0.04886534,0.228635432,-0.0146165,-0.633613976,0.750086557,0.112936339,0.152147526,-0.0080859405,-0.128924073,0.0596059996,0.143860266,-0.313595407,-0.298847248,0.534951341,1,1,0.0382090557,0.167697118,2,0.055753,,-0.0554856483,-0.1331,0.0622588402,0.252809735,-0.310698708,-0.342939287,0.561341802
1781693873.663188,2026-06-17T18:57:53.663,1781693873.572362,right,base,1,pelvis,200,0.001,-0.12825566,-0.366366368,0.010265,0.818344366,0.567264444,-1.42102261e-06,0.0923230729,0.677362385,-0.0724955117,-0.235806813,-0.729287777,-0.239285602,-0.0573337624,0.0773630243,1,1,0.00309825975,0.0256884686,1,0.030033,,0.677362385,-0.0724955117,-0.235806813,-0.729287777,-0.239285602,-0.0573337624,0.0773630243
1781693873.679592,2026-06-17T18:57:53.679,1781693873.589234,left,base,1,pelvis,200,0.001,-0.04886534,0.228635432,-0.0146165,-0.633613976,0.750086557,0.112936339,0.152147526,-0.00050992757,-0.129926916,0.0591709873,0.129420211,-0.313963263,-0.290943195,0.534046334,1,1,0.0383038582,0.166778344,2,0.066719,,-0.0512749135,-0.133812874,0.0620065423,0.244570785,-0.310906584,-0.337857647,0.561234617
1781693873.680019,2026-06-17T18:57:53.680,1781693873.572362,right,base,1,pelvis,200,0.001,-0.12825566,-0.366366368,0.010265,0.818344366,0.567264444,-1.42102261e-06,0.0923230729,0.677420125,-0.0724386018,-0.235764279,-0.729304251,-0.239243127,-0.0573260578,0.0773381682,1,1,0.00305553508,0.0256068178,1,0.020848,,0.677420125,-0.0724386018,-0.235764279,-0.729304251,-0.239243127,-0.0573260578,0.0773381682
1781693873.696337,2026-06-17T18:57:53.696,1781693873.605890,left,base,1,pelvis,200,0.001,-0.044965885,0.223978782,-0.036455,-0.618186659,0.767618744,0.135274667,0.101525774,-0.00742210694,-0.130325873,0.0595592277,0.14493416,-0.313552805,-0.297480741,0.537478234,1,1,0.032160512,0.257885537,2,0.04426,,0.0269198571,-0.13918646,0.0603678982,0.0963118449,-0.312660785,-0.260219152,0.535910727
1781693873.696589,2026-06-17T18:57:53.696,1781693873.622368,right,base,1,pelvis,200,0.001,-0.12745281,-0.365064768,0.008835,0.817983363,0.567512321,0.000963219116,0.0939790201,0.677464181,-0.0723951793,-0.235731826,-0.729316821,-0.239210718,-0.0573201792,0.0773192029,1,1,0.0032104895,0.0219069943,1,0.017068,,0.677464181,-0.0723951793,-0.235731826,-0.729316821,-0.239210718,-0.0573201792,0.0773192029
1781693873.713267,2026-06-17T18:57:53.713,1781693873.622809,left,base,1,pelvis,200,0.001,-0.046254525,0.230249132,-0.032918,-0.614071458,0.773995851,0.116861601,0.100945691,-0.0135900878,-0.130816326,0.0599034471,0.158948241,-0.313180609,-0.30315983,0.540819615,1,1,0.0300720492,0.237150312,2,0.046545,,0.0038473915,-0.136018316,0.0605085786,0.142519515,-0.312594211,-0.283197309,0.539641132
1781693873.713824,2026-06-17T18:57:53.713,1781693873.622368,right,base,1,pelvis,200,0.001,-0.12745281,-0.365064768,0.008835,0.817983363,0.567512321,0.000963219116,0.0939790201,0.677495168,-0.0723646376,-0.235709,-0.729325662,-0.239187922,-0.0573160445,0.0773058634,1,1,0.00318518773,0.021862795,1,0.025068,,0.677495168,-0.0723646376,-0.235709,-0.729325662,-0.239187922,-0.0573160445,0.0773058634
1781693873.730042,2026-06-17T18:57:53.730,1781693873.622809,left,base,1,pelvis,200,0.001,-0.046254525,0.230249132,-0.032918,-0.614071458,0.773995851,0.116861601,0.100945691,-0.00693241987,-0.132191928,0.0599797781,0.148654168,-0.313095178,-0.296102679,0.540012856,1,1,0.02919644,0.234035631,2,0.048494,,0.00894568998,-0.13713011,0.0606033867,0.134541742,-0.312488625,-0.277182622,0.538949454
1781693873.730300,2026-06-17T18:57:53.730,1781693873.622368,right,base,1,pelvis,200,0.001,-0.12745281,-0.365064768,0.008835,0.817983363,0.567512321,0.000963219116,0.0939790201,0.677517353,-0.0723427721,-0.235692658,-0.729331992,-0.239171603,-0.0573130843,0.0772963134,1,1,0.00316709863,0.0218311647,1,0.016847,,0.677517353,-0.0723427721,-0.235692658,-0.729331992,-0.239171603,-0.0573130843,0.0772963134
1781693873.746921,2026-06-17T18:57:53.746,1781693873.622809,left,base,1,pelvis,200,0.001,-0.046254525,0.230249132,-0.032918,-0.614071458,0.773995851,0.116861601,0.100945691,-0.00500553609,-0.132875893,0.0600743008,0.147557603,-0.31300563,-0.293795854,0.539946411,1,1,0.0282828223,0.231200218,2,0.042764,,0.00972412936,-0.137645003,0.060740255,0.134898679,-0.31235616,-0.275437881,0.538947846
1781693873.747422,2026-06-17T18:57:53.747,1781693873.655705,right,base,1,pelvis,200,0.001,-0.11995826,-0.370211968,0.0015715,0.817896023,0.567501783,0.00375473664,0.0947297401,0.677531026,-0.072329295,-0.235682585,-0.729335893,-0.239161544,-0.0573112597,0.0772904271,1,1,0.00398205984,0.0133236961,2,0.038294,,0.650650109,-0.0788735022,-0.233818051,-0.699803583,-0.23779738,-0.0552366902,0.0782885189
1781693873.763689,2026-06-17T18:57:53.763,1781693873.672593,left,base,1,pelvis,200,0.001,-0.04891345,0.236859032,-0.0245435,-0.620929762,0.769566696,0.0957484469,0.114217193,-0.00211054173,-0.133758678,0.0601840905,0.144856705,-0.312898348,-0.290348471,0.539739534,1,1,0.0293330839,0.18381517,2,0.043073,,-0.0231994875,-0.134073281,0.0618596257,0.200947433,-0.311308499,-0.308762642,0.546304517
1781693873.763970,2026-06-17T18:57:53.763,1781693873.722374,right,base,1,pelvis,200,0.001,-0.11134736,-0.375655318,-0.0061665,0.816416975,0.56914201,0.00576358679,0.0975062949,0.650755419,-0.0788533754,-0.23394388,-0.69983805,-0.237923013,-0.0552595682,0.0782073816,1,1,0.00678366613,0.00777312428,2,0.035515,,0.605757086,-0.0921904823,-0.232213269,-0.647253511,-0.236480454,-0.0590046417,0.0830899922
1781693873.780643,2026-06-17T18:57:53.780,1781693873.689243,left,base,1,pelvis,200,0.001,-0.05252102,0.243233332,-0.0126365,-0.6363351,0.755428361,0.0729297331,0.138155297,0.000583963512,-0.134643512,0.0603107174,0.142589472,-0.312774903,-0.286953644,0.539559283,1,1,0.047343788,0.152082039,2,0.057406,,-0.0705896082,-0.130084065,0.0641111155,0.26,-0.309109742,-0.356037576,0.559056639
1781693873.781062,2026-06-17T18:57:53.781,1781693873.722374,right,base,1,pelvis,200,0.001,-0.11134736,-0.375655318,-0.0061665,0.816416975,0.56914201,0.00576358679,0.0975062949,0.605866474,-0.0921693389,-0.232341363,-0.650244363,-0.236608335,-0.058975645,0.083007205,1,1,0.00250537512,0.00728856987,2,0.030799,,0.585412588,-0.0979622107,-0.230907588,-0.622373157,-0.235358118,-0.063682588,0.0858474817
1781693873.801374,2026-06-17T18:57:53.801,1781693873.722565,left,base,1,pelvis,200,0.001,-0.04763193,0.243355532,-0.0096255,-0.64415093,0.745451348,0.078420022,0.152388209,-0.00514634948,-0.134506123,0.0606839067,0.156650063,-0.312421592,-0.292208238,0.541184459,1,1,0.0399746355,0.116097168,400,4.06467,,-0.00514634948,-0.134506123,0.0606839067,0.156650063,-0.312421592,-0.292208238,0.541184459
1781693873.801690,2026-06-17T18:57:53.801,1781693873.722374,right,base,1,pelvis,200,0.001,-0.11134736,-0.375655318,-0.0061665,0.816416975,0.56914201,0.00576358679,0.0975062949,0.585518362,-0.0979416775,-0.231030371,-0.622410467,-0.235480687,-0.0636545835,0.0857680356,1,1,0.0025396698,0.00741313028,1,0.020863,,0.585518362,-0.0979416775,-0.231030371,-0.622410467,-0.235480687,-0.0636545835,0.0857680356
1781693873.818777,2026-06-17T18:57:53.818,1781693873.722565,left,base,1,pelvis,200,0.001,-0.04763193,0.243355532,-0.0096255,-0.64415093,0.745451348,0.078420022,0.152388209,-0.018540284,-0.133601083,0.0613853359,0.177802162,-0.311743773,-0.30527186,0.544842266,1,1,0.0408597148,0.120226213,400,4.665552,,-0.018540284,-0.133601083,0.0613853359,0.177802162,-0.311743773,-0.30527186,0.544842266
1781693873.819075,2026-06-17T18:57:53.819,1781693873.722374,right,base,1,pelvis,200,0.001,-0.11134736,-0.375655318,-0.0061665,0.816416975,0.56914201,0.00576358679,0.0975062949,0.585478243,-0.0979494656,-0.2309838,-0.622396315,-0.235434197,-0.0636652055,0.0857981691,1,1,0.00252648994,0.00736486,1,0.01987,,0.585478243,-0.0979494656,-0.2309838,-0.622396315,-0.235434197,-0.0636652055,0.0857981691
1781693873.830899,2026-06-17T18:57:53.830,1781693873.739245,left,base,1,pelvis,200,0.001,-0.035715855,0.237348582,-0.019897,-0.633482457,0.753514882,0.106198258,0.1401329,-0.0158980264,-0.133779622,0.061246963,0.173629431,-0.311877488,-0.302694764,0.544120681,1,1,0.0207587448,0.157400992,2,0.0451,,-0.059394711,-0.133813491,0.0648436729,0.26,-0.308186797,-0.332393551,0.558626599
1781693873.831159,2026-06-17T18:57:53.831,1781693873.739042,right,base,1,pelvis,200,0.001,-0.11419231,-0.372735868,-0.0037645,0.815452625,0.570096175,0.00384316674,0.100062965,0.585454293,-0.0979541148,-0.230955999,-0.622387868,-0.235406445,-0.0636715463,0.0858161575,1,1,0.00264562126,0.00966464575,1,0.015531,,0.585454293,-0.0979541148,-0.230955999,-0.622387868,-0.235406445,-0.0636715463,0.0858161575
1781693873.847717,2026-06-17T18:57:53.847,1781693873.755903,left,base,1,pelvis,200,0.001,-0.0254119,0.231437032,-0.0307825,-0.621399451,0.761560757,0.134646615,0.125531768,-0.0163102254,-0.13375177,0.0612685496,0.174280388,-0.311856628,-0.303096797,0.54423325,1,1,0.0116816683,0.213938448,2,0.040902,,-0.0287310311,-0.138009768,0.0639667406,0.195734474,-0.308902168,-0.29267968,0.551229573
1781693873.848059,2026-06-17T18:57:53.848,1781693873.739042,right,base,1,pelvis,200,0.001,-0.11419231,-0.372735868,-0.0037645,0.815452625,0.570096175,0.00384316674,0.100062965,0.585441981,-0.0979565048,-0.230941708,-0.622383525,-0.235392178,-0.0636748059,0.0858254047,1,1,0.00264742159,0.00965671152,1,0.017509,,0.585441981,-0.0979565048,-0.230941708,-0.622383525,-0.235392178,-0.0636748059,0.0858254047
1781693873.864538,2026-06-17T18:57:53.864,1781693873.755903,left,base,1,pelvis,200,0.001,-0.0254119,0.231437032,-0.0307825,-0.621399451,0.761560757,0.134646615,0.125531768,-0.0248454822,-0.133763997,0.0619767998,0.191261881,-0.311129616,-0.308900634,0.547084646,1,1,0.0111129256,0.211715143,2,0.052539,,-0.0357281191,-0.138022171,0.064655348,0.209442643,-0.308178577,-0.297029149,0.553460905
1781693873.864841,2026-06-17T18:57:53.864,1781693873.739042,right,base,1,pelvis,200,0.001,-0.11419231,-0.372735868,-0.0037645,0.815452625,0.570096175,0.00384316674,0.100062965,0.585429553,-0.0979589175,-0.230927281,-0.622379141,-0.235377776,-0.0636780965,0.0858347396,1,1,0.00264926279,0.00964880866,1,0.017227,,0.585429553,-0.0979589175,-0.230927281,-0.622379141,-0.235377776,-0.0636780965,0.0858347396
1781693873.881314,2026-06-17T18:57:53.881,1781693873.755903,left,base,1,pelvis,200,0.001,-0.0254119,0.231437032,-0.0307825,-0.621399451,0.761560757,0.134646615,0.125531768,-0.0256909355,-0.134687831,0.0624097893,0.192235069,-0.310644947,-0.30537113,0.547986537,1,1,0.0107272815,0.208477224,2,0.049773,,-0.0365683907,-0.13877594,0.0650925382,0.210315384,-0.307692824,-0.293732312,0.554184007
1781693873.881601,2026-06-17T18:57:53.881,1781693873.755711,right,base,1,pelvis,200,0.001,-0.11422526,-0.371922218,-0.0052225,0.815326325,0.569787416,0.00349278248,0.102825508,0.585421578,-0.0979604656,-0.230918024,-0.622376328,-0.235368535,-0.0636802079,0.0858407294,1,1,0.00348489242,0.0113386123,1,0.017489,,0.585421578,-0.0979604656,-0.230918024,-0.622376328,-0.235368535,-0.0636802079,0.0858407294
1781693873.898092,2026-06-17T18:57:53.898,1781693873.755903,left,base,1,pelvis,200,0.001,-0.0254119,0.231437032,-0.0307825,-0.621399451,0.761560757,0.134646615,0.125531768,-0.0281121473,-0.135492154,0.0629514725,0.196385952,-0.310049999,-0.303358842,0.549307087,1,1,0.0102841642,0.205174251,2,0.049389,,-0.0386826352,-0.139432083,0.0656303265,0.213741486,-0.307101413,-0.29164542,0.555231328
1781693873.898393,2026-06-17T18:57:53.898,1781693873.789046,right,base,1,pelvis,200,0.001,-0.11179381,-0.374473268,-0.010491,0.815805247,0.56880979,0.00616875897,0.104303252,0.585416803,-0.0979613924,-0.230912481,-0.622374644,-0.235363002,-0.063681472,0.0858443157,1,1,0.00273567228,0.00753204363,2,0.028759,,0.559735754,-0.101149513,-0.22848291,-0.579808016,-0.232769698,-0.08227781,0.0861913648
1781693873.914987,2026-06-17T18:57:53.914,1781693873.839235,left,base,1,pelvis,200,0.001,-0.02529625,0.237100582,-0.0430825,-0.642093382,0.749733079,0.11003063,0.116231063,-0.0303809927,-0.136373208,0.0635259293,0.200123277,-0.309417559,-0.300776004,0.550615585,1,1,0.0101198318,0.18254443,2,0.057005,,-0.0059587525,-0.13802183,0.0671332723,0.152938107,-0.305965063,-0.265127105,0.539363169
1781693873.915425,2026-06-17T18:57:53.915,1781693873.822383,right,base,1,pelvis,200,0.001,-0.11126331,-0.375488068,-0.010188,0.814894551,0.570034224,0.00641064917,0.104722285,0.559833727,-0.101130573,-0.228595435,-0.579844046,-0.232882035,-0.0822513525,0.0861186098,1,1,0.00272851112,0.0100052454,1,0.020899,,0.559833727,-0.101130573,-0.228595435,-0.579844046,-0.232882035,-0.0822513525,0.0861186098
1781693873.931758,2026-06-17T18:57:53.931,1781693873.839235,left,base,1,pelvis,200,0.001,-0.02529625,0.237100582,-0.0430825,-0.642093382,0.749733079,0.11003063,0.116231063,-0.0326677442,-0.137215798,0.0641056018,0.161874967,-0.308779559,-0.286402306,0.551887027,1,1,0.0201510471,0.205088924,2,0.056457,,0.00496295104,-0.139453986,0.0668725285,0.100558309,-0.306138085,-0.247873916,0.539145412
1781693873.932043,2026-06-17T18:57:53.932,1781693873.822383,right,base,1,pelvis,200,0.001,-0.11126331,-0.375488068,-0.010188,0.814894551,0.570034224,0.00641064917,0.104722285,0.559802096,-0.101136688,-0.228559105,-0.579832413,-0.232845766,-0.0822598946,0.0861420996,1,1,0.00272121179,0.00997293404,1,0.017434,,0.559802096,-0.101136688,-0.228559105,-0.579832413,-0.232845766,-0.0822598946,0.0861420996
1781693873.952759,2026-06-17T18:57:53.952,1781693873.872560,left,base,1,pelvis,200,0.001,-0.01416895,0.255461082,-0.103214,-0.690071851,0.715898456,0.0621562073,0.0861791509,-0.0254097379,-0.137434833,0.0649283529,0.114912588,-0.308014736,-0.272372989,0.548483745,1,1,0.102007768,0.176888008,400,4.309592,using best approximate IK outside the usable position/orientation threshold,2.79,3.32332609,-0.287419737,-0.535301079,-2.79,-0.350429345,0.266335991
1781693873.953113,2026-06-17T18:57:53.953,1781693873.872386,right,base,1,pelvis,200,0.001,-0.11129511,-0.374835918,-0.0075115,0.811454516,0.574296067,0.00245803527,0.108256887,0.559779228,-0.101141109,-0.228532842,-0.579824004,-0.232819546,-0.0822660699,0.0861590808,1,1,0.000861487984,0.0243733362,1,0.018273,,0.559779228,-0.101141109,-0.228532842,-0.579824004,-0.232819546,-0.0822660699,0.0861590808
1781693873.969567,2026-06-17T18:57:53.969,1781693873.872560,left,base,1,pelvis,200,0.001,-0.01416895,0.255461082,-0.103214,-0.690071851,0.715898456,0.0621562073,0.0861791509,-0.0158300329,-0.138071684,0.065541556,0.110385173,-0.307422831,-0.264645853,0.545538386,1,1,0.06572369,0.218450872,400,4.252301,using best approximate IK outside the usable position/orientation threshold,0.0591838452,-0.150907914,0.212567284,-0.0860077156,-0.395539883,0.165470193,0.391346368
1781693873.969904,2026-06-17T18:57:53.969,1781693873.889061,right,base,1,pelvis,200,0.001,-0.11079026,-0.373329768,-0.0080745,0.81118145,0.574315425,0.00120424293,0.110204346,0.559759335,-0.101144955,-0.228509994,-0.579816688,-0.232796736,-0.0822714419,0.0861738533,1,1,0.00180800499,0.0280052235,1,0.021975,,0.559759335,-0.101144955,-0.228509994,-0.579816688,-0.232796736,-0.0822714419,0.0861738533
1781693873.986216,2026-06-17T18:57:53.986,1781693873.872560,left,base,1,pelvis,200,0.001,-0.01416895,0.255461082,-0.103214,-0.690071851,0.715898456,0.0621562073,0.0861791509,-0.0097725785,-0.138474379,0.0659292976,0.0721656147,-0.307048556,-0.214253226,0.543675971,1,1,0.0668592318,0.234373421,400,4.074622,using best approximate IK outside the usable position/orientation threshold,0.103687027,-0.121928027,0.0826979994,-0.129880682,-0.289780301,-0.11569358,0.466707175
1781693873.986614,2026-06-17T18:57:53.986,1781693873.889061,right,base,1,pelvis,200,0.001,-0.11079026,-0.373329768,-0.0080745,0.81118145,0.574315425,0.00120424293,0.110204346,0.559749114,-0.101146931,-0.228498255,-0.579812929,-0.232785017,-0.0822742021,0.0861814433,1,1,0.0018017615,0.0280001932,1,0.020636,,0.559749114,-0.101146931,-0.228498255,-0.579812929,-0.232785017,-0.0822742021,0.0861814433
1781693873.998980,2026-06-17T18:57:53.998,1781693873.939067,left,base,1,pelvis,200,0.001,-0.02560457,0.255234332,-0.073526,-0.693822705,0.709936653,0.0498661677,0.110060747,-0.00468180691,-0.139392297,0.0767549823,0.03519071,-0.31358151,-0.164153138,0.532430098,1,1,0.0447439512,0.20097521,3,0.054467,,-0.0318681585,-0.116268881,0.094550619,0.121775421,-0.295406137,-0.218423506,0.505913299
1781693873.999240,2026-06-17T18:57:53.999,1781693873.889061,right,base,1,pelvis,200,0.001,-0.11079026,-0.373329768,-0.0080745,0.81118145,0.574315425,0.00120424293,0.110204346,0.559742652,-0.10114818,-0.228490833,-0.579810553,-0.232777608,-0.0822759471,0.0861862421,1,1,0.00179781545,0.0279970258,1,0.017036,,0.559742652,-0.10114818,-0.228490833,-0.579810553,-0.232777608,-0.0822759471,0.0861862421
1781693874.015836,2026-06-17T18:57:54.015,1781693873.939067,left,base,1,pelvis,200,0.001,-0.02560457,0.255234332,-0.073526,-0.693822705,0.709936653,0.0498661677,0.110060747,0.00178763884,-0.138349708,0.0771097709,0.0253362124,-0.312160616,-0.126286784,0.528506545,1,1,0.0465647369,0.215236092,2,0.048793,,0.0783651897,-0.133307763,0.0809422758,-0.0942529275,-0.308477195,-0.0867594103,0.491517989
1781693874.016485,2026-06-17T18:57:54.016,1781693873.922393,right,base,1,pelvis,200,0.001,-0.10982026,-0.372554318,-0.0077835,0.810375241,0.575422436,0.000346160075,0.110366979,0.559739593,-0.101148771,-0.22848732,-0.579809428,-0.2327741,-0.0822767733,0.0861885139,1,1,0.00300796484,0.0307055181,1,0.02392,,0.559739593,-0.101148771,-0.22848732,-0.579809428,-0.2327741,-0.0822767733,0.0861885139
1781693874.032620,2026-06-17T18:57:54.032,1781693873.939067,left,base,1,pelvis,200,0.001,-0.02560457,0.255234332,-0.073526,-0.693822705,0.709936653,0.0498661677,0.110060747,-0.00106012223,-0.136481354,0.0785855157,0.0334963466,-0.310742947,-0.132181811,0.526594834,1,1,0.0460845233,0.212466883,2,0.043264,,0.0927009899,-0.133153383,0.0815473266,-0.117925835,-0.307974124,-0.0784080992,0.485599943
1781693874.032879,2026-06-17T18:57:54.032,1781693873.955727,right,base,1,pelvis,200,0.001,-0.10877851,-0.372144818,-0.0067165,0.809076754,0.577476377,-0.000513845282,0.109158491,0.559737198,-0.101149234,-0.228484569,-0.579808547,-0.232771354,-0.08227742,0.0861902922,1,1,0.00420735899,0.0335975834,1,0.016722,,0.559737198,-0.101149234,-0.228484569,-0.579808547,-0.232771354,-0.08227742,0.0861902922
1781693874.049513,2026-06-17T18:57:54.049,1781693873.972584,left,base,1,pelvis,200,0.001,-0.02778787,0.250682932,-0.0599145,-0.656095481,0.741082004,0.0679364059,0.125382723,0.00582432235,-0.136206273,0.0787897955,0.00786291508,-0.310546556,-0.128244678,0.523554435,1,1,0.0413416475,0.138041784,2,0.04438,,0.0327582188,-0.132165564,0.081114075,-0.0160934118,-0.308247476,-0.127241089,0.509352776
1781693874.049909,2026-06-17T18:57:54.049,1781693873.972395,right,base,1,pelvis,200,0.001,-0.10831431,-0.370994718,-0.0056725,0.807426832,0.580012759,-0.00269443935,0.107888138,0.55973618,-0.101149431,-0.2284834,-0.579808173,-0.232770187,-0.082277695,0.0861910483,1,1,0.00222669302,0.0298808408,2,0.028163,,0.571243183,-0.0943728064,-0.224135119,-0.60849559,-0.226422469,-0.0693722092,0.0706400233
1781693874.066356,2026-06-17T18:57:54.066,1781693873.972584,left,base,1,pelvis,200,0.001,-0.02778787,0.250682932,-0.0599145,-0.656095481,0.741082004,0.0679364059,0.125382723,0.0140710575,-0.135916479,0.0790515531,-0.00407753494,-0.310302369,-0.123513959,0.519951619,1,1,0.0404815384,0.135812251,2,0.059519,,0.0180444636,-0.130299052,0.0825172203,0.0128974565,-0.306817588,-0.139805897,0.511637747
1781693874.066688,2026-06-17T18:57:54.066,1781693873.972395,right,base,1,pelvis,200,0.001,-0.10831431,-0.370994718,-0.0056725,0.807426832,0.580012759,-0.00269443935,0.107888138,0.571111052,-0.0945062886,-0.224235983,-0.608461449,-0.226523243,-0.0693899234,0.0706989632,1,1,0.00224114554,0.0299357478,1,0.021963,,0.571111052,-0.0945062886,-0.224235983,-0.608461449,-0.226523243,-0.0693899234,0.0706989632
1781693874.083173,2026-06-17T18:57:54.083,1781693873.989256,left,base,1,pelvis,200,0.001,-0.03173687,0.244463082,-0.036318,-0.622504313,0.765750162,0.0758715507,0.14268349,0.0159352976,-0.135542286,0.0792573112,-0.00527624458,-0.310097372,-0.12388578,0.518894273,1,1,0.0369403225,0.0952672665,2,0.041485,,0.0302319106,-0.135707888,0.078350954,-0.00255302815,-0.310993595,-0.133817023,0.517883994
1781693874.083621,2026-06-17T18:57:54.083,1781693874.005729,right,base,1,pelvis,200,0.001,-0.10801251,-0.369231968,-0.0060685,0.80735717,0.580306136,-0.00329041417,0.106809934,0.571153189,-0.0944637212,-0.224203817,-0.608472336,-0.226491107,-0.0693842744,0.0706801674,1,1,0.00374422081,0.0303142542,1,0.024663,,0.571153189,-0.0944637212,-0.224203817,-0.608472336,-0.226491107,-0.0693842744,0.0706801674
1781693874.099935,2026-06-17T18:57:54.099,1781693873.989256,left,base,1,pelvis,200,0.001,-0.03173687,0.244463082,-0.036318,-0.622504313,0.765750162,0.0758715507,0.14268349,0.0161616059,-0.1349797,0.0796070913,-0.00332625192,-0.309745459,-0.125593968,0.518115666,1,1,0.0363063492,0.0944111435,2,0.072532,,0.0300544133,-0.13521816,0.0786945494,-0.000392618715,-0.310650237,-0.135360129,0.517214201
1781693874.100339,2026-06-17T18:57:54.100,1781693874.005729,right,base,1,pelvis,200,0.001,-0.10801251,-0.369231968,-0.0060685,0.80735717,0.580306136,-0.00329041417,0.106809934,0.571184736,-0.0944318515,-0.224179735,-0.608480488,-0.226467046,-0.069380045,0.0706660951,1,1,0.00373300298,0.0302970749,1,0.024039,,0.571184736,-0.0944318515,-0.224179735,-0.608480488,-0.226467046,-0.069380045,0.0706660951
1781693874.116717,2026-06-17T18:57:54.116,1781693874.056162,left,base,1,pelvis,200,0.001,-0.01310785,0.237323482,-0.0647855,-0.587372987,0.794679303,0.103477994,0.113004801,0.0177416757,-0.135061474,0.0794660294,-0.00323942029,-0.309885623,-0.126517403,0.51808965,1,1,0.0347859116,0.190855757,2,0.062602,,0.0117444768,-0.135818053,0.0774158284,0.0175528496,-0.311925686,-0.125587674,0.517572508
1781693874.117239,2026-06-17T18:57:54.117,1781693874.055747,right,base,1,pelvis,200,0.001,-0.10811616,-0.366764168,-0.008257,0.809563717,0.577510499,0.000558904105,0.105299093,0.571206917,-0.0944094432,-0.224162803,-0.608486219,-0.226450129,-0.0693770712,0.0706562005,1,1,0.0024951605,0.0151029671,2,0.040331,,0.567254766,-0.0883418065,-0.219477506,-0.606204528,-0.22119677,-0.0714179183,0.0605537379
1781693874.133358,2026-06-17T18:57:54.133,1781693874.072843,left,base,1,pelvis,200,0.001,-0.01367255,0.239635832,-0.0516975,-0.597725494,0.790060427,0.0846811813,0.106573224,0.01923048,-0.13508042,0.0793727453,-0.00289519705,-0.309978077,-0.127586628,0.517983794,1,1,0.0250684365,0.180020306,2,0.055739,,0.0190049601,-0.135289447,0.0777050121,0.00876366066,-0.3116343,-0.125925623,0.512888559
1781693874.133784,2026-06-17T18:57:54.133,1781693874.055747,right,base,1,pelvis,200,0.001,-0.10811616,-0.366764168,-0.008257,0.809563717,0.577510499,0.000558904105,0.105299093,0.567338014,-0.0884692072,-0.219573779,-0.606234257,-0.221292978,-0.0713957682,0.0606102705,1,1,0.00259509372,0.0151262403,1,0.030619,,0.567338014,-0.0884692072,-0.219573779,-0.606234257,-0.221292978,-0.0713957682,0.0606102705
1781693874.150096,2026-06-17T18:57:54.150,1781693874.072843,left,base,1,pelvis,200,0.001,-0.01367255,0.239635832,-0.0516975,-0.597725494,0.790060427,0.0846811813,0.106573224,0.0182832753,-0.135173753,0.0791251364,-0.000307903807,-0.310224508,-0.1273337,0.517931754,1,1,0.0247270842,0.178206478,2,0.045386,,0.02132117,-0.13559727,0.0773208716,0.00518777429,-0.312024074,-0.12304735,0.511953154
1781693874.150370,2026-06-17T18:57:54.150,1781693874.055747,right,base,1,pelvis,200,0.001,-0.10811616,-0.366764168,-0.008257,0.809563717,0.577510499,0.000558904105,0.105299093,0.567311798,-0.0884290868,-0.219543461,-0.606224895,-0.221262681,-0.0714027436,0.0605924675,1,1,0.00256361702,0.0151187751,1,0.018702,,0.567311798,-0.0884290868,-0.219543461,-0.606224895,-0.221262681,-0.0714027436,0.0605924675
1781693874.166937,2026-06-17T18:57:54.166,1781693874.106051,left,base,1,pelvis,200,0.001,-0.01933845,0.259812482,-0.0398025,-0.600484557,0.789995742,0.0763127925,0.097475039,0.0183813785,-0.13518948,0.0789320899,0.000925251544,-0.31041615,-0.127142291,0.517246201,1,1,0.0260607476,0.187603079,2,0.050696,,0.0241577943,-0.128491969,0.0775588141,0.00622279669,-0.311787457,-0.127340276,0.503125852
1781693874.167222,2026-06-17T18:57:54.167,1781693874.072417,right,base,1,pelvis,200,0.001,-0.10855441,-0.366425118,-0.0090265,0.810875671,0.575820978,0.00458394316,0.104354373,0.567292247,-0.0883991659,-0.219520851,-0.606217913,-0.221240086,-0.0714079457,0.0605791904,1,1,0.00309414721,0.00943136422,1,0.017894,,0.567292247,-0.0883991659,-0.219520851,-0.606217913,-0.221240086,-0.0714079457,0.0605791904
1781693874.183744,2026-06-17T18:57:54.183,1781693874.106051,left,base,1,pelvis,200,0.001,-0.01933845,0.259812482,-0.0398025,-0.600484557,0.789995742,0.0763127925,0.097475039,0.0188116787,-0.135249168,0.0786962543,0.00154916117,-0.310651503,-0.126542911,0.516471452,1,1,0.0256752662,0.18576462,2,0.059477,,0.0243032795,-0.128500241,0.0773524911,0.00700872641,-0.311994552,-0.126764552,0.502380584
1781693874.184190,2026-06-17T18:57:54.184,1781693874.122429,right,base,1,pelvis,200,0.001,-0.10811501,-0.366224068,-0.009745,0.812012735,0.574725825,0.0107838767,0.101040841,0.567277961,-0.0883773031,-0.21950433,-0.606212811,-0.221223576,-0.0714117468,0.0605694891,1,1,0.00369546897,0.0162328347,1,0.020856,,0.567277961,-0.0883773031,-0.21950433,-0.606212811,-0.221223576,-0.0714117468,0.0605694891
1781693874.200521,2026-06-17T18:57:54.200,1781693874.122688,left,base,1,pelvis,200,0.001,-0.0263185,0.268522332,-0.045375,-0.599834294,0.790198276,0.0791850758,0.097546029,0.0196512681,-0.134187973,0.0785176231,0.00228313988,-0.310829901,-0.126668134,0.514375571,1,1,0.0335850474,0.184556203,2,0.054434,,0.0281252552,-0.12419044,0.0771607725,0.00624716719,-0.312186898,-0.128851359,0.49768067
1781693874.200823,2026-06-17T18:57:54.200,1781693874.122429,right,base,1,pelvis,200,0.001,-0.10811501,-0.366224068,-0.009745,0.812012735,0.574725825,0.0107838767,0.101040841,0.567268117,-0.0883622385,-0.219492946,-0.606209296,-0.2212122,-0.071414366,0.0605628043,1,1,0.00368470245,0.016217436,1,0.017185,,0.567268117,-0.0883622385,-0.219492946,-0.606209296,-0.2212122,-0.071414366,0.0605628043
1781693874.217321,2026-06-17T18:57:54.217,1781693874.155800,left,base,1,pelvis,200,0.001,-0.03695624,0.275475132,-0.058396,-0.601824656,0.787924485,0.0871345618,0.0969002478,0.0204211493,-0.133246686,0.0783248005,0.00306519732,-0.311022644,-0.126684091,0.512390469,1,1,0.0463808842,0.183466488,2,0.048735,,0.0357476047,-0.120465204,0.0771047297,-6.9288975e-05,-0.312244075,-0.128624739,0.492975723
1781693874.217730,2026-06-17T18:57:54.217,1781693874.139091,right,base,1,pelvis,200,0.001,-0.10741861,-0.365820168,-0.009381,0.811688545,0.575469386,0.0111977604,0.0993544217,0.567261889,-0.0883527078,-0.219485744,-0.606207071,-0.221205002,-0.071416023,0.0605585752,1,1,0.0039777706,0.0187639048,1,0.020624,,0.567261889,-0.0883527078,-0.219485744,-0.606207071,-0.221205002,-0.071416023,0.0605585752
1781693874.234058,2026-06-17T18:57:54.234,1781693874.172834,left,base,1,pelvis,200,0.001,-0.04514859,0.279491382,-0.0676965,-0.605276174,0.78445731,0.0956070843,0.0955341162,0.021806656,-0.13161801,0.0781154616,0.00363744289,-0.311232024,-0.127073852,0.509745058,1,1,0.0474849726,0.169008361,3,0.050781,,0.0349184151,-0.104263737,0.0775712236,0.0294873455,-0.311761723,-0.144628249,0.477036448
1781693874.234300,2026-06-17T18:57:54.234,1781693874.139091,right,base,1,pelvis,200,0.001,-0.10741861,-0.365820168,-0.009381,0.811688545,0.575469386,0.0111977604,0.0993544217,0.567258086,-0.0883468863,-0.219481345,-0.606205713,-0.221200606,-0.0714170351,0.0605559919,1,1,0.00397332295,0.0187577157,1,0.016452,,0.567258086,-0.0883468863,-0.219481345,-0.606205713,-0.221200606,-0.0714170351,0.0605559919
1781693874.251006,2026-06-17T18:57:54.251,1781693874.172834,left,base,1,pelvis,200,0.001,-0.04514859,0.279491382,-0.0676965,-0.605276174,0.78445731,0.0956070843,0.0955341162,0.0244598094,-0.117098705,0.0779231055,0.00293200105,-0.311424631,-0.127369007,0.506553624,1,1,0.0448162803,0.170370824,3,0.068601,,0.0393947996,-0.0958278325,0.0771155885,0.0235457473,-0.312218768,-0.141104289,0.476986545
1781693874.251274,2026-06-17T18:57:54.251,1781693874.172443,right,base,1,pelvis,200,0.001,-0.10723556,-0.365052468,-0.0089925,0.811441783,0.576066829,0.0107853228,0.0979434455,0.56725608,-0.0883438171,-0.219479025,-0.606204997,-0.221198288,-0.0714175687,0.06055463,1,1,0.00453201788,0.0200524275,1,0.01599,,0.56725608,-0.0883438171,-0.219479025,-0.606204997,-0.221198288,-0.0714175687,0.06055463
1781693874.267678,2026-06-17T18:57:54.267,1781693874.172834,left,base,1,pelvis,200,0.001,-0.04514859,0.279491382,-0.0676965,-0.605276174,0.78445731,0.0956070843,0.0955341162,0.0266426382,-0.106363541,0.0778496638,0.00847440044,-0.311494986,-0.130971205,0.500393057,1,1,0.0486820939,0.181835942,2,0.045887,,0.0591476921,-0.0987999184,0.0764902999,-0.0259459478,-0.312873929,-0.118752609,0.480051792
1781693874.267998,2026-06-17T18:57:54.267,1781693874.172443,right,base,1,pelvis,200,0.001,-0.10723556,-0.365052468,-0.0089925,0.811441783,0.576066829,0.0107853228,0.0979434455,0.567255143,-0.0883423832,-0.219477942,-0.606204662,-0.221197206,-0.071417818,0.0605539938,1,1,0.0045308905,0.0200508795,1,0.021028,,0.567255143,-0.0883423832,-0.219477942,-0.606204662,-0.221197206,-0.071417818,0.0605539938
1781693874.284565,2026-06-17T18:57:54.284,1781693874.172834,left,base,1,pelvis,200,0.001,-0.04514859,0.279491382,-0.0676965,-0.605276174,0.78445731,0.0956070843,0.0955341162,0.0294719594,-0.104025984,0.0776867945,-0.0159352442,-0.311655571,-0.13279991,0.495199856,1,1,0.0467892917,0.184284718,3,0.053402,,0.128407237,-0.0942147212,0.0750064803,-0.143806827,-0.314424553,-0.0814395469,0.449996978
1781693874.284968,2026-06-17T18:57:54.284,1781693874.222434,right,base,1,pelvis,200,0.001,-0.10729526,-0.362920468,-0.0085985,0.811318457,0.576711514,0.0105443094,0.0951578086,0.567254828,-0.0883419013,-0.219477578,-0.60620455,-0.221196842,-0.0714179018,0.0605537799,1,1,0.002561728,0.0180637458,2,0.028054,,0.56586924,-0.0833482227,-0.215598647,-0.607034917,-0.218774254,-0.0706675582,0.0591053377
1781693874.301275,2026-06-17T18:57:54.301,1781693874.172834,left,base,1,pelvis,200,0.001,-0.04514859,0.279491382,-0.0676965,-0.605276174,0.78445731,0.0956070843,0.0955341162,0.0367424995,-0.1027456,0.0773936539,-0.0668564459,-0.311954068,-0.109605927,0.491488588,1,1,0.0460329136,0.186792619,4,0.064047,,-0.0229081681,-0.0754252462,0.0801582816,0.132528891,-0.309174278,-0.203741252,0.483451308
1781693874.301555,2026-06-17T18:57:54.301,1781693874.239112,right,base,1,pelvis,200,0.001,-0.10682196,-0.362430368,-0.007716,0.810706074,0.577755449,0.0110626374,0.0939782984,0.565943264,-0.0834616039,-0.215684329,-0.60700606,-0.21885983,-0.070682513,0.0591556237,1,1,0.00325338548,0.0214963407,1,0.016662,,0.565943264,-0.0834616039,-0.215684329,-0.60700606,-0.21885983,-0.070682513,0.0591556237
1781693874.318168,2026-06-17T18:57:54.318,1781693874.172834,left,base,1,pelvis,200,0.001,-0.04514859,0.279491382,-0.0676965,-0.605276174,0.78445731,0.0956070843,0.0955341162,0.0535564007,-0.101180796,0.0769557789,-0.0809612239,-0.312407225,-0.104439417,0.483877855,1,1,0.0495222231,0.194445915,3,0.05894,,0.0696410701,-0.0866667236,0.0782407598,-0.049319876,-0.311195253,-0.124063885,0.464345113
1781693874.318586,2026-06-17T18:57:54.318,1781693874.272441,right,base,1,pelvis,200,0.001,-0.10627596,-0.362289168,-0.006715,0.80962455,0.579401332,0.0112604504,0.0931417591,0.565919887,-0.0834257986,-0.215657271,-0.607015173,-0.218832805,-0.0706777904,0.0591397436,1,1,0.00382654951,0.0248448387,1,0.016198,,0.565919887,-0.0834257986,-0.215657271,-0.607015173,-0.218832805,-0.0706777904,0.0591397436
1781693874.334919,2026-06-17T18:57:54.334,1781693874.239393,left,base,1,pelvis,200,0.001,-0.05455505,0.275561832,-0.0484465,-0.630263695,0.764497877,0.078934013,0.109909476,0.0439747182,-0.0979533994,0.0773570806,-0.054209036,-0.312002108,-0.11688281,0.483824405,1,1,0.0454356922,0.150572994,3,0.052515,,0.058791302,-0.087063339,0.0797185159,-0.00709742807,-0.309537729,-0.159552824,0.471437358
1781693874.335179,2026-06-17T18:57:54.335,1781693874.272441,right,base,1,pelvis,200,0.001,-0.10627596,-0.362289168,-0.006715,0.80962455,0.579401332,0.0112604504,0.0931417591,0.565902092,-0.0833985418,-0.215636673,-0.60702211,-0.218812233,-0.0706741952,0.0591276549,1,1,0.00380742247,0.0248145218,1,0.017584,,0.565902092,-0.0833985418,-0.215636673,-0.60702211,-0.218812233,-0.0706741952,0.0591276549
1781693874.351968,2026-06-17T18:57:54.351,1781693874.272653,left,base,1,pelvis,200,0.001,-0.062037675,0.259750182,0.007202,-0.689631246,0.708144933,0.0209122997,0.150007249,0.0472944795,-0.0964935476,0.0774713783,-0.0535766576,-0.311897747,-0.117811632,0.481304896,1,1,0.0453723749,0.159897607,4,0.084551,,0.419897872,-0.130085151,0.0745789944,-0.603994562,-0.308996879,0.0384683258,0.395388709
1781693874.352285,2026-06-17T18:57:54.352,1781693874.272441,right,base,1,pelvis,200,0.001,-0.10627596,-0.362289168,-0.006715,0.80962455,0.579401332,0.0112604504,0.0931417591,0.565889691,-0.0833795476,-0.215622319,-0.607026944,-0.218797897,-0.0706716899,0.0591192307,1,1,0.00379412006,0.0247933994,1,0.019067,,0.565889691,-0.0833795476,-0.215622319,-0.607026944,-0.218797897,-0.0706716899,0.0591192307
1781693874.368589,2026-06-17T18:57:54.368,1781693874.272653,left,base,1,pelvis,200,0.001,-0.062037675,0.259750182,0.007202,-0.689631246,0.708144933,0.0209122997,0.150007249,0.048914025,-0.0951651239,0.0777879302,-0.0470291767,-0.311565294,-0.12369167,0.479914866,1,1,0.0444425006,0.158934006,4,0.070978,,0.416699135,-0.129128972,0.0753666509,-0.59371114,-0.30853789,0.0332717139,0.394836102
1781693874.368870,2026-06-17T18:57:54.368,1781693874.305774,right,base,1,pelvis,200,0.001,-0.10628191,-0.361933518,-0.0069745,0.807810506,0.581898015,0.00898918728,0.0935739345,0.565880945,-0.0833661515,-0.215612196,-0.607030354,-0.218787786,-0.070669923,0.0591132894,1,1,0.00399387047,0.026600912,1,0.022132,,0.565880945,-0.0833661515,-0.215612196,-0.607030354,-0.218787786,-0.070669923,0.0591132894
1781693874.385507,2026-06-17T18:57:54.385,1781693874.289291,left,base,1,pelvis,200,0.001,-0.047842065,0.260800282,-0.0206175,-0.686798419,0.711249759,0.0379654279,0.144880429,0.0503472091,-0.0939895621,0.0780680565,-0.0412351156,-0.311271096,-0.128895091,0.478684787,1,1,0.0476898285,0.173513662,2,0.058855,,0.134457925,-0.100677887,0.0810229181,-0.158561331,-0.308143005,-0.0997808047,0.458697513
1781693874.385844,2026-06-17T18:57:54.385,1781693874.305774,right,base,1,pelvis,200,0.001,-0.10628191,-0.361933518,-0.0069745,0.807810506,0.581898015,0.00898918728,0.0935739345,0.565875473,-0.0833577701,-0.215605862,-0.607032487,-0.21878146,-0.0706688175,0.0591095721,1,1,0.00398770602,0.0265922736,1,0.022247,,0.565875473,-0.0833577701,-0.215605862,-0.607032487,-0.21878146,-0.0706688175,0.0591095721
1781693874.402235,2026-06-17T18:57:54.402,1781693874.305964,left,base,1,pelvis,200,0.001,-0.02451427,0.266276432,-0.076711,-0.667861033,0.728837503,0.080416963,0.12763482,0.0516715542,-0.092903275,0.0783269094,-0.0920590426,-0.31099924,-0.127388723,0.477548123,1,1,0.0495759386,0.163775599,3,0.059933,,0.0344851407,-0.086252503,0.0916929521,-0.0136840271,-0.297971671,-0.168683077,0.475413864
1781693874.402502,2026-06-17T18:57:54.402,1781693874.339108,right,base,1,pelvis,200,0.001,-0.10696886,-0.360650868,-0.0092195,0.808337998,0.581050814,0.00603552357,0.0945156344,0.565872126,-0.0833526443,-0.215601989,-0.607033792,-0.218777591,-0.0706681414,0.0591072987,1,1,0.00493092753,0.0228546499,1,0.017599,,0.565872126,-0.0833526443,-0.215601989,-0.607033792,-0.218777591,-0.0706681414,0.0591072987
1781693874.419091,2026-06-17T18:57:54.419,1781693874.305964,left,base,1,pelvis,200,0.001,-0.02451427,0.266276432,-0.076711,-0.667861033,0.728837503,0.080416963,0.12763482,0.0653233969,-0.0941853433,0.0787714933,-0.0897439992,-0.310528234,-0.130898606,0.474439573,1,1,0.0453847225,0.153514728,3,0.054089,,0.0447375751,-0.087377401,0.0921036499,-0.0165139515,-0.297513157,-0.165816427,0.470920039
1781693874.419385,2026-06-17T18:57:54.419,1781693874.339108,right,base,1,pelvis,200,0.001,-0.10696886,-0.360650868,-0.0092195,0.808337998,0.581050814,0.00603552357,0.0945156344,0.565870369,-0.083349953,-0.215599955,-0.607034476,-0.21877556,-0.0706677864,0.0591061051,1,1,0.00492879164,0.0228523073,1,0.021203,,0.565870369,-0.083349953,-0.215599955,-0.607034476,-0.21877556,-0.0706677864,0.0591061051
1781693874.435876,2026-06-17T18:57:54.435,1781693874.305964,left,base,1,pelvis,200,0.001,-0.02451427,0.266276432,-0.076711,-0.667861033,0.728837503,0.080416963,0.12763482,0.059864367,-0.0927810612,0.0810588674,-0.0762797597,-0.308305454,-0.137587264,0.474612044,1,1,0.0448033832,0.150451873,3,0.059645,,0.0404643939,-0.0864165871,0.0938782008,-0.00671794556,-0.295840981,-0.170214055,0.470714447
1781693874.436192,2026-06-17T18:57:54.436,1781693874.339108,right,base,1,pelvis,200,0.001,-0.10696886,-0.360650868,-0.0092195,0.808337998,0.581050814,0.00603552357,0.0945156344,0.565869562,-0.0833487169,-0.215599021,-0.607034791,-0.218774627,-0.0706676234,0.0591055569,1,1,0.00492781075,0.0228512315,1,0.02181,,0.565869562,-0.0833487169,-0.215599021,-0.607034791,-0.218774627,-0.0706676234,0.0591055569
1781693874.452756,2026-06-17T18:57:54.452,1781693874.372622,left,base,1,pelvis,200,0.001,-0.03192666,0.262992732,-0.0594645,-0.667399536,0.725132632,0.0801794895,0.149438195,0.0570121254,-0.0917621707,0.0831414232,-0.0577661299,-0.306270506,-0.144925439,0.473915895,1,1,0.0398745628,0.127459391,2,0.054514,,-0.0141228307,-0.0858773169,0.089147625,0.0958822911,-0.300125611,-0.218254956,0.494081093
1781693874.453188,2026-06-17T18:57:54.453,1781693874.339108,right,base,1,pelvis,200,0.001,-0.10696886,-0.360650868,-0.0092195,0.808337998,0.581050814,0.00603552357,0.0945156344,0.565869291,-0.0833483017,-0.215598707,-0.607034897,-0.218774313,-0.0706675686,0.0591053727,1,1,0.00492748121,0.0228508701,1,0.022613,,0.565869291,-0.0833483017,-0.215598707,-0.607034897,-0.218774313,-0.0706675686,0.0591053727
1781693874.469487,2026-06-17T18:57:54.469,1781693874.372622,left,base,1,pelvis,200,0.001,-0.03192666,0.262992732,-0.0594645,-0.667399536,0.725132632,0.0801794895,0.149438195,0.0536434399,-0.0906739496,0.0853271504,-0.00678413146,-0.304147327,-0.182415661,0.473264164,1,1,0.0297470752,0.116504564,2,0.050401,,0.0472717884,-0.0903880786,0.0894855993,0.0188104561,-0.299968182,-0.196007456,0.475028323
1781693874.469795,2026-06-17T18:57:54.469,1781693874.355780,right,base,1,pelvis,200,0.001,-0.10647366,-0.360704318,-0.0091845,0.808420076,0.580982801,0.00624094662,0.0942179132,0.565869241,-0.0833482249,-0.215598649,-0.607034916,-0.218774255,-0.0706675585,0.0591053387,1,1,0.00498130512,0.0230897382,1,0.021381,,0.565869241,-0.0833482249,-0.215598649,-0.607034916,-0.218774255,-0.0706675585,0.0591053387
1781693874.486408,2026-06-17T18:57:54.486,1781693874.422460,left,base,1,pelvis,200,0.001,-0.038307115,0.243375832,-0.0247685,-0.655020904,0.735854339,0.0837753732,0.149825548,0.0417211647,-0.089830067,0.0859992953,0.0284592818,-0.303439778,-0.18872095,0.476926534,1,1,0.0336060245,0.0905763431,2,0.080616,,0.0205597193,-0.0969042819,0.0883703054,0.084507749,-0.301093504,-0.215648508,0.493299993
1781693874.486893,2026-06-17T18:57:54.486,1781693874.389112,right,base,1,pelvis,200,0.001,-0.10558801,-0.360691618,-0.0087115,0.808263597,0.581301458,0.00713018496,0.0935293198,0.56586924,-0.0833482227,-0.215598647,-0.607034917,-0.218774254,-0.0706675582,0.0591053377,1,1,0.00209708579,0.0187920049,2,0.046884,,0.56598668,-0.0795014067,-0.211345032,-0.612771263,-0.215220249,-0.0650713366,0.0556559111
1781693874.503063,2026-06-17T18:57:54.503,1781693874.422460,left,base,1,pelvis,200,0.001,-0.038307115,0.243375832,-0.0247685,-0.655020904,0.735854339,0.0837753732,0.149825548,0.0427813443,-0.0899366483,0.0866651859,0.0364629963,-0.302776696,-0.191839908,0.476563972,1,1,0.0314044094,0.0857115108,2,0.074417,,0.013585469,-0.0963210854,0.0892073029,0.104854888,-0.300266913,-0.223345833,0.494454651
1781693874.503511,2026-06-17T18:57:54.503,1781693874.389112,right,base,1,pelvis,200,0.001,-0.10558801,-0.360691618,-0.0087115,0.808263597,0.581301458,0.00713018496,0.0935293198,0.56586924,-0.0833482227,-0.215598647,-0.607034917,-0.218774254,-0.0706675582,0.0591053377,1,1,0.00209708579,0.0187920049,2,0.041928,,0.56598668,-0.0795014067,-0.211345032,-0.612771263,-0.215220249,-0.0650713366,0.0556559111
1781693874.519904,2026-06-17T18:57:54.519,1781693874.422460,left,base,1,pelvis,200,0.001,-0.038307115,0.243375832,-0.0247685,-0.655020904,0.735854339,0.0837753732,0.149825548,0.0383241871,-0.0913341986,0.0870071945,0.065920397,-0.302439086,-0.204113552,0.479920841,1,1,0.0456299017,0.136514909,2,0.054564,,-0.101347792,-0.105130656,0.0961391957,0.26,-0.293507226,-0.328623466,0.54226573
1781693874.520234,2026-06-17T18:57:54.520,1781693874.455786,right,base,1,pelvis,200,0.001,-0.10460036,-0.359848018,-0.0085875,0.808895136,0.580591243,0.00879141018,0.0923318894,0.565869481,-0.0833403281,-0.215589918,-0.607046689,-0.21876696,-0.0706560735,0.0590982587,1,1,0.00257301823,0.0195599414,2,0.027838,,0.566697212,-0.0785143988,-0.2111724,-0.616017841,-0.21538034,-0.0628842921,0.0553482889
1781693874.536714,2026-06-17T18:57:54.536,1781693874.422460,left,base,1,pelvis,200,0.001,-0.038307115,0.243375832,-0.0247685,-0.655020904,0.735854339,0.0837753732,0.149825548,0.0329465066,-0.0924182436,0.0874854521,0.115738674,-0.301966901,-0.253931829,0.483080187,1,1,0.0468340339,0.188556633,5,0.076434,,-0.0943517148,-0.113057178,0.0992153669,0.26,-0.290728538,-0.394251632,0.557625624
1781693874.537070,2026-06-17T18:57:54.537,1781693874.472450,right,base,1,pelvis,200,0.001,-0.10472861,-0.358014368,-0.005236,0.80905725,0.580400441,0.00858334839,0.092130453,0.56587222,-0.0832505912,-0.215490691,-0.607180504,-0.218684054,-0.0705255271,0.0590177918,1,1,0.00337917952,0.0194518842,2,0.029832,,0.581692264,-0.0740887301,-0.211274063,-0.641850514,-0.215432819,-0.052997885,0.0515911533
1781693874.553515,2026-06-17T18:57:54.553,1781693874.422460,left,base,1,pelvis,200,0.001,-0.038307115,0.243375832,-0.0247685,-0.655020904,0.735854339,0.0837753732,0.149825548,0.0120426754,-0.094397018,0.0888324668,0.166442438,-0.300650094,-0.304635593,0.492292824,1,1,0.0481568116,0.194575502,4,0.056072,,-0.095119931,-0.111245395,0.0984942168,0.26,-0.291225426,-0.401008555,0.551061333
1781693874.553772,2026-06-17T18:57:54.553,1781693874.472450,right,base,1,pelvis,200,0.001,-0.10472861,-0.358014368,-0.005236,0.80905725,0.580400441,0.00858334839,0.092130453,0.56590888,-0.0830401308,-0.215298801,-0.607573206,-0.218537248,-0.0701859764,0.0588547315,1,1,0.00331901869,0.0192448762,2,0.027559,,0.58170143,-0.0740382337,-0.211164699,-0.641993439,-0.21535458,-0.0528252315,0.051598288
1781693874.570299,2026-06-17T18:57:54.570,1781693874.422460,left,base,1,pelvis,200,0.001,-0.038307115,0.243375832,-0.0247685,-0.655020904,0.735854339,0.0837753732,0.149825548,-0.00542381778,-0.0974604084,0.0905370008,0.192398991,-0.299021298,-0.354418823,0.503018342,1,1,0.017210708,0.117634389,2,0.049518,,-0.0368144792,-0.100682313,0.0927014733,0.253791763,-0.296863398,-0.373129006,0.516144395
1781693874.570585,2026-06-17T18:57:54.570,1781693874.472450,right,base,1,pelvis,200,0.001,-0.10472861,-0.358014368,-0.005236,0.80905725,0.580400441,0.00858334839,0.092130453,0.567049434,-0.0823932764,-0.215007962,-0.610050184,-0.218312913,-0.0689439147,0.0583298441,1,1,0.00317913164,0.0189143838,2,0.027632,,0.582113769,-0.0738423555,-0.210990625,-0.642897341,-0.215231787,-0.0522934046,0.051510895
1781693874.587234,2026-06-17T18:57:54.587,1781693874.489347,left,base,1,pelvis,200,0.001,-0.042392055,0.240708132,-0.014423,-0.642612184,0.744242574,0.0867056414,0.160108415,-0.0211097135,-0.0998711022,0.0919285445,0.204220934,-0.29765797,-0.370060966,0.511420014,1,1,0.0445520318,0.172726832,2,0.050771,,-0.0723305487,-0.102430801,0.0920594228,0.26,-0.297231443,-0.410763747,0.534583908
1781693874.587510,2026-06-17T18:57:54.587,1781693874.472450,right,base,1,pelvis,200,0.001,-0.10472861,-0.358014368,-0.005236,0.80905725,0.580400441,0.00858334839,0.092130453,0.568843354,-0.0813758712,-0.214550515,-0.613946101,-0.217960067,-0.0669903373,0.0575042748,1,1,0.00295847944,0.0183974656,2,0.028262,,0.582769484,-0.0735323302,-0.210718631,-0.644332626,-0.215039636,-0.0514514422,0.0513713039
1781693874.603836,2026-06-17T18:57:54.603,1781693874.489347,left,base,1,pelvis,200,0.001,-0.042392055,0.240708132,-0.014423,-0.642612184,0.744242574,0.0867056414,0.160108415,-0.0240534207,-0.100023156,0.0920734225,0.214676183,-0.297509035,-0.385350635,0.512305554,1,1,0.045526766,0.184441552,2,0.058354,,-0.0724285699,-0.102674719,0.092054034,0.26,-0.297175505,-0.422624688,0.534573832
1781693874.604273,2026-06-17T18:57:54.604,1781693874.522455,right,base,1,pelvis,200,0.001,-0.10531871,-0.352266818,0.0050865,0.808149337,0.581737951,0.00666724295,0.0918213173,0.570485555,-0.0804436059,-0.214109982,-0.617528789,-0.217622445,-0.0651716061,0.0567625998,1,1,0.00662438544,0.0200303012,2,0.038245,,0.629057595,-0.0597923729,-0.210311574,-0.723825834,-0.214300957,-0.0211143871,0.0390061776
1781693874.620588,2026-06-17T18:57:54.620,1781693874.522642,left,base,1,pelvis,200,0.001,-0.0378644,0.241275482,-0.024719,-0.622339873,0.758434029,0.101106352,0.165070929,-0.033554499,-0.100496987,0.0920706673,0.223596041,-0.297454404,-0.401952838,0.516689998,1,1,0.0222633614,0.175520624,2,0.060847,,-0.0472797326,-0.106131708,0.0899794064,0.258553594,-0.298796161,-0.406038358,0.532260736
1781693874.620988,2026-06-17T18:57:54.620,1781693874.522455,right,base,1,pelvis,200,0.001,-0.10531871,-0.352266818,0.0050865,0.808149337,0.581737951,0.00666724295,0.0918213173,0.572235089,-0.0794592697,-0.21362697,-0.621346317,-0.217254589,-0.0632175162,0.0559947462,1,1,0.00644923455,0.0194417861,2,0.041168,,0.629469293,-0.0595575083,-0.209991888,-0.724807489,-0.214073198,-0.0204442527,0.0389610866
1781693874.637325,2026-06-17T18:57:54.637,1781693874.522642,left,base,1,pelvis,200,0.001,-0.0378644,0.241275482,-0.024719,-0.622339873,0.758434029,0.101106352,0.165070929,-0.041787422,-0.100958197,0.0920671447,0.231305833,-0.297395338,-0.406330814,0.520477516,1,1,0.0244870022,0.181359768,2,0.075007,,-0.0520923924,-0.106725923,0.0899206417,0.26,-0.298775306,-0.408943599,0.535298848
1781693874.637752,2026-06-17T18:57:54.637,1781693874.539123,right,base,1,pelvis,200,0.001,-0.10620561,-0.349667118,0.004677,0.808733557,0.58094279,0.00500622467,0.0918174658,0.576977302,-0.0778179374,-0.213350278,-0.629898909,-0.217008089,-0.0597037322,0.0545769381,1,1,0.00684361612,0.0181184916,2,0.042297,,0.630655677,-0.0560595539,-0.208863961,-0.725731929,-0.213041052,-0.021429031,0.0355071448
1781693874.654015,2026-06-17T18:57:54.654,1781693874.522642,left,base,1,pelvis,200,0.001,-0.0378644,0.241275482,-0.024719,-0.622339873,0.758434029,0.101106352,0.165070929,-0.0430341709,-0.102132579,0.0915932302,0.23781938,-0.297713323,-0.406264427,0.523152295,1,1,0.025075215,0.182188178,2,0.04696,,-0.0535217723,-0.107685343,0.0895886234,0.26,-0.298953222,-0.4084061,0.537462027
1781693874.654303,2026-06-17T18:57:54.654,1781693874.589136,right,base,1,pelvis,200,0.001,-0.10569626,-0.347224618,0.0002965,0.810174671,0.579192121,0.00403175835,0.0902066221,0.582296074,-0.0759676923,-0.213009988,-0.639515557,-0.21671071,-0.0557257503,0.0529946559,1,1,0.00658515409,0.0176632322,2,0.028965,,0.615677773,-0.0551098632,-0.20695827,-0.702053251,-0.211702409,-0.030077649,0.0341474981
1781693874.670880,2026-06-17T18:57:54.670,1781693874.539308,left,base,1,pelvis,200,0.001,-0.03444145,0.243035982,-0.033059,-0.604361819,0.769565337,0.109193272,0.174908012,-0.0452380518,-0.103250147,0.0911862865,0.243215963,-0.297971705,-0.406916274,0.526107572,1,1,0.0174890282,0.195332402,2,0.061574,,-0.0329329457,-0.110350504,0.0874723178,0.227873815,-0.300567366,-0.386908983,0.535965609
1781693874.671182,2026-06-17T18:57:54.671,1781693874.589136,right,base,1,pelvis,200,0.001,-0.10569626,-0.347224618,0.0002965,0.810174671,0.579192121,0.00403175835,0.0902066221,0.588072288,-0.0735898052,-0.212514774,-0.649813496,-0.216272395,-0.0516292484,0.0509058957,1,1,0.00615679807,0.017165798,2,0.029141,,0.617562741,-0.0543075544,-0.206586514,-0.705393081,-0.211402652,-0.028625972,0.0334899023
1781693874.687637,2026-06-17T18:57:54.687,1781693874.606029,left,base,1,pelvis,200,0.001,-0.017897175,0.242404682,-0.0664035,-0.595913295,0.779825352,0.126811666,0.14380044,-0.0474456935,-0.104432143,0.0907605035,0.228112072,-0.298233283,-0.387896024,0.529133576,1,1,0.0315051388,0.253162836,2,0.045107,,0.0480844043,-0.117488568,0.0878957016,0.0468505261,-0.30039343,-0.282841961,0.510404445
1781693874.687990,2026-06-17T18:57:54.687,1781693874.622469,right,base,1,pelvis,200,0.001,-0.10307586,-0.347627968,0.0021545,0.808794773,0.581282748,0.0054438499,0.0890603475,0.592161771,-0.0708521826,-0.211691632,-0.657552305,-0.215595397,-0.0484365898,0.048423303,1,1,0.00591504005,0.0199656767,2,0.033157,,0.625239685,-0.0529513056,-0.205938381,-0.72400541,-0.210900353,-0.0177581902,0.0318554836
1781693874.704315,2026-06-17T18:57:54.704,1781693874.606029,left,base,1,pelvis,200,0.001,-0.017897175,0.242404682,-0.0664035,-0.595913295,0.779825352,0.126811666,0.14380044,-0.0432621394,-0.106138214,0.0898126263,0.177514881,-0.298906123,-0.337298833,0.531103029,1,1,0.035438967,0.246778217,2,0.047438,,0.0774571938,-0.121499764,0.0858021084,-0.0405871605,-0.30246121,-0.221518874,0.507710023
1781693874.704645,2026-06-17T18:57:54.704,1781693874.639139,right,base,1,pelvis,200,0.001,-0.10134706,-0.347910818,0.0037035,0.807388336,0.583257288,0.00633014899,0.0888534734,0.59666349,-0.0679200394,-0.210786871,-0.666030949,-0.214852332,-0.0449256274,0.0457767117,1,1,0.00575641962,0.0219719038,2,0.032973,,0.632048934,-0.0515292442,-0.205221036,-0.739279928,-0.210224082,-0.00955359338,0.0301406148
1781693874.721105,2026-06-17T18:57:54.721,1781693874.622866,left,base,1,pelvis,200,0.001,-0.042447475,0.246295482,-0.021003,-0.640478773,0.749007187,0.0689752181,0.154976111,-0.0157231877,-0.1079442,0.0895076191,0.127672285,-0.299142773,-0.287456237,0.527809621,1,1,0.0364070512,0.109483369,2,0.05563,,-0.0540880566,-0.108033796,0.0900600402,0.222838914,-0.298699908,-0.333101572,0.543345308
1781693874.721452,2026-06-17T18:57:54.721,1781693874.639139,right,base,1,pelvis,200,0.001,-0.10134706,-0.347910818,0.0037035,0.807388336,0.583257288,0.00633014899,0.0888534734,0.602210419,-0.0650144567,-0.20984573,-0.677284378,-0.214085213,-0.0396521528,0.0430744604,1,1,0.00520078102,0.0211214872,2,0.025688,,0.633738444,-0.0505947015,-0.204640032,-0.74283099,-0.209789697,-0.00757065464,0.0293801691
1781693874.737814,2026-06-17T18:57:54.737,1781693874.656219,left,base,1,pelvis,200,0.001,-0.028378025,0.255579932,-0.0479125,-0.652196258,0.741640611,0.0703403273,0.140219414,0.000184262533,-0.110258362,0.0888750264,0.130939497,-0.299709286,-0.284791456,0.524378283,1,1,0.0153841435,0.116337114,2,0.069981,,0.0440863145,-0.112102863,0.0904885606,0.0560593257,-0.298369057,-0.24797075,0.506997437
1781693874.738205,2026-06-17T18:57:54.738,1781693874.639139,right,base,1,pelvis,200,0.001,-0.10134706,-0.347910818,0.0037035,0.807388336,0.583257288,0.00633014899,0.0888534734,0.60798819,-0.0624032522,-0.208950229,-0.689288865,-0.213337564,-0.0338240287,0.0405700197,1,1,0.00465850091,0.0202212471,2,0.038384,,0.635569798,-0.0497822194,-0.204068954,-0.746763591,-0.209349096,-0.00536723779,0.0286968308
1781693874.758599,2026-06-17T18:57:54.758,1781693874.672924,left,base,1,pelvis,200,0.001,-0.0041198,0.261498282,-0.093458,-0.639297022,0.75262761,0.100235123,0.121671352,-0.00701290136,-0.109963358,0.0890321736,0.0805890695,-0.29957543,-0.261332592,0.526893539,1,1,0.0556320369,0.185540515,400,3.931754,using best approximate IK outside the usable position/orientation threshold,0.082021158,-0.108699563,0.0963267436,-0.0912391684,-0.292744961,-0.151815004,0.482355797
1781693874.758912,2026-06-17T18:57:54.758,1781693874.672485,right,base,1,pelvis,200,0.001,-0.10056231,-0.347934218,0.004175,0.806204207,0.584790046,0.00645349217,0.0895194523,0.613661436,-0.0598016152,-0.208000615,-0.701085162,-0.212555905,-0.0280399362,0.0381046935,1,1,0.00431104284,0.020763232,2,0.032623,,0.638957554,-0.0487869803,-0.203134726,-0.754828151,-0.208393709,-0.00102094745,0.0272296169
1781693874.775455,2026-06-17T18:57:54.775,1781693874.672924,left,base,1,pelvis,200,0.001,-0.0041198,0.261498282,-0.093458,-0.639297022,0.75262761,0.100235123,0.121671352,0.00175607527,-0.110330511,0.0892820996,0.0185020104,-0.299368408,-0.199245533,0.523479231,1,1,0.0516019562,0.0808261226,400,4.00062,using best approximate IK outside the usable position/orientation threshold,0.0671603645,-0.0998199297,0.134140887,-0.110827794,-0.251303721,-0.00317150079,0.421994754
1781693874.775788,2026-06-17T18:57:54.775,1781693874.672485,right,base,1,pelvis,200,0.001,-0.10056231,-0.347934218,0.004175,0.806204207,0.584790046,0.00645349217,0.0895194523,0.619819329,-0.0569854134,-0.206895523,-0.713924227,-0.211654551,-0.0216672072,0.0354603784,1,1,0.00370003776,0.0196441571,2,0.033609,,0.641041458,-0.0479121311,-0.202461275,-0.759287888,-0.20787917,0.00156227827,0.0265305662
1781693874.792207,2026-06-17T18:57:54.792,1781693874.722694,left,base,1,pelvis,200,0.001,0.00975805,0.264072632,-0.11917,-0.631408504,0.756974337,0.124698945,0.112974898,0.0138157153,-0.107778724,0.0903405408,-0.03213595,-0.298373251,-0.148607572,0.472841271,1,1,0.0811180479,0.2352636,400,3.994876,using best approximate IK outside the usable position/orientation threshold,0.0138157153,-0.107778724,0.0903405408,-0.03213595,-0.298373251,-0.148607572,0.472841271
1781693874.792542,2026-06-17T18:57:54.792,1781693874.672485,right,base,1,pelvis,200,0.001,-0.10056231,-0.347934218,0.004175,0.806204207,0.584790046,0.00645349217,0.0895194523,0.624378122,-0.0550325175,-0.205999688,-0.723667687,-0.210877807,-0.0167491949,0.0334997818,1,1,0.00324020682,0.0187039929,2,0.033944,,0.642634827,-0.0473223439,-0.201902955,-0.762765285,-0.207412837,0.00355580819,0.0259886811
1781693874.805045,2026-06-17T18:57:54.805,1781693874.739568,left,base,1,pelvis,200,0.001,-0.02685469,0.258606032,-0.0505625,-0.663154346,0.733215831,0.073633683,0.131144731,0.0222201367,-0.10652482,0.0972412622,-0.0719803165,-0.290957471,-0.129131773,0.455434877,1,1,0.0408542188,0.131667281,3,0.048769,,0.025029686,-0.102015794,0.10250437,-0.0118834811,-0.285611407,-0.171944445,0.457179331
1781693874.805329,2026-06-17T18:57:54.805,1781693874.722478,right,base,1,pelvis,200,0.001,-0.10000231,-0.348152868,0.0021755,0.805915119,0.58507835,0.00601376716,0.090266159,0.628387785,-0.0533191542,-0.205148247,-0.7322389,-0.210156251,-0.0123429444,0.0318227944,1,1,0.00251388569,0.0175306381,2,0.025408,,0.636633556,-0.0480071956,-0.200999548,-0.754464976,-0.206537995,0.00134081473,0.0257620114
1781693874.821829,2026-06-17T18:57:54.821,1781693874.739568,left,base,1,pelvis,200,0.001,-0.02685469,0.258606032,-0.0505625,-0.663154346,0.733215831,0.073633683,0.131144731,0.021134368,-0.106686813,0.0963497568,-0.0470940657,-0.291915517,-0.154392772,0.457683612,1,1,0.0454656776,0.143652702,2,0.045106,,-0.00330898382,-0.101449476,0.099966346,0.0295733013,-0.288223772,-0.19522553,0.464324568
1781693874.822471,2026-06-17T18:57:54.822,1781693874.739163,right,base,1,pelvis,200,0.001,-0.09802371,-0.349118668,0.000582,0.804865152,0.586365642,0.00610001478,0.0912699815,0.631094631,-0.0521797988,-0.204531663,-0.738038717,-0.20963502,-0.00932228362,0.0307143504,1,1,0.00246731285,0.0182401105,2,0.03768,,0.63087613,-0.0495739803,-0.200311866,-0.749071227,-0.205756693,0.00168337563,0.0257913464
1781693874.838501,2026-06-17T18:57:54.838,1781693874.772827,left,base,1,pelvis,200,0.001,-0.04189349,0.249070082,-0.025345,-0.661159985,0.735121266,0.0766555626,0.128794887,0.0218244041,-0.105859365,0.0974400158,-0.00026520335,-0.290798775,-0.180297118,0.457594281,1,1,0.046070426,0.128647715,2,0.039412,,0.037931594,-0.108747323,0.0988782195,0.00331414285,-0.289356579,-0.190072168,0.460106952
1781693874.838795,2026-06-17T18:57:54.838,1781693874.739163,right,base,1,pelvis,200,0.001,-0.09802371,-0.349118668,0.000582,0.804865152,0.586365642,0.00610001478,0.0912699815,0.632496383,-0.0511238261,-0.20363778,-0.742195758,-0.208851247,-0.00662374249,0.0294610476,1,1,0.00218772954,0.0173572342,2,0.031067,,0.631423929,-0.0492795378,-0.199787996,-0.75072312,-0.205297431,0.00295392292,0.0254430818
1781693874.855366,2026-06-17T18:57:54.855,1781693874.772827,left,base,1,pelvis,200,0.001,-0.04189349,0.249070082,-0.025345,-0.661159985,0.735121266,0.0766555626,0.128794887,0.0172910199,-0.10506394,0.0978956975,0.00511685687,-0.290334314,-0.1829898,0.458808243,1,1,0.046882195,0.130187247,2,0.047356,,0.0274361487,-0.107459009,0.0994811941,0.0202308983,-0.288747232,-0.197951179,0.462918099
1781693874.855679,2026-06-17T18:57:54.855,1781693874.739163,right,base,1,pelvis,200,0.001,-0.09802371,-0.349118668,0.000582,0.804865152,0.586365642,0.00610001478,0.0912699815,0.632100199,-0.0507448578,-0.202824528,-0.743876947,-0.208094567,-0.00459248593,0.0285637323,1,1,0.00472301687,0.0217100254,1,0.02012,,0.632100199,-0.0507448578,-0.202824528,-0.743876947,-0.208094567,-0.00459248593,0.0285637323
1781693874.871985,2026-06-17T18:57:54.871,1781693874.772827,left,base,1,pelvis,200,0.001,-0.04189349,0.249070082,-0.025345,-0.661159985,0.735121266,0.0766555626,0.128794887,0.0213616797,-0.105790364,0.098089467,0.00476133209,-0.290141489,-0.188091102,0.45906437,1,1,0.0453527425,0.130594983,2,0.049214,,0.0312276983,-0.1080764,0.0996653991,0.0190544323,-0.288563587,-0.201891572,0.462842171
1781693874.872267,2026-06-17T18:57:54.872,1781693874.739163,right,base,1,pelvis,200,0.001,-0.09802371,-0.349118668,0.000582,0.804865152,0.586365642,0.00610001478,0.0912699815,0.631927189,-0.050369986,-0.202047694,-0.745628399,-0.207378978,-0.00266189365,0.0277653786,1,1,0.00407442119,0.0205960041,1,0.015181,,0.631927189,-0.050369986,-0.202047694,-0.745628399,-0.207378978,-0.00266189365,0.0277653786
1781693874.888819,2026-06-17T18:57:54.888,1781693874.789411,left,base,1,pelvis,200,0.001,-0.0208988,0.247356682,-0.066698,-0.632733513,0.756194911,0.122315012,0.113386928,0.0226199241,-0.106136001,0.0983777445,0.00796564434,-0.289852687,-0.194030971,0.459862618,1,1,0.0367860395,0.205909071,2,0.052712,,0.0467890131,-0.111223561,0.0981492328,-0.0256886259,-0.290077909,-0.166546477,0.457916123
1781693874.889492,2026-06-17T18:57:54.889,1781693874.805829,right,base,1,pelvis,200,0.001,-0.09201661,-0.348121818,-0.004392,0.801773004,0.589662524,0.00870405547,0.0968627725,0.631971221,-0.050465393,-0.202245402,-0.745182644,-0.207561099,-0.00315324018,0.027968564,1,1,0.00455396619,0.0215718944,2,0.043764,,0.61155092,-0.0502734975,-0.196350845,-0.730041194,-0.201741708,-0.00156347581,0.0219969942
1781693874.905498,2026-06-17T18:57:54.905,1781693874.856487,left,base,1,pelvis,200,0.001,-0.04498061,0.248189232,-0.017161,-0.625802856,0.754796538,0.094804984,0.172235268,0.0245749125,-0.106576702,0.0986701952,-0.0232843217,-0.289559908,-0.169521079,0.460539331,1,1,0.044822703,0.102673661,3,0.066142,,0.178354299,-0.12856097,0.0889256278,-0.229809608,-0.299591702,-0.0998516605,0.457057616
1781693874.905819,2026-06-17T18:57:54.905,1781693874.822492,right,base,1,pelvis,200,0.001,-0.08889326,-0.345325868,-0.0051205,0.801036666,0.590570474,0.011662375,0.0971121167,0.631959478,-0.0504399486,-0.202192675,-0.745301524,-0.207512529,-0.00302220153,0.0279143759,1,1,0.00608628889,0.0244729461,2,0.029307,,0.608660175,-0.0475685311,-0.194467671,-0.731439218,-0.200367479,0.000362540853,0.0189061432
1781693874.922391,2026-06-17T18:57:54.922,1781693874.856487,left,base,1,pelvis,200,0.001,-0.04498061,0.248189232,-0.017161,-0.625802856,0.754796538,0.094804984,0.172235268,0.0732952723,-0.10767133,0.0985474757,-0.0720046815,-0.28968193,-0.120800719,0.4599214,1,1,0.02070761,0.0606047276,2,0.055857,,0.368180635,-0.152328717,0.0810113746,-0.518592119,-0.307638611,0.0432589489,0.438129806
1781693874.922801,2026-06-17T18:57:54.922,1781693874.839167,right,base,1,pelvis,200,0.001,-0.08461276,-0.347754518,-0.009637,0.799626851,0.592573734,0.0146949603,0.0961110156,0.626755753,-0.0503975073,-0.200703139,-0.741410482,-0.206041099,-0.00265025916,0.0264055762,1,1,0.00744503418,0.0284615529,2,0.026087,,0.587593589,-0.0533386888,-0.193155015,-0.705561767,-0.199337753,-0.00432627941,0.0224586124
1781693874.939209,2026-06-17T18:57:54.939,1781693874.872831,left,base,1,pelvis,200,0.001,-0.069058885,0.249404232,0.031658,-0.632221521,0.741540194,0.0590045149,0.216639232,0.124427474,-0.110912135,0.0970547488,-0.123136884,-0.291219325,-0.0696685168,0.459477115,1,1,0.0498527924,0.101473407,3,0.048862,,0.509463219,-0.1604146,0.0706943609,-0.747438739,-0.316332974,0.146137393,0.406219387
1781693874.939511,2026-06-17T18:57:54.939,1781693874.839167,right,base,1,pelvis,200,0.001,-0.08461276,-0.347754518,-0.009637,0.799626851,0.592573734,0.0146949603,0.0961110156,0.621902822,-0.0496388232,-0.199030891,-0.738736356,-0.204519529,-0.00184227655,0.0243943536,1,1,0.00668681633,0.0272540232,2,0.034368,,0.585518325,-0.0531204134,-0.19226391,-0.704006468,-0.198496272,-0.00453975124,0.0218570589
1781693874.956125,2026-06-17T18:57:54.956,1781693874.872831,left,base,1,pelvis,200,0.001,-0.069058885,0.249404232,0.031658,-0.632221521,0.741540194,0.0590045149,0.216639232,0.174340881,-0.116045199,0.0950663746,-0.17305029,-0.293254289,-0.0197551104,0.455616206,1,1,0.0437028458,0.139730034,3,0.068227,,0.509761773,-0.160535799,0.0688848576,-0.726125393,-0.317864706,0.167836232,0.408957793
1781693874.956471,2026-06-17T18:57:54.956,1781693874.839167,right,base,1,pelvis,200,0.001,-0.08461276,-0.347754518,-0.009637,0.799626851,0.592573734,0.0146949603,0.0961110156,0.612824803,-0.0506177856,-0.197476169,-0.729958557,-0.203148462,-0.0024995289,0.023882168,1,1,0.00570901713,0.0257706017,2,0.026133,,0.581598596,-0.0536437586,-0.191348219,-0.699690575,-0.197672577,-0.00553131434,0.022000854
1781693874.972827,2026-06-17T18:57:54.972,1781693874.906313,left,base,1,pelvis,200,0.001,-0.07726999,0.250487732,0.04817,-0.637830367,0.73421369,0.0436565611,0.228466157,0.225251354,-0.121884706,0.0918587462,-0.223960763,-0.296291701,0.0311553625,0.449115035,1,1,0.0476799767,0.214578454,3,0.058209,,0.574352304,-0.166555255,0.0618307184,-0.80774914,-0.323238269,0.220750001,0.396580466
1781693874.973198,2026-06-17T18:57:54.973,1781693874.889181,right,base,1,pelvis,200,0.001,-0.07732301,-0.359639418,-0.024276,0.795715593,0.59798453,0.0178643079,0.0945095942,0.605419874,-0.0512964443,-0.196062717,-0.72292091,-0.201886888,-0.00305279325,0.023333002,1,1,0.0122203534,0.0369302502,2,0.033878,,0.517800726,-0.0765905874,-0.191461934,-0.6057316,-0.197717562,-0.0309642557,0.0395716093
1781693874.989617,2026-06-17T18:57:54.989,1781693874.922838,left,base,1,pelvis,200,0.001,-0.07806829,0.251697332,0.049551,-0.644417488,0.729788903,0.0382194615,0.225107823,0.275398649,-0.127139324,0.0887354447,-0.274108058,-0.299224552,0.0813026574,0.433951428,1,1,0.0460483472,0.261621506,3,0.063189,,0.580334541,-0.165668888,0.0606233521,-0.796149027,-0.323638468,0.244841657,0.385140927
1781693874.990096,2026-06-17T18:57:54.990,1781693874.889181,right,base,1,pelvis,200,0.001,-0.07732301,-0.359639418,-0.024276,0.795715593,0.59798453,0.0178643079,0.0945095942,0.599003661,-0.0519286887,-0.194792876,-0.716663866,-0.200751772,-0.00372037791,0.0229741906,1,1,0.0116345933,0.0356018558,2,0.044383,,0.51467002,-0.0769486915,-0.190635135,-0.601912319,-0.196967277,-0.0322057787,0.039769906
1781693875.006299,2026-06-17T18:57:55.006,1781693874.939454,left,base,1,pelvis,200,0.001,-0.07557769,0.253219082,0.044166,-0.652881824,0.72567032,0.0362676428,0.214085425,0.326409257,-0.132820847,0.0848573219,-0.325118667,-0.302685957,0.132313266,0.417436944,1,1,0.0430559242,0.298069619,3,0.072582,,0.569113245,-0.16312817,0.0614631631,-0.758308911,-0.322015745,0.263067097,0.374145728
1781693875.006651,2026-06-17T18:57:55.006,1781693874.905851,right,base,1,pelvis,200,0.001,-0.07685626,-0.355601068,-0.022704,0.79409469,0.600014537,0.0175348831,0.0953347126,0.584637561,-0.0562917737,-0.194203579,-0.69703817,-0.200214971,-0.00854025642,0.0259105399,1,1,0.00953199642,0.0369618831,2,0.034697,,0.514366247,-0.0734338851,-0.187802414,-0.604231178,-0.194253883,-0.0318622807,0.0355719501
1781693875.023131,2026-06-17T18:57:55.023,1781693874.939454,left,base,1,pelvis,200,0.001,-0.07557769,0.253219082,0.044166,-0.652881824,0.72567032,0.0362676428,0.214085425,0.375790513,-0.137720596,0.0812424836,-0.374499923,-0.305811319,0.181694522,0.401879333,1,1,0.0450970662,0.341355322,3,0.075025,,0.57742826,-0.163457199,0.0596213344,-0.752116348,-0.323151668,0.291008141,0.364943068
1781693875.023604,2026-06-17T18:57:55.023,1781693874.905851,right,base,1,pelvis,200,0.001,-0.07685626,-0.355601068,-0.022704,0.79409469,0.600014537,0.0175348831,0.0953347126,0.571444041,-0.0601869722,-0.193530691,-0.679100641,-0.199602566,-0.0130027763,0.0285239492,1,1,0.00848339768,0.0355843315,2,0.049927,,0.507744198,-0.0751820789,-0.187079697,-0.594338412,-0.19360792,-0.0352111452,0.0370788857
1781693875.039722,2026-06-17T18:57:55.039,1781693874.939454,left,base,1,pelvis,200,0.001,-0.07557769,0.253219082,0.044166,-0.652881824,0.72567032,0.0362676428,0.214085425,0.426875509,-0.141764268,0.0780945607,-0.425584918,-0.30839029,0.232779517,0.388442265,1,1,0.0492396683,0.38579021,3,0.0573,,0.587828438,-0.163767508,0.0584292652,-0.748966355,-0.323456271,0.321405201,0.357957098
1781693875.040048,2026-06-17T18:57:55.040,1781693874.905851,right,base,1,pelvis,200,0.001,-0.07685626,-0.355601068,-0.022704,0.79409469,0.600014537,0.0175348831,0.0953347126,0.5593573,-0.0629921261,-0.192317676,-0.663246353,-0.198469934,-0.0169964473,0.0300164273,1,1,0.00751279531,0.0339628021,2,0.03566,,0.50180544,-0.0764862573,-0.186141178,-0.585710625,-0.192727806,-0.0382105691,0.0380800356
1781693875.056571,2026-06-17T18:57:55.056,1781693874.956199,left,base,1,pelvis,200,0.001,-0.069100665,0.250430082,0.0317355,-0.661207332,0.723895911,0.0396637865,0.192889496,0.4760193,-0.145343794,0.0750463139,-0.474728709,-0.310826049,0.281923309,0.377692468,1,1,0.0434310516,0.369564853,4,0.078294,,0.592915572,-0.169013701,0.0576730033,-0.764872788,-0.320614446,0.347113027,0.351540903
1781693875.056916,2026-06-17T18:57:55.056,1781693874.972520,right,base,1,pelvis,200,0.001,-0.06960591,-0.336857418,-0.0171085,0.785802748,0.610176143,0.0168060792,0.0995824877,0.547715628,-0.0657416496,-0.191136216,-0.647703717,-0.197373275,-0.0211048914,0.0316094109,1,1,0.00972283234,0.0506766118,2,0.027025,,0.523373943,-0.052806434,-0.175677139,-0.641741601,-0.182415813,-0.0152213507,0.0097019098
1781693875.073246,2026-06-17T18:57:55.073,1781693875.006177,left,base,1,pelvis,200,0.001,-0.050124105,0.243711132,-0.004787,-0.65368791,0.739710947,0.0465349567,0.152821234,0.52661506,-0.148611646,0.0720989145,-0.525324469,-0.313066297,0.332519069,0.367861714,1,1,0.0456615186,0.324063657,5,0.086192,,0.462315175,-0.162546554,0.0685729212,-0.583127529,-0.308552421,0.32588454,0.358744926
1781693875.073635,2026-06-17T18:57:55.073,1781693875.005866,right,base,1,pelvis,200,0.001,-0.06143736,-0.323980168,-0.0121675,0.784950908,0.611107093,0.0206955264,0.0998593426,0.536081789,-0.0684643794,-0.189870452,-0.631994401,-0.196196093,-0.0254395438,0.0332490951,1,1,0.0151402573,0.0532913849,2,0.038149,,0.540230876,-0.0361589642,-0.170183523,-0.690919644,-0.177900627,0.00919840152,-0.00826085398
1781693875.089970,2026-06-17T18:57:55.089,1781693875.006177,left,base,1,pelvis,200,0.001,-0.050124105,0.243711132,-0.004787,-0.65368791,0.739710947,0.0465349567,0.152821234,0.503172509,-0.152403458,0.0694177952,-0.575630551,-0.314469153,0.329291806,0.364828419,1,1,0.0478832217,0.319026622,3,0.060873,,0.47882178,-0.1600879,0.0675248869,-0.600679498,-0.312052435,0.321064958,0.361976574
1781693875.090349,2026-06-17T18:57:55.090,1781693875.005866,right,base,1,pelvis,200,0.001,-0.06143736,-0.323980168,-0.0121675,0.784950908,0.611107093,0.0206955264,0.0998593426,0.532547553,-0.064109678,-0.185923086,-0.634705238,-0.192363598,-0.0225977163,0.0267002818,1,1,0.0136563026,0.050293383,2,0.036171,,0.538064207,-0.0347061633,-0.167876717,-0.690030635,-0.175607081,0.00904767628,-0.0105821207
1781693875.106711,2026-06-17T18:57:55.106,1781693875.039476,left,base,1,pelvis,200,0.001,-0.0149872,0.241451082,-0.072547,-0.617629345,0.778629275,0.0570923935,0.0949257777,0.496310026,-0.154107113,0.0692758884,-0.595057606,-0.313475367,0.32397032,0.363806623,1,1,0.0463187573,0.169415074,6,0.082364,,0.134586678,-0.124757511,0.0890383223,-0.139454245,-0.291313207,0.156284618,0.378335063
1781693875.107031,2026-06-17T18:57:55.107,1781693875.022533,right,base,1,pelvis,200,0.001,-0.05675241,-0.320977968,-0.012398,0.784794071,0.61131336,0.0233927584,0.099232156,0.534601702,-0.056637008,-0.181715088,-0.649734254,-0.188496898,-0.014096971,0.0173533637,1,1,0.013753019,0.0493170587,2,0.028598,,0.535167116,-0.0289592079,-0.163851648,-0.69864062,-0.172341906,0.0167091402,-0.0175130499
1781693875.123514,2026-06-17T18:57:55.123,1781693875.039476,left,base,1,pelvis,200,0.001,-0.0149872,0.241451082,-0.072547,-0.617629345,0.778629275,0.0570923935,0.0949257777,0.446447403,-0.13738011,0.0689647768,-0.545194982,-0.313222545,0.274107696,0.363481466,1,1,0.0473795002,0.151713364,5,0.065609,,-0.0254936599,-0.10577609,0.0946935043,0.164804326,-0.284116006,-0.00405004277,0.424974433
1781693875.123839,2026-06-17T18:57:55.123,1781693875.022533,right,base,1,pelvis,200,0.001,-0.05675241,-0.320977968,-0.012398,0.784794071,0.61131336,0.0233927584,0.099232156,0.535569981,-0.0505041119,-0.177845228,-0.661003018,-0.184892299,-0.00762463867,0.00954128788,1,1,0.0120269658,0.0466667729,2,0.033558,,0.534679235,-0.0268169853,-0.161617035,-0.700950901,-0.170249905,0.0178598741,-0.0201771626
1781693875.140293,2026-06-17T18:57:55.140,1781693875.039476,left,base,1,pelvis,200,0.001,-0.0149872,0.241451082,-0.072547,-0.617629345,0.778629275,0.0570923935,0.0949257777,0.396006853,-0.118179885,0.0709825834,-0.494754433,-0.311020204,0.223667147,0.36497456,1,1,0.0468066502,0.136059747,4,0.067186,,0.0680452783,-0.106032637,0.0858507961,0.00372203801,-0.292525645,0.0340005343,0.41359759
1781693875.140619,2026-06-17T18:57:55.140,1781693875.022533,right,base,1,pelvis,200,0.001,-0.05675241,-0.320977968,-0.012398,0.784794071,0.61131336,0.0233927584,0.099232156,0.535456002,-0.0444086056,-0.17388615,-0.671651487,-0.181341529,-0.000740101027,0.00188704691,1,1,0.0101790414,0.0440417683,2,0.035927,,0.533956735,-0.0246753719,-0.159400232,-0.703364085,-0.16826572,0.0192732156,-0.0226731299
1781693875.157178,2026-06-17T18:57:55.157,1781693875.039476,left,base,1,pelvis,200,0.001,-0.0149872,0.241451082,-0.072547,-0.617629345,0.778629275,0.0570923935,0.0949257777,0.3457115,-0.116885269,0.0734573524,-0.44445908,-0.308212144,0.173371794,0.371236899,1,1,0.045729472,0.117035845,3,0.06611,,0.149611774,-0.110408411,0.0815326644,-0.141901837,-0.297658225,0.0609299814,0.400547027
1781693875.157632,2026-06-17T18:57:55.157,1781693875.089197,right,base,1,pelvis,200,0.001,-0.05196976,-0.310464918,-0.01222,0.781805374,0.614400791,0.0342812526,0.100582406,0.535235833,-0.0394223811,-0.170408553,-0.679956205,-0.178197684,0.0045319347,-0.00436690237,1,1,0.0131412251,0.0558028422,2,0.029304,,0.533680762,-0.0119581883,-0.151916676,-0.714938749,-0.162507089,0.0218198073,-0.0337601494
1781693875.173884,2026-06-17T18:57:55.173,1781693875.056125,left,base,1,pelvis,200,0.001,-0.01278885,0.252608882,-0.0762115,-0.614891779,0.780747639,0.058106807,0.0946827484,0.29466942,-0.115692608,0.0748193426,-0.393417,-0.30648826,0.122329714,0.375892171,1,1,0.04442699,0.103526068,2,0.043144,,0.200248198,-0.108151665,0.0790436777,-0.242951084,-0.301300502,0.0665937279,0.386775325
1781693875.174172,2026-06-17T18:57:55.174,1781693875.105864,right,base,1,pelvis,200,0.001,-0.04874036,-0.307328868,-0.014116,0.779403684,0.617129423,0.0374843069,0.101371094,0.534867436,-0.0351750553,-0.167238017,-0.686697972,-0.175337152,0.00877761068,-0.00963932821,1,1,0.0136055566,0.0607009524,2,0.027747,,0.524559534,-0.0084385916,-0.14759435,-0.707920194,-0.158767475,0.0201674418,-0.0382273173
1781693875.190751,2026-06-17T18:57:55.190,1781693875.056125,left,base,1,pelvis,200,0.001,-0.01278885,0.252608882,-0.0762115,-0.614891779,0.780747639,0.058106807,0.0946827484,0.244977028,-0.11510333,0.0755679925,-0.343724607,-0.305503561,0.0726373214,0.378641608,1,1,0.0364073603,0.0980450457,2,0.058384,,0.151858945,-0.106722095,0.0798300315,-0.184643437,-0.300531358,0.0111920039,0.391431832
1781693875.191176,2026-06-17T18:57:55.191,1781693875.105864,right,base,1,pelvis,200,0.001,-0.04874036,-0.307328868,-0.014116,0.779403684,0.617129423,0.0374843069,0.101371094,0.534533029,-0.0286325025,-0.162920437,-0.694656271,-0.171721619,0.012452924,-0.0164366169,1,1,0.0117551193,0.0575831379,2,0.030465,,0.524173694,-0.00615088236,-0.145250043,-0.709676652,-0.156818454,0.0200835285,-0.0400723447
1781693875.207391,2026-06-17T18:57:55.207,1781693875.089387,left,base,1,pelvis,200,0.001,-0.0135772,0.276487382,-0.0724785,-0.620659794,0.775580543,0.0671934826,0.0934947961,0.194027216,-0.114277304,0.0759809882,-0.292774795,-0.305004135,0.0287593587,0.379608091,1,1,0.0330605486,0.104681339,2,0.05134,,0.115983213,-0.0979761117,0.0813753251,-0.150156419,-0.299452822,-0.0290687565,0.383552566
1781693875.207729,2026-06-17T18:57:55.207,1781693875.105864,right,base,1,pelvis,200,0.001,-0.04874036,-0.307328868,-0.014116,0.779403684,0.617129423,0.0374843069,0.101371094,0.531643601,-0.0227821094,-0.158480305,-0.698498972,-0.167968664,0.0146879027,-0.022749617,1,1,0.0099256839,0.0542841748,2,0.036773,,0.522913647,-0.00412270193,-0.142859485,-0.710084423,-0.154786165,0.0195006287,-0.0417725351
1781693875.224326,2026-06-17T18:57:55.224,1781693875.106061,left,base,1,pelvis,200,0.001,-0.01543065,0.281939582,-0.06918,-0.621359904,0.774534088,0.0720151699,0.0939288661,0.14437917,-0.1050188,0.0764462203,-0.243126749,-0.304463513,-0.0124027133,0.381037221,1,1,0.0368913939,0.135039942,2,0.044763,,0.0719984798,-0.0884810349,0.0812944324,-0.0989619399,-0.29955064,-0.0735993379,0.38613963
1781693875.224705,2026-06-17T18:57:55.224,1781693875.105864,right,base,1,pelvis,200,0.001,-0.04874036,-0.307328868,-0.014116,0.779403684,0.617129423,0.0374843069,0.101371094,0.52952466,-0.0180644362,-0.154727362,-0.701669673,-0.164805756,0.0162184452,-0.0276634438,1,1,0.00844395817,0.0513087318,2,0.028469,,0.522074806,-0.00252426089,-0.140814174,-0.710583727,-0.153050033,0.0188907137,-0.0430055951
1781693875.241107,2026-06-17T18:57:55.241,1781693875.106061,left,base,1,pelvis,200,0.001,-0.01543065,0.281939582,-0.06918,-0.621359904,0.774534088,0.0720151699,0.0939288661,0.125734496,-0.094862,0.0770849288,-0.192194818,-0.303814232,-0.0579163598,0.381363157,1,1,0.0337709569,0.144192099,2,0.055848,,0.0419551795,-0.0791165645,0.0814176974,-0.0299711474,-0.299392306,-0.124037791,0.390054656
1781693875.241427,2026-06-17T18:57:55.241,1781693875.105864,right,base,1,pelvis,200,0.001,-0.04874036,-0.307328868,-0.014116,0.779403684,0.617129423,0.0374843069,0.101371094,0.527601075,-0.0140078539,-0.151274203,-0.704118086,-0.161890387,0.0171734518,-0.0317687214,1,1,0.00714235432,0.0483924573,2,0.028021,,0.521379907,-0.00118878913,-0.138908792,-0.710984336,-0.15142448,0.0181558916,-0.043946119
1781693875.257868,2026-06-17T18:57:55.257,1781693875.122720,left,base,1,pelvis,200,0.001,-0.0176025,0.282809682,-0.0665775,-0.621993211,0.773588626,0.0764802855,0.0939991938,0.104895561,-0.0848627223,0.0776452018,-0.142027496,-0.30324676,-0.108083682,0.381998892,1,1,0.0318662003,0.162885726,2,0.055044,,0.0175925626,-0.0703372295,0.0811563716,0.0266283492,-0.299686542,-0.174503466,0.393285619
1781693875.258266,2026-06-17T18:57:55.258,1781693875.122532,right,base,1,pelvis,200,0.001,-0.04585376,-0.306174118,-0.017154,0.777435315,0.619566247,0.0381604662,0.101369499,0.526010348,-0.010702321,-0.148263301,-0.70597921,-0.159345706,0.0176677627,-0.0350032366,1,1,0.00728260596,0.0499403882,2,0.040746,,0.507785432,-0.000589955179,-0.135739926,-0.694501082,-0.148597761,0.0130754792,-0.0455547472
1781693875.274574,2026-06-17T18:57:55.274,1781693875.206115,left,base,1,pelvis,200,0.001,-0.02852095,0.277523282,-0.062998,-0.622512068,0.771962548,0.0881777722,0.0936868675,0.0722104079,-0.075452719,0.078172802,-0.0912808169,-0.302707698,-0.158830361,0.383125526,1,1,0.0397416502,0.201512912,2,0.05617,,-0.0151392564,-0.0643332624,0.0803942822,0.0879726599,-0.300494099,-0.230568735,0.401706946
1781693875.274998,2026-06-17T18:57:55.274,1781693875.139200,right,base,1,pelvis,200,0.001,-0.042754885,-0.305322518,-0.0212575,0.775392382,0.622218032,0.037964964,0.100846593,0.524663489,-0.00793511526,-0.145542351,-0.707435053,-0.157041655,0.017809745,-0.0376044572,1,1,0.00797783049,0.051167943,2,0.044329,,0.490186786,-0.00099820789,-0.132783434,-0.671386818,-0.145893352,0.00610301377,-0.0465407398
1781693875.291360,2026-06-17T18:57:55.291,1781693875.206115,left,base,1,pelvis,200,0.001,-0.02852095,0.277523282,-0.062998,-0.622512068,0.771962548,0.0881777722,0.0936868675,0.0320573863,-0.0688031218,0.0786082782,-0.0410848845,-0.302266736,-0.209026294,0.384608474,1,1,0.0483952814,0.237206038,2,0.061873,,-0.0330647,-0.0599756659,0.0795574157,0.10420444,-0.301315268,-0.266264543,0.399798457
1781693875.291860,2026-06-17T18:57:55.291,1781693875.139200,right,base,1,pelvis,200,0.001,-0.042754885,-0.305322518,-0.0212575,0.775392382,0.622218032,0.037964964,0.100846593,0.519777784,-0.00580890585,-0.142704835,-0.690261502,-0.154597394,0.0164393133,-0.0399058341,1,1,0.00838853662,0.0538123534,2,0.041645,,0.487255542,-0.000593821491,-0.131358835,-0.664439855,-0.144617512,0.0108238487,-0.047741686
1781693875.308061,2026-06-17T18:57:55.308,1781693875.206115,left,base,1,pelvis,200,0.001,-0.02852095,0.277523282,-0.062998,-0.622512068,0.771962548,0.0881777722,0.0936868675,0.00708752395,-0.0638162004,0.0788844993,0.00960672012,-0.301992582,-0.255081565,0.387252901,1,1,0.0490603015,0.255325204,2,0.060748,,0.0389314028,-0.063123673,0.0791507954,-0.0224708904,-0.301727035,-0.233878466,0.378383189
1781693875.308536,2026-06-17T18:57:55.308,1781693875.239205,right,base,1,pelvis,200,0.001,-0.02970088,-0.282128568,-0.0264195,0.764763649,0.636362947,0.0366751531,0.0939877314,0.511109626,-0.00439969716,-0.139798537,-0.68237684,-0.152047699,0.0134114776,-0.0418494121,1,1,0.0347595124,0.0870406025,2,0.045037,,0.493457392,0.00413784544,-0.131638226,-0.670481461,-0.14489268,0.0139595495,-0.0528104345
1781693875.324827,2026-06-17T18:57:55.324,1781693875.206115,left,base,1,pelvis,200,0.001,-0.02852095,0.277523282,-0.062998,-0.622512068,0.771962548,0.0881777722,0.0936868675,0.00513585061,-0.0632014851,0.0789922061,-0.0190963795,-0.301884171,-0.237296589,0.389260941,1,1,0.0480198479,0.246426674,3,0.072434,,0.0880604733,-0.0643368298,0.079871363,-0.111850085,-0.301058475,-0.185688723,0.368643829
1781693875.325368,2026-06-17T18:57:55.325,1781693875.239205,right,base,1,pelvis,200,0.001,-0.02970088,-0.282128568,-0.0264195,0.764763649,0.636362947,0.0366751531,0.0939877314,0.504208886,-0.0032986967,-0.137357018,-0.677187856,-0.149898223,0.0126629033,-0.043553986,1,1,0.0327341745,0.0838481957,2,0.039793,,0.487828023,0.00497823062,-0.129555673,-0.665888336,-0.143050508,0.0128855718,-0.0539804232
1781693875.341500,2026-06-17T18:57:55.341,1781693875.239425,left,base,1,pelvis,200,0.001,-0.0409662,0.271342132,-0.042919,-0.638372044,0.756524968,0.0770702436,0.11921109,0.0556286141,-0.0631881833,0.0790193166,-0.0695891431,-0.301857309,-0.188999807,0.380542293,1,1,0.0487886189,0.170148202,2,0.065736,,0.055437805,-0.0636448943,0.0798553399,-0.0343531966,-0.301024735,-0.208374931,0.387698407
1781693875.341918,2026-06-17T18:57:55.341,1781693875.239205,right,base,1,pelvis,200,0.001,-0.02970088,-0.282128568,-0.0264195,0.764763649,0.636362947,0.0366751531,0.0939877314,0.501057401,-0.00111889289,-0.135680722,-0.675222073,-0.148430995,0.013042977,-0.0462672419,1,1,0.0156914246,0.0671305413,2,0.040562,,0.453487163,0.0223437208,-0.113165347,-0.641628717,-0.128645543,0.0130830068,-0.0757420338
1781693875.358318,2026-06-17T18:57:55.358,1781693875.256052,left,base,1,pelvis,200,0.001,-0.05460383,0.264511032,-0.0155155,-0.659507761,0.733378571,0.0568832386,0.154821452,0.0646085347,-0.0633917987,0.079170355,-0.0454811994,-0.301715703,-0.202439752,0.378433106,1,1,0.0438484464,0.0906602795,3,0.069913,,0.258979947,-0.0851370026,0.0806326223,-0.329547396,-0.300200357,-0.105598761,0.354926711
1781693875.358833,2026-06-17T18:57:55.358,1781693875.239205,right,base,1,pelvis,200,0.001,-0.02970088,-0.282128568,-0.0264195,0.764763649,0.636362947,0.0366751531,0.0939877314,0.497225267,0.000647251725,-0.133906488,-0.657169537,-0.146872438,0.0129973817,-0.0485015075,1,1,0.0327378881,0.0860284851,2,0.04261,,0.481707669,0.00799193445,-0.126816539,-0.649521175,-0.140623637,0.0152169406,-0.0580774858
1781693875.374983,2026-06-17T18:57:55.374,1781693875.256052,left,base,1,pelvis,200,0.001,-0.05460383,0.264511032,-0.0155155,-0.659507761,0.733378571,0.0568832386,0.154821452,0.115300139,-0.063440151,0.0793012169,-0.096172804,-0.301583699,-0.151748147,0.380203181,1,1,0.0227871437,0.0493848295,2,0.060703,,0.485851504,-0.107604669,0.0807737126,-0.68781337,-0.29988912,0.0654174062,0.323238486
1781693875.375427,2026-06-17T18:57:55.375,1781693875.322540,right,base,1,pelvis,200,0.001,-0.021558935,-0.266006668,-0.0330725,0.746325776,0.659927337,0.0254616392,0.0827372432,0.484319843,0.00704904139,-0.127786579,-0.652584041,-0.141494385,0.0130226464,-0.0565391342,1,1,0.0415337653,0.126514139,2,0.040962,,0.461266912,0.0169625891,-0.117274902,-0.635408298,-0.131779227,0.0154136366,-0.0707027528
1781693875.391763,2026-06-17T18:57:55.391,1781693875.256052,left,base,1,pelvis,200,0.001,-0.05460383,0.264511032,-0.0155155,-0.659507761,0.733378571,0.0568832386,0.154821452,0.16498681,-0.0662868847,0.0794759038,-0.145859474,-0.301402197,-0.102061477,0.362576206,1,1,0.0164265714,0.0528851091,2,0.06862,,0.49251621,-0.108851506,0.0794752545,-0.691746141,-0.300989917,0.100965297,0.311877116
1781693875.392276,2026-06-17T18:57:55.392,1781693875.322540,right,base,1,pelvis,200,0.001,-0.021558935,-0.266006668,-0.0330725,0.746325776,0.659927337,0.0254616392,0.0827372432,0.483560473,0.00732314417,-0.127504585,-0.64941139,-0.141241255,0.0136605365,-0.0569863392,1,1,0.0417480382,0.126302676,2,0.030463,,0.46055812,0.0171560215,-0.117075386,-0.632828836,-0.131600563,0.0163766286,-0.0710902619
1781693875.408497,2026-06-17T18:57:55.408,1781693875.256052,left,base,1,pelvis,200,0.001,-0.05460383,0.264511032,-0.0155155,-0.659507761,0.733378571,0.0568832386,0.154821452,0.215355834,-0.0710885212,0.0796267252,-0.196228499,-0.301226359,-0.0516924523,0.346960122,1,1,0.0226096992,0.10482758,2,0.044817,,0.301753361,-0.0836868033,0.0793797059,-0.34768839,-0.301272009,0.0046846743,0.333859506
1781693875.408836,2026-06-17T18:57:55.408,1781693875.339208,right,base,1,pelvis,200,0.001,-0.018054585,-0.263529418,-0.0382145,0.73926082,0.668619724,0.0182858068,0.0781455937,0.47697643,0.0101699986,-0.124483413,-0.645275803,-0.138446798,0.0141782863,-0.0610372606,1,1,0.043626589,0.143701135,2,0.029086,,0.447684821,0.0192152549,-0.113415998,-0.619386577,-0.127983869,0.0154057183,-0.0754873103
1781693875.425384,2026-06-17T18:57:55.425,1781693875.339403,left,base,1,pelvis,200,0.001,-0.076204845,0.250926432,0.050823,-0.677123295,0.70029713,0.0189962934,0.225226804,0.264985999,-0.0756042275,0.0796086123,-0.245858664,-0.301198085,-0.00206228721,0.342764888,1,1,0.0411214011,0.249731772,4,0.071034,,0.657520968,-0.141740013,0.0626171129,-0.907864697,-0.312541312,0.195802708,0.307020199
1781693875.425767,2026-06-17T18:57:55.425,1781693875.339208,right,base,1,pelvis,200,0.001,-0.018054585,-0.263529418,-0.0382145,0.73926082,0.668619724,0.0182858068,0.0781455937,0.472194078,0.0122048986,-0.122325591,-0.632205058,-0.136452616,0.0148186229,-0.0639655149,1,1,0.0435972128,0.141014948,2,0.031911,,0.443351968,0.0207429277,-0.111730906,-0.608319545,-0.126412505,0.0170763576,-0.0778712361
1781693875.442139,2026-06-17T18:57:55.442,1781693875.356059,left,base,1,pelvis,200,0.001,-0.071442015,0.236750932,0.049579,-0.662387369,0.716791725,0.0348737487,0.215026551,0.315779885,-0.0766252077,0.0795796972,-0.29665255,-0.301207423,0.0157704964,0.341639972,1,1,0.0444251743,0.22262681,4,0.06789,,0.647200102,-0.152768257,0.0556203448,-0.877743547,-0.319359946,0.204837495,0.327965326
1781693875.442590,2026-06-17T18:57:55.442,1781693875.355875,right,base,1,pelvis,200,0.001,-0.014186365,-0.260998768,-0.0435605,0.732172741,0.677204153,0.0112859611,0.0720433179,0.464894155,0.0142928878,-0.119671926,-0.620632938,-0.133930254,0.0149934855,-0.067397207,1,1,0.0473030856,0.159041919,2,0.043337,,0.429172961,0.0220593159,-0.108487745,-0.588280692,-0.123175874,0.0168521343,-0.0816441291
1781693875.458980,2026-06-17T18:57:55.458,1781693875.372758,left,base,1,pelvis,200,0.001,-0.052574295,0.217745082,0.0234805,-0.644255164,0.741335053,0.067375401,0.17555107,0.348287571,-0.0775479547,0.0795535641,-0.347191805,-0.301215863,0.0143218989,0.340623289,1,1,0.0446947934,0.117699522,4,0.057862,,0.548116669,-0.160233666,0.0549152277,-0.733296596,-0.321603581,0.176349748,0.35940036
1781693875.459492,2026-06-17T18:57:55.459,1781693875.355875,right,base,1,pelvis,200,0.001,-0.014186365,-0.260998768,-0.0435605,0.732172741,0.677204153,0.0112859611,0.0720433179,0.458497215,0.0162082235,-0.117313845,-0.600250535,-0.131697863,0.0156119932,-0.0705074639,1,1,0.0484673108,0.155476772,2,0.037663,,0.423195493,0.0234326856,-0.106689533,-0.570959271,-0.121454714,0.0191491914,-0.0842095888
1781693875.475656,2026-06-17T18:57:55.475,1781693875.389399,left,base,1,pelvis,200,0.001,-0.02919478,0.197705232,-0.0108595,-0.625398961,0.762870092,0.104996521,0.126020207,0.398979176,-0.078389661,0.0795297261,-0.39788341,-0.301223561,0.0650135035,0.339695897,1,1,0.028957971,0.0408497719,4,0.058711,,0.412139562,-0.212241571,0.0488124402,-0.58471127,-0.325911538,0.241053202,0.426579157
1781693875.475981,2026-06-17T18:57:55.475,1781693875.372542,right,base,1,pelvis,200,0.001,-0.011437325,-0.258690368,-0.045539,0.728438665,0.68177372,0.00817223662,0.0670441727,0.449747307,0.0179540998,-0.114680272,-0.582555713,-0.129155032,0.0159820323,-0.0738304742,1,1,0.0413837122,0.149910911,3,0.048463,,0.37953022,0.0306915431,-0.0947488577,-0.522973957,-0.109950637,0.0231082887,-0.0982501224
1781693875.492482,2026-06-17T18:57:55.492,1781693875.389399,left,base,1,pelvis,200,0.001,-0.02919478,0.197705232,-0.0108595,-0.625398961,0.762870092,0.104996521,0.126020207,0.448436249,-0.120647038,0.0767096573,-0.447340483,-0.303558488,0.114470577,0.377183208,1,1,0.0225671451,0.061201143,5,0.063075,,0.395042791,-0.230957272,0.0508043628,-0.563509893,-0.323384951,0.26319772,0.449641099
1781693875.492756,2026-06-17T18:57:55.492,1781693875.422565,right,base,1,pelvis,200,0.001,-0.010608565,-0.251126618,-0.043896,0.723384225,0.688445681,0.00892777184,0.0517503792,0.421996006,0.0195552808,-0.112344885,-0.538424721,-0.126904524,0.0169076717,-0.0768638922,1,1,0.0430654612,0.164624912,3,0.032689,,0.36225809,0.0354225868,-0.0910658998,-0.499726127,-0.107158266,0.034899699,-0.101330512
1781693875.509280,2026-06-17T18:57:55.509,1781693875.439503,left,base,1,pelvis,200,0.001,-0.0313873,0.199983632,-0.0069445,-0.623073414,0.765740724,0.102981044,0.121719222,0.447105113,-0.15006995,0.0733246154,-0.497607941,-0.306270802,0.164738035,0.405737515,1,1,0.022353704,0.0605168895,4,0.05726,,0.418950154,-0.230676905,0.0483896324,-0.600613961,-0.324396677,0.278524671,0.448712617
1781693875.509579,2026-06-17T18:57:55.509,1781693875.439223,right,base,1,pelvis,200,0.001,-0.00876382,-0.249813718,-0.047965,0.720669837,0.691701045,0.00957883195,0.0457481952,0.393441869,0.0225720631,-0.10757817,-0.511289935,-0.122311763,0.0277721416,-0.0826573622,1,1,0.0406332868,0.167167139,3,0.032423,,0.327218313,0.0362214116,-0.0872864727,-0.455550624,-0.103702941,0.0357894683,-0.102554541
1781693875.526152,2026-06-17T18:57:55.526,1781693875.456092,left,base,1,pelvis,200,0.001,-0.04987381,0.216748232,0.021063,-0.632927855,0.756118953,0.0758177481,0.14811525,0.440529071,-0.160286905,0.0704800608,-0.548067803,-0.308432506,0.215197896,0.411283018,1,1,0.0469125405,0.151801723,2,0.056389,,0.484173689,-0.178650557,0.0605727655,-0.639556652,-0.315722775,0.251534841,0.410156408
1781693875.526452,2026-06-17T18:57:55.526,1781693875.439223,right,base,1,pelvis,200,0.001,-0.00876382,-0.249813718,-0.047965,0.720669837,0.691701045,0.00957883195,0.0457481952,0.361442121,0.0263869522,-0.102676231,-0.468675073,-0.117813199,0.0298880741,-0.0882007935,1,1,0.0464252722,0.175308472,2,0.026253,,0.329785345,0.0330875299,-0.0927563996,-0.444540188,-0.108662865,0.0351459894,-0.0980114105
1781693875.542827,2026-06-17T18:57:55.542,1781693875.456092,left,base,1,pelvis,200,0.001,-0.04987381,0.216748232,0.021063,-0.632927855,0.756118953,0.0758177481,0.14811525,0.437676628,-0.169591518,0.0675600027,-0.59869718,-0.310542755,0.255959675,0.416230709,1,1,0.0390407302,0.141289414,2,0.057472,,0.478988439,-0.186212625,0.0577395375,-0.674145214,-0.317320674,0.27995377,0.416695285
1781693875.543176,2026-06-17T18:57:55.543,1781693875.472555,right,base,1,pelvis,200,0.001,0.000390485,-0.252159918,-0.063626,0.714618101,0.698269956,0.00645648622,0.0412110729,0.351652611,0.029200039,-0.0982740854,-0.455452703,-0.113777046,0.0315761317,-0.0923065949,1,1,0.0433757437,0.169893378,3,0.037744,,0.235523799,0.0325182382,-0.0809816202,-0.315587446,-0.0975674638,0.00633537933,-0.102153367
1781693875.559604,2026-06-17T18:57:55.559,1781693875.472764,left,base,1,pelvis,200,0.001,-0.065777965,0.238444332,0.0414595,-0.643669018,0.74231163,0.0495500829,0.179467069,0.444030419,-0.170829429,0.0666052017,-0.648877377,-0.311250601,0.268570654,0.41540066,1,1,0.0446292439,0.192255893,2,0.054722,,0.52116952,-0.182819066,0.0546229997,-0.766183071,-0.319332884,0.292091292,0.4060032
1781693875.560077,2026-06-17T18:57:55.560,1781693875.472555,right,base,1,pelvis,200,0.001,0.000390485,-0.252159918,-0.063626,0.714618101,0.698269956,0.00645648622,0.0412110729,0.345140474,0.0303577454,-0.0966309021,-0.405272506,-0.112254028,0.0289076298,-0.094005506,1,1,0.0413806112,0.157043763,4,0.06653,,0.164418613,0.0326665469,-0.0738082315,-0.195029255,-0.0906655008,-0.0110276353,-0.104991992
1781693875.576256,2026-06-17T18:57:55.576,1781693875.489592,left,base,1,pelvis,200,0.001,-0.029997065,0.244421832,-0.031204,-0.629459592,0.756272656,0.077888812,0.16051674,0.480822804,-0.173039856,0.0653312853,-0.699921602,-0.312122816,0.282195931,0.415586686,1,1,0.0282207358,0.128146921,2,0.06429,,0.443396109,-0.170978809,0.0674721837,-0.643902389,-0.309609617,0.254271075,0.422831867
1781693875.576662,2026-06-17T18:57:55.576,1781693875.505890,right,base,1,pelvis,200,0.001,0.001035315,-0.244054818,-0.05174,0.709079025,0.704182845,0.00172012638,0.0364760032,0.301116594,0.0307552696,-0.0937514813,-0.354228281,-0.109551744,0.0166197292,-0.095504688,1,1,0.0455764767,0.176982765,3,0.047847,,0.236268941,0.0421074733,-0.0754806764,-0.315063934,-0.0923042549,0.0366746902,-0.112833683
1781693875.593131,2026-06-17T18:57:55.593,1781693875.489592,left,base,1,pelvis,200,0.001,-0.029997065,0.244421832,-0.031204,-0.629459592,0.756272656,0.077888812,0.16051674,0.467728236,-0.172627713,0.063735414,-0.651742427,-0.313197343,0.25702644,0.414158445,1,1,0.0300403261,0.132782434,2,0.047674,,0.430887434,-0.170134992,0.0660227334,-0.60221351,-0.310767339,0.233949977,0.42008531
1781693875.593441,2026-06-17T18:57:55.593,1781693875.505890,right,base,1,pelvis,200,0.001,0.001035315,-0.244054818,-0.05174,0.709079025,0.704182845,0.00172012638,0.0364760032,0.27854378,0.0310708771,-0.0904582705,-0.30462601,-0.106433076,0.0124779189,-0.0970713178,1,1,0.0480441401,0.174517138,3,0.043479,,0.216471548,0.0419528371,-0.0732810391,-0.275226042,-0.0901263277,0.0362907373,-0.113531046
1781693875.609897,2026-06-17T18:57:55.609,1781693875.489592,left,base,1,pelvis,200,0.001,-0.029997065,0.244421832,-0.031204,-0.629459592,0.756272656,0.077888812,0.16051674,0.451480513,-0.17153048,0.0643264013,-0.609177518,-0.312629928,0.236446954,0.415530187,1,1,0.0314992712,0.136219953,2,0.051509,,0.41617474,-0.168930339,0.0664590397,-0.565350513,-0.310416665,0.216923981,0.420438455
1781693875.610182,2026-06-17T18:57:55.610,1781693875.505890,right,base,1,pelvis,200,0.001,0.001035315,-0.244054818,-0.05174,0.709079025,0.704182845,0.00172012638,0.0364760032,0.271038996,0.0330301339,-0.0877993934,-0.294505241,-0.103924876,0.0167734181,-0.0998695104,1,1,0.0475470265,0.17204125,3,0.035947,,0.209403936,0.043126065,-0.0713024339,-0.265011761,-0.0882582496,0.0392578379,-0.115036846
1781693875.630555,2026-06-17T18:57:55.630,1781693875.506102,left,base,1,pelvis,200,0.001,0.008600395,0.244410282,-0.1064305,-0.613542851,0.769627665,0.114569557,0.134581734,0.433466344,-0.170103615,0.0646071847,-0.571430332,-0.312321625,0.219131671,0.416284168,1,1,0.0823449389,0.0619214321,400,3.890432,using best approximate IK outside the usable position/orientation threshold,0.0927432721,-0.138059199,0.0963039602,-0.0569754457,-0.284728733,0.0440926121,0.475740612
1781693875.631129,2026-06-17T18:57:55.631,1781693875.522558,right,base,1,pelvis,200,0.001,0.00179288,-0.240507418,-0.0440235,0.706440576,0.706923207,-0.000148599399,0.0346593521,0.260722841,0.0347170002,-0.0850546508,-0.290860445,-0.101316215,0.0230440771,-0.102452269,1,1,0.0456340619,0.172948468,3,0.041687,,0.236977918,0.0495851727,-0.0675080347,-0.326004074,-0.0847616438,0.0728148018,-0.12158937
1781693875.647337,2026-06-17T18:57:55.647,1781693875.556088,left,base,1,pelvis,200,0.001,0.0244266,0.242227632,-0.135821,-0.603698293,0.776537513,0.132828622,0.122042694,0.42976834,-0.169852697,0.0650032248,-0.570130094,-0.311914228,0.218659531,0.417172609,1,1,0.102623636,0.0725735217,400,3.944968,using best approximate IK outside the usable position/orientation threshold,0.0343225533,-0.133722547,0.110331969,-0.0562502304,-0.273818367,0.106447305,0.475265831
1781693875.647582,2026-06-17T18:57:55.647,1781693875.572559,right,base,1,pelvis,200,0.001,0.00407858,-0.240512968,-0.0470845,0.701058949,0.712271476,-0.000397190386,0.0344316336,0.247983815,0.0368044044,-0.081640902,-0.313232165,-0.0980748021,0.0598944541,-0.105576171,1,1,0.0488360539,0.195160212,2,0.027467,,0.227627643,0.0436414347,-0.0723627293,-0.312760176,-0.0893185241,0.0750190317,-0.114478737
1781693875.664208,2026-06-17T18:57:55.664,1781693875.556088,left,base,1,pelvis,200,0.001,0.0244266,0.242227632,-0.135821,-0.603698293,0.776537513,0.132828622,0.122042694,0.427277013,-0.169683655,0.065270035,-0.569254131,-0.311639766,0.218341453,0.417771148,1,1,0.102387773,0.0725539898,400,3.986072,using best approximate IK outside the usable position/orientation threshold,0.0253917755,-0.132786058,0.110940871,-0.0410554017,-0.273049066,0.0990822764,0.477715017
1781693875.664723,2026-06-17T18:57:55.664,1781693875.572559,right,base,1,pelvis,200,0.001,0.00407858,-0.240512968,-0.0470845,0.701058949,0.712271476,-0.000397190386,0.0344316336,0.245597856,0.0395751367,-0.0785770493,-0.316000977,-0.0951886535,0.0648620494,-0.10904766,1,1,0.0467276716,0.190511782,2,0.036446,,0.225292754,0.0458842762,-0.0696181499,-0.314033944,-0.0867474182,0.0786272889,-0.117129564
1781693875.681215,2026-06-17T18:57:55.681,1781693875.556088,left,base,1,pelvis,200,0.001,0.0244266,0.242227632,-0.135821,-0.603698293,0.776537513,0.132828622,0.122042694,0.425052569,-0.169532721,0.0655082631,-0.568472005,-0.311394707,0.21805745,0.418305567,1,1,0.102202911,0.0725769987,400,4.154583,using best approximate IK outside the usable position/orientation threshold,0.0173039501,-0.13193746,0.111491314,-0.0272822096,-0.272357013,0.0924163023,0.479923683
1781693875.681562,2026-06-17T18:57:55.681,1781693875.572559,right,base,1,pelvis,200,0.001,0.00407858,-0.240512968,-0.0470845,0.701058949,0.712271476,-0.000397190386,0.0344316336,0.241239232,0.0405614056,-0.0770697838,-0.31521493,-0.0937648704,0.0708871998,-0.110364952,1,1,0.045186716,0.188433127,2,0.034074,,0.221212504,0.0466799462,-0.0682850541,-0.31238349,-0.0854983783,0.0833897286,-0.118029532
1781693875.693864,2026-06-17T18:57:55.693,1781693875.639593,left,base,1,pelvis,200,0.001,-0.02492238,0.240859882,-0.0349755,-0.625903493,0.759568885,0.10644081,0.141316245,0.423189586,-0.169406313,0.0657077804,-0.56781697,-0.311189468,0.217819595,0.418753147,1,1,0.0169603408,0.0565170192,2,0.053557,,0.306774282,-0.166864168,0.0735598608,-0.430011729,-0.304567982,0.182257709,0.439604512
1781693875.694494,2026-06-17T18:57:55.694,1781693875.639242,right,base,1,pelvis,200,0.001,-0.00923587,-0.241292318,-0.062916,0.69606188,0.716973888,-0.000871036628,0.0380203166,0.237126762,0.0419341316,-0.0751480666,-0.314910363,-0.0919551252,0.0776000502,-0.112109492,1,1,0.0373044061,0.197992841,2,0.042204,,0.182364814,0.0445282311,-0.0667476794,-0.23833588,-0.083921626,0.0509396967,-0.115949099
1781693875.710568,2026-06-17T18:57:55.710,1781693875.639593,left,base,1,pelvis,200,0.001,-0.02492238,0.240859882,-0.0349755,-0.625903493,0.759568885,0.10644081,0.141316245,0.384424871,-0.167585431,0.0658383094,-0.529052255,-0.311055196,0.183750948,0.430719572,1,1,0.0118735118,0.0291110882,2,0.057716,,0.289810901,-0.165636327,0.0724906121,-0.405406867,-0.305260277,0.148917861,0.449624754
1781693875.711082,2026-06-17T18:57:55.711,1781693875.639242,right,base,1,pelvis,200,0.001,-0.00923587,-0.241292318,-0.062916,0.69606188,0.716973888,-0.000871036628,0.0380203166,0.216267724,0.0429763316,-0.0736409215,-0.276145648,-0.0905371977,0.0570381377,-0.113409556,1,1,0.0361886267,0.194871975,2,0.028271,,0.160948205,0.0452270251,-0.0655934929,-0.198396293,-0.0827797498,0.0300742644,-0.116800856
1781693875.727499,2026-06-17T18:57:55.727,1781693875.673004,left,base,1,pelvis,200,0.001,-0.036567765,0.239387682,-0.0109135,-0.63583817,0.751212402,0.101494432,0.145219246,0.334885544,-0.166222088,0.0673357803,-0.479512927,-0.309797105,0.150240328,0.442427195,1,1,0.00551533681,0.0173411274,2,0.058387,,0.399487274,-0.179608282,0.0605587734,-0.582915187,-0.315172355,0.184551979,0.437139897
1781693875.727799,2026-06-17T18:57:55.727,1781693875.672582,right,base,1,pelvis,200,0.001,-0.013856305,-0.240113518,-0.066357,0.696112518,0.717213004,-0.00316455278,0.0319820894,0.186663945,0.0433606869,-0.0719336884,-0.22660632,-0.0888987345,0.0348664114,-0.114038519,1,1,0.0332633964,0.18906745,2,0.037821,,0.120446886,0.0449128025,-0.0644567432,-0.125212841,-0.0816751149,-0.00358270008,-0.115952171
1781693875.744205,2026-06-17T18:57:55.744,1781693875.673004,left,base,1,pelvis,200,0.001,-0.036567765,0.239387682,-0.0109135,-0.63583817,0.751212402,0.101494432,0.145219246,0.3796147,-0.166099947,0.0684106485,-0.529994247,-0.308851101,0.180162164,0.443928006,1,1,0.00588210611,0.0350901293,2,0.042376,,0.408834972,-0.180713241,0.0622889219,-0.591730171,-0.312667516,0.203279531,0.443497279
1781693875.744456,2026-06-17T18:57:55.744,1781693875.672582,right,base,1,pelvis,200,0.001,-0.013856305,-0.240113518,-0.066357,0.696112518,0.717213004,-0.00316455278,0.0319820894,0.156119293,0.0438677555,-0.0702111097,-0.176125001,-0.0872362571,0.00341377253,-0.114789023,1,1,0.0306241443,0.18407013,2,0.027209,,0.0863350738,0.045045675,-0.0631938718,-0.0663927148,-0.0803907581,-0.0387902176,-0.116088613
1781693875.761152,2026-06-17T18:57:55.761,1781693875.673004,left,base,1,pelvis,200,0.001,-0.036567765,0.239387682,-0.0109135,-0.63583817,0.751212402,0.101494432,0.145219246,0.392361923,-0.168443487,0.067048439,-0.579610107,-0.309947765,0.199554857,0.442750348,1,1,0.00505462329,0.0257752917,2,0.066765,,0.412835612,-0.181977272,0.0617867248,-0.60684165,-0.312568864,0.201851367,0.447724548
1781693875.761424,2026-06-17T18:57:55.761,1781693875.689247,right,base,1,pelvis,200,0.001,-0.015776735,-0.237945268,-0.073549,0.694327587,0.719284015,-0.00456976137,0.0227777395,0.114766008,0.0441178553,-0.0688339797,-0.126509141,-0.0859053693,-0.0329141463,-0.115067386,1,1,0.0300508078,0.186311845,2,0.027067,,0.012282707,0.0434270187,-0.0627121681,0.0501322923,-0.0799232553,-0.105633567,-0.113155538
1781693875.777840,2026-06-17T18:57:55.777,1781693875.689576,left,base,1,pelvis,200,0.001,-0.043904385,0.238403182,0.002945,-0.643219289,0.744393856,0.0942896105,0.152499847,0.399403074,-0.170720673,0.066165104,-0.603206157,-0.310452533,0.200246132,0.442888973,1,1,0.0102273934,0.034376291,2,0.045141,,0.482515434,-0.191108407,0.055100225,-0.71403263,-0.317211526,0.220654821,0.440840817
1781693875.778114,2026-06-17T18:57:55.778,1781693875.722588,right,base,1,pelvis,200,0.001,-0.01656089,-0.239384118,-0.0809855,0.691482522,0.722240208,-0.00751377243,0.0128276161,0.0779154724,0.0443603099,-0.0673601264,-0.0756165495,-0.0844643103,-0.0838067377,-0.11533425,1,1,0.0349503641,0.203163105,2,0.035288,,-0.0548776817,0.0407986217,-0.0622346441,0.161142621,-0.0794049972,-0.181492689,-0.109504336
1781693875.794725,2026-06-17T18:57:55.794,1781693875.706324,left,base,1,pelvis,200,0.001,-0.06795461,0.241371682,0.0437515,-0.644422917,0.738729198,0.0534278617,0.190115073,0.449508884,-0.178652517,0.0643543974,-0.653311967,-0.310861381,0.218148643,0.443823145,1,1,0.04677396,0.153546919,2,0.04235,,0.529613434,-0.188931678,0.0526873864,-0.771059399,-0.319051658,0.24223254,0.433105529
1781693875.795063,2026-06-17T18:57:55.795,1781693875.739260,right,base,1,pelvis,200,0.001,-0.01597546,-0.241295668,-0.0790515,0.68987289,0.72382758,-0.0103713956,0.00643921051,0.0278096622,0.0441799021,-0.0664616628,-0.0255107393,-0.0835865115,-0.133912548,-0.114913099,1,1,0.0340289071,0.231354637,2,0.02702,,-0.0359450768,0.0447835917,-0.059881665,0.09529218,-0.0770192463,-0.179698409,-0.112323159
1781693875.811474,2026-06-17T18:57:55.811,1781693875.706324,left,base,1,pelvis,200,0.001,-0.06795461,0.241371682,0.0437515,-0.644422917,0.738729198,0.0534278617,0.190115073,0.500332811,-0.181240889,0.0600249812,-0.704135894,-0.312180961,0.240189312,0.43615307,1,1,0.0391005323,0.173930615,2,0.062608,,0.564699159,-0.19014833,0.049449484,-0.801890344,-0.319169564,0.25848499,0.427678608
1781693875.811912,2026-06-17T18:57:55.811,1781693875.755937,right,base,1,pelvis,200,0.001,-0.015460165,-0.241588518,-0.071859,0.689366872,0.724306102,-0.0123361043,0.00134390662,0.00485394865,0.0435464374,-0.0656697537,0.0253131876,-0.0828031274,-0.166764006,-0.113899796,1,1,0.0268619663,0.239351243,2,0.049983,,0.0516386329,0.0514130115,-0.0562367219,-0.0578760687,-0.0733567203,-0.11832192,-0.118861968
1781693875.828343,2026-06-17T18:57:55.828,1781693875.806324,left,base,1,pelvis,200,0.001,-0.048097,0.246256032,-0.0022295,-0.637680417,0.74643234,0.0736658317,0.175430309,0.551187494,-0.182916732,0.0551949861,-0.754990577,-0.313678104,0.256852914,0.430073459,1,1,0.0170683362,0.141329574,2,0.048172,,0.541100268,-0.182708763,0.0544772029,-0.74611835,-0.313439588,0.246298367,0.431084185
1781693875.828618,2026-06-17T18:57:55.828,1781693875.772590,right,base,1,pelvis,200,0.001,-0.015408855,-0.239623768,-0.0632225,-0.689869426,-0.723831919,0.0119861804,0.00196474518,-0.00326410861,0.0437926024,-0.0645180586,-0.0255414953,-0.0816522695,-0.129709242,-0.113586082,1,1,0.035026998,0.251822681,2,0.028167,,-0.0286292843,0.0480792267,-0.0571816904,0.0378956057,-0.0743543349,-0.153493855,-0.113202904
1781693875.845067,2026-06-17T18:57:55.845,1781693875.806324,left,base,1,pelvis,200,0.001,-0.048097,0.246256032,-0.0022295,-0.637680417,0.74643234,0.0736658317,0.175430309,0.544711663,-0.182945291,0.0538503961,-0.747168386,-0.314963242,0.246737891,0.429513005,1,1,0.0149876144,0.132386156,2,0.03952,,0.536439017,-0.182605019,0.0532309105,-0.740244153,-0.314728904,0.236949423,0.430257546
1781693875.845319,2026-06-17T18:57:55.845,1781693875.772590,right,base,1,pelvis,200,0.001,-0.015408855,-0.239623768,-0.0632225,-0.689869426,-0.723831919,0.0119861804,0.00196474518,0.00628376765,0.0451178317,-0.0630778905,0.00422114332,-0.0802096298,-0.137721122,-0.114503586,1,1,0.0234531302,0.232090725,2,0.027792,,0.0125333607,0.0508409835,-0.0550503212,-0.00124135639,-0.0721762503,-0.126775141,-0.116433941
1781693875.861984,2026-06-17T18:57:55.861,1781693875.806324,left,base,1,pelvis,200,0.001,-0.048097,0.246256032,-0.0022295,-0.637680417,0.74643234,0.0736658317,0.175430309,0.539158617,-0.182782895,0.0540061555,-0.741040347,-0.314584619,0.237291008,0.429903438,1,1,0.0131917524,0.12411532,2,0.063353,,0.532384798,-0.182433062,0.0533202277,-0.735569021,-0.314466667,0.22814136,0.430489844
1781693875.862254,2026-06-17T18:57:55.862,1781693875.772590,right,base,1,pelvis,200,0.001,-0.015408855,-0.239623768,-0.0632225,-0.689869426,-0.723831919,0.0119861804,0.00196474518,-0.000171702689,0.0456653976,-0.0619876752,0.00374548344,-0.0791269779,-0.134281416,-0.114263089,1,1,0.025421447,0.231998312,2,0.027799,,0.00698707255,0.0513351298,-0.05406505,-0.000641220796,-0.071199239,-0.12501773,-0.115981121
1781693875.878625,2026-06-17T18:57:55.878,1781693875.822863,left,base,1,pelvis,200,0.001,-0.042353135,0.246464432,-0.0139905,-0.649249102,0.74151955,0.0703040108,0.153888619,0.534373852,-0.182563074,0.0537968889,-0.736154412,-0.314623566,0.2283985,0.429999024,1,1,0.0194911992,0.106153047,2,0.048855,,0.513941912,-0.180358631,0.0559725071,-0.711431062,-0.311428738,0.215451035,0.428876347
1781693875.878985,2026-06-17T18:57:55.878,1781693875.822603,right,base,1,pelvis,200,0.001,-0.016501315,-0.233898668,-0.0618465,-0.686700648,-0.726896792,0.00592698574,0.00530522772,0.00235977574,0.0466966309,-0.0606054104,0.00275185774,-0.0777420484,-0.131055245,-0.11469563,1,1,0.0270777045,0.235313565,2,0.041372,,0.00793613741,0.0539464962,-0.0523896653,0.000905368952,-0.0695207709,-0.123531846,-0.116997044
1781693875.895494,2026-06-17T18:57:55.895,1781693875.822863,left,base,1,pelvis,200,0.001,-0.042353135,0.246464432,-0.0139905,-0.649249102,0.74151955,0.0703040108,0.153888619,0.515382413,-0.180453338,0.0541713114,-0.711866852,-0.312997408,0.215643782,0.429598556,1,1,0.0159810265,0.0986928807,2,0.057555,,0.498830349,-0.178487712,0.0560456012,-0.691687943,-0.310128328,0.20391983,0.428206075
1781693875.895949,2026-06-17T18:57:55.895,1781693875.822603,right,base,1,pelvis,200,0.001,-0.016501315,-0.233898668,-0.0618465,-0.686700648,-0.726896792,0.00592698574,0.00530522772,0.00333414711,0.0476733611,-0.0592282046,0.00203737611,-0.0763643269,-0.12831597,-0.114966316,1,1,0.0263650038,0.231569719,2,0.04338,,0.00796077399,0.0546179578,-0.0511612449,0.00163233312,-0.0682932724,-0.121478128,-0.117016622
1781693875.912210,2026-06-17T18:57:55.912,1781693875.856358,left,base,1,pelvis,200,0.001,-0.037003585,0.245584782,-0.019673,-0.681716849,0.720408051,0.0336387282,0.123056143,0.500245514,-0.178581295,0.0547385376,-0.69212544,-0.311660047,0.20411506,0.428911316,1,1,0.0193798754,0.183596089,2,0.06837,,0.480693167,-0.175439023,0.0590878742,-0.669452748,-0.304220595,0.190016129,0.419171349
1781693875.912588,2026-06-17T18:57:55.912,1781693875.839268,right,base,1,pelvis,200,0.001,-0.016825695,-0.233852418,-0.0674635,-0.683706436,-0.729725725,0.00489171538,0.00468477007,0.00438471191,0.049105423,-0.0576670695,0.00177895599,-0.0748020466,-0.125189233,-0.115429901,1,1,0.0282213021,0.232280981,2,0.040798,,0.00952088143,0.055585477,-0.0494019117,4.07244682e-06,-0.0665338595,-0.117852077,-0.117072667
1781693875.928909,2026-06-17T18:57:55.928,1781693875.856358,left,base,1,pelvis,200,0.001,-0.037003585,0.245584782,-0.019673,-0.681716849,0.720408051,0.0336387282,0.123056143,0.482085785,-0.175532231,0.0573697428,-0.669893301,-0.305719635,0.190215125,0.419865351,1,1,0.0158765416,0.17054917,2,0.044476,,0.466522312,-0.172728307,0.0612580671,-0.651972895,-0.29897767,0.177699286,0.410449893
1781693875.929231,2026-06-17T18:57:55.929,1781693875.855937,right,base,1,pelvis,200,0.001,-0.016880535,-0.234892718,-0.0654275,-0.682281477,-0.731031261,0.00750289965,0.00538411406,0.00524450116,0.0504307965,-0.0561028802,0.00174370359,-0.0732371481,-0.120696572,-0.115811395,1,1,0.0256391636,0.231342514,2,0.030673,,0.00967633242,0.0562777837,-0.0478718625,0.000748072907,-0.0650032845,-0.113392323,-0.117159995
1781693875.945631,2026-06-17T18:57:55.945,1781693875.856358,left,base,1,pelvis,200,0.001,-0.037003585,0.245584782,-0.019673,-0.681716849,0.720408051,0.0336387282,0.123056143,0.46789057,-0.172820922,0.0595790087,-0.652413395,-0.300444591,0.177900861,0.411132732,1,1,0.0130698355,0.158561331,2,0.058121,,0.455571401,-0.170312199,0.0630966858,-0.638422902,-0.294292839,0.166823662,0.402070342
1781693875.946026,2026-06-17T18:57:55.946,1781693875.855937,right,base,1,pelvis,200,0.001,-0.016880535,-0.234892718,-0.0654275,-0.682281477,-0.731031261,0.00750289965,0.00538411406,0.00635461585,0.0517689111,-0.0543633615,0.00129210903,-0.0714970271,-0.115521767,-0.116138811,1,1,0.0245951731,0.225571514,2,0.040729,,0.00991885087,0.0572186063,-0.0463166331,0.00136455504,-0.063448182,-0.108830257,-0.117160385
1781693875.968888,2026-06-17T18:57:55.968,1781693875.906336,left,base,1,pelvis,200,0.001,0.0096391,0.255617932,-0.1013515,-0.700419502,0.711788776,-0.00120105894,0.0526100575,0.456913882,-0.170404032,0.0614559304,-0.638860868,-0.295728068,0.167026767,0.402741993,1,1,0.0517029258,0.0815531457,400,6.308052,using best approximate IK outside the usable position/orientation threshold,0.0445648849,-0.0624809504,0.164989086,-0.105700604,-0.187110066,-0.0438014885,0.193748271
1781693875.969256,2026-06-17T18:57:55.969,1781693875.889279,right,base,1,pelvis,200,0.001,-0.016523895,-0.235574418,-0.0631455,-0.679603974,-0.733452089,0.0128891021,0.00451034372,0.00729662917,0.0530475927,-0.0525224222,0.00113782456,-0.0696554515,-0.110420494,-0.116428411,1,1,0.0218466702,0.225892362,2,0.042211,,0.00984448665,0.0581429156,-0.044381362,0.00212746865,-0.061512818,-0.103545539,-0.117976384
1781693875.983114,2026-06-17T18:57:55.983,1781693875.906336,left,base,1,pelvis,200,0.001,0.0096391,0.255617932,-0.1013515,-0.700419502,0.711788776,-0.00120105894,0.0526100575,0.456359916,-0.170366138,0.0621329769,-0.638680144,-0.29513583,0.166942957,0.402464841,1,1,0.0530319414,0.0805646705,400,4.078302,using best approximate IK outside the usable position/orientation threshold,-0.106477115,-0.0348988738,0.172430141,0.167724691,-0.180281874,-0.179479991,0.202128027
1781693875.983402,2026-06-17T18:57:55.983,1781693875.905951,right,base,1,pelvis,200,0.001,-0.01647675,-0.234369618,-0.060136,-0.675660253,-0.736952998,0.0194268002,0.00247004015,0.0083536465,0.0547289279,-0.0500208692,0.00122921959,-0.0671533018,-0.105074147,-0.11672347,1,1,0.0197500076,0.227328531,2,0.034829,,0.0101279491,0.06019557,-0.0416575854,0.00269770862,-0.0587887362,-0.0979421438,-0.119823812
1781693875.996021,2026-06-17T18:57:55.996,1781693875.922854,left,base,1,pelvis,200,0.001,0.0058969,0.262830532,-0.099624,-0.693594285,0.718378403,-0.0076775292,0.0529196831,0.45611789,-0.170349582,0.062428777,-0.638601187,-0.294877083,0.166906341,0.402343754,1,1,0.0492890616,0.0979668126,14,0.194066,,0.0419651976,-0.0517239695,0.149533133,-0.0768262237,-0.204355507,-0.0319492349,0.200640641
1781693875.996425,2026-06-17T18:57:55.996,1781693875.922613,right,base,1,pelvis,200,0.001,-0.016832125,-0.230841868,-0.058945,0.67121456,0.740875422,-0.0239671558,0.00044684853,0.00874513304,0.0556254226,-0.0485399652,0.00146509493,-0.0656721413,-0.0994433578,-0.117052478,1,1,0.0206239235,0.230839433,2,0.042132,,0.0103060659,0.062475338,-0.0397587356,0.00273747384,-0.0568897788,-0.0923357599,-0.122478797
1781693876.012710,2026-06-17T18:57:56.012,1781693875.922854,left,base,1,pelvis,200,0.001,0.0058969,0.262830532,-0.099624,-0.693594285,0.718378403,-0.0076775292,0.0529196831,0.455948568,-0.170337999,0.0626357196,-0.638545947,-0.294696063,0.166880724,0.402259041,1,1,0.0493045137,0.106479776,13,0.181904,,0.0269499001,-0.0508868325,0.145910707,-0.0511710731,-0.206669244,-0.0495088075,0.213719032
1781693876.013048,2026-06-17T18:57:56.013,1781693875.922613,right,base,1,pelvis,200,0.001,-0.016832125,-0.230841868,-0.058945,0.67121456,0.740875422,-0.0239671558,0.00044684853,0.00908379579,0.0567446883,-0.0468544152,0.0017669719,-0.0639863402,-0.0938136343,-0.1177312,1,1,0.0196807533,0.225155653,2,0.039165,,0.0107341042,0.0633160011,-0.0382364992,0.00244913432,-0.05536709,-0.0866513911,-0.122883485
1781693876.029385,2026-06-17T18:57:56.029,1781693875.939493,left,base,1,pelvis,200,0.001,-0.00178835,0.268141132,-0.0955875,-0.693729789,0.718426964,-0.00802913354,0.0503707216,0.455792565,-0.170327328,0.0628263834,-0.638495053,-0.294529283,0.166857122,0.402180992,1,1,0.0496956996,0.192778475,6,0.09494,,0.0403167832,-0.0702816834,0.120599073,-0.0108343978,-0.230378965,-0.0732071295,0.316471489
1781693876.029681,2026-06-17T18:57:56.029,1781693875.922613,right,base,1,pelvis,200,0.001,-0.016832125,-0.230841868,-0.058945,0.67121456,0.740875422,-0.0239671558,0.00044684853,0.00945516334,0.0584858561,-0.0446985045,0.00206184366,-0.0618301616,-0.0880952754,-0.119173683,1,1,0.0185584479,0.218753703,2,0.03679,,0.0111929185,0.0646548523,-0.0362860073,0.00216764121,-0.0534161442,-0.0808770208,-0.123913953
1781693876.046089,2026-06-17T18:57:56.046,1781693875.956125,left,base,1,pelvis,200,0.001,-0.007414,0.269327182,-0.090448,-0.69524775,0.717087632,-0.00640868423,0.04873216,0.455689957,-0.170320309,0.0629517896,-0.638461579,-0.294419585,0.166841599,0.402129656,1,1,0.0472301317,0.209885696,5,0.093494,,-0.0128641023,-0.0715583314,0.116236302,0.110392976,-0.232419884,-0.133967055,0.353773511
1781693876.046393,2026-06-17T18:57:56.046,1781693875.922613,right,base,1,pelvis,200,0.001,-0.016832125,-0.230841868,-0.058945,0.67121456,0.740875422,-0.0239671558,0.00044684853,0.00984389529,0.0599539706,-0.0427343888,0.00217956001,-0.0598657218,-0.0822882165,-0.120301271,1,1,0.0175635424,0.212719666,2,0.037354,,0.0115341463,0.0657721691,-0.0345108259,0.00197262516,-0.0516405662,-0.075150395,-0.124683888
1781693876.062915,2026-06-17T18:57:56.062,1781693875.956125,left,base,1,pelvis,200,0.001,-0.007414,0.269327182,-0.090448,-0.69524775,0.717087632,-0.00640868423,0.04873216,0.455627544,-0.17031604,0.0630280691,-0.638441218,-0.294352861,0.166832156,0.40209843,1,1,0.0472275002,0.209849428,5,0.099045,,-0.0129462903,-0.0715333333,0.11629003,0.110514023,-0.232376201,-0.134029954,0.353759811
1781693876.063355,2026-06-17T18:57:56.063,1781693875.955946,right,base,1,pelvis,200,0.001,-0.018345255,-0.225073818,-0.054373,0.665716539,0.745603284,-0.0298067918,0.00296436811,0.0102561335,0.0613904789,-0.0407638748,0.00217591783,-0.0578948423,-0.0765294278,-0.121405244,1,1,0.0198077284,0.219532608,2,0.043081,,0.0111245465,0.0694540433,-0.0320787743,0.00360793392,-0.0492082705,-0.0704687748,-0.129021464
1781693876.079550,2026-06-17T18:57:56.079,1781693875.989489,left,base,1,pelvis,200,0.001,-0.01378725,0.268915782,-0.08263,-0.696233735,0.716244812,-0.0026918155,0.0473783642,0.455593266,-0.170313695,0.0630699634,-0.638430035,-0.294316214,0.16682697,0.402081281,1,1,0.0449610137,0.226708813,4,0.082012,,0.19307483,-0.104189811,0.102181747,-0.239406099,-0.247160497,0.0121291469,0.345640439
1781693876.079948,2026-06-17T18:57:56.079,1781693875.989283,right,base,1,pelvis,200,0.001,-0.01892807,-0.223347618,-0.0531675,0.662258477,0.748457337,-0.0348876099,0.00285986598,0.0106520719,0.0627479611,-0.0388266309,0.00211293616,-0.0559572182,-0.0718127317,-0.123941925,1,1,0.0203710011,0.224100178,2,0.038418,,0.0110443548,0.0713875137,-0.0299750912,0.00406148217,-0.0471044551,-0.0655782456,-0.132633951
1781693876.096313,2026-06-17T18:57:56.096,1781693876.006135,left,base,1,pelvis,200,0.001,-0.0187703,0.267478482,-0.0751685,-0.696202279,0.716312945,0.00166741156,0.046854791,0.405818619,-0.120539048,0.0630887284,-0.588655388,-0.284048588,0.117052324,0.363401799,1,1,0.0468815084,0.263560946,2,0.062316,,0.330693776,-0.107185277,0.0741276399,-0.469783338,-0.269182608,0.0718297438,0.348994845
1781693876.096687,2026-06-17T18:57:56.096,1781693876.039281,right,base,1,pelvis,200,0.001,-0.01990069,-0.220150418,-0.050222,0.655507187,0.753789931,-0.0459375936,0.000897570012,0.0107957278,0.0647869451,-0.0367749454,0.00256749016,-0.0539052009,-0.0668899282,-0.12771932,1,1,0.0220055943,0.239418493,2,0.03878,,0.0101389575,0.0746058733,-0.0274869634,0.00580990578,-0.0446162199,-0.0598337485,-0.138584224
1781693876.112972,2026-06-17T18:57:56.112,1781693876.039516,left,base,1,pelvis,200,0.001,-0.0278712,0.263264382,-0.0660995,-0.696170213,0.716377976,0.00645348555,0.0459127611,0.355609812,-0.107089226,0.0675799278,-0.538446581,-0.279810702,0.0668435166,0.361361286,1,1,0.0369671997,0.268640863,2,0.0563,,0.298456153,-0.0985657612,0.0762540774,-0.433633781,-0.267189471,0.0232021232,0.350361323
1781693876.113323,2026-06-17T18:57:56.113,1781693876.039281,right,base,1,pelvis,200,0.001,-0.01990069,-0.220150418,-0.050222,0.655507187,0.753789931,-0.0459375936,0.000897570012,0.0108719307,0.0668099859,-0.0346908246,0.00302539113,-0.0518208068,-0.0611161707,-0.133822626,1,1,0.0212277303,0.233237547,2,0.038272,,0.0101437653,0.076311641,-0.0256315897,0.0060186051,-0.0427599361,-0.054115678,-0.143993162
1781693876.129735,2026-06-17T18:57:56.129,1781693876.056143,left,base,1,pelvis,200,0.001,-0.03595095,0.256805482,-0.059723,-0.696635125,0.715967939,0.00928910104,0.0447562869,0.305728592,-0.101185222,0.0683558977,-0.488565361,-0.278551166,0.0288250708,0.359895738,1,1,0.042011225,0.27789734,2,0.050109,,0.262748702,-0.0961108816,0.0758752316,-0.392637343,-0.267303004,-0.0160301823,0.352218196
1781693876.130179,2026-06-17T18:57:56.130,1781693876.039281,right,base,1,pelvis,200,0.001,-0.01990069,-0.220150418,-0.050222,0.655507187,0.753789931,-0.0459375936,0.000897570012,0.0106483984,0.069187471,-0.0324938877,0.00387457503,-0.0496236486,-0.0553698809,-0.139378937,1,1,0.0202530641,0.226887408,2,0.040768,,0.00991206174,0.0782791345,-0.0236713218,0.00655756448,-0.0407985748,-0.0484305325,-0.14883045
1781693876.146448,2026-06-17T18:57:56.146,1781693876.072641,left,base,1,pelvis,200,0.001,-0.04332981,0.250604732,-0.0552615,-0.698050104,0.714674114,0.0113721646,0.0428676631,0.287794726,-0.098428812,0.0693384264,-0.437970316,-0.277137778,-0.0107179188,0.358709662,1,1,0.0416065722,0.277195754,2,0.060641,,0.250787859,-0.0961613749,0.0760546176,-0.350640461,-0.266974263,-0.0515916743,0.352810839
1781693876.146820,2026-06-17T18:57:56.146,1781693876.055952,right,base,1,pelvis,200,0.001,-0.020223125,-0.218310968,-0.047715,-0.65349656,-0.755377086,0.0484531149,1.80675521e-05,0.0104925371,0.0713878469,-0.0303743938,0.00453678159,-0.0475037178,-0.0496566395,-0.144361394,1,1,0.0210532316,0.226757379,2,0.039816,,0.00863883525,0.0808911206,-0.0216134128,0.00892008994,-0.0387389398,-0.0433230458,-0.154158994
1781693876.163193,2026-06-17T18:57:56.163,1781693876.089630,left,base,1,pelvis,200,0.001,-0.046579405,0.250719882,-0.0561535,-0.699679125,0.713174794,0.0126765989,0.0408673405,0.272733614,-0.0981323249,0.0701745509,-0.388031876,-0.275879809,-0.046651555,0.357879337,1,1,0.0380351286,0.274013232,2,0.040621,,0.233090086,-0.0950666937,0.0773197838,-0.298577242,-0.265739888,-0.0867021874,0.351689384
1781693876.163463,2026-06-17T18:57:56.163,1781693876.089306,right,base,1,pelvis,200,0.001,-0.020176835,-0.217151818,-0.0459015,-0.651947016,-0.756631189,0.0497366434,0.000773463442,0.0103152344,0.0734927486,-0.0283269814,0.00537939142,-0.0454556729,-0.0445209629,-0.149826082,1,1,0.0214628782,0.225314985,2,0.027949,,0.00726284733,0.0831352024,-0.0196726624,0.0114455766,-0.0367957224,-0.0387948676,-0.159527561
1781693876.179960,2026-06-17T18:57:56.179,1781693876.089630,left,base,1,pelvis,200,0.001,-0.046579405,0.250719882,-0.0561535,-0.699679125,0.713174794,0.0126765989,0.0408673405,0.252233672,-0.0968256394,0.0709608566,-0.338337338,-0.274688925,-0.082159808,0.357201558,1,1,0.0346825107,0.270014997,2,0.06176,,0.211351533,-0.0933949036,0.0782014485,-0.248832827,-0.264881021,-0.120535666,0.350852388
1781693876.180290,2026-06-17T18:57:56.180,1781693876.105955,right,base,1,pelvis,200,0.001,-0.01976069,-0.217260918,-0.0457775,-0.651448863,-0.757052895,0.0498341103,0.00136202395,0.00980357055,0.0757508501,-0.0262778928,0.00801607346,-0.0434056184,-0.0399640906,-0.155325188,1,1,0.020387478,0.220608643,2,0.037418,,0.00550925306,0.0849249149,-0.0178519065,0.0154260342,-0.0349702202,-0.0346616456,-0.16421142
1781693876.196746,2026-06-17T18:57:56.196,1781693876.122659,left,base,1,pelvis,200,0.001,-0.045970305,0.251997582,-0.0576035,-0.701376866,0.711603826,0.0143308082,0.0385371786,0.227960635,-0.0949188796,0.071849246,-0.287856733,-0.273438678,-0.116409969,0.356431466,1,1,0.0327558113,0.273106087,2,0.059967,,0.182096316,-0.0903153973,0.0796628754,-0.191013003,-0.263478228,-0.156154546,0.350162333
1781693876.197254,2026-06-17T18:57:56.197,1781693876.105955,right,base,1,pelvis,200,0.001,-0.01976069,-0.217260918,-0.0457775,-0.651448863,-0.757052895,0.0498341103,0.00136202395,0.00901912019,0.0780307749,-0.0242385225,0.0121013051,-0.0413648076,-0.0358016688,-0.160137888,1,1,0.0193600927,0.214138343,2,0.041605,,0.00325562464,0.0867650536,-0.0160996819,0.0213564352,-0.0332108526,-0.0313638276,-0.168331234
1781693876.213375,2026-06-17T18:57:56.213,1781693876.139472,left,base,1,pelvis,200,0.001,-0.044121945,0.252080032,-0.057878,-0.702926818,0.710153855,0.0161421678,0.0362604559,0.196426875,-0.091632476,0.0727821646,-0.236742413,-0.272181854,-0.152439044,0.355612093,1,1,0.0333325339,0.282053459,2,0.053132,,0.146365218,-0.0865319579,0.0809324026,-0.131613782,-0.262281106,-0.194415664,0.35033245
1781693876.213763,2026-06-17T18:57:56.213,1781693876.139291,right,base,1,pelvis,200,0.001,-0.019112335,-0.218005918,-0.046444,-0.651602384,-0.75696436,0.0491410293,0.00210951838,0.0079255581,0.080178768,-0.0222486577,0.0181290375,-0.0393724591,-0.0324733475,-0.164384099,1,1,0.0176081039,0.207356777,2,0.037201,,0.000802245981,0.0881255396,-0.0144091361,0.028294369,-0.0315089904,-0.0281202621,-0.171432879
1781693876.230154,2026-06-17T18:57:56.230,1781693876.139472,left,base,1,pelvis,200,0.001,-0.044121945,0.252080032,-0.057878,-0.702926818,0.710153855,0.0161421678,0.0362604559,0.158707738,-0.0876686539,0.0738168045,-0.187230265,-0.270873106,-0.191080223,0.354792622,1,1,0.0391945113,0.293114,2,0.05532,,0.102308514,-0.0816919271,0.0820157404,-0.0652209806,-0.261319357,-0.241081919,0.352071023
1781693876.230581,2026-06-17T18:57:56.230,1781693876.139291,right,base,1,pelvis,200,0.001,-0.019112335,-0.218005918,-0.046444,-0.651602384,-0.75696436,0.0491410293,0.00210951838,0.00650671033,0.0821798536,-0.0203804383,0.0251553659,-0.0375004021,-0.0292012801,-0.167605682,1,1,0.016814953,0.200722801,2,0.051402,,-0.00252680916,0.0896962009,-0.0128354457,0.0375277287,-0.029921519,-0.0257763006,-0.174077167
1781693876.246855,2026-06-17T18:57:56.246,1781693876.156159,left,base,1,pelvis,200,0.001,-0.04621728,0.243677782,-0.0513765,-0.704748419,0.70847122,0.0172043688,0.0331994986,0.112854201,-0.0826662128,0.0749523565,-0.136776125,-0.26950194,-0.238095664,0.35408084,1,1,0.0422939635,0.297205089,3,0.071037,,0.0534846223,-0.0799090756,0.0890641667,0.0248346505,-0.254240983,-0.302931951,0.345763027
1781693876.247200,2026-06-17T18:57:56.247,1781693876.189304,right,base,1,pelvis,200,0.001,-0.01955922,-0.219517068,-0.0477885,-0.652033892,-0.756659421,0.0480609245,0.00291079473,0.00341115016,0.0840177935,-0.0185345798,0.0344710057,-0.0356483274,-0.0268272056,-0.170368605,1,1,0.014780735,0.193518011,2,0.033621,,-0.00374469595,0.0905616882,-0.0111677157,0.0427025035,-0.0282350928,-0.0217498899,-0.175539944
1781693876.263711,2026-06-17T18:57:56.263,1781693876.156159,left,base,1,pelvis,200,0.001,-0.04621728,0.243677782,-0.0513765,-0.704748419,0.70847122,0.0172043688,0.0331994986,0.0632218904,-0.0807266537,0.0796521516,-0.0871438141,-0.262530691,-0.287727974,0.349765209,1,1,0.0430398213,0.294166078,4,0.058189,,0.0465153747,-0.0787586359,0.0991093589,0.0387327459,-0.242684912,-0.333346841,0.324452955
1781693876.264029,2026-06-17T18:57:56.264,1781693876.189304,right,base,1,pelvis,200,0.001,-0.01955922,-0.219517068,-0.0477885,-0.652033892,-0.756659421,0.0480609245,0.00291079473,0.00159662664,0.0857530031,-0.0167930366,0.0397322586,-0.0338983274,-0.0227756903,-0.171946215,1,1,0.014249728,0.187771738,2,0.035129,,-0.00604247139,0.0919317969,-0.00963310819,0.0481402672,-0.0266855255,-0.0179360242,-0.176708521
1781693876.280509,2026-06-17T18:57:56.280,1781693876.156159,left,base,1,pelvis,200,0.001,-0.04621728,0.243677782,-0.0513765,-0.704748419,0.70847122,0.0172043688,0.0331994986,0.0539038874,-0.0794352571,0.0913286624,-0.0366345997,-0.249545118,-0.331048682,0.327807353,1,1,0.045797524,0.302243135,3,0.064007,,0.0835917672,-0.0813209238,0.102910225,-0.0319770728,-0.238112794,-0.32184034,0.303178625
1781693876.280792,2026-06-17T18:57:56.280,1781693876.205972,right,base,1,pelvis,200,0.001,-0.0198389,-0.219714818,-0.0482345,-0.652327482,-0.756434323,0.0475877255,0.00337337411,-0.000470089665,0.0872420858,-0.0150510701,0.0452541914,-0.0321446204,-0.0189366142,-0.173227412,1,1,0.0136483199,0.181693783,2,0.029863,,-0.00682249853,0.0930247566,-0.00804541191,0.0508552466,-0.0250784337,-0.0131093022,-0.177460081
1781693876.297404,2026-06-17T18:57:56.297,1781693876.222922,left,base,1,pelvis,200,0.001,-0.050373395,0.241953482,-0.0491485,-0.711134036,0.702553406,0.0117859321,0.0238366824,0.0772879152,-0.0793097888,0.0965639933,-0.0313365572,-0.243710916,-0.322275047,0.305957675,1,1,0.0440106442,0.30514578,2,0.054066,,0.0592251063,-0.0775165203,0.102823011,0.0264387692,-0.237242943,-0.341392112,0.299261048
1781693876.297711,2026-06-17T18:57:56.297,1781693876.222642,right,base,1,pelvis,200,0.001,-0.01939344,-0.219137918,-0.04809,-0.652899639,-0.756000342,0.0465425173,0.00439753662,-0.00218910148,0.0886888045,-0.0133796949,0.0480550805,-0.0304147618,-0.0140876066,-0.174301292,1,1,0.0137807811,0.175808606,2,0.028099,,-0.00898614236,0.0943259988,-0.00662160721,0.0539642379,-0.0235869482,-0.00857601762,-0.178122359
1781693876.314055,2026-06-17T18:57:56.314,1781693876.222922,left,base,1,pelvis,200,0.001,-0.050373395,0.241953482,-0.0491485,-0.711134036,0.702553406,0.0117859321,0.0238366824,0.0640371906,-0.0779614387,0.0978124305,0.0194079763,-0.24174133,-0.339874194,0.301500303,1,1,0.0355636332,0.285191928,2,0.041792,,0.0853639885,-0.0798567614,0.104018074,-0.00117717051,-0.235661683,-0.322688303,0.285875712
1781693876.314359,2026-06-17T18:57:56.314,1781693876.222642,right,base,1,pelvis,200,0.001,-0.01939344,-0.219137918,-0.04809,-0.652899639,-0.756000342,0.0465425173,0.00439753662,-0.00375495366,0.0900382038,-0.0117196032,0.0512468392,-0.0287540337,-0.00953184777,-0.175284344,1,1,0.0135065367,0.17095967,2,0.034993,,-0.0104800309,0.0954061029,-0.0051208193,0.0567005354,-0.0220816029,-0.00409261866,-0.17880921
1781693876.330968,2026-06-17T18:57:56.330,1781693876.222922,left,base,1,pelvis,200,0.001,-0.050373395,0.241953482,-0.0491485,-0.711134036,0.702553406,0.0117859321,0.0238366824,0.0813373691,-0.0778700947,0.0999653313,-0.000811421659,-0.239238742,-0.322964616,0.287673982,1,1,0.0312316992,0.26939485,2,0.05655,,0.0856177205,-0.0784669617,0.105925543,0.00670677484,-0.233270217,-0.317491053,0.276199716
1781693876.331273,2026-06-17T18:57:56.331,1781693876.239309,right,base,1,pelvis,200,0.001,-0.018879675,-0.218461468,-0.0478275,-0.653278738,-0.755726739,0.0455377002,0.00550493254,-0.00540777951,0.0913547848,-0.0101542475,0.0540621479,-0.0270948784,-0.00502703415,-0.176155766,1,1,0.0139103318,0.16601009,2,0.030206,,-0.0130208072,0.0966414444,-0.0037945608,0.0605509043,-0.0206510773,-0.000157787556,-0.179335375
1781693876.347668,2026-06-17T18:57:56.347,1781693876.289448,left,base,1,pelvis,200,0.001,-0.03172715,0.257535232,-0.0568945,-0.716120699,0.697788602,0.00762008465,0.0142879484,0.0824822947,-0.0783099312,0.102767974,0.00517297405,-0.236057944,-0.317711858,0.277610409,1,1,0.016145517,0.27240307,2,0.048975,,0.0821879235,-0.0728813138,0.110692918,0.00420075014,-0.228164125,-0.300862366,0.256302107
1781693876.347971,2026-06-17T18:57:56.347,1781693876.239309,right,base,1,pelvis,200,0.001,-0.018879675,-0.218461468,-0.0478275,-0.653278738,-0.755726739,0.0455377002,0.00550493254,-0.00810206603,0.0926165241,-0.00858664055,0.0579879294,-0.025510731,-0.00107000673,-0.176982152,1,1,0.0135629866,0.161653298,2,0.033214,,-0.0153910187,0.0976711334,-0.00237031999,0.0638732953,-0.0192051021,0.00369571943,-0.179903074
1781693876.364531,2026-06-17T18:57:56.364,1781693876.289448,left,base,1,pelvis,200,0.001,-0.03172715,0.257535232,-0.0568945,-0.716120699,0.697788602,0.00762008465,0.0142879484,0.083211237,-0.0730964856,0.10826545,0.00441481777,-0.230308018,-0.301045753,0.257401485,1,1,0.0137105324,0.251711955,2,0.04693,,0.0819015765,-0.0684597517,0.115452548,0.00430806792,-0.22314384,-0.285036114,0.238498802
1781693876.364996,2026-06-17T18:57:56.364,1781693876.239309,right,base,1,pelvis,200,0.001,-0.018879675,-0.218461468,-0.0478275,-0.653278738,-0.755726739,0.0455377002,0.00550493254,-0.0106183697,0.0938567304,-0.00711004797,0.0613828925,-0.0239188948,0.00280478627,-0.177707255,1,1,0.01319,0.157549345,2,0.046097,,-0.0175332317,0.0986823564,-0.0010267278,0.0666373219,-0.0177422305,0.00747673941,-0.180383254
1781693876.381334,2026-06-17T18:57:56.381,1781693876.289448,left,base,1,pelvis,200,0.001,-0.03172715,0.257535232,-0.0568945,-0.716120699,0.697788602,0.00762008465,0.0142879484,0.0829527149,-0.0686233295,0.11363536,0.00436073736,-0.224749256,-0.28518307,0.239331576,1,1,0.0117739684,0.232294443,2,0.051318,,0.0812825736,-0.064673928,0.120146175,0.00417839085,-0.218258318,-0.269710745,0.222445109
1781693876.381647,2026-06-17T18:57:56.381,1781693876.305995,right,base,1,pelvis,200,0.001,-0.01909679,-0.217587968,-0.0466545,-0.653409728,-0.75568668,0.0441050503,0.00693629602,-0.012904405,0.0950526072,-0.00562406695,0.0642192526,-0.0223128979,0.00660707975,-0.17839568,1,1,0.0134430491,0.154004642,2,0.03638,,-0.0238385217,0.0999425123,9.92554757e-05,0.0769995966,-0.0164793537,0.00742833494,-0.180729699
1781693876.398180,2026-06-17T18:57:56.398,1781693876.289448,left,base,1,pelvis,200,0.001,-0.03172715,0.257535232,-0.0568945,-0.716120699,0.697788602,0.00762008465,0.0142879484,0.0825252658,-0.064795653,0.118811072,0.00429575544,-0.219438169,-0.269825572,0.223063333,1,1,0.0101697441,0.213851722,2,0.048423,,0.0805430782,-0.0614116075,0.124705623,0.00403381927,-0.213560786,-0.254928958,0.207947533
1781693876.398456,2026-06-17T18:57:56.398,1781693876.322661,right,base,1,pelvis,200,0.001,-0.019557675,-0.217624618,-0.0461665,-0.653260482,-0.755834284,0.0438216223,0.00670401125,-0.019338364,0.0961691456,-0.0042098905,0.0746374387,-0.0209069259,0.00687459367,-0.179007073,1,1,0.0129430854,0.150387623,2,0.028985,,-0.0316587901,0.100907388,0.00129625114,0.090372389,-0.0152730948,0.00574854512,-0.181121027
1781693876.414881,2026-06-17T18:57:56.414,1781693876.323075,left,base,1,pelvis,200,0.001,-0.03431815,0.253828432,-0.05163,-0.715527828,0.698383928,0.00802363005,0.0146778019,0.0814259387,-0.0614991254,0.123755884,0.00411722432,-0.214400304,-0.25501533,0.20839135,1,1,0.00682288643,0.195801641,2,0.056696,,0.0788748945,-0.0599343544,0.128765325,0.00706395703,-0.209404201,-0.243461448,0.197054902
1781693876.415332,2026-06-17T18:57:56.415,1781693876.339330,right,base,1,pelvis,200,0.001,-0.01991377,-0.217949468,-0.0460315,-0.653000018,-0.756075489,0.043653565,0.00593275454,-0.0272816241,0.0973397268,-0.00287309884,0.0880604129,-0.0195333958,0.00654629006,-0.179541469,1,1,0.012297965,0.146781524,2,0.051364,,-0.039337195,0.101820456,0.00250852431,0.103603127,-0.0140070303,0.00485814397,-0.181434332
1781693876.431757,2026-06-17T18:57:56.431,1781693876.323075,left,base,1,pelvis,200,0.001,-0.03431815,0.253828432,-0.05163,-0.715527828,0.698383928,0.00802363005,0.0146778019,0.0797192367,-0.0600184626,0.127856316,0.00662574651,-0.210207892,-0.243547572,0.197482487,1,1,0.0053748465,0.180669366,2,0.073152,,0.0771777008,-0.0585513774,0.132465022,0.0089420943,-0.205620019,-0.232263582,0.187049634
1781693876.432347,2026-06-17T18:57:56.432,1781693876.356003,right,base,1,pelvis,200,0.001,-0.0193973,-0.218863268,-0.051494,-0.652565208,-0.756487419,0.0431208902,0.00510127851,-0.0350798174,0.0984535767,-0.00157139739,0.101340616,-0.0181841394,0.00563329138,-0.180034619,1,1,0.011801429,0.144100842,2,0.044809,,-0.0225556089,0.102167003,0.00494873621,0.0719096983,-0.0115252184,0.0239658428,-0.181610782
1781693876.448349,2026-06-17T18:57:56.448,1781693876.323075,left,base,1,pelvis,200,0.001,-0.03431815,0.253828432,-0.05163,-0.715527828,0.698383928,0.00802363005,0.0146778019,0.0780053687,-0.058634195,0.131573393,0.00851223347,-0.2064085,-0.232351369,0.187471565,1,1,0.00420395363,0.166756901,2,0.052175,,0.0753860739,-0.0572404512,0.135820782,0.0105386881,-0.202185764,-0.221529357,0.177891107
1781693876.448745,2026-06-17T18:57:56.448,1781693876.372665,right,base,1,pelvis,200,0.001,-0.018599695,-0.219945968,-0.059699,-0.652077926,-0.75695673,0.0423164601,0.00449492393,-0.0265952264,0.0995096387,0.000868970816,0.0721842523,-0.0155809369,0.02317182,-0.180473655,1,1,0.013607878,0.141832919,2,0.039869,,0.0202027885,0.102126356,0.00907889761,-0.0169608741,-0.00729474735,0.0672373507,-0.181441311
1781693876.465251,2026-06-17T18:57:56.465,1781693876.356321,left,base,1,pelvis,200,0.001,-0.04785425,0.248340982,-0.024266,-0.709179841,0.703748246,0.0072600579,0.0418288279,0.0761980727,-0.0573220393,0.134945607,0.010116766,-0.202959834,-0.221618636,0.178307516,1,1,0.0284140644,0.104239642,2,0.079676,,0.057928798,-0.0563652487,0.137447586,0.0540326642,-0.200458639,-0.239958605,0.180988106
1781693876.465705,2026-06-17T18:57:56.465,1781693876.372665,right,base,1,pelvis,200,0.001,-0.018599695,-0.219945968,-0.059699,-0.652077926,-0.75695673,0.0423164601,0.00449492393,0.0101844528,0.100317221,0.00210882661,0.0229918237,-0.0143483891,0.0651438573,-0.180819232,1,1,0.0176201174,0.141798976,2,0.042725,,0.0290079504,0.102414585,0.00905669195,-0.0203977032,-0.00737688564,0.0889535575,-0.180822575
1781693876.484281,2026-06-17T18:57:56.484,1781693876.372880,left,base,1,pelvis,200,0.001,-0.062166895,0.246166182,0.0100405,-0.699259333,0.710006307,0.00636909555,0.0829871286,0.0587296245,-0.0564454567,0.136589491,0.0536064573,-0.201217687,-0.239735845,0.180474855,1,1,0.0460338379,0.433001228,217,2.462482,,0.472722648,-0.248647256,0.2486995,-0.619149061,-0.103650687,-0.320990519,0.220522609
1781693876.484982,2026-06-17T18:57:56.484,1781693876.389333,right,base,1,pelvis,200,0.001,-0.017677105,-0.221163568,-0.068981,-0.65174984,-0.757293011,0.0413712748,0.00422599762,0.0213982507,0.100756471,0.00380112711,-0.0196407907,-0.012635798,0.0873097332,-0.18097027,1,1,0.0220307185,0.140463972,2,0.049935,,-0.0177309302,0.102074543,0.00788989948,0.0467987016,-0.00855748718,0.0595605272,-0.179188084
1781693876.502712,2026-06-17T18:57:56.502,1781693876.406192,left,base,1,pelvis,200,0.001,-0.058555745,0.247514582,0.0048995,-0.678811486,0.724050389,0.0349632984,0.117232964,0.0584446698,-0.0564169166,0.136894823,0.0537581127,-0.200947598,-0.239815109,0.180657483,1,1,0.0591161694,0.113188163,400,4.068343,using best approximate IK outside the usable position/orientation threshold,0.0584446698,-0.0564169166,0.136894823,0.0537581127,-0.200947598,-0.239815109,0.180657483
1781693876.503121,2026-06-17T18:57:56.503,1781693876.389333,right,base,1,pelvis,200,0.001,-0.017677105,-0.221163568,-0.068981,-0.65174984,-0.757293011,0.0413712748,0.00422599762,-0.0119526403,0.101240882,0.0053365205,0.0380703337,-0.0110994266,0.0605081083,-0.180927122,1,1,0.0218904095,0.134774154,2,0.026821,,0.0498543488,0.102215171,0.0141792594,-0.0780514255,-0.00223041485,0.115071137,-0.180293405
1781693876.515419,2026-06-17T18:57:56.515,1781693876.422854,left,base,1,pelvis,200,0.001,-0.031460995,0.252278882,-0.0546365,-0.659578572,0.738017643,0.0856491392,0.113799342,0.0582525334,-0.0563976729,0.1371007,0.0538159336,-0.200765485,-0.239868554,0.180780623,1,1,0.00617449546,0.194682311,2,0.047543,,0.0761226953,-0.063467076,0.133686317,0.0145049854,-0.203788025,-0.210229026,0.195906843
1781693876.515693,2026-06-17T18:57:56.515,1781693876.405994,right,base,1,pelvis,200,0.001,-0.01782508,-0.222164668,-0.0706205,-0.652023413,-0.757085779,0.0408756145,0.00397197381,0.0341907199,0.101487878,0.00609302991,-0.0164149873,-0.0103463065,0.11156831,-0.180411884,1,1,0.0285502273,0.142609787,2,0.029174,,-0.00582006555,0.101959856,0.0100235083,0.0444828861,-0.00642184336,0.0869133878,-0.177793971
1781693876.532413,2026-06-17T18:57:56.532,1781693876.422854,left,base,1,pelvis,200,0.001,-0.031460995,0.252278882,-0.0546365,-0.659578572,0.738017643,0.0856491392,0.113799342,0.0753310175,-0.0624855405,0.134420042,0.0162921872,-0.202961084,-0.21031459,0.195419066,1,1,0.00610721785,0.178713108,2,0.067702,,0.0805087991,-0.067455912,0.131437655,0.00116353218,-0.205834841,-0.192501299,0.211196545
1781693876.532835,2026-06-17T18:57:56.532,1781693876.422664,right,base,1,pelvis,200,0.001,-0.018690665,-0.223288418,-0.066328,-0.652918709,-0.756338388,0.0404474898,0.0036610398,0.00893824131,0.101601889,0.00736064027,0.0211087591,-0.00907404626,0.0891995239,-0.180393311,1,1,0.0225286717,0.134326604,2,0.04088,,0.0392189385,0.101656931,0.0145157159,-0.0427375274,-0.0019041394,0.120054996,-0.178345963
1781693876.549007,2026-06-17T18:57:56.549,1781693876.422854,left,base,1,pelvis,200,0.001,-0.031460995,0.252278882,-0.0546365,-0.659578572,0.738017643,0.0856491392,0.113799342,0.0797315968,-0.0664927158,0.132157472,0.00123361324,-0.205023706,-0.19258997,0.210714278,1,1,0.00601699998,0.164540232,2,0.057802,,0.0773455395,-0.070173191,0.129548821,0.00111732752,-0.207621806,-0.182516768,0.226521478
1781693876.549387,2026-06-17T18:57:56.549,1781693876.456000,right,base,1,pelvis,200,0.001,-0.01952269,-0.224383668,-0.0593985,-0.654003799,-0.755434037,0.0398548061,0.0031688305,0.0274513216,0.101677799,0.00792532084,-0.0306006544,-0.00851162731,0.117392804,-0.179842102,1,1,0.0134974101,0.131913142,2,0.033593,,-0.0031709342,0.10203235,0.0119691127,0.0207623826,-0.00449595537,0.0939171942,-0.177220995
1781693876.565842,2026-06-17T18:57:56.565,1781693876.422854,left,base,1,pelvis,200,0.001,-0.031460995,0.252278882,-0.0546365,-0.659578572,0.738017643,0.0856491392,0.113799342,0.0780659313,-0.069227726,0.13025535,0.00118607825,-0.206825737,-0.182606392,0.226044381,1,1,0.00628951147,0.150932385,2,0.059277,,0.0758853113,-0.072741249,0.127871389,0.000956039087,-0.209200115,-0.173214092,0.240578255
1781693876.566453,2026-06-17T18:57:56.566,1781693876.472665,right,base,1,pelvis,200,0.001,-0.01983001,-0.225306618,-0.0541185,-0.654809538,-0.754776795,0.0391133089,0.00257059452,0.00591426523,0.10167325,0.00936192924,0.0161411439,-0.00707129292,0.0953030912,-0.179515966,1,1,0.0109715237,0.127255021,2,0.046213,,0.0115810309,0.101794113,0.0149345736,0.000201856587,-0.00147960937,0.102603739,-0.177181848
1781693876.582493,2026-06-17T18:57:56.582,1781693876.489539,left,base,1,pelvis,200,0.001,-0.02439596,0.253560632,-0.069463,-0.651966912,0.740915278,0.102902153,0.12407596,0.0765919334,-0.0718136863,0.128564477,0.0010234814,-0.208419271,-0.173304378,0.24010687,1,1,0.0220012674,0.17760537,2,0.055299,,0.072549454,-0.0756983233,0.125858116,-0.00190858901,-0.211116619,-0.15880516,0.256483739
1781693876.582875,2026-06-17T18:57:56.582,1781693876.506003,right,base,1,pelvis,200,0.001,-0.019963765,-0.222456818,-0.0574065,-0.654561882,-0.75510683,0.0367930957,0.0029473374,0.00465501985,0.101759415,0.00998751891,0.000844124219,-0.00645334463,0.101064551,-0.178965291,1,1,0.0104625582,0.125882993,2,0.039463,,0.00497906345,0.10284245,0.0152513046,-0.00113582568,-0.00118835186,0.100359749,-0.177178095
1781693876.599259,2026-06-17T18:57:56.599,1781693876.506191,left,base,1,pelvis,200,0.001,-0.04543072,0.250128832,-0.0214225,-0.656394433,0.736061433,0.0726078399,0.14862038,0.0732436259,-0.0747874667,0.12653867,-0.00184168454,-0.210349985,-0.158897427,0.256017164,1,1,0.0287096552,0.139550174,2,0.055514,,0.0837114943,-0.0800795473,0.123392243,-0.00962707726,-0.21350508,-0.160961218,0.272714094
1781693876.599981,2026-06-17T18:57:56.599,1781693876.522670,right,base,1,pelvis,200,0.001,-0.01984922,-0.221154918,-0.0598525,-0.655102243,-0.754716976,0.0349888856,0.00437213608,0.00637790201,0.101768047,0.0112181251,-0.000650841182,-0.00521610148,0.10113911,-0.17852165,1,1,0.0131445501,0.123924701,2,0.047086,,0.00510469822,0.103110804,0.0162594754,-0.000131593392,-0.000175417848,0.0994304989,-0.176644932
1781693876.616027,2026-06-17T18:57:56.616,1781693876.522857,left,base,1,pelvis,200,0.001,-0.08352011,0.243926132,0.0650395,-0.666779161,0.720949906,0.0188971685,0.187828857,0.0829916876,-0.0791853145,0.124060174,-0.00955954113,-0.212752763,-0.160790651,0.272252532,1,1,0.0469672905,0.12740367,5,0.103733,,0.723697233,-0.175602255,0.0803786947,-1.03220824,-0.254799029,0.173910344,0.233078196
1781693876.616385,2026-06-17T18:57:56.616,1781693876.522670,right,base,1,pelvis,200,0.001,-0.01984922,-0.221154918,-0.0598525,-0.655102243,-0.754716976,0.0349888856,0.00437213608,0.00599075017,0.102065405,0.0124901149,-0.000785068706,-0.00392270307,0.0999954068,-0.178149799,1,1,0.012920059,0.121210224,2,0.045821,,0.00470874411,0.103353716,0.0174275281,4.18734536e-05,0.00101390069,0.0981199469,-0.17627541
1781693876.632781,2026-06-17T18:57:56.632,1781693876.556345,left,base,1,pelvis,200,0.001,-0.09545339,0.242256632,0.090896,-0.667731864,0.717502508,0.00123694006,0.198299718,0.0832150996,-0.0794628645,0.123852863,-0.00958050284,-0.212986265,-0.160843591,0.272395791,1,1,0.0469545144,0.136307465,6,0.092625,,0.860884173,-0.195603118,0.0608360991,-1.20198455,-0.26811042,0.18501513,0.228829327
1781693876.633093,2026-06-17T18:57:56.633,1781693876.556016,right,base,1,pelvis,200,0.001,-0.01907205,-0.223979018,-0.0603155,-0.657519302,-0.752649546,0.0336133078,0.00756136933,0.0057346338,0.102367581,0.0144366935,-0.000596179414,-0.001959448,0.0985693881,-0.177714812,1,1,0.0125848865,0.11303883,2,0.033787,,0.00443891555,0.102354911,0.0190244343,-8.87857774e-05,0.00262768372,0.0972571078,-0.174103499
1781693876.649568,2026-06-17T18:57:56.649,1781693876.556345,left,base,1,pelvis,200,0.001,-0.09545339,0.242256632,0.090896,-0.667731864,0.717502508,0.00123694006,0.198299718,0.0833852163,-0.0796742044,0.123695006,-0.0095964641,-0.213164065,-0.160883903,0.272504875,1,1,0.0469508898,0.136331662,6,0.080731,,0.860820631,-0.195563358,0.0607317795,-1.20174797,-0.268253985,0.184924186,0.228788266
1781693876.649900,2026-06-17T18:57:56.649,1781693876.572689,right,base,1,pelvis,200,0.001,-0.01882207,-0.225673568,-0.062764,-0.657967304,-0.752259824,0.033431797,0.00815470891,0.00541679428,0.102590879,0.0161127068,-0.00039849888,-0.000267047526,0.097695307,-0.175550432,1,1,0.0145475073,0.108565543,2,0.029,,0.00428646196,0.101707296,0.0205644361,-0.00013389244,0.0041844225,0.0965357145,-0.171166825
1781693876.666338,2026-06-17T18:57:56.666,1781693876.573032,left,base,1,pelvis,200,0.001,-0.09589661,0.242648982,0.0898115,-0.664195403,0.720872891,0.0013204694,0.197952009,0.0835086012,-0.0798274885,0.123580514,-0.00960804074,-0.213293023,-0.16091314,0.272583993,1,1,0.0466811016,0.137186615,6,0.075837,,0.858220647,-0.193754045,0.0598796505,-1.19618453,-0.26959622,0.182862426,0.228828627
1781693876.666560,2026-06-17T18:57:56.666,1781693876.572689,right,base,1,pelvis,200,0.001,-0.01882207,-0.225673568,-0.062764,-0.657967304,-0.752259824,0.033431797,0.00815470891,0.00511179086,0.101937542,0.0177298247,-0.000301898399,0.00136633127,0.0969628019,-0.172577626,1,1,0.0144099831,0.105127199,2,0.024887,,0.00418544252,0.101142868,0.0220560499,-0.000249119089,0.00569242452,0.0958643764,-0.168475391
1781693876.683093,2026-06-17T18:57:56.683,1781693876.623112,left,base,1,pelvis,200,0.001,-0.05702402,0.241568882,0.0170005,-0.65979833,0.728535709,0.0291644496,0.181800216,0.0835929839,-0.0799323191,0.123502212,-0.00961595798,-0.213381217,-0.160933136,0.272638102,1,1,0.0446579202,0.142957485,3,0.05302,,0.420658384,-0.132626222,0.106143456,-0.587681732,-0.231246614,0.0578862477,0.251495532
1781693876.683319,2026-06-17T18:57:56.683,1781693876.639355,right,base,1,pelvis,200,0.001,-0.018937465,-0.225879418,-0.0613785,-0.660110323,-0.750342833,0.034139221,0.00863181595,0.00485625545,0.101367542,0.0192953924,-0.000249880989,0.0029478315,0.0962807597,-0.169851299,1,1,0.0129139709,0.0965164768,2,0.025107,,0.00408426094,0.10063809,0.0232602092,-0.000332941678,0.00691257912,0.095290501,-0.166045536
1781693876.699998,2026-06-17T18:57:56.699,1781693876.623112,left,base,1,pelvis,200,0.001,-0.05702402,0.241568882,0.0170005,-0.65979833,0.728535709,0.0291644496,0.181800216,0.0836482656,-0.0800009968,0.123450915,-0.00962114481,-0.213438996,-0.160946235,0.27267355,1,1,0.0446438201,0.142969511,3,0.068828,,0.420685173,-0.132652224,0.106094036,-0.587659191,-0.231302811,0.0578700849,0.251499432
1781693876.700222,2026-06-17T18:57:56.700,1781693876.639355,right,base,1,pelvis,200,0.001,-0.018937465,-0.225879418,-0.0613785,-0.660110323,-0.750342833,0.034139221,0.00863181595,0.00464757877,0.100857279,0.0205717344,-0.000249643977,0.00423972684,0.095696372,-0.167387217,1,1,0.0128039301,0.0937643719,2,0.027356,,0.00394045785,0.100192977,0.0244329607,-0.000319094164,0.00810090144,0.0946750945,-0.163807274
1781693876.716725,2026-06-17T18:57:56.716,1781693876.623112,left,base,1,pelvis,200,0.001,-0.05702402,0.241568882,0.0170005,-0.65979833,0.728535709,0.0291644496,0.181800216,0.083681861,-0.0800427331,0.123419741,-0.0096242969,-0.213474108,-0.160954196,0.272695093,1,1,0.0446352622,0.142976853,3,0.082747,,0.420701435,-0.132668025,0.106064004,-0.587645463,-0.231336961,0.0578602478,0.251501806
1781693876.717119,2026-06-17T18:57:56.717,1781693876.639355,right,base,1,pelvis,200,0.001,-0.018937465,-0.225879418,-0.0613785,-0.660110323,-0.750342833,0.034139221,0.00863181595,0.00447086057,0.100406741,0.021814998,-0.000275775263,0.00549813077,0.0950707283,-0.165115303,1,1,0.0122384067,0.0751917339,2,0.054673,,0.00244377827,0.098583129,0.0330921829,-0.000274381306,0.0167751478,0.0918584504,-0.154994501
1781693876.733439,2026-06-17T18:57:56.733,1781693876.689641,left,base,1,pelvis,200,0.001,-0.020622295,0.246134632,-0.0484135,-0.676619025,0.716295041,0.0362705549,0.166710994,0.0836998516,-0.0800650833,0.123403046,-0.00962598488,-0.213492911,-0.160958459,0.272706629,1,1,0.012817808,0.125401643,2,0.051326,,0.0794017947,-0.0848965377,0.122722294,-0.00814791488,-0.214197174,-0.164249298,0.286307238
1781693876.733822,2026-06-17T18:57:56.733,1781693876.672699,right,base,1,pelvis,200,0.001,-0.020095245,-0.225170518,-0.061512,-0.659422099,-0.750861355,0.0361886902,0.00775239619,0.00430422382,0.098792688,0.0305357376,-0.000289384772,0.0142334784,0.0922461531,-0.156275856,1,1,0.0122343087,0.0612232304,2,0.038268,,0.00376964009,0.098729996,0.0398568781,0.000152770804,0.0235547673,0.0881642346,-0.150744265
1781693876.750175,2026-06-17T18:57:56.750,1781693876.689641,left,base,1,pelvis,200,0.001,-0.020622295,0.246134632,-0.0484135,-0.676619025,0.716295041,0.0362705549,0.166710994,0.0799857051,-0.0841264423,0.123296873,-0.00844774425,-0.213550018,-0.164101898,0.285907357,1,1,0.010724449,0.115348085,2,0.070272,,0.0763644392,-0.0883639023,0.122583322,-0.00674694213,-0.214281859,-0.167844473,0.298293075
1781693876.750605,2026-06-17T18:57:56.750,1781693876.689366,right,base,1,pelvis,200,0.001,-0.021753,-0.224803018,-0.0669295,-0.656812282,-0.75305185,0.0383455471,0.00633692432,0.0037269157,0.0987276605,0.0373607933,-0.000284729101,0.0210730619,0.0885451368,-0.151996124,1,1,0.0175399869,0.0540790302,2,0.052762,,0.00533368873,0.0987567059,0.0458904335,0.00127121987,0.0296033598,0.0826127709,-0.14883414
1781693876.766940,2026-06-17T18:57:56.766,1781693876.689641,left,base,1,pelvis,200,0.001,-0.020622295,0.246134632,-0.0484135,-0.676619025,0.716295041,0.0362705549,0.166710994,0.0769383037,-0.0876071699,0.123115718,-0.00704157951,-0.213754054,-0.167699011,0.297897979,1,1,0.00908221658,0.106125577,2,0.062866,,0.0739969539,-0.0913649791,0.122378344,-0.00543751833,-0.214504593,-0.171610595,0.309173591
1781693876.767349,2026-06-17T18:57:56.767,1781693876.706030,right,base,1,pelvis,200,0.001,-0.024423735,-0.226286068,-0.077172,-0.654584675,-0.754930029,0.0396714703,0.00507237875,0.00374027236,0.0987283906,0.043454035,6.73457731e-05,0.027180954,0.0829885434,-0.150055106,1,1,0.0275801711,0.0483616834,2,0.038059,,0.0107920615,0.09616225,0.051554325,-0.00174400142,0.0352815403,0.0761703726,-0.145843227
1781693876.783584,2026-06-17T18:57:56.783,1781693876.689641,left,base,1,pelvis,200,0.001,-0.020622295,0.246134632,-0.0484135,-0.676619025,0.716295041,0.0362705549,0.166710994,0.0745608442,-0.0906214244,0.122932189,-0.00572705416,-0.21392061,-0.171467004,0.308783441,1,1,0.00782159029,0.0976609183,2,0.053927,,0.0722382287,-0.0939850749,0.122171881,-0.00436179871,-0.214689833,-0.175376455,0.319052351
1781693876.783966,2026-06-17T18:57:56.783,1781693876.706030,right,base,1,pelvis,200,0.001,-0.024423735,-0.226286068,-0.077172,-0.654584675,-0.754930029,0.0396714703,0.00507237875,0.00844760755,0.0963579882,0.0491757502,-0.00152490384,0.0329165869,0.0765418883,-0.147035343,1,1,0.0275192703,0.0400825483,2,0.0416,,0.000850447692,0.0958154469,0.0551826044,0.019534093,0.038928486,0.0622758618,-0.144796897
1781693876.800408,2026-06-17T18:57:56.800,1781693876.706345,left,base,1,pelvis,200,0.001,-0.04713502,0.251739482,-0.001735,-0.687354018,0.705277322,0.0114092236,0.173199833,0.0727923188,-0.0932543814,0.122715791,-0.00464633777,-0.214103677,-0.175234684,0.318667216,1,1,0.0467109528,0.113268525,2,0.058911,,0.102731761,-0.0974035847,0.121685725,-0.0412734419,-0.215145532,-0.177775079,0.322230333
1781693876.801128,2026-06-17T18:57:56.801,1781693876.706030,right,base,1,pelvis,200,0.001,-0.024423735,-0.226286068,-0.077172,-0.654584675,-0.754930029,0.0396714703,0.00507237875,0.00312595581,0.0960065047,0.0528613821,0.018375976,0.0366205245,0.0626492928,-0.145959639,1,1,0.031180622,0.0339650443,2,0.050935,,0.143967983,0.0880147418,0.0651962655,-0.237073264,0.0489042802,0.176687485,-0.139816158
1781693876.817096,2026-06-17T18:57:56.817,1781693876.722919,left,base,1,pelvis,200,0.001,-0.05394349,0.253297732,0.004031,-0.682734702,0.711915341,0.018931217,0.16337528,0.102152852,-0.0966856536,0.122219723,-0.0412131494,-0.214544125,-0.177635436,0.321851649,1,1,0.0460745761,0.0782343075,2,0.05949,,0.269606753,-0.117266065,0.116286954,-0.32772763,-0.220600567,-0.0679617793,0.299712492
1781693876.817479,2026-06-17T18:57:56.817,1781693876.739366,right,base,1,pelvis,200,0.001,-0.025300035,-0.227030668,-0.0764355,-0.655219946,-0.754435179,0.0385590641,0.00525184021,0.0547016165,0.0907673896,0.0536013994,-0.0331996847,0.0373563141,0.114224954,-0.145588951,1,1,0.0459615053,0.0848315374,3,0.051947,,-0.0894349017,0.0989877493,0.0543634278,0.100896754,0.0380471304,-0.0100120816,-0.148485923
1781693876.833854,2026-06-17T18:57:56.833,1781693876.773156,left,base,1,pelvis,200,0.001,-0.043497695,0.254784582,-0.0221915,-0.655846591,0.740299164,0.0453472399,0.140591695,0.151116398,-0.102939337,0.122053968,-0.0901766961,-0.214730804,-0.12867189,0.304757604,1,1,0.0196562111,0.0913142019,2,0.051253,,0.249151701,-0.114108755,0.115584736,-0.269938968,-0.221461743,-0.0523925234,0.291606269
1781693876.834700,2026-06-17T18:57:56.834,1781693876.772714,right,base,1,pelvis,200,0.001,-0.027117055,-0.226605568,-0.0671165,-0.655962551,-0.753886994,0.0362087321,0.00751399615,0.00573806976,0.0903828562,0.0552211541,0.0157638621,0.0389695171,0.0652614068,-0.144782516,1,1,0.0186379145,0.031606514,2,0.050184,,0.0860631855,0.089602192,0.0633492326,-0.12553036,0.0471000724,0.124620159,-0.141737148
1781693876.850554,2026-06-17T18:57:56.850,1781693876.773156,left,base,1,pelvis,200,0.001,-0.043497695,0.254784582,-0.0221915,-0.655846591,0.740299164,0.0453472399,0.140591695,0.203179863,-0.104980112,0.121232484,-0.142240161,-0.215566924,-0.0766084244,0.295960338,1,1,0.0261845773,0.122316228,2,0.066411,,0.283417423,-0.114856651,0.115019572,-0.300979948,-0.222080521,-0.0075784344,0.284583753
1781693876.850935,2026-06-17T18:57:56.850,1781693876.772714,right,base,1,pelvis,200,0.001,-0.027117055,-0.226605568,-0.0671165,-0.655962551,-0.753886994,0.0362087321,0.00751399615,0.044481659,0.0914917596,0.0551106198,-0.036299603,0.0388506501,0.115300374,-0.14525977,1,1,0.0228022044,0.0468804964,2,0.038793,,-0.123917016,0.101841553,0.0521130424,0.258380971,0.0358745051,-0.0220230396,-0.147705285
1781693876.867316,2026-06-17T18:57:56.867,1781693876.773156,left,base,1,pelvis,200,0.001,-0.043497695,0.254784582,-0.0221915,-0.655846591,0.740299164,0.0453472399,0.140591695,0.251498249,-0.106271894,0.120433278,-0.190558547,-0.216401092,-0.0282900383,0.288342217,1,1,0.0373209145,0.158888431,2,0.052708,,0.307952725,-0.114167434,0.114875867,-0.316521162,-0.222240424,0.0281854923,0.280036258
1781693876.867634,2026-06-17T18:57:56.867,1781693876.772714,right,base,1,pelvis,200,0.001,-0.027117055,-0.226605568,-0.0671165,-0.655962551,-0.753886994,0.0362087321,0.00751399615,-0.00383672704,0.0912549811,0.0561429867,0.012018783,0.0398843715,0.0669819882,-0.144818356,1,1,0.0183998491,0.0293007177,2,0.028386,,0.0657714711,0.0909574591,0.0634622469,-0.0948197782,0.0472051938,0.105373953,-0.142501754
1781693876.884038,2026-06-17T18:57:56.884,1781693876.773156,left,base,1,pelvis,200,0.001,-0.043497695,0.254784582,-0.0221915,-0.655846591,0.740299164,0.0453472399,0.140591695,0.300268895,-0.107574421,0.119611881,-0.240565652,-0.217262807,0.0217170666,0.283235746,1,1,0.0497889243,0.19870679,2,0.057213,,0.332973269,-0.113574203,0.114779536,-0.333684347,-0.222298111,0.0655318651,0.277951367
1781693876.884477,2026-06-17T18:57:56.884,1781693876.822708,right,base,1,pelvis,200,0.001,-0.032402965,-0.228882968,-0.0540355,-0.653730073,-0.755673519,0.0369478642,0.0151452989,0.0171667681,0.0924831693,0.0556754576,-0.0379883218,0.0394191717,0.0947302038,-0.145153279,1,1,0.00855837546,0.0394004657,2,0.041047,,-0.00327108945,0.0944167938,0.0597897372,0.0360443406,0.0434331942,0.0452720167,-0.141486631
1781693876.900828,2026-06-17T18:57:56.900,1781693876.773156,left,base,1,pelvis,200,0.001,-0.043497695,0.254784582,-0.0221915,-0.655846591,0.740299164,0.0453472399,0.140591695,0.326452882,-0.108617522,0.118862581,-0.291186446,-0.218050331,0.064309346,0.280649007,1,1,0.0404967585,0.196330522,3,0.072925,,0.357704775,-0.117168709,0.110527928,-0.408242604,-0.226578808,0.116262881,0.277069696
1781693876.901365,2026-06-17T18:57:56.901,1781693876.839378,right,base,1,pelvis,200,0.001,-0.03011986,-0.236696418,-0.0609105,-0.650121217,-0.758569862,0.0398963374,0.0179568719,0.0230910265,0.0922972058,0.0566245623,0.0126324725,0.0403681829,0.0523669826,-0.144830094,1,1,0.0111693147,0.0416379918,2,0.041285,,0.0551386793,0.080999466,0.0643899463,-0.0540278161,0.048139904,0.0889465602,-0.128100571
1781693876.917473,2026-06-17T18:57:56.917,1781693876.773156,left,base,1,pelvis,200,0.001,-0.043497695,0.254784582,-0.0221915,-0.655846591,0.740299164,0.0453472399,0.140591695,0.35223083,-0.110895743,0.115187604,-0.34197318,-0.221332894,0.11509608,0.279318138,1,1,0.0414117429,0.215055766,3,0.06347,,0.365061023,-0.117760943,0.107781255,-0.42648201,-0.228637157,0.149372146,0.278599448
1781693876.917860,2026-06-17T18:57:56.917,1781693876.839378,right,base,1,pelvis,200,0.001,-0.03011986,-0.236696418,-0.0609105,-0.650121217,-0.758569862,0.0398963374,0.0179568719,0.0197376119,0.0842474778,0.057027191,-0.0381542612,0.0407580702,0.0810033417,-0.144404786,1,1,0.0134690469,0.0525666614,2,0.037725,,-0.064291103,0.0856207298,0.0593024143,0.145219964,0.0429552456,-0.010039105,-0.136754105
1781693876.934220,2026-06-17T18:57:56.934,1781693876.872931,left,base,1,pelvis,200,0.001,-0.07155014,0.261981332,0.009953,-0.658069127,0.718246684,0.0163604324,0.225386473,0.360516608,-0.112564479,0.111644607,-0.39133584,-0.224289242,0.148408011,0.278931977,1,1,0.0374401601,0.387091408,2,0.047419,,0.435961976,-0.122363782,0.104362548,-0.532028167,-0.231841191,0.180602912,0.275893889
1781693876.934546,2026-06-17T18:57:56.934,1781693876.856052,right,base,1,pelvis,200,0.001,-0.025473565,-0.245605918,-0.069086,-0.646630063,-0.761416933,0.0415246004,0.0197363387,-0.0296250475,0.0838285619,0.0579768106,0.0112083983,0.0417101505,0.0316406823,-0.142301932,1,1,0.031187289,0.101043976,2,0.034974,,-0.00243530012,0.0782658196,0.0612316298,-0.0206800283,0.0449657026,0.043228134,-0.135135026
1781693876.951071,2026-06-17T18:57:56.951,1781693876.872931,left,base,1,pelvis,200,0.001,-0.07155014,0.261981332,0.009953,-0.658069127,0.718246684,0.0163604324,0.225386473,0.410370649,-0.118110721,0.107524516,-0.44118988,-0.228283389,0.179778049,0.277417521,1,1,0.0423875657,0.414216822,2,0.056021,,0.462784722,-0.125093218,0.101493872,-0.548900989,-0.234548039,0.199861201,0.276753381
1781693876.951342,2026-06-17T18:57:56.951,1781693876.856052,right,base,1,pelvis,200,0.001,-0.025473565,-0.245605918,-0.069086,-0.646630063,-0.761416933,0.0415246004,0.0197363387,-0.02979826,0.0807368627,0.0581571534,-0.0179248505,0.0418795404,0.0376994412,-0.141547173,1,1,0.0387616321,0.120043215,2,0.027871,,-0.0482214773,0.0785935452,0.0594286111,0.0405311803,0.0431477538,0.00642445872,-0.136735199
1781693876.967852,2026-06-17T18:57:56.967,1781693876.872931,left,base,1,pelvis,200,0.001,-0.07155014,0.261981332,0.009953,-0.658069127,0.718246684,0.0163604324,0.225386473,0.459695569,-0.121659982,0.104047132,-0.49153387,-0.231675642,0.199177553,0.277122895,1,1,0.0482749525,0.429609265,2,0.058989,,0.492922807,-0.126814063,0.0991608405,-0.572273095,-0.23677094,0.210294381,0.278616188
1781693876.968277,2026-06-17T18:57:56.968,1781693876.889380,right,base,1,pelvis,200,0.001,-0.020799505,-0.256015918,-0.073082,-0.641572664,-0.765521165,0.0435588674,0.0215519561,-0.0258876507,0.0803837107,0.0585965458,0.0284116976,0.0423206029,0.0107452745,-0.140630774,1,1,0.030041373,0.111120395,2,0.039292,,0.0301061554,0.0696234581,0.0635009697,-0.0642521254,0.0472138828,0.0544648748,-0.128653281
1781693876.984592,2026-06-17T18:57:56.984,1781693876.872931,left,base,1,pelvis,200,0.001,-0.07155014,0.261981332,0.009953,-0.658069127,0.718246684,0.0163604324,0.225386473,0.490441305,-0.124080179,0.101194797,-0.542436475,-0.234483059,0.209742364,0.277218853,1,1,0.0465103771,0.419995259,2,0.057949,,0.514808564,-0.128494991,0.0968988137,-0.606818646,-0.238961423,0.21433204,0.280280164
1781693876.985007,2026-06-17T18:57:56.985,1781693876.889380,right,base,1,pelvis,200,0.001,-0.020799505,-0.256015918,-0.073082,-0.641572664,-0.765521165,0.0435588674,0.0215519561,0.00996087431,0.0714834443,0.0587221246,-0.0224909074,0.04244544,0.0503612149,-0.138949466,1,1,0.0256327889,0.0973355636,2,0.044677,,-0.0308358073,0.0678313103,0.0599477238,0.0569789313,0.0436721051,0.0167963431,-0.131111312
1781693877.001387,2026-06-17T18:57:57.001,1781693876.872931,left,base,1,pelvis,200,0.001,-0.07155014,0.261981332,0.009953,-0.658069127,0.718246684,0.0163604324,0.225386473,0.512849137,-0.126349578,0.0984955588,-0.59256875,-0.237165546,0.213896653,0.279183129,1,1,0.0408332426,0.397484811,2,0.052019,,0.532842338,-0.130428055,0.0945220546,-0.645113696,-0.241273201,0.213085026,0.283431945
1781693877.001658,2026-06-17T18:57:57.001,1781693876.922713,right,base,1,pelvis,200,0.001,-0.019833945,-0.254039368,-0.069402,-0.639130912,-0.767452818,0.0443523235,0.0236795402,-0.0138265115,0.0694121555,0.0594670838,0.0276413672,0.0431887777,0.0198305998,-0.137344425,1,1,0.0205589719,0.104992141,2,0.028235,,0.0294378206,0.0624030374,0.0638330174,-0.0482328691,0.0475655537,0.0583654053,-0.127851333
1781693877.018054,2026-06-17T18:57:57.018,1781693876.872931,left,base,1,pelvis,200,0.001,-0.07155014,0.261981332,0.009953,-0.658069127,0.718246684,0.0163604324,0.225386473,0.531322007,-0.128771566,0.0957553422,-0.642482871,-0.239886274,0.213225451,0.282583927,1,1,0.0330472962,0.367053768,2,0.040981,,0.548987576,-0.132638355,0.0919895775,-0.684993874,-0.243725148,0.20744735,0.287826737
1781693877.018352,2026-06-17T18:57:57.018,1781693876.939382,right,base,1,pelvis,200,0.001,-0.017343405,-0.251570868,-0.068215,-0.636431106,-0.76956598,0.0450018319,0.0264288824,0.0152055554,0.0637538425,0.0595453563,-0.0222727544,0.0432674878,0.0554458694,-0.135131169,1,1,0.0172787147,0.106236973,2,0.026649,,-0.019154326,0.0629666948,0.0615854826,0.0400933339,0.0452897151,0.0327552088,-0.129355931
1781693877.034956,2026-06-17T18:57:57.034,1781693876.939567,left,base,1,pelvis,200,0.001,-0.0776349,0.266495182,0.0187695,-0.668410774,0.693284699,-0.00929853487,0.269252483,0.547830605,-0.131383098,0.0929244476,-0.68466643,-0.242673952,0.207555651,0.287182993,1,1,0.0275760611,0.436724649,2,0.073349,,0.576237869,-0.135315776,0.0901688576,-0.734790498,-0.245476458,0.192403198,0.293254659
1781693877.035532,2026-06-17T18:57:57.035,1781693876.939382,right,base,1,pelvis,200,0.001,-0.017343405,-0.251570868,-0.068215,-0.636431106,-0.76956598,0.0450018319,0.0264288824,-0.00740711886,0.0635220635,0.0602810582,0.0278151743,0.044004975,0.0347927492,-0.133882052,1,1,0.0170112053,0.100193772,2,0.04323,,0.0309249761,0.0587377632,0.0645953346,-0.0446595643,0.0483435764,0.0736614709,-0.125812311
1781693877.051491,2026-06-17T18:57:57.051,1781693876.972891,left,base,1,pelvis,200,0.001,-0.05500841,0.260105732,-0.01435,-0.677839117,0.700409006,0.0202048941,0.222605298,0.575380377,-0.134392288,0.0908565945,-0.734537092,-0.244703222,0.192486648,0.292780026,1,1,0.0318725888,0.299530272,2,0.044829,,0.55125221,-0.136003576,0.0922981864,-0.706930468,-0.243731205,0.16471157,0.305401265
1781693877.051837,2026-06-17T18:57:57.051,1781693876.956049,right,base,1,pelvis,200,0.001,-0.015957555,-0.250269218,-0.0688625,-0.633366791,-0.771976089,0.0456987356,0.0284789777,0.0213204915,0.0596613376,0.0605234388,-0.0239557512,0.044243698,0.0716402146,-0.130729378,1,1,0.0178926762,0.102322918,2,0.035356,,-0.0190452815,0.060343786,0.0627136884,0.045171547,0.0464103173,0.046961324,-0.125935439
1781693877.068273,2026-06-17T18:57:57.068,1781693876.972891,left,base,1,pelvis,200,0.001,-0.05500841,0.260105732,-0.01435,-0.677839117,0.700409006,0.0202048941,0.222605298,0.551665683,-0.135333891,0.0917658564,-0.707058471,-0.244201474,0.164777188,0.305054898,1,1,0.0257083128,0.275898577,2,0.044886,,0.53310087,-0.136757661,0.0928246152,-0.685203926,-0.243509848,0.139053669,0.316223671
1781693877.068797,2026-06-17T18:57:57.068,1781693876.972716,right,base,1,pelvis,200,0.001,-0.018252495,-0.251078318,-0.068437,-0.631377807,-0.773578062,0.0463018561,0.0281990295,-0.0112665204,0.0594889381,0.0612835215,0.0249255411,0.0450090041,0.0482712547,-0.129811531,1,1,0.0172671747,0.106742063,2,0.039381,,0.0257978035,0.0559071941,0.065900661,-0.0431709514,0.0496530109,0.0839682584,-0.122800493
1781693877.084973,2026-06-17T18:57:57.084,1781693876.972891,left,base,1,pelvis,200,0.001,-0.05500841,0.260105732,-0.01435,-0.677839117,0.700409006,0.0202048941,0.222605298,0.533442032,-0.136209426,0.0923888359,-0.685311977,-0.243894786,0.139111254,0.315938542,1,1,0.0207334878,0.254100484,2,0.046463,,0.519203131,-0.137478778,0.0931487312,-0.667886458,-0.243430537,0.115224614,0.325892866
1781693877.085347,2026-06-17T18:57:57.085,1781693876.972716,right,base,1,pelvis,200,0.001,-0.018252495,-0.251078318,-0.068437,-0.631377807,-0.773578062,0.0463018561,0.0281990295,0.0195960724,0.0565108773,0.0615762013,-0.0259756334,0.045295779,0.0826380319,-0.125987918,1,1,0.0173200051,0.10066945,2,0.036838,,-0.0216846557,0.0577804415,0.0639223356,0.0470872795,0.04761565,0.0544400198,-0.121995766
1781693877.101784,2026-06-17T18:57:57.101,1781693876.972891,left,base,1,pelvis,200,0.001,-0.05500841,0.260105732,-0.01435,-0.677839117,0.700409006,0.0202048941,0.222605298,0.519540697,-0.136939533,0.0927201347,-0.667995291,-0.243774279,0.115284786,0.325611031,1,1,0.0167406614,0.234044931,2,0.056245,,0.508609078,-0.138084451,0.0932537728,-0.653905731,-0.243485129,0.0930358208,0.33455764
1781693877.102332,2026-06-17T18:57:57.102,1781693877.006054,right,base,1,pelvis,200,0.001,-0.022192545,-0.252663018,-0.0682,-0.627899669,-0.776522279,0.0461322696,0.0250393706,-0.0168076223,0.0563826243,0.0624949365,0.0236767046,0.0462214767,0.0552475612,-0.124507415,1,1,0.0186179097,0.107476924,2,0.052879,,0.0211613859,0.0531357508,0.0673582063,-0.040821044,0.0511075432,0.0861049218,-0.118508103
1781693877.118471,2026-06-17T18:57:57.118,1781693876.972891,left,base,1,pelvis,200,0.001,-0.05500841,0.260105732,-0.01435,-0.677839117,0.700409006,0.0202048941,0.222605298,0.508942494,-0.137554221,0.0928568529,-0.654014769,-0.243664628,0.09309822,0.334279296,1,1,0.0135434228,0.215593247,2,0.055411,,0.500508393,-0.13859062,0.0932172281,-0.642398955,-0.243512624,0.0723158029,0.342381939
1781693877.118872,2026-06-17T18:57:57.118,1781693877.006054,right,base,1,pelvis,200,0.001,-0.022192545,-0.252663018,-0.0682,-0.627899669,-0.776522279,0.0461322696,0.0250393706,0.0174133943,0.0535048811,0.0635486226,-0.0272967107,0.0473196258,0.0852968301,-0.12044331,1,1,0.0174156389,0.101176517,2,0.038322,,-0.0229119398,0.0551017203,0.0661862442,0.0481180139,0.0499340843,0.0535493388,-0.117468023
1781693877.135335,2026-06-17T18:57:57.135,1781693876.972891,left,base,1,pelvis,200,0.001,-0.05500841,0.260105732,-0.01435,-0.677839117,0.700409006,0.0202048941,0.222605298,0.500837483,-0.138069049,0.0929812223,-0.642507852,-0.243608385,0.0723801527,0.342107054,1,1,0.0109945364,0.198613493,2,0.068302,,0.494266311,-0.139016118,0.0932037214,-0.632701524,-0.243566104,0.0529231938,0.349500667
1781693877.135766,2026-06-17T18:57:57.135,1781693877.056053,right,base,1,pelvis,200,0.001,-0.02765309,-0.251917568,-0.072745,-0.621048941,-0.78224167,0.0449687535,0.0193389169,-0.0192526644,0.0534157977,0.0644680012,0.022321295,0.0482337756,0.0541561376,-0.1193576,1,1,0.0257045656,0.114698785,2,0.038211,,0.029313773,0.0506761688,0.0701075761,-0.056029963,0.0538867592,0.0880742775,-0.115036413
1781693877.151947,2026-06-17T18:57:57.151,1781693877.072729,left,base,1,pelvis,200,0.001,-0.043080255,0.249291882,-0.016021,-0.667376435,0.731540067,0.0493087934,0.130485507,0.494590787,-0.138503197,0.0930563576,-0.632809973,-0.243577898,0.0529892099,0.349229367,1,1,0.0105205257,0.0383305345,2,0.055219,,0.467747885,-0.148543466,0.0867844505,-0.631035869,-0.246544055,0.0763662065,0.347957459
1781693877.152367,2026-06-17T18:57:57.152,1781693877.089392,right,base,1,pelvis,200,0.001,-0.02954757,-0.252216318,-0.07317,-0.620966481,-0.782505151,0.0416605076,0.0187275029,0.0246823448,0.0511350281,0.0654091339,-0.0283552892,0.0492149637,0.0870753634,-0.117426555,1,1,0.0231179495,0.107269906,2,0.038609,,-0.0278589803,0.0543407037,0.068382852,0.0721068403,0.0521720026,0.0408470005,-0.116230109
1781693877.168702,2026-06-17T18:57:57.168,1781693877.072729,left,base,1,pelvis,200,0.001,-0.043080255,0.249291882,-0.016021,-0.667376435,0.731540067,0.0493087934,0.130485507,0.468070745,-0.148037604,0.0871602754,-0.631142777,-0.246121887,0.0762832944,0.348127359,1,1,0.00436787,0.0298332917,2,0.052852,,0.457622955,-0.151300953,0.0835827686,-0.630333062,-0.247349258,0.0840212754,0.343408296
1781693877.169212,2026-06-17T18:57:57.169,1781693877.106068,right,base,1,pelvis,200,0.001,-0.031973435,-0.252363268,-0.070912,-0.622515642,-0.781649725,0.0345435776,0.0174563287,-0.0212823827,0.0510313254,0.0664709872,0.021445822,0.0502707949,0.0419652951,-0.11688638,1,1,0.0281027528,0.112720187,2,0.046462,,0.0245691412,0.0487283548,0.071738489,-0.0465588274,0.0555613284,0.067995641,-0.112385005
1781693877.185371,2026-06-17T18:57:57.185,1781693877.106366,left,base,1,pelvis,200,0.001,-0.032936255,0.255237282,-0.0331485,-0.622935284,0.759793686,0.0604355004,0.176104336,0.457941865,-0.15080307,0.0839528225,-0.6304383,-0.246933955,0.0839386863,0.34357601,1,1,0.0182781713,0.12807596,2,0.050071,,0.429977766,-0.145823399,0.0824136066,-0.58810809,-0.250388674,0.0677329181,0.351590911
1781693877.185746,2026-06-17T18:57:57.185,1781693877.106068,right,base,1,pelvis,200,0.001,-0.031973435,-0.252363268,-0.070912,-0.622515642,-0.781649725,0.0345435776,0.0174563287,0.0191180745,0.0492731027,0.0668650926,-0.0290612466,0.0506627034,0.0668568509,-0.115208015,1,1,0.0237211612,0.108283558,2,0.037603,,-0.0254211012,0.0524849249,0.0698704944,0.0625266554,0.0536405578,0.0226400456,-0.113934025
1781693877.202252,2026-06-17T18:57:57.202,1781693877.106366,left,base,1,pelvis,200,0.001,-0.032936255,0.255237282,-0.0331485,-0.622935284,0.759793686,0.0604355004,0.176104336,0.430295233,-0.145848174,0.0827778273,-0.588217305,-0.249979685,0.0677937564,0.351332421,1,1,0.0148287056,0.1186006,2,0.045298,,0.406348068,-0.14179293,0.0809333624,-0.55119603,-0.253411189,0.0530971667,0.358925484
1781693877.202557,2026-06-17T18:57:57.202,1781693877.139395,right,base,1,pelvis,200,0.001,-0.03974074,-0.250009918,-0.06292,-0.627651082,-0.778282204,0.0130845111,0.0126382793,-0.0206475226,0.0491571857,0.0679021036,0.0206189864,0.0517050828,0.0234833251,-0.114607306,1,1,0.0309058068,0.107282818,2,0.031459,,0.0123742291,0.0488852766,0.0722813772,-0.0162544401,0.0561308596,0.0297194371,-0.110678221
1781693877.219024,2026-06-17T18:57:57.219,1781693877.106366,left,base,1,pelvis,200,0.001,-0.032936255,0.255237282,-0.0331485,-0.622935284,0.759793686,0.0604355004,0.176104336,0.406663452,-0.141817832,0.0812918022,-0.551308336,-0.253008511,0.0531589432,0.358670266,1,1,0.0120552588,0.109868364,2,0.05384,,0.386156958,-0.138513895,0.079260446,-0.519002231,-0.25637305,0.0399192984,0.365814829
1781693877.219302,2026-06-17T18:57:57.219,1781693877.156060,right,base,1,pelvis,200,0.001,-0.04396836,-0.248034168,-0.0592,-0.629886494,-0.776617899,0.00258491162,0.0100479936,0.00867893371,0.0492559629,0.0685070865,-0.0158901626,0.0523778654,0.0289945604,-0.112602527,1,1,0.0294912265,0.105549386,2,0.026398,,0.0101503454,0.0512016295,0.0720108765,0.00511911153,0.0558397526,0.00758484977,-0.10969785
1781693877.235814,2026-06-17T18:57:57.235,1781693877.172923,left,base,1,pelvis,200,0.001,-0.01863915,0.255587182,-0.0591175,-0.60978378,0.76337896,0.0704886487,0.201116023,0.386469843,-0.138538818,0.0796132766,-0.519116902,-0.255976534,0.0399817858,0.365562863,1,1,0.0339822735,0.150478388,2,0.051575,,0.321630469,-0.131654046,0.0802277149,-0.415936735,-0.257833748,0.00038123213,0.384730617
1781693877.236518,2026-06-17T18:57:57.236,1781693877.156060,right,base,1,pelvis,200,0.001,-0.04396836,-0.248034168,-0.0592,-0.629886494,-0.776617899,0.00258491162,0.0100479936,0.00955318019,0.0491682646,0.069400022,0.00370462888,0.0532657625,0.00810067959,-0.111167884,1,1,0.0248929799,0.102909408,2,0.048048,,0.0223533289,0.0501992711,0.0731019647,-0.000267044029,0.0569769566,0.000325250026,-0.107703855
1781693877.252559,2026-06-17T18:57:57.252,1781693877.172923,left,base,1,pelvis,200,0.001,-0.01863915,0.255587182,-0.0591175,-0.60978378,0.76337896,0.0704886487,0.201116023,0.334738256,-0.1317438,0.0794994608,-0.467385315,-0.256454568,0.000616365654,0.383846079,1,1,0.026705567,0.132100603,2,0.039197,,0.274678025,-0.126114709,0.0792283157,-0.36193411,-0.258712619,-0.0424318822,0.403888805
1781693877.252840,2026-06-17T18:57:57.252,1781693877.156060,right,base,1,pelvis,200,0.001,-0.04396836,-0.248034168,-0.0592,-0.629886494,-0.776617899,0.00258491162,0.0100479936,0.0202576561,0.0496964634,0.0709684757,-7.31016228e-05,0.0548554834,0.000712494487,-0.108793509,1,1,0.0214100396,0.0987646445,2,0.027881,,0.0286315613,0.0505692265,0.0744744642,0.000891959737,0.0583614708,-0.00757638266,-0.105301008
1781693877.269650,2026-06-17T18:57:57.269,1781693877.172923,left,base,1,pelvis,200,0.001,-0.01863915,0.255587182,-0.0591175,-0.60978378,0.76337896,0.0704886487,0.201116023,0.285844089,-0.126186083,0.0796643267,-0.418491148,-0.257645357,-0.0422349919,0.403197807,1,1,0.0267145346,0.126580496,2,0.058651,,0.228519738,-0.121437687,0.0786960003,-0.307514372,-0.260239683,-0.0896329712,0.424389376
1781693877.269997,2026-06-17T18:57:57.269,1781693877.172729,right,base,1,pelvis,200,0.001,-0.043710795,-0.246420018,-0.0566175,-0.630996353,-0.775676388,-0.00876258945,0.0096415705,0.0270898072,0.0498301872,0.0729076347,0.000125690452,0.056803455,-0.00728780539,-0.106102179,1,1,0.0180288292,0.101704381,2,0.043566,,0.0346926371,0.0507944309,0.0762039665,0.000453337083,0.0601002914,-0.0155042301,-0.101797196
1781693877.286263,2026-06-17T18:57:57.286,1781693877.189603,left,base,1,pelvis,200,0.001,-0.0061241,0.252756132,-0.076017,-0.602425789,0.765045902,0.0875017037,0.210074719,0.233807089,-0.12149241,0.0794074013,-0.366454148,-0.259439351,-0.0894730136,0.423866082,1,1,0.0420960854,0.166552916,2,0.048066,,0.135036569,-0.115272905,0.0794688793,-0.179221263,-0.261374917,-0.164815385,0.458361982
1781693877.286562,2026-06-17T18:57:57.286,1781693877.222732,right,base,1,pelvis,200,0.001,-0.043019205,-0.252885818,-0.0493085,-0.636704651,-0.770008758,-0.0404072186,0.00780746626,0.0335329985,0.0500536066,0.075027286,0.000357341734,0.058930222,-0.0152843862,-0.102399947,1,1,0.0137407468,0.129056261,2,0.027983,,0.0410615635,0.0475970122,0.0776728144,-3.37600203e-05,0.0615773875,-0.0271479696,-0.0920006509
1781693877.303110,2026-06-17T18:57:57.303,1781693877.239596,left,base,1,pelvis,200,0.001,-0.011534,0.240189782,-0.0368255,-0.608574707,0.765808787,0.117517531,0.171357397,0.184691192,-0.115410443,0.079221601,-0.317338251,-0.259648378,-0.13858891,0.457062771,1,1,0.0394857394,0.24796398,2,0.043199,,0.168296395,-0.123329489,0.0745158741,-0.267116704,-0.265459695,-0.148716928,0.478404411
1781693877.303602,2026-06-17T18:57:57.303,1781693877.222732,right,base,1,pelvis,200,0.001,-0.043019205,-0.252885818,-0.0493085,-0.636704651,-0.770008758,-0.0404072186,0.00780746626,0.0399237357,0.0477105124,0.0765202722,7.07497658e-05,0.0604313142,-0.0269280661,-0.0925946715,1,1,0.0116312055,0.119827433,2,0.037652,,0.0464233759,0.0453839243,0.0789928521,-0.000468818055,0.0629043229,-0.0372299848,-0.0829107971
1781693877.319900,2026-06-17T18:57:57.319,1781693877.239596,left,base,1,pelvis,200,0.001,-0.011534,0.240189782,-0.0368255,-0.608574707,0.765808787,0.117517531,0.171357397,0.166802024,-0.12150423,0.0758875901,-0.266850433,-0.263916242,-0.14890448,0.477369668,1,1,0.032686908,0.229380993,2,0.046763,,0.150432269,-0.12809443,0.0720527559,-0.220907204,-0.268601078,-0.156623003,0.49580937
1781693877.320204,2026-06-17T18:57:57.320,1781693877.239401,right,base,1,pelvis,200,0.001,-0.04463062,-0.257552818,-0.0475185,-0.642310345,-0.764464865,-0.0548550053,0.00467109394,0.0453082393,0.0454958207,0.0778649109,-0.000366415043,0.0617827069,-0.0370109105,-0.0834954445,1,1,0.0126021289,0.128531082,2,0.028007,,0.0525073814,0.041210131,0.0796273656,-0.00178456705,0.0635438519,-0.0492033307,-0.0714008105
1781693877.336795,2026-06-17T18:57:57.336,1781693877.239596,left,base,1,pelvis,200,0.001,-0.011534,0.240189782,-0.0368255,-0.608574707,0.765808787,0.117517531,0.171357397,0.151473539,-0.126667146,0.0731249452,-0.221372338,-0.267394506,-0.156356086,0.494994439,1,1,0.0262296744,0.210364898,2,0.040584,,0.135300183,-0.132186667,0.0700014519,-0.180036648,-0.271153463,-0.161577932,0.510778583
1781693877.337327,2026-06-17T18:57:57.337,1781693877.239401,right,base,1,pelvis,200,0.001,-0.04463062,-0.257552818,-0.0475185,-0.642310345,-0.764464865,-0.0548550053,0.00467109394,0.0514132703,0.0413212892,0.0785228158,-0.00168380341,0.0624454928,-0.0489842383,-0.0719776371,1,1,0.0109078624,0.118971702,2,0.039046,,0.0583221621,0.0374860387,0.0801704343,-0.00422519974,0.0640870161,-0.0592090304,-0.0609061463
1781693877.353609,2026-06-17T18:57:57.353,1781693877.239596,left,base,1,pelvis,200,0.001,-0.011534,0.240189782,-0.0368255,-0.608574707,0.765808787,0.117517531,0.171357397,0.136097045,-0.131099394,0.0708179146,-0.180402845,-0.270234596,-0.161373343,0.510153995,1,1,0.0210762662,0.193031529,2,0.056059,,0.120293719,-0.135711207,0.0682777794,-0.143021153,-0.273238516,-0.164758049,0.52368104
1781693877.353963,2026-06-17T18:57:57.353,1781693877.239401,right,base,1,pelvis,200,0.001,-0.04463062,-0.257552818,-0.0475185,-0.642310345,-0.764464865,-0.0548550053,0.00467109394,0.0572495199,0.0375961958,0.0790895644,-0.00412569587,0.063012203,-0.0589909076,-0.061474452,1,1,0.00957094795,0.110206476,2,0.036675,,0.0645066013,0.0341024832,0.0806527605,-0.00866147771,0.0645613508,-0.0670608112,-0.0512911902
1781693877.370503,2026-06-17T18:57:57.370,1781693877.272929,left,base,1,pelvis,200,0.001,-0.0139564,0.239176882,-0.029136,-0.607341394,0.7690975,0.108697698,0.166764138,0.120895702,-0.134893658,0.068891491,-0.143304585,-0.272547797,-0.164603645,0.523208943,1,1,0.0194459213,0.174448305,2,0.065866,,0.137802321,-0.141396636,0.0648597292,-0.165241474,-0.276806425,-0.144081903,0.526981534
1781693877.370831,2026-06-17T18:57:57.370,1781693877.272735,right,base,1,pelvis,200,0.001,-0.04109064,-0.257944468,-0.0535215,-0.652834014,-0.753784627,-0.0749229168,0.00174444783,0.0634540389,0.0342115916,0.0795942444,-0.00856241227,0.0635087682,-0.0668443401,-0.0518511944,1,1,0.0049527241,0.132327817,2,0.030613,,0.0671436155,0.0303001863,0.07984727,-0.00912969449,0.0637293573,-0.0778239469,-0.0396627134
1781693877.387211,2026-06-17T18:57:57.387,1781693877.272929,left,base,1,pelvis,200,0.001,-0.0139564,0.239176882,-0.029136,-0.607341394,0.7690975,0.108697698,0.166764138,0.137320577,-0.140799122,0.0653081272,-0.165171505,-0.276301809,-0.144143757,0.526636494,1,1,0.0159082227,0.161038117,2,0.050536,,0.151927756,-0.146165872,0.0617038005,-0.184978454,-0.280140091,-0.124730235,0.529306688
1781693877.387519,2026-06-17T18:57:57.387,1781693877.272735,right,base,1,pelvis,200,0.001,-0.04109064,-0.257944468,-0.0535215,-0.652834014,-0.753784627,-0.0749229168,0.00174444783,0.0661122306,0.0304083734,0.0799284374,-0.00903254281,0.0638410878,-0.0776081417,-0.0402151416,1,1,0.00442785494,0.121711066,2,0.029409,,0.0692234688,0.0269870689,0.0800875572,-0.00904545087,0.0639684764,-0.0878639748,-0.0291225791
1781693877.404095,2026-06-17T18:57:57.404,1781693877.272929,left,base,1,pelvis,200,0.001,-0.0139564,0.239176882,-0.029136,-0.607341394,0.7690975,0.108697698,0.166764138,0.151583148,-0.145739944,0.0620233841,-0.184926331,-0.279780465,-0.124776536,0.529060782,1,1,0.01297933,0.1485433,2,0.048744,,0.163979469,-0.150147845,0.0588145972,-0.202388392,-0.283225219,-0.106675199,0.530906908
1781693877.404418,2026-06-17T18:57:57.404,1781693877.306070,right,base,1,pelvis,200,0.001,-0.03591708,-0.255613118,-0.0597735,-0.661831178,-0.743281445,-0.0974629829,0.00362654858,0.0682127072,0.0270941867,0.0799030288,-0.00906295505,0.0638061118,-0.0876490893,-0.0296672933,1,1,0.00754685834,0.155120357,2,0.034055,,0.0645445456,0.0243380494,0.078845925,0.000297678787,0.0627099965,-0.102462666,-0.0166927558
1781693877.420889,2026-06-17T18:57:57.420,1781693877.306249,left,base,1,pelvis,200,0.001,-0.038081135,0.248106032,-0.0114825,-0.633682662,0.749650913,0.0029060312,0.190948547,0.163657192,-0.149750708,0.0591125677,-0.202337945,-0.282889932,-0.106720293,0.5306777,1,1,0.0323059956,0.119656689,2,0.059267,,0.256258643,-0.153875643,0.0513512521,-0.343148508,-0.289804466,-0.0653759388,0.506357595
1781693877.421209,2026-06-17T18:57:57.421,1781693877.306070,right,base,1,pelvis,200,0.001,-0.03591708,-0.255613118,-0.0597735,-0.661831178,-0.743281445,-0.0974629829,0.00362654858,0.0654879125,0.0244438488,0.0797843417,-0.000187008815,0.0636539984,-0.102247212,-0.0172304049,1,1,0.00761475332,0.143454677,2,0.030815,,0.0677936673,0.0214762739,0.0787222421,-0.00219622883,0.0625913157,-0.110993541,-0.00495214181
1781693877.437661,2026-06-17T18:57:57.437,1781693877.322927,left,base,1,pelvis,200,0.001,-0.039858685,0.252140032,-0.0270115,-0.662694896,0.727379938,-0.0299958705,0.175653488,0.214027647,-0.151443926,0.0531788714,-0.2527084,-0.287749179,-0.0656793292,0.50706741,1,1,0.0174142206,0.19942952,2,0.053951,,0.252981772,-0.147801573,0.051736071,-0.305588611,-0.287534383,-0.0663057956,0.484935967
1781693877.438250,2026-06-17T18:57:57.438,1781693877.339406,right,base,1,pelvis,200,0.001,-0.035803435,-0.260643618,-0.059825,0.668320019,0.73552886,0.111107107,0.000927125839,0.0668248924,0.0215808616,0.079488896,-0.00210734588,0.0633567943,-0.110779638,-0.00548268363,1,1,0.00846379522,0.159579086,2,0.040749,,0.0686107694,0.016745394,0.0774741815,-0.00200045743,0.0613336727,-0.122839589,0.00892817117
1781693877.454386,2026-06-17T18:57:57.454,1781693877.356307,left,base,1,pelvis,200,0.001,-0.030485935,0.256335482,-0.0695075,-0.703592734,0.696644005,-0.0402510842,0.134254405,0.254333383,-0.14789864,0.0528102832,-0.304098094,-0.288163682,-0.0659934378,0.485514041,1,1,0.0340068532,0.264136579,2,0.068135,,0.180612453,-0.132170958,0.0643792414,-0.168219377,-0.274147996,-0.14056508,0.475259459
1781693877.454811,2026-06-17T18:57:57.454,1781693877.339406,right,base,1,pelvis,200,0.001,-0.035803435,-0.260643618,-0.059825,0.668320019,0.73552886,0.111107107,0.000927125839,0.0676619438,0.016849369,0.0783745188,-0.00213575893,0.0622393674,-0.122626218,0.00840409582,1,1,0.00819464517,0.146961953,2,0.039014,,0.0693421329,0.0126754705,0.0763680386,-0.0016334234,0.0602249633,-0.13399986,0.0214586556
1781693877.475488,2026-06-17T18:57:57.475,1781693877.372957,left,base,1,pelvis,200,0.001,-0.01808025,0.259460182,-0.112961,-0.733963773,0.6721728,-0.0370200305,0.0900578919,0.204772598,-0.132294345,0.0625989523,-0.254537309,-0.275717144,-0.115554223,0.475942253,1,1,0.0752239569,0.242801079,400,4.257709,using best approximate IK outside the usable position/orientation threshold,0.0989069903,-0.0728472978,0.128218848,-0.1111255,-0.207016274,-0.226615401,0.349656928
1781693877.475888,2026-06-17T18:57:57.475,1781693877.406079,right,base,1,pelvis,200,0.001,-0.035627685,-0.263710368,-0.058852,0.671856462,0.730593285,0.121427339,0.00988677799,0.0684121535,0.0127786779,0.0772506269,-0.00208823155,0.061112802,-0.133787152,0.0209410457,1,1,0.00828062297,0.156268433,2,0.037753,,0.0711109093,0.00789262758,0.0747177881,-0.00232630684,0.0585725793,-0.146897209,0.0340843353
1781693877.492266,2026-06-17T18:57:57.492,1781693877.372957,left,base,1,pelvis,200,0.001,-0.01808025,0.259460182,-0.112961,-0.733963773,0.6721728,-0.0370200305,0.0900578919,0.141649849,-0.072981584,0.125721702,-0.19141456,-0.212594395,-0.178676972,0.412819504,1,1,0.0785147305,0.265766389,400,4.32268,using best approximate IK outside the usable position/orientation threshold,0.109874024,-0.0642027023,0.14587691,-0.125204183,-0.19382985,-0.22308886,0.374140798
1781693877.492616,2026-06-17T18:57:57.492,1781693877.406079,right,base,1,pelvis,200,0.001,-0.035627685,-0.263710368,-0.058852,0.671856462,0.730593285,0.121427339,0.00988677799,0.0702039898,0.00799472969,0.0755784825,-0.00224315423,0.0594383915,-0.146685814,0.0335758701,1,1,0.00793064627,0.144083938,2,0.029586,,0.0725417846,0.0038281505,0.0731014202,-0.00190425571,0.0569539008,-0.159000179,0.0454482177
1781693877.509343,2026-06-17T18:57:57.509,1781693877.389560,left,base,1,pelvis,200,0.001,-0.01385705,0.262566282,-0.1362685,-0.748032304,0.659612713,-0.0341554951,0.0647467554,0.108677889,-0.0643123379,0.144665925,-0.141245807,-0.194900713,-0.223211329,0.373338883,1,1,0.0925029004,0.173405207,400,4.539813,using best approximate IK outside the usable position/orientation threshold,0.149541906,-0.0560671545,0.273058776,-0.207479654,-0.0668909982,-0.205812404,0.125042461
1781693877.510025,2026-06-17T18:57:57.510,1781693877.439413,right,base,1,pelvis,200,0.001,-0.03559759,-0.262673168,-0.058549,0.673282248,0.728181611,0.127684887,0.0117951206,0.0716526495,0.00392946285,0.073945317,-0.00226926012,0.0578028131,-0.158789275,0.0449464428,1,1,0.00728675961,0.145312713,2,0.040461,,0.0741937263,0.000577310828,0.0713248299,-0.00186630321,0.055174643,-0.171346404,0.0559352131
1781693877.525868,2026-06-17T18:57:57.525,1781693877.406255,left,base,1,pelvis,200,0.001,-0.01977165,0.264861032,-0.1333505,-0.74796033,0.659985735,-0.0341964979,0.0616828551,0.144625532,-0.0565253063,0.196984021,-0.193563903,-0.142582617,-0.206337882,0.321020786,1,1,0.094691491,0.24676011,400,4.320668,using best approximate IK outside the usable position/orientation threshold,0.0201775117,-0.00971753537,0.290212047,0.0299852654,-0.0586623797,-0.368644623,0.144775439
1781693877.526199,2026-06-17T18:57:57.526,1781693877.439413,right,base,1,pelvis,200,0.001,-0.03559759,-0.262673168,-0.058549,0.673282248,0.728181611,0.127684887,0.0117951206,0.0733226143,0.000677500991,0.072151684,-0.0021504694,0.056006409,-0.171136139,0.0554407034,1,1,0.00742435489,0.133816109,2,0.034552,,0.0756908972,-0.0022525902,0.0696124476,-0.00155369815,0.0534603991,-0.182792351,0.0654997409
1781693877.542592,2026-06-17T18:57:57.542,1781693877.439588,left,base,1,pelvis,200,0.001,-0.0213431,0.268624832,-0.1315195,-0.75127773,0.656389098,-0.0378387133,0.0574748256,0.0961505048,-0.0102038265,0.245459049,-0.145088876,-0.0941075898,-0.254812909,0.272545759,1,1,0.0839943349,0.151143214,400,4.167838,using best approximate IK outside the usable position/orientation threshold,0.159504349,-0.0448022813,0.298029746,-0.204053345,-0.0443053887,-0.144953436,0.0703429879
1781693877.542887,2026-06-17T18:57:57.542,1781693877.439413,right,base,1,pelvis,200,0.001,-0.03559759,-0.262673168,-0.058549,0.673282248,0.728181611,0.127684887,0.0117951206,0.0748361031,-0.00215348407,0.0704238998,-0.00197083442,0.0542766692,-0.182582718,0.065011895,1,1,0.00762029363,0.12318077,2,0.026923,,0.0771023773,-0.0047310384,0.0679708513,-0.00130387528,0.0518178628,-0.193361158,0.0742416519
1781693877.559595,2026-06-17T18:57:57.559,1781693877.472982,left,base,1,pelvis,200,0.001,-0.01794445,0.271012582,-0.130844,-0.754487074,0.652914554,-0.0437075438,0.0504132023,0.146161186,-0.0396865235,0.293560582,-0.195099557,-0.048279107,-0.204802228,0.222535078,1,1,0.0927708776,0.291408734,400,4.351158,using best approximate IK outside the usable position/orientation threshold,0.146161186,-0.0396865235,0.293560582,-0.195099557,-0.048279107,-0.204802228,0.222535078
1781693877.559939,2026-06-17T18:57:57.559,1781693877.439413,right,base,1,pelvis,200,0.001,-0.03559759,-0.262673168,-0.058549,0.673282248,0.728181611,0.127684887,0.0117951206,0.0762640491,-0.0046331645,0.0687667607,-0.00171284792,0.0526184953,-0.193152574,0.0737608828,1,1,0.00783619072,0.113426897,2,0.035969,,0.0784987536,-0.00691551162,0.0664023572,-0.00113224374,0.0502494698,-0.203046447,0.0822488692
1781693877.576792,2026-06-17T18:57:57.576,1781693877.489600,left,base,1,pelvis,200,0.001,-0.01197605,0.271892382,-0.130035,-0.757027214,0.650046121,-0.0507628945,0.0421066207,0.14937973,-0.040039944,0.294270454,-0.196566373,-0.04764793,-0.203919871,0.22035289,1,1,0.0937479754,0.302389381,400,4.657,using best approximate IK outside the usable position/orientation threshold,0.0103387439,0.0141918607,0.330083039,0.0184693024,-0.0128431256,-0.356912902,0.0885408516
1781693877.577313,2026-06-17T18:57:57.577,1781693877.439413,right,base,1,pelvis,200,0.001,-0.03559759,-0.262673168,-0.058549,0.673282248,0.728181611,0.127684887,0.0117951206,0.0776768721,-0.00681897868,0.0671827217,-0.00153304696,0.0510344624,-0.20283928,0.0817754673,1,1,0.00805673926,0.104483487,2,0.046877,,0.0798322653,-0.00884588546,0.0649083911,-0.000969395426,0.0487563194,-0.211941237,0.089592205
1781693877.593532,2026-06-17T18:57:57.593,1781693877.489600,left,base,1,pelvis,200,0.001,-0.01197605,0.271892382,-0.130035,-0.757027214,0.650046121,-0.0507628945,0.0421066207,0.0972282889,0.0121114976,0.32625146,-0.144414932,-0.0162535783,-0.256071313,0.168201448,1,1,0.0928590885,0.281630468,400,4.635727,using best approximate IK outside the usable position/orientation threshold,0.0446979338,-0.00195307869,0.347211452,-0.046513228,-0.0257513725,-0.349116317,-0.00253690823
1781693877.593839,2026-06-17T18:57:57.593,1781693877.472749,right,base,1,pelvis,200,0.001,-0.03648273,-0.263340268,-0.0585755,0.675400797,0.725153702,0.13351525,0.0126313296,0.0790267512,-0.00875077706,0.065673279,-0.00136208002,0.0495257409,-0.211735793,0.0891263851,1,1,0.00863491692,0.108907934,2,0.028938,,0.0817195221,-0.0109951365,0.0631168641,-0.000987366556,0.0469658012,-0.221366855,0.0973386179
1781693877.609813,2026-06-17T18:57:57.609,1781693877.506287,left,base,1,pelvis,200,0.001,-0.0121938,0.270371382,-0.1222495,-0.756988741,0.649980681,-0.0568686945,0.0354839616,0.0476903918,0.00164302388,0.343980671,-0.0948770348,-0.0228516398,-0.30560921,0.118663551,1,1,0.076001041,0.220272348,400,4.076052,using best approximate IK outside the usable position/orientation threshold,0.103576913,-0.0246019571,0.333726433,-0.121742476,-0.0356282856,-0.249619374,0.0242228599
1781693877.610487,2026-06-17T18:57:57.610,1781693877.489414,right,base,1,pelvis,200,0.001,-0.037222105,-0.264463918,-0.058945,0.677567093,0.722247162,0.138128225,0.0135079521,0.0809290077,-0.0109012688,0.0638675086,-0.001240019,0.0477208917,-0.221162774,0.0968796402,1,1,0.00951471291,0.111100977,2,0.040149,,0.0838699777,-0.0134459925,0.0610415397,-0.000896471721,0.0448916997,-0.231047087,0.105458934
1781693877.626513,2026-06-17T18:57:57.626,1781693877.522949,left,base,1,pelvis,200,0.001,-0.0097894,0.264567482,-0.1197475,-0.756592816,0.650211655,-0.0613136426,0.0321364618,0.0976974966,-0.0215942456,0.335828453,-0.12141579,-0.0332101811,-0.255602105,0.0686564464,1,1,0.0733367632,0.21866296,400,4.019442,using best approximate IK outside the usable position/orientation threshold,0.131391006,-0.0322389618,0.3559791,-0.190218973,-0.025455552,-0.13442327,0.0239083969
1781693877.626800,2026-06-17T18:57:57.626,1781693877.522750,right,base,1,pelvis,200,0.001,-0.03760613,-0.267520068,-0.0613295,0.679602073,0.72008697,0.139292866,0.0146039502,0.0830941808,-0.0133532797,0.061778218,-0.00116083489,0.0456327376,-0.230844343,0.105006647,1,1,0.0124755639,0.10711297,2,0.025757,,0.0856751387,-0.0167337062,0.0587033671,-0.00034179643,0.0425552419,-0.240532617,0.114126241
1781693877.643937,2026-06-17T18:57:57.643,1781693877.572924,left,base,1,pelvis,200,0.001,-0.003345,0.257739432,-0.12528,-0.755756064,0.65069342,-0.0670484659,0.0305834626,0.129327817,-0.029751433,0.3537573,-0.170267756,-0.0274079704,-0.206750138,0.0230969637,1,1,0.0817478493,0.241376764,400,4.559048,using best approximate IK outside the usable position/orientation threshold,0.129327817,-0.029751433,0.3537573,-0.170267756,-0.0274079704,-0.206750138,0.0230969637
1781693877.644664,2026-06-17T18:57:57.644,1781693877.556110,right,base,1,pelvis,200,0.001,-0.037736955,-0.266724918,-0.059948,0.680671858,0.718997184,0.139729072,0.0143058287,0.0849134689,-0.0166418681,0.0594267959,-0.000712518914,0.0432829478,-0.240331177,0.113680173,1,1,0.01109096,0.100994629,2,0.039451,,0.0878618367,-0.0192465561,0.0564182317,-0.000798899471,0.0402728321,-0.248802325,0.121769744
1781693877.661063,2026-06-17T18:57:57.661,1781693877.572924,left,base,1,pelvis,200,0.001,-0.003345,0.257739432,-0.12528,-0.755756064,0.65069342,-0.0670484659,0.0305834626,0.129737711,-0.0299213519,0.354198705,-0.170963696,-0.0270200835,-0.20633885,0.0232581711,1,1,0.0817714017,0.242071217,400,5.038393,using best approximate IK outside the usable position/orientation threshold,0.129737711,-0.0299213519,0.354198705,-0.170963696,-0.0270200835,-0.20633885,0.0232581711
1781693877.661379,2026-06-17T18:57:57.661,1781693877.556110,right,base,1,pelvis,200,0.001,-0.037736955,-0.266724918,-0.059948,0.680671858,0.718997184,0.139729072,0.0143058287,0.0871152764,-0.0191559564,0.0571273636,-0.000731244346,0.0409861523,-0.248602886,0.121330874,1,1,0.0111378074,0.0935218184,2,0.030839,,0.0896849939,-0.0213788337,0.0542848824,-0.000625486255,0.038142203,-0.256333296,0.128701479
1781693877.677006,2026-06-17T18:57:57.677,1781693877.589428,left,base,1,pelvis,200,0.001,-0.0041872,0.260111682,-0.1264165,-0.755428263,0.650988224,-0.0679110178,0.0305051638,0.129656504,-0.0298876879,0.354111254,-0.170825818,-0.0270969308,-0.206420334,0.0232262331,1,1,0.0821003924,0.242868525,400,4.164727,using best approximate IK outside the usable position/orientation threshold,0.129656504,-0.0298876879,0.354111254,-0.170825818,-0.0270969308,-0.206420334,0.0232262331
1781693877.677294,2026-06-17T18:57:57.677,1781693877.572751,right,base,1,pelvis,200,0.001,-0.038015025,-0.264731218,-0.056994,0.68155574,0.718022459,0.140481966,0.0137963466,0.0889522092,-0.0212894194,0.0549810315,-0.00075245989,0.0388424599,-0.256135744,0.128269216,1,1,0.00852319914,0.0738001206,2,0.03974,,0.0968826998,-0.0249043327,0.046849429,-0.000876659702,0.0307060634,-0.277474306,0.146801608
1781693877.693817,2026-06-17T18:57:57.693,1781693877.589428,left,base,1,pelvis,200,0.001,-0.0041872,0.260111682,-0.1264165,-0.755428263,0.650988224,-0.0679110178,0.0305051638,0.129672772,-0.029894432,0.354128774,-0.170853439,-0.0270815357,-0.20640401,0.0232326314,1,1,0.0821012589,0.242896216,400,4.241233,using best approximate IK outside the usable position/orientation threshold,0.129672772,-0.029894432,0.354128774,-0.170853439,-0.0270815357,-0.20640401,0.0232326314
1781693877.694123,2026-06-17T18:57:57.694,1781693877.606090,right,base,1,pelvis,200,0.001,-0.037970025,-0.264377218,-0.05638,0.682969516,0.715954404,0.144181337,0.013178559,0.0961614103,-0.0248156597,0.0475348069,-0.000811479506,0.0313954747,-0.277275057,0.146372665,1,1,0.0084394517,0.0636162621,2,0.029983,,0.100799365,-0.027345188,0.0403059959,-0.000115905306,0.0241620604,-0.293499193,0.162588894
1781693877.710763,2026-06-17T18:57:57.710,1781693877.589428,left,base,1,pelvis,200,0.001,-0.0041872,0.260111682,-0.1264165,-0.755428263,0.650988224,-0.0679110178,0.0305051638,0.129687235,-0.0299004274,0.354144348,-0.170877995,-0.0270678494,-0.206389498,0.0232383194,1,1,0.0821020295,0.242920835,400,4.283186,using best approximate IK outside the usable position/orientation threshold,0.129687235,-0.0299004274,0.354144348,-0.170877995,-0.0270678494,-0.206389498,0.0232383194
1781693877.711053,2026-06-17T18:57:57.711,1781693877.606090,right,base,1,pelvis,200,0.001,-0.037970025,-0.264377218,-0.05638,0.682969516,0.715954404,0.144181337,0.013178559,0.100090872,-0.0272576079,0.0409799062,-0.00045899668,0.0248399273,-0.293299816,0.162164262,1,1,0.00893190324,0.0489038913,2,0.035039,,0.103701369,-0.0292775704,0.0351733417,-0.000551941447,0.0190317182,-0.30466899,0.174985469
1781693877.727499,2026-06-17T18:57:57.727,1781693877.589428,left,base,1,pelvis,200,0.001,-0.0041872,0.260111682,-0.1264165,-0.755428263,0.650988224,-0.0679110178,0.0305051638,0.129699215,-0.0299053936,0.354157249,-0.170898335,-0.0270565128,-0.206377477,0.023243031,1,1,0.082102668,0.242941229,400,4.364276,using best approximate IK outside the usable position/orientation threshold,0.129699215,-0.0299053936,0.354157249,-0.170898335,-0.0270565128,-0.206377477,0.023243031
1781693877.727753,2026-06-17T18:57:57.727,1781693877.639424,right,base,1,pelvis,200,0.001,-0.03766665,-0.265133668,-0.057415,0.68430812,0.713676094,0.149089813,0.0126908666,0.103005727,-0.0291912006,0.0358355979,-0.000489305147,0.0196978549,-0.304470741,0.174565977,1,1,0.010436005,0.0463093917,2,0.03293,,0.105220342,-0.032096143,0.0301754986,1.13783792e-05,0.0140361579,-0.314399259,0.188143469
1781693877.746681,2026-06-17T18:57:57.746,1781693877.589428,left,base,1,pelvis,200,0.001,-0.0041872,0.260111682,-0.1264165,-0.755428263,0.650988224,-0.0679110178,0.0305051638,0.129708873,-0.0299093973,0.35416765,-0.170914733,-0.0270473732,-0.206367786,0.0232468294,1,1,0.0821031829,0.242957671,400,6.228018,using best approximate IK outside the usable position/orientation threshold,0.129708873,-0.0299093973,0.35416765,-0.170914733,-0.0270473732,-0.206367786,0.0232468294
1781693877.747031,2026-06-17T18:57:57.747,1781693877.639424,right,base,1,pelvis,200,0.001,-0.03766665,-0.265133668,-0.057415,0.68430812,0.713676094,0.149089813,0.0126908666,0.104537379,-0.0320107269,0.0308265233,-0.000318875231,0.0146909898,-0.31420243,0.187728734,1,1,0.010840901,0.0357887887,2,0.04049,,0.106693571,-0.0339008614,0.0263438574,-0.000179041674,0.0102073752,-0.321615902,0.197912071
1781693877.761085,2026-06-17T18:57:57.761,1781693877.589428,left,base,1,pelvis,200,0.001,-0.0041872,0.260111682,-0.1264165,-0.755428263,0.650988224,-0.0679110178,0.0305051638,0.12971764,-0.0299130317,0.354177091,-0.170929619,-0.0270390765,-0.206358989,0.0232502775,1,1,0.0821036504,0.242972598,400,4.516352,using best approximate IK outside the usable position/orientation threshold,0.12971764,-0.0299130317,0.354177091,-0.170929619,-0.0270390765,-0.206358989,0.0232502775
1781693877.761358,2026-06-17T18:57:57.761,1781693877.672760,right,base,1,pelvis,200,0.001,-0.03739999,-0.267556468,-0.060854,0.686169211,0.71058762,0.155205365,0.0121795986,0.106024961,-0.0338168665,0.0269817594,-0.000201476616,0.0108490017,-0.321421642,0.197504005,1,1,0.0147715834,0.0387379722,2,0.033867,,0.107855622,-0.0384174169,0.0217540369,-0.000599542487,0.00562119424,-0.328341524,0.211397773
1781693877.779353,2026-06-17T18:57:57.779,1781693877.689823,left,base,1,pelvis,200,0.001,-0.0117819,0.255412032,-0.105388,-0.757333742,0.64880909,-0.0696208744,0.0254027781,0.129722767,-0.029915157,0.354182612,-0.170938323,-0.0270342251,-0.206353845,0.0232522938,1,1,0.059896759,0.218761258,400,5.688973,using best approximate IK outside the usable position/orientation threshold,0.100470973,-0.0302708834,0.346751342,-0.111715434,-0.0347991373,-0.219249128,0.0198403262
1781693877.779722,2026-06-17T18:57:57.779,1781693877.672760,right,base,1,pelvis,200,0.001,-0.03739999,-0.267556468,-0.060854,0.686169211,0.71058762,0.155205365,0.0121795986,0.10719741,-0.0383337354,0.0223828097,-0.000540350532,0.00625363137,-0.328148834,0.210993151,1,1,0.0150998682,0.0302630493,2,0.043561,,0.10724917,-0.0406692482,0.0184224249,0.0022233831,0.00229231522,-0.334853945,0.220507258
1781693877.794009,2026-06-17T18:57:57.794,1781693877.689823,left,base,1,pelvis,200,0.001,-0.0117819,0.255412032,-0.105388,-0.757333742,0.64880909,-0.0696208744,0.0254027781,0.100740981,-0.0299174748,0.346996626,-0.11573417,-0.0345155489,-0.219174913,0.0199959505,1,1,0.0605521351,0.221256064,400,3.968493,using best approximate IK outside the usable position/orientation threshold,0.100740981,-0.0299174748,0.346996626,-0.11573417,-0.0345155489,-0.219174913,0.0199959505
1781693877.794369,2026-06-17T18:57:57.794,1781693877.739442,right,base,1,pelvis,200,0.001,-0.03921682,-0.275196518,-0.0693695,0.691656184,0.702746542,0.166127747,0.0126725232,0.10742231,-0.0405867687,0.0190391429,0.00191136715,0.00291262243,-0.334663727,0.220108843,1,1,0.0247853059,0.0463614986,2,0.037147,,0.125401305,-0.0516722937,0.0111349714,-0.025319659,-0.00498693714,-0.331634512,0.241634233
1781693877.806993,2026-06-17T18:57:57.806,1781693877.706425,left,base,1,pelvis,200,0.001,-0.0140736,0.256166882,-0.097064,-0.757010148,0.648955009,-0.0725719058,0.0229423172,0.100669239,-0.0299405863,0.346931454,-0.115705232,-0.0345908989,-0.219194632,0.0199546008,1,1,0.0488882416,0.186028596,4,0.062958,,0.0211155353,-0.0082838995,0.334605837,0.0441240019,-0.0474219822,-0.278500384,0.00888252626
1781693877.807260,2026-06-17T18:57:57.807,1781693877.756102,right,base,1,pelvis,200,0.001,-0.038598765,-0.274921368,-0.068526,0.693086667,0.701110418,0.167064318,0.0128283629,0.124763031,-0.0515887334,0.0117433535,-0.0252571934,-0.00437502542,-0.331675752,0.241237608,1,1,0.029854354,0.0352881875,2,0.026932,,-0.0379386879,-0.0538243619,0.00990659666,0.26,-0.00623768955,-0.473580615,0.254864143
1781693877.823744,2026-06-17T18:57:57.823,1781693877.706425,left,base,1,pelvis,200,0.001,-0.0140736,0.256166882,-0.097064,-0.757010148,0.648955009,-0.0725719058,0.0229423172,0.062008236,-0.00847783107,0.336085957,-0.077044229,-0.0457115745,-0.257855635,0.00982357326,1,1,0.0490720654,0.153289223,10,0.096907,,0.0719660232,-0.0252253979,0.31639267,-0.0493535468,-0.0674539119,-0.25702617,-0.0211163995
1781693877.824071,2026-06-17T18:57:57.824,1781693877.756102,right,base,1,pelvis,200,0.001,-0.038598765,-0.274921368,-0.068526,0.693086667,0.701110418,0.167064318,0.0128283629,0.0861020278,-0.0521786379,0.0115911059,0.0134038097,-0.00452815631,-0.370336755,0.247039671,1,1,0.0277225027,0.0363097345,2,0.033654,,0.196794251,-0.0576470732,0.0029667463,-0.160079297,-0.013132589,-0.30248545,0.258605561
1781693877.840535,2026-06-17T18:57:57.840,1781693877.706425,left,base,1,pelvis,200,0.001,-0.0140736,0.256166882,-0.097064,-0.757010148,0.648955009,-0.0725719058,0.0229423172,0.0705657043,-0.0235054486,0.317602971,-0.0492021846,-0.0660558008,-0.25715484,-0.0203378891,1,1,0.048528358,0.142971365,3,0.06777,,0.0478184709,-0.0166280874,0.314782773,-0.00444311374,-0.0693978357,-0.268540942,-0.0257208488
1781693877.841001,2026-06-17T18:57:57.841,1781693877.756102,right,base,1,pelvis,200,0.001,-0.038598765,-0.274921368,-0.068526,0.693086667,0.701110418,0.167064318,0.0128283629,0.136554737,-0.0546650509,0.0113554872,-0.0370488995,-0.00476727526,-0.319884046,0.24813411,1,1,0.0457493138,0.0844278544,3,0.052613,,0.017992147,-0.0566833323,0.00683923992,0.0928884343,-0.00870998219,-0.441641293,0.262747982
1781693877.862074,2026-06-17T18:57:57.862,1781693877.756293,left,base,1,pelvis,200,0.001,-0.0056011,0.270497932,-0.1176625,-0.755705955,0.649775466,-0.079748359,0.0184540666,0.0488917642,-0.0167507416,0.315751576,-0.00498933646,-0.0682786638,-0.268232306,-0.0250962816,1,1,0.0674484583,0.129523003,400,4.895482,using best approximate IK outside the usable position/orientation threshold,0.110863768,-0.0223470369,0.314238274,-0.134394416,-0.0698029498,-0.180162335,-0.0554978021
1781693877.862528,2026-06-17T18:57:57.862,1781693877.772771,right,base,1,pelvis,200,0.001,-0.03750584,-0.276363868,-0.070152,0.694879296,0.699207589,0.167579384,0.0129870151,0.0855813217,-0.0550129115,0.0103769189,0.0139245159,-0.00574311074,-0.370857461,0.250293987,1,1,0.0296155754,0.0390614222,2,0.04521,,0.205162994,-0.0602656906,0.000903842093,-0.177779891,-0.0151940907,-0.293480802,0.261881074
1781693877.878197,2026-06-17T18:57:57.878,1781693877.756293,left,base,1,pelvis,200,0.001,-0.0056011,0.270497932,-0.1176625,-0.755705955,0.649775466,-0.079748359,0.0184540666,0.10971775,-0.0209594459,0.315216351,-0.0696320042,-0.0686731534,-0.203589638,-0.0548556314,1,1,0.0694452047,0.114058681,400,4.290068,using best approximate IK outside the usable position/orientation threshold,0.10971775,-0.0209594459,0.315216351,-0.0696320042,-0.0686731534,-0.203589638,-0.0548556314
1781693877.878685,2026-06-17T18:57:57.878,1781693877.789438,right,base,1,pelvis,200,0.001,-0.036623775,-0.278174218,-0.071848,0.695697341,0.698905102,0.165359837,0.0138921691,0.150223989,-0.0580149301,0.00984172884,-0.0507181519,-0.0061919474,-0.306214793,0.252178062,1,1,0.0463935563,0.118357697,7,0.084322,,0.0355919267,-0.0642027905,-0.00178667822,0.0826486866,-0.0172476772,-0.48430354,0.278966914
1781693877.895817,2026-06-17T18:57:57.895,1781693877.756293,left,base,1,pelvis,200,0.001,-0.0056011,0.270497932,-0.1176625,-0.755705955,0.649775466,-0.079748359,0.0184540666,0.109949193,-0.0210568791,0.315018824,-0.0700514382,-0.0689013207,-0.203361508,-0.0549853205,1,1,0.06945662,0.113593895,400,5.178165,using best approximate IK outside the usable position/orientation threshold,0.109949193,-0.0210568791,0.315018824,-0.0700514382,-0.0689013207,-0.203361508,-0.0549853205
1781693877.896102,2026-06-17T18:57:57.896,1781693877.806105,right,base,1,pelvis,200,0.001,-0.03605997,-0.278984168,-0.0715855,0.696001,0.699425991,0.161703019,0.0154280253,0.10184123,-0.0622039763,0.00876196196,-0.0023353928,-0.00727947698,-0.354597552,0.269591685,1,1,0.0282991556,0.0333153707,2,0.036665,,0.0892503569,-0.0644402999,0.00332921639,0.0323026388,-0.0127065186,-0.374084354,0.274082492
1781693877.913778,2026-06-17T18:57:57.913,1781693877.756293,left,base,1,pelvis,200,0.001,-0.0056011,0.270497932,-0.1176625,-0.755705955,0.649775466,-0.079748359,0.0184540666,0.109896116,-0.0210345347,0.315064123,-0.0699552491,-0.0688489949,-0.203413825,-0.0549555788,1,1,0.0694539963,0.113700476,400,6.114768,using best approximate IK outside the usable position/orientation threshold,0.109896116,-0.0210345347,0.315064123,-0.0699552491,-0.0688489949,-0.203413825,-0.0549555788
1781693877.914390,2026-06-17T18:57:57.914,1781693877.806105,right,base,1,pelvis,200,0.001,-0.03605997,-0.278984168,-0.0715855,0.696001,0.699425991,0.161703019,0.0154280253,0.0766112998,-0.0627088237,0.00734559718,0.0333021629,-0.00861790615,-0.37472488,0.270850496,1,1,0.039509514,0.0334728468,2,0.048489,,0.328414644,-0.066457638,-0.00548791388,-0.40582356,-0.0214650641,-0.182074827,0.273179382
1781693877.928453,2026-06-17T18:57:57.928,1781693877.789629,left,base,1,pelvis,200,0.001,-0.0055874,0.269951332,-0.135952,-0.757215352,0.647873312,-0.0818270613,0.0137628021,0.109850894,-0.0210154969,0.315102718,-0.0698732948,-0.0688044127,-0.2034584,-0.0549302385,1,1,0.0871418546,0.116543478,400,4.283783,using best approximate IK outside the usable position/orientation threshold,0.109850894,-0.0210154969,0.315102718,-0.0698732948,-0.0688044127,-0.2034584,-0.0549302385
1781693877.928705,2026-06-17T18:57:57.928,1781693877.822773,right,base,1,pelvis,200,0.001,-0.036043695,-0.278406818,-0.06889,0.695440884,0.701097599,0.156575066,0.0175608221,0.131487866,-0.0633823184,0.00675646877,-0.021574403,-0.0092176296,-0.319848314,0.27132457,1,1,0.0280490683,0.0395080723,2,0.035076,,-0.018719008,-0.0625259595,0.00673481265,0.236217113,-0.00915917358,-0.435203842,0.271606228
1781693877.945345,2026-06-17T18:57:57.945,1781693877.789629,left,base,1,pelvis,200,0.001,-0.0055874,0.269951332,-0.135952,-0.757215352,0.647873312,-0.0818270613,0.0137628021,0.109821721,-0.0210032158,0.315127616,-0.0698204264,-0.0687756529,-0.203487155,-0.0549138916,1,1,0.0871406263,0.116600822,400,4.27906,using best approximate IK outside the usable position/orientation threshold,0.109821721,-0.0210032158,0.315127616,-0.0698204264,-0.0687756529,-0.203487155,-0.0549138916
1781693877.945651,2026-06-17T18:57:57.945,1781693877.822773,right,base,1,pelvis,200,0.001,-0.036043695,-0.278406818,-0.06889,0.695440884,0.701097599,0.156575066,0.0175608221,0.174473305,-0.0636792307,0.00557431265,-0.0645598423,-0.0104000804,-0.276862875,0.271503646,1,1,0.0466447337,0.11929451,6,0.070448,,0.159187433,-0.0641332941,-0.00323652566,-0.155127631,-0.0185682196,-0.364305816,0.273236538
1781693877.961948,2026-06-17T18:57:57.961,1781693877.856289,left,base,1,pelvis,200,0.001,-0.0336178,0.255794682,-0.1000375,-0.758882649,0.646255913,-0.0800315113,0.00673629853,0.109793771,-0.0209914493,0.31515147,-0.0697697736,-0.0687480984,-0.203514705,-0.0548982298,1,1,0.0512012283,0.0881589573,400,4.1372,using best approximate IK outside the usable position/orientation threshold,0.122106175,-0.0182742352,0.327274623,-0.080177206,-0.0927226162,-0.214733835,-0.120136595
1781693877.962265,2026-06-17T18:57:57.962,1781693877.822773,right,base,1,pelvis,200,0.001,-0.036043695,-0.278406818,-0.06889,0.695440884,0.701097599,0.156575066,0.0175608221,0.175484946,-0.0640016387,0.00429064549,-0.115311528,-0.0116840675,-0.327614561,0.271698099,1,1,0.0447807546,0.124979668,7,0.060917,,0.0361764584,-0.064294946,-0.00141799809,0.0780031496,-0.016687954,-0.480865537,0.276755271
1781693877.978973,2026-06-17T18:57:57.978,1781693877.856289,left,base,1,pelvis,200,0.001,-0.0336178,0.255794682,-0.1000375,-0.758882649,0.646255913,-0.0800315113,0.00673629853,0.12180559,-0.0183064112,0.326952861,-0.0801420932,-0.0924250644,-0.214657996,-0.104690043,1,1,0.0511046705,0.0931524798,400,4.20252,using best approximate IK outside the usable position/orientation threshold,0.12180559,-0.0183064112,0.326952861,-0.0801420932,-0.0924250644,-0.214657996,-0.104690043
1781693877.979668,2026-06-17T18:57:57.979,1781693877.872777,right,base,1,pelvis,200,0.001,-0.03419885,-0.276374168,-0.063245,0.696869531,0.701420309,0.148449797,0.0185759195,0.125693133,-0.0640172223,0.00339967997,-0.0655197155,-0.012498921,-0.377406374,0.271880199,1,1,0.0431579833,0.12392639,5,0.067818,,0.00739735246,-0.0602254661,0.00127727135,0.110545072,-0.0140755207,-0.472721903,0.265248923
1781693877.996311,2026-06-17T18:57:57.996,1781693877.856289,left,base,1,pelvis,200,0.001,-0.0336178,0.255794682,-0.1000375,-0.758882649,0.646255913,-0.0800315113,0.00673629853,0.1218943,-0.0182969153,0.32704782,-0.0801524559,-0.092512879,-0.214680212,-0.104796654,1,1,0.0510990762,0.0930925796,400,4.896957,using best approximate IK outside the usable position/orientation threshold,0.1218943,-0.0182969153,0.32704782,-0.0801524559,-0.092512879,-0.214680212,-0.104796654
1781693877.996765,2026-06-17T18:57:57.996,1781693877.889444,right,base,1,pelvis,200,0.001,-0.03224922,-0.274920918,-0.059326,0.698437229,0.700612027,0.145020153,0.0172446747,0.0733879118,-0.0640528975,0.00278082122,-0.013214494,-0.0130370266,-0.429711596,0.271459566,1,1,0.0354825155,0.136402558,2,0.039818,,0.0582328934,-0.0625769021,0.00248120067,0.0341129748,-0.0133166781,-0.450249378,0.268757701
1781693878.008253,2026-06-17T18:57:58.008,1781693877.872979,left,base,1,pelvis,200,0.001,-0.02666755,0.253833832,-0.0962505,-0.756778819,0.648809082,-0.0793786642,0.00562326316,0.12186616,-0.0182999275,0.327017698,-0.0801491688,-0.0924850236,-0.214673165,-0.104762836,1,1,0.0480081231,0.110200591,3,0.062042,,0.0661481471,-0.00299648477,0.326398922,-0.00257566552,-0.0935675943,-0.252328533,-0.100085927
1781693878.008774,2026-06-17T18:57:58.008,1781693877.889444,right,base,1,pelvis,200,0.001,-0.03224922,-0.274920918,-0.059326,0.698437229,0.700612027,0.145020153,0.0172446747,0.046453079,-0.0635510007,0.00258365847,0.0350472058,-0.0131732059,-0.450537855,0.270645155,1,1,0.0357365564,0.135364194,2,0.041901,,0.112045519,-0.0623282504,-1.589926e-05,-0.0645537071,-0.0158053905,-0.404808422,0.267156923
1781693878.031210,2026-06-17T18:57:58.031,1781693877.923004,left,base,1,pelvis,200,0.001,-0.0139699,0.252936382,-0.1054625,-0.753759379,0.652679491,-0.0764559204,0.0032821176,0.0856334506,-0.00304131768,0.326736687,-0.0439164589,-0.0931722508,-0.250905875,-0.100287456,1,1,0.0571619248,0.137930844,400,6.31066,using best approximate IK outside the usable position/orientation threshold,0.0856334506,-0.00304131768,0.326736687,-0.0439164589,-0.0931722508,-0.250905875,-0.100287456
1781693878.031642,2026-06-17T18:57:58.031,1781693877.889444,right,base,1,pelvis,200,0.001,-0.03224922,-0.274920918,-0.059326,0.698437229,0.700612027,0.145020153,0.0172446747,0.0826857889,-0.0634560828,0.0025736748,-0.00118550413,-0.0131871861,-0.414305145,0.270461238,1,1,0.0262555961,0.103960718,2,0.041632,,0.0858088145,-0.0620926189,0.00170949803,0.00526485022,-0.0140496432,-0.41517178,0.26758186
1781693878.045925,2026-06-17T18:57:58.045,1781693877.923004,left,base,1,pelvis,200,0.001,-0.0139699,0.252936382,-0.1054625,-0.753759379,0.652679491,-0.0764559204,0.0032821176,0.0853760539,-0.00302575471,0.326619438,-0.0438892555,-0.0933094875,-0.250929961,-0.100217499,1,1,0.0571711575,0.137973224,400,4.25799,using best approximate IK outside the usable position/orientation threshold,0.0853760539,-0.00302575471,0.326619438,-0.0438892555,-0.0933094875,-0.250929961,-0.100217499
1781693878.046197,2026-06-17T18:57:58.046,1781693877.922779,right,base,1,pelvis,200,0.001,-0.03030316,-0.274377818,-0.0545465,0.700372288,0.700120121,0.138214338,0.014396932,0.0940451607,-0.0632484957,0.00209704162,0.000984735723,-0.0136690889,-0.412323461,0.269853051,1,1,0.0166154218,0.104105036,2,0.033884,,0.0966209342,-0.0616764028,0.0012949367,0.00167737574,-0.0144722442,-0.407060319,0.266303492
1781693878.062630,2026-06-17T18:57:58.062,1781693877.939632,left,base,1,pelvis,200,0.001,-0.00815235,0.259789232,-0.107263,-0.75248378,0.654383323,-0.0744610973,0.0024845222,0.0854430502,-0.0030298055,0.326649956,-0.0438963361,-0.0932737669,-0.250923692,-0.100235707,1,1,0.0575049132,0.142742594,400,4.19705,using best approximate IK outside the usable position/orientation threshold,0.0854430502,-0.0030298055,0.326649956,-0.0438963361,-0.0932737669,-0.250923692,-0.100235707
1781693878.062868,2026-06-17T18:57:58.062,1781693877.922779,right,base,1,pelvis,200,0.001,-0.03030316,-0.274377818,-0.0545465,0.700372288,0.700120121,0.138214338,0.014396932,0.0929981549,-0.0631015604,0.00204777701,0.00152882462,-0.0137174651,-0.40736058,0.269564337,1,1,0.016384878,0.100190147,2,0.025678,,0.0962413668,-0.0615570993,0.00122295429,0.00107985444,-0.0145439829,-0.401982311,0.266046337
1781693878.079437,2026-06-17T18:57:58.079,1781693877.939632,left,base,1,pelvis,200,0.001,-0.00815235,0.259789232,-0.107263,-0.75248378,0.654383323,-0.0744610973,0.0024845222,0.0855025361,-0.0030334022,0.326677053,-0.043902623,-0.0932420507,-0.250918126,-0.100251875,1,1,0.0575067541,0.142733335,400,4.16767,using best approximate IK outside the usable position/orientation threshold,0.0855025361,-0.0030334022,0.326677053,-0.043902623,-0.0932420507,-0.250918126,-0.100251875
1781693878.079716,2026-06-17T18:57:58.079,1781693877.922779,right,base,1,pelvis,200,0.001,-0.03030316,-0.274377818,-0.0545465,0.700372288,0.700120121,0.138214338,0.014396932,0.0935417691,-0.0628877091,0.00193480997,0.00155111538,-0.013830723,-0.402248991,0.268992827,1,1,0.0156847516,0.0951841514,2,0.033743,,0.0966050687,-0.0613715766,0.00111359274,0.000963738846,-0.0146536275,-0.397011379,0.265532353
1781693878.096315,2026-06-17T18:57:58.096,1781693877.939632,left,base,1,pelvis,200,0.001,-0.00815235,0.259789232,-0.107263,-0.75248378,0.654383323,-0.0744610973,0.0024845222,0.0855472985,-0.00303610867,0.326697443,-0.0439073537,-0.0932181846,-0.250913937,-0.100264041,1,1,0.0575081566,0.142726399,400,4.329608,using best approximate IK outside the usable position/orientation threshold,0.0855472985,-0.00303610867,0.326697443,-0.0439073537,-0.0932181846,-0.250913937,-0.100264041
1781693878.096574,2026-06-17T18:57:58.096,1781693877.922779,right,base,1,pelvis,200,0.001,-0.03030316,-0.274377818,-0.0545465,0.700372288,0.700120121,0.138214338,0.014396932,0.0939746872,-0.0626743273,0.001820654,0.00145520591,-0.0139451042,-0.397244724,0.268007307,1,1,0.0121328687,0.074424328,2,0.033814,,0.102379648,-0.0581768458,-0.000618487921,-2.83138616e-05,-0.0163888018,-0.382323228,0.257867621
1781693878.113142,2026-06-17T18:57:58.113,1781693877.939632,left,base,1,pelvis,200,0.001,-0.00815235,0.259789232,-0.107263,-0.75248378,0.654383323,-0.0744610973,0.0024845222,0.0855796586,-0.00303806526,0.326712184,-0.0439107738,-0.0932009311,-0.250910909,-0.100272836,1,1,0.0575091797,0.1427214,400,4.269844,using best approximate IK outside the usable position/orientation threshold,0.0855796586,-0.00303806526,0.326712184,-0.0439107738,-0.0932009311,-0.250910909,-0.100272836
1781693878.113401,2026-06-17T18:57:58.113,1781693877.939448,right,base,1,pelvis,200,0.001,-0.03071268,-0.275215018,-0.05448,0.701007212,0.70020898,0.134603916,0.0133438965,0.0977930366,-0.0624604169,0.00170455519,0.000384027916,-0.0140614431,-0.38254155,0.259948344,1,1,0.0108907776,0.0657902474,2,0.034259,,0.100103604,-0.0580969029,-0.00055542314,0.00413951611,-0.0163220592,-0.369421713,0.250952073
1781693878.129930,2026-06-17T18:57:58.129,1781693877.939632,left,base,1,pelvis,200,0.001,-0.00815235,0.259789232,-0.107263,-0.75248378,0.654383323,-0.0744610973,0.0024845222,0.0856019432,-0.00303941265,0.326722335,-0.043913129,-0.0931890496,-0.250908823,-0.100278892,1,1,0.0575098887,0.142717966,400,4.277179,using best approximate IK outside the usable position/orientation threshold,0.0856019432,-0.00303941265,0.326722335,-0.043913129,-0.0931890496,-0.250908823,-0.100278892
1781693878.130204,2026-06-17T18:57:58.130,1781693877.972783,right,base,1,pelvis,200,0.001,-0.03066799,-0.276525118,-0.055788,0.702777567,0.699166872,0.131053878,0.0097086462,0.0985894369,-0.0617166353,0.00130119158,0.00229951359,-0.014465556,-0.369619032,0.252680571,1,1,0.0111949812,0.0612719482,2,0.033304,,0.103901255,-0.0585899512,-0.0015143527,-0.00526796213,-0.0172854478,-0.349363039,0.24658568
1781693878.146691,2026-06-17T18:57:58.146,1781693877.939632,left,base,1,pelvis,200,0.001,-0.00815235,0.259789232,-0.107263,-0.75248378,0.654383323,-0.0744610973,0.0024845222,0.0856164924,-0.00304029234,0.326728963,-0.0439146666,-0.0931812924,-0.250907462,-0.100282847,1,1,0.0575103535,0.142715727,400,4.167117,using best approximate IK outside the usable position/orientation threshold,0.0856164924,-0.00304029234,0.326728963,-0.0439146666,-0.0931812924,-0.250907462,-0.100282847
1781693878.147137,2026-06-17T18:57:58.147,1781693877.972783,right,base,1,pelvis,200,0.001,-0.03066799,-0.276525118,-0.055788,0.702777567,0.699166872,0.131053878,0.0097086462,0.100801073,-0.0610560856,0.000962385774,-0.00498378556,-0.0148043415,-0.349545839,0.248003429,1,1,0.010648468,0.0500323663,2,0.033538,,0.0851972018,-0.0579662733,-0.0012264826,0.0254619259,-0.0169842366,-0.350066532,0.243165238
1781693878.163446,2026-06-17T18:57:58.163,1781693877.956299,left,base,1,pelvis,200,0.001,-0.0033673,0.265804032,-0.106722,-0.751428136,0.655814636,-0.0724915938,0.0028087833,0.0856253815,-0.0030408298,0.326733012,-0.0439156061,-0.0931765529,-0.25090663,-0.100285263,1,1,0.0568567817,0.145483536,400,4.144255,using best approximate IK outside the usable position/orientation threshold,0.0856253815,-0.0030408298,0.326733012,-0.0439156061,-0.0931765529,-0.25090663,-0.100285263
1781693878.163703,2026-06-17T18:57:58.163,1781693878.072788,right,base,1,pelvis,200,0.001,-0.032232865,-0.281298268,-0.0551285,-0.714004528,-0.689436456,-0.121928892,0.0028727196,0.0875227456,-0.0605692082,0.000473414864,0.0242363378,-0.0152941747,-0.349509749,0.244306028,1,1,0.0100071505,0.0701717728,2,0.026177,,0.142513186,-0.0632559576,-0.00767899322,-0.0795145584,-0.0234250415,-0.281736764,0.247877596
1781693878.176475,2026-06-17T18:57:58.176,1781693878.089630,left,base,1,pelvis,200,0.001,-0.0333861,0.261311632,-0.0824315,0.754462568,-0.651834905,0.0765964694,0.00552006252,0.0856301615,-0.00304111881,0.326735189,-0.0439161113,-0.0931740044,-0.250906183,-0.100286562,1,1,0.0393359702,0.140157225,2,0.051542,,-0.0201360589,0.0338069594,0.322599232,0.169338207,-0.0972411015,-0.342246081,-0.094199284
1781693878.176803,2026-06-17T18:57:58.176,1781693878.089455,right,base,1,pelvis,200,0.001,-0.033557545,-0.283094768,-0.0535335,-0.718904385,-0.685130794,-0.117202705,0.00598390829,0.135969878,-0.0629841442,-0.00574527402,-0.0242107944,-0.0214804388,-0.301062617,0.246621102,1,1,0.00899198858,0.0510741503,2,0.035961,,0.0767491092,-0.0656326753,-0.0107832815,0.0510359151,-0.0265339979,-0.306766766,0.251026504
1781693878.193000,2026-06-17T18:57:58.193,1781693878.106326,left,base,1,pelvis,200,0.001,-0.03097225,0.257830532,-0.0760765,0.754050657,-0.652223072,0.0773243506,0.00579800813,0.04635833,0.0335320631,0.324463625,-0.00464427975,-0.0950594725,-0.290178014,-0.0953144141,1,1,0.0462996907,0.179963347,2,0.055066,,0.0406426449,0.0290045958,0.320289587,0.0232690008,-0.0992148221,-0.300240696,-0.0917923135
1781693878.193322,2026-06-17T18:57:58.193,1781693878.089455,right,base,1,pelvis,200,0.001,-0.033557545,-0.283094768,-0.0535335,-0.718904385,-0.685130794,-0.117202705,0.00598390829,0.0966980462,-0.0653233672,-0.00859361171,0.0150610372,-0.0243320141,-0.306120394,0.249602814,1,1,0.00721817694,0.0497691822,2,0.028943,,0.116739151,-0.0664971433,-0.0148460464,-0.0333917288,-0.0305759622,-0.266017365,0.251386051
1781693878.209883,2026-06-17T18:57:58.209,1781693878.106326,left,base,1,pelvis,200,0.001,-0.03097225,0.257830532,-0.0760765,0.754050657,-0.652223072,0.0773243506,0.00579800813,0.0388505017,0.0311958294,0.321853216,0.0234188805,-0.0973855956,-0.30037983,-0.0927281998,1,1,0.0419726525,0.169209594,2,0.051551,,0.10091658,0.00522689332,0.320050817,-0.0822458177,-0.0992623199,-0.249173061,-0.0963422549
1781693878.210472,2026-06-17T18:57:58.210,1781693878.089455,right,base,1,pelvis,200,0.001,-0.033557545,-0.283094768,-0.0535335,-0.718904385,-0.685130794,-0.117202705,0.00598390829,0.114929564,-0.0662503045,-0.013099893,-0.0332090782,-0.0288200161,-0.266175481,0.25025215,1,1,0.00715521141,0.0403247794,2,0.040061,,0.0548227161,-0.0675006012,-0.0159222239,0.0723371753,-0.0316452122,-0.302445167,0.253038725
1781693878.226650,2026-06-17T18:57:58.226,1781693878.106326,left,base,1,pelvis,200,0.001,-0.03097225,0.257830532,-0.0760765,0.754050657,-0.652223072,0.0773243506,0.00579800813,0.0903753793,0.00704570003,0.321339957,-0.028105997,-0.097754328,-0.249314414,-0.0954725414,1,1,0.0301003592,0.125174725,2,0.047199,,0.0286673749,0.0243332642,0.317212934,0.0922720374,-0.101810521,-0.297234308,-0.0906355659
1781693878.226991,2026-06-17T18:57:58.226,1781693878.106122,right,base,1,pelvis,200,0.001,-0.03442891,-0.283943018,-0.053196,-0.72060099,-0.684392317,-0.110962986,0.00534656031,0.0634046866,-0.0672939987,-0.0144638348,0.0183157994,-0.030178651,-0.302017698,0.252091194,1,1,0.01037557,0.0679806565,2,0.028342,,0.112811386,-0.067602017,-0.0201453781,-0.0433041554,-0.0358765345,-0.269828989,0.250815299
1781693878.243511,2026-06-17T18:57:58.243,1781693878.139634,left,base,1,pelvis,200,0.001,-0.02876255,0.256154732,-0.077864,0.753481974,-0.652767114,0.0782433314,0.00616362126,0.0400850332,0.0241532087,0.318469489,0.0221843491,-0.100341039,-0.296819028,-0.0913873095,1,1,0.0405476967,0.161925333,2,0.047458,,0.101109084,-0.000499014154,0.316718506,-0.0834074723,-0.10216075,-0.244796226,-0.0957238998
1781693878.243914,2026-06-17T18:57:58.243,1781693878.156126,right,base,1,pelvis,200,0.001,-0.037984575,-0.287547818,-0.051745,-0.723376434,-0.684508665,-0.0903887732,0.00207184141,0.111079911,-0.0673648546,-0.0184691771,-0.0319745468,-0.0341909502,-0.269978211,0.251602169,1,1,0.00652934079,0.0713110137,2,0.031073,,0.0698095616,-0.0703053791,-0.0206628822,0.0499018777,-0.0362283932,-0.29201145,0.245288223
1781693878.260318,2026-06-17T18:57:58.260,1781693878.139634,left,base,1,pelvis,200,0.001,-0.02876255,0.256154732,-0.077864,0.753481974,-0.652767114,0.0782433314,0.00616362126,0.0900542295,0.00126492263,0.317968388,-0.0277848472,-0.100699185,-0.246849831,-0.09488212,1,1,0.0304748184,0.118803172,2,0.056276,,0.0247014818,0.0201163521,0.314215934,0.0977736835,-0.104383014,-0.296351566,-0.0900570899
1781693878.260604,2026-06-17T18:57:58.260,1781693878.156126,right,base,1,pelvis,200,0.001,-0.037984575,-0.287547818,-0.051745,-0.723376434,-0.684508665,-0.0903887732,0.00207184141,0.0710772477,-0.0701188254,-0.0193530333,0.0179946496,-0.0349112903,-0.29163303,0.245905576,1,1,0.0139035014,0.0910345022,2,0.029531,,0.0828661982,-0.0700187702,-0.0205966803,0.00405550693,-0.0361774471,-0.282347929,0.243222031
1781693878.277145,2026-06-17T18:57:58.277,1781693878.189659,left,base,1,pelvis,200,0.001,-0.0262645,0.239893082,-0.0763295,0.752196839,-0.653740781,0.0823093118,0.00693421219,0.0400056398,0.0199307415,0.315528445,0.0222637425,-0.102848587,-0.295918786,-0.0908416664,1,1,0.044307043,0.157963034,2,0.06922,,0.0976881528,-0.00867824087,0.312996545,-0.0786519703,-0.105454843,-0.246572915,-0.0901163974
1781693878.277571,2026-06-17T18:57:58.277,1781693878.189461,right,base,1,pelvis,200,0.001,-0.04070545,-0.292329118,-0.050979,0.723816812,0.685273514,0.0805454359,0.00136650853,0.0818379108,-0.0701620975,-0.0196568594,0.00414711735,-0.035216799,-0.282432992,0.243696926,1,1,0.014734142,0.0993167818,2,0.040352,,0.0865731477,-0.07151937,-0.0207391185,0.00310131515,-0.0363071642,-0.278744836,0.241201609
1781693878.293715,2026-06-17T18:57:58.293,1781693878.189659,left,base,1,pelvis,200,0.001,-0.0262645,0.239893082,-0.0763295,0.752196839,-0.653740781,0.0823093118,0.00693421219,0.0911321199,-0.00694096621,0.314226505,-0.0288627376,-0.1040171,-0.246708686,-0.0907011838,1,1,0.0328532983,0.11487379,2,0.046985,,0.0257447258,0.00723092213,0.310257245,0.0946268804,-0.107906292,-0.295547788,-0.0816980497
1781693878.294097,2026-06-17T18:57:58.294,1781693878.189461,right,base,1,pelvis,200,0.001,-0.04070545,-0.292329118,-0.050979,0.723816812,0.685273514,0.0805454359,0.00136650853,0.0858024758,-0.0714117976,-0.0199860844,0.0031701417,-0.0355499592,-0.278809471,0.241557612,1,1,0.0124989822,0.0925551316,2,0.038915,,0.0892421414,-0.072412642,-0.0209770017,0.00290778528,-0.0365465454,-0.275156977,0.238945041
1781693878.310630,2026-06-17T18:57:58.310,1781693878.206367,left,base,1,pelvis,200,0.001,-0.027639,0.234639532,-0.070546,0.752044271,-0.653314043,0.0868955695,0.00770299933,0.0415906465,0.00706992938,0.311441065,0.0206787358,-0.106522843,-0.295158449,-0.0824085593,1,1,0.040000715,0.15119323,2,0.049344,,0.0869593462,-0.0161810314,0.308769636,-0.0550825664,-0.109259209,-0.258235233,-0.08203546
1781693878.311006,2026-06-17T18:57:58.311,1781693878.189461,right,base,1,pelvis,200,0.001,-0.04070545,-0.292329118,-0.050979,0.723816812,0.685273514,0.0805454359,0.00136650853,0.0886735223,-0.0723331698,-0.0204218643,0.0029585582,-0.0359883331,-0.275205331,0.23920791,1,1,0.00650920941,0.0710025208,2,0.028939,,0.0966471755,-0.0744624301,-0.0231521213,0.00250708184,-0.0387331498,-0.263791631,0.231190615
1781693878.327295,2026-06-17T18:57:58.327,1781693878.206367,left,base,1,pelvis,200,0.001,-0.027639,0.234639532,-0.070546,0.752044271,-0.653314043,0.0868955695,0.00770299933,0.08583899,-0.0148156413,0.309735886,-0.0299642314,-0.108130168,-0.25833717,-0.0822776298,1,1,0.0304145277,0.122528494,2,0.043161,,0.0323977888,-0.004346737,0.306323861,0.0753199662,-0.111458877,-0.300534894,-0.0747320321
1781693878.327560,2026-06-17T18:57:58.327,1781693878.189461,right,base,1,pelvis,200,0.001,-0.04070545,-0.292329118,-0.050979,0.723816812,0.685273514,0.0805454359,0.00136650853,0.0962415485,-0.0744055957,-0.0227568218,0.00254326433,-0.0383356608,-0.263827633,0.231378742,1,1,0.00434640868,0.0544353921,2,0.026966,,0.0982326165,-0.0743010265,-0.024570188,0.00226447241,-0.0401583117,-0.25120586,0.223226323
1781693878.344161,2026-06-17T18:57:58.344,1781693878.206367,left,base,1,pelvis,200,0.001,-0.027639,0.234639532,-0.070546,0.752044271,-0.653314043,0.0868955695,0.00770299933,0.0362281368,-0.00444949477,0.307107569,0.0196466218,-0.11054334,-0.30027598,-0.0752038542,1,1,0.0388579301,0.153758559,2,0.045404,,0.0818630131,-0.0246180776,0.304801512,-0.0534839211,-0.112904288,-0.264784842,-0.0772324775
1781693878.344515,2026-06-17T18:57:58.344,1781693878.272801,right,base,1,pelvis,200,0.001,-0.05371826,-0.306220068,-0.0535595,0.723783711,0.687073029,0.0631309163,0.00907083352,0.0978685536,-0.0744229882,-0.0242154103,0.00229696007,-0.0398015691,-0.251239742,0.223396084,1,1,0.0116410243,0.0654827318,2,0.029076,,0.113494852,-0.0865913284,-0.0269736655,-0.00262552323,-0.0425789224,-0.247147165,0.221468732
1781693878.360957,2026-06-17T18:57:58.360,1781693878.289661,left,base,1,pelvis,200,0.001,-0.046644545,0.250551982,-0.01916,-0.719174476,0.681978923,-0.0550263494,0.121098816,0.0810946127,-0.0236777006,0.305466456,-0.0311630001,-0.112127582,-0.264853128,-0.0767917412,1,1,0.0402184711,0.190165987,2,0.086584,,0.17084212,-0.0518094756,0.299238959,-0.175734866,-0.118609804,-0.219088412,-0.0688162802
1781693878.361398,2026-06-17T18:57:58.361,1781693878.272801,right,base,1,pelvis,200,0.001,-0.05371826,-0.306220068,-0.0535595,0.723783711,0.687073029,0.0631309163,0.00907083352,0.1131348,-0.0865396684,-0.0266243431,-0.00259295601,-0.0422276648,-0.247181001,0.221635959,1,1,0.00837618501,0.0500332119,2,0.045535,,0.109985791,-0.0902293104,-0.0275251968,0.0108652727,-0.0431115119,-0.246558535,0.214151586
1781693878.377655,2026-06-17T18:57:58.377,1781693878.289661,left,base,1,pelvis,200,0.001,-0.046644545,0.250551982,-0.01916,-0.719174476,0.681978923,-0.0550263494,0.121098816,0.131990065,-0.0509534383,0.299840963,-0.0820584526,-0.117906808,-0.219161141,-0.0691791087,1,1,0.0279892257,0.206818717,2,0.055277,,0.260893048,-0.0881406495,0.292851411,-0.312584364,-0.125516043,-0.131806448,-0.0693674983
1781693878.378041,2026-06-17T18:57:58.378,1781693878.289469,right,base,1,pelvis,200,0.001,-0.05873611,-0.310407318,-0.05555,0.725106214,0.685864693,0.0605384489,0.0120705081,0.110312768,-0.09017804,-0.0271814423,0.0106931389,-0.0427658559,-0.246591896,0.214317008,1,1,0.0109201437,0.0429991678,2,0.041258,,0.145050331,-0.0937502593,-0.0300520251,-0.0416882936,-0.0457020571,-0.220463486,0.20750071
1781693878.394368,2026-06-17T18:57:58.394,1781693878.289661,left,base,1,pelvis,200,0.001,-0.046644545,0.250551982,-0.01916,-0.719174476,0.681978923,-0.0550263494,0.121098816,0.181917061,-0.0870907327,0.293584137,-0.131985449,-0.124660557,-0.169234144,-0.0691015129,1,1,0.0309109021,0.244360501,2,0.065259,,0.289770561,-0.112216139,0.286108616,-0.332985094,-0.133178939,-0.0924490331,-0.0724641608
1781693878.394773,2026-06-17T18:57:58.394,1781693878.289469,right,base,1,pelvis,200,0.001,-0.05873611,-0.310407318,-0.05555,0.725106214,0.685864693,0.0605384489,0.0120705081,0.144689157,-0.0936981146,-0.0297050028,-0.0392338573,-0.045353109,-0.220500346,0.207668373,1,1,0.010909047,0.0321278233,2,0.042451,,0.0526826561,-0.0971522112,-0.0268161027,0.129729565,-0.0422704733,-0.29206748,0.204096725
1781693878.411121,2026-06-17T18:57:58.411,1781693878.306339,left,base,1,pelvis,200,0.001,-0.05691055,0.256777632,0.0147605,-0.686627734,0.698085197,-0.0274752617,0.201157956,0.232125153,-0.111374009,0.286693978,-0.182193541,-0.132495555,-0.119026053,-0.0720801839,1,1,0.0441294653,0.410666834,3,0.06539,,0.476738135,-0.161905467,0.266072903,-0.636201071,-0.161048655,0.0368779983,-0.0683721986
1781693878.411533,2026-06-17T18:57:58.411,1781693878.322803,right,base,1,pelvis,200,0.001,-0.06311181,-0.320180718,-0.055958,0.728564739,0.682226494,0.0586838535,0.0177942872,0.0944810655,-0.0967102808,-0.0296748847,0.0109742344,-0.0451132663,-0.270708438,0.205509884,1,1,0.0167441348,0.0615885105,2,0.026239,,0.154402747,-0.104813648,-0.0352489936,-0.0542684145,-0.0507497878,-0.247712285,0.206038733
1781693878.427912,2026-06-17T18:57:58.427,1781693878.306339,left,base,1,pelvis,200,0.001,-0.05691055,0.256777632,0.0147605,-0.686627734,0.698085197,-0.0274752617,0.201157956,0.282178034,-0.157574399,0.269066217,-0.232246422,-0.157548785,-0.0689731713,-0.0701530916,1,1,0.0472474749,0.41616057,4,0.062486,,0.511879279,-0.176535391,0.248850831,-0.67719156,-0.192572124,0.0650889618,-0.0668088599
1781693878.428187,2026-06-17T18:57:58.428,1781693878.322803,right,base,1,pelvis,200,0.001,-0.06311181,-0.320180718,-0.055958,0.728564739,0.682226494,0.0586838535,0.0177942872,0.144533947,-0.104317996,-0.0320284397,-0.0390786468,-0.0475115643,-0.24802267,0.205253983,1,1,0.0146190912,0.0447431584,2,0.028205,,0.0372147371,-0.110961053,-0.0294575392,0.171315093,-0.0447585906,-0.339772578,0.206899374
1781693878.444796,2026-06-17T18:57:58.444,1781693878.306339,left,base,1,pelvis,200,0.001,-0.05691055,0.256777632,0.0147605,-0.686627734,0.698085197,-0.0274752617,0.201157956,0.3321036,-0.17278596,0.251449433,-0.282171987,-0.189522119,-0.0190476056,-0.0683460363,1,1,0.0425401502,0.402241175,5,0.070807,,0.543635573,-0.175831546,0.236814541,-0.726460222,-0.224317492,0.0971549683,-0.058359801
1781693878.445148,2026-06-17T18:57:58.445,1781693878.356139,right,base,1,pelvis,200,0.001,-0.07106506,-0.338274368,-0.051217,0.732166942,0.678643122,0.0525976653,0.0246691583,0.094608381,-0.110248369,-0.0325908071,0.0108469189,-0.0480770172,-0.297948236,0.205391015,1,1,0.0354351691,0.10001164,2,0.028191,,0.117043629,-0.116342609,-0.0355507869,-0.00820258895,-0.051057595,-0.292833169,0.209301878
1781693878.461579,2026-06-17T18:57:58.461,1781693878.339665,left,base,1,pelvis,200,0.001,-0.052226165,0.248620032,0.0208295,-0.676889702,0.716995094,0.0295349465,0.163908672,0.382998337,-0.173331684,0.239045437,-0.333066725,-0.221683673,0.0318471316,-0.0596806262,1,1,0.0444405559,0.372726064,5,0.072054,,0.572361331,-0.190538653,0.220447588,-0.7905285,-0.262630764,0.205974901,-0.0382074178
1781693878.461852,2026-06-17T18:57:58.461,1781693878.356139,right,base,1,pelvis,200,0.001,-0.07106506,-0.338274368,-0.051217,0.732166942,0.678643122,0.0525976653,0.0246691583,0.113098872,-0.115736938,-0.0320882269,-0.00783864736,-0.0475447372,-0.293141427,0.206887427,1,1,0.0308470149,0.0961647261,2,0.027569,,0.112945915,-0.121179867,-0.0339549142,0.0108729791,-0.0493973538,-0.303729985,0.210521447
1781693878.478418,2026-06-17T18:57:58.478,1781693878.339665,left,base,1,pelvis,200,0.001,-0.052226165,0.248620032,0.0208295,-0.676889702,0.716995094,0.0295349465,0.163908672,0.433131327,-0.187803487,0.222357133,-0.383199715,-0.260362223,0.0819801215,-0.0393457588,1,1,0.03985119,0.349231561,6,0.103397,,0.591823583,-0.196238061,0.209861214,-0.83287529,-0.298598982,0.244657431,-0.0142162514
1781693878.478860,2026-06-17T18:57:58.478,1781693878.372806,right,base,1,pelvis,200,0.001,-0.07610861,-0.339617868,-0.0495655,0.735445477,0.675285811,0.0471049495,0.029835343,0.113751656,-0.120668945,-0.0326612165,0.00927528873,-0.0481260502,-0.302797182,0.208505162,1,1,0.0291690532,0.0981738781,2,0.045684,,0.131465453,-0.124769944,-0.0356934653,-0.00498851241,-0.0511756149,-0.298724577,0.209889242
1781693878.495084,2026-06-17T18:57:58.495,1781693878.356340,left,base,1,pelvis,200,0.001,-0.04386661,0.244467032,0.0034775,-0.679062978,0.723019938,0.0415792237,0.119945029,0.484389414,-0.193929669,0.211476946,-0.434457802,-0.296664843,0.133238209,-0.0151905127,1,1,0.0439006699,0.296915846,6,0.11093,,0.52120723,-0.187607226,0.209350956,-0.732985464,-0.318492415,0.280071136,0.00423318625
1781693878.495461,2026-06-17T18:57:58.495,1781693878.372806,right,base,1,pelvis,200,0.001,-0.07610861,-0.339617868,-0.0495655,0.735445477,0.675285811,0.0471049495,0.029835343,0.128742064,-0.124346008,-0.0330593553,-0.00474149026,-0.0485270724,-0.29893085,0.208861646,1,1,0.0253343293,0.0939186464,2,0.038701,,0.130858489,-0.127960532,-0.0352036019,0.00640119109,-0.0506627361,-0.305177727,0.210053131
1781693878.511906,2026-06-17T18:57:58.511,1781693878.389688,left,base,1,pelvis,200,0.001,-0.02840545,0.250924532,-0.046293,-0.672682023,0.732712559,0.0311719666,0.0982828119,0.522397191,-0.18768191,0.210704482,-0.484270357,-0.31686204,0.183050764,0.00340751575,1,1,0.0411779652,0.248842742,7,0.079949,,0.208746611,-0.103530773,0.234172983,-0.227310499,-0.305149689,0.117642167,0.0797395342
1781693878.512350,2026-06-17T18:57:58.512,1781693878.406141,right,base,1,pelvis,200,0.001,-0.08353501,-0.337413368,-0.048982,0.741940891,0.668058203,0.0399385464,0.0403343972,0.129235946,-0.127611041,-0.033537046,0.00532790036,-0.0490073805,-0.304547995,0.209047998,1,1,0.0268760267,0.1074946,2,0.029671,,0.142956677,-0.128942028,-0.0368214971,-0.00171487311,-0.0523033077,-0.304828522,0.206564379
1781693878.528694,2026-06-17T18:57:58.528,1781693878.389688,left,base,1,pelvis,200,0.001,-0.02840545,0.250924532,-0.046293,-0.672682023,0.732712559,0.0311719666,0.0982828119,0.522191074,-0.187668974,0.210470033,-0.53469088,-0.317144443,0.233471287,0.00355053297,1,1,0.0464842818,0.265472294,6,0.078832,,0.242207555,-0.113160299,0.23337928,-0.280553259,-0.305532293,0.153957684,0.0721859461
1781693878.529014,2026-06-17T18:57:58.529,1781693878.422810,right,base,1,pelvis,200,0.001,-0.08524171,-0.339226118,-0.049353,0.744046181,0.665478573,0.0397504004,0.0441979163,0.141151376,-0.128659538,-0.035081524,-0.00155378164,-0.0505538051,-0.304669811,0.207403605,1,1,0.0249860864,0.106424937,2,0.026852,,0.146988126,-0.130365126,-0.0381960673,0.00374968416,-0.0536646837,-0.310156202,0.205271128
1781693878.545463,2026-06-17T18:57:58.545,1781693878.423010,left,base,1,pelvis,200,0.001,-0.03181335,0.256663632,-0.042008,-0.675833401,0.730897593,0.0179259836,0.0933626321,0.472216155,-0.137694055,0.226778759,-0.484715961,-0.310956283,0.183496368,0.0535254513,1,1,0.0462564465,0.22542075,5,0.076236,,0.304611607,-0.108837036,0.231641213,-0.367210653,-0.308551814,0.155597989,0.0876150004
1781693878.545797,2026-06-17T18:57:58.545,1781693878.422810,right,base,1,pelvis,200,0.001,-0.08524171,-0.339226118,-0.049353,0.744046181,0.665478573,0.0397504004,0.0441979163,0.145545736,-0.130139035,-0.0368071066,0.00306028601,-0.0522681262,-0.309748503,0.205941363,1,1,0.0218912266,0.100895694,2,0.036885,,0.154865571,-0.131206396,-0.0399447201,-0.000637418131,-0.0554119504,-0.310037435,0.203317887
1781693878.562203,2026-06-17T18:57:58.562,1781693878.439662,left,base,1,pelvis,200,0.001,-0.03199605,0.256860782,-0.0426235,-0.678989363,0.728402865,0.0112760821,0.0909701164,0.421839979,-0.109265134,0.22752702,-0.434339785,-0.310341398,0.154666221,0.0844064078,1,1,0.0486611862,0.212142248,4,0.08351,,0.307365183,-0.100421667,0.228371285,-0.357301468,-0.308741672,0.136746394,0.10769932
1781693878.562660,2026-06-17T18:57:58.562,1781693878.456145,right,base,1,pelvis,200,0.001,-0.08979476,-0.341645918,-0.047686,0.750748972,0.657295026,0.0393311298,0.0528421334,0.153730653,-0.131028652,-0.0388540914,-0.000536971414,-0.0543153608,-0.30983627,0.203844591,1,1,0.0224272196,0.111052994,2,0.048627,,0.160080369,-0.132676073,-0.0427392011,0.00231702683,-0.058199184,-0.31469711,0.201672358
1781693878.579016,2026-06-17T18:57:58.579,1781693878.456330,left,base,1,pelvis,200,0.001,-0.02857975,0.254927582,-0.05284,-0.683629807,0.724663677,0.00147967753,0.0866640226,0.371015336,-0.100813984,0.228009101,-0.383515142,-0.310131703,0.137401319,0.104832373,1,1,0.0437446316,0.198620883,4,0.091332,,0.217008827,-0.0827255898,0.232227428,-0.214216807,-0.304267532,0.0722711683,0.135734934
1781693878.579512,2026-06-17T18:57:58.579,1781693878.456145,right,base,1,pelvis,200,0.001,-0.08979476,-0.341645918,-0.047686,0.750748972,0.657295026,0.0393311298,0.0528421334,0.159204743,-0.132538744,-0.0418984041,0.00190079935,-0.0573537983,-0.31444936,0.202078497,1,1,0.0194693877,0.103994316,2,0.044087,,0.166602835,-0.133559951,-0.045560438,0.000279816457,-0.0610193647,-0.316178821,0.199489608
1781693878.595640,2026-06-17T18:57:58.595,1781693878.456330,left,base,1,pelvis,200,0.001,-0.02857975,0.254927582,-0.05284,-0.683629807,0.724663677,0.00147967753,0.0866640226,0.32041743,-0.0830965346,0.228053339,-0.332917236,-0.307996463,0.0868034132,0.133176102,1,1,0.0427548102,0.170167167,3,0.062872,,0.229769635,-0.0781873266,0.228993854,-0.23082549,-0.305438276,0.0486673898,0.1532683
1781693878.595979,2026-06-17T18:57:58.595,1781693878.456145,right,base,1,pelvis,200,0.001,-0.08979476,-0.341645918,-0.047686,0.750748972,0.657295026,0.0393311298,0.0528421334,0.165939863,-0.133456005,-0.0449246081,0.000338054631,-0.0603800684,-0.315991321,0.199796924,1,1,0.0169797415,0.0968937719,2,0.035174,,0.17067221,-0.134126936,-0.048166021,0.00128351456,-0.0636219402,-0.317967633,0.197081721
1781693878.612469,2026-06-17T18:57:58.612,1781693878.473049,left,base,1,pelvis,200,0.001,-0.02689975,0.255508982,-0.060259,-0.688762904,0.720474898,-0.00771230923,0.0803872159,0.27126291,-0.0785183937,0.228569205,-0.283762716,-0.307535613,0.0492870677,0.151002657,1,1,0.0426845111,0.157276778,2,0.063039,,0.212111912,-0.0717388994,0.230135599,-0.20154399,-0.305002218,0.0159542674,0.162504162
1781693878.613030,2026-06-17T18:57:58.613,1781693878.506146,right,base,1,pelvis,200,0.001,-0.09161071,-0.347327818,-0.0493885,0.760313543,0.645651053,0.0348989841,0.0619685033,0.170177836,-0.134049436,-0.0476921035,0.00104952795,-0.0631454419,-0.317827709,0.197310971,1,1,0.0190616839,0.120252646,2,0.053269,,0.175473397,-0.136035164,-0.0522381026,0.000162576715,-0.0676935158,-0.318792944,0.195302622
1781693878.629110,2026-06-17T18:57:58.629,1781693878.473049,left,base,1,pelvis,200,0.001,-0.02689975,0.255508982,-0.060259,-0.688762904,0.720474898,-0.00771230923,0.0803872159,0.219882514,-0.0720338293,0.228625002,-0.23238232,-0.30726003,0.0165298793,0.160525671,1,1,0.029730488,0.127233307,2,0.050145,,0.167079664,-0.0654226692,0.230066954,-0.150958955,-0.305078797,-0.0196184402,0.171948352
1781693878.629400,2026-06-17T18:57:58.629,1781693878.506146,right,base,1,pelvis,200,0.001,-0.09161071,-0.347327818,-0.0493885,0.760313543,0.645651053,0.0348989841,0.0619685033,0.175118625,-0.135979411,-0.0518980733,0.000193662198,-0.0673516375,-0.318692596,0.195467083,1,1,0.0171427008,0.111274149,2,0.026948,,0.178540145,-0.137367091,-0.0559430226,0.00103350507,-0.0713968161,-0.319832042,0.193129684
1781693878.645913,2026-06-17T18:57:58.645,1781693878.506322,left,base,1,pelvis,200,0.001,-0.0334486,0.264616032,-0.051304,-0.696526761,0.713980469,-0.0190262528,0.0687048959,0.171069171,-0.0656846899,0.228825598,-0.183568977,-0.306960209,-0.0190840361,0.170223236,1,1,0.00744078445,0.116548673,2,0.044456,,0.159819623,-0.0632387906,0.230164569,-0.164534019,-0.304933706,-0.0341434817,0.166725816
1781693878.646199,2026-06-17T18:57:58.646,1781693878.522814,right,base,1,pelvis,200,0.001,-0.09160061,-0.352168468,-0.052075,0.763572111,0.641717291,0.029067784,0.0656628772,0.178257847,-0.137322646,-0.0556723836,0.000900271753,-0.0711247074,-0.319752177,0.19326062,1,1,0.0195176232,0.118229476,2,0.0331,,0.181679097,-0.139508982,-0.059931185,-0.000319466883,-0.0753855262,-0.318597286,0.191028769
1781693878.662688,2026-06-17T18:57:58.662,1781693878.506322,left,base,1,pelvis,200,0.001,-0.0334486,0.264616032,-0.051304,-0.696526761,0.713980469,-0.0190262528,0.0687048959,0.162058962,-0.0634659115,0.228999749,-0.16417257,-0.306696264,-0.0336716831,0.167920565,1,1,0.00707718608,0.110287827,2,0.03886,,0.152006953,-0.0611249981,0.230359516,-0.147640596,-0.304758416,-0.0471368341,0.164252811
1781693878.662939,2026-06-17T18:57:58.662,1781693878.556150,right,base,1,pelvis,200,0.001,-0.09267646,-0.355791168,-0.0527385,0.765332287,0.639507455,0.0230675918,0.0690260218,0.181400743,-0.139465003,-0.0596642348,-0.000295083019,-0.0751171284,-0.318616151,0.191157935,1,1,0.020784091,0.12160633,2,0.027634,,0.182652533,-0.142105494,-0.063747849,0.00176993454,-0.0791997636,-0.318437976,0.188744745
1781693878.679589,2026-06-17T18:57:58.679,1781693878.506322,left,base,1,pelvis,200,0.001,-0.0334486,0.264616032,-0.051304,-0.696526761,0.713980469,-0.0190262528,0.0687048959,0.153925898,-0.0613205848,0.229169362,-0.148551595,-0.306439612,-0.046724284,0.165275388,1,1,0.00633542585,0.103551073,2,0.054203,,0.145155068,-0.0591329273,0.23054159,-0.134174562,-0.304576432,-0.0589088122,0.161549839
1781693878.679925,2026-06-17T18:57:58.679,1781693878.556150,right,base,1,pelvis,200,0.001,-0.09267646,-0.355791168,-0.0527385,0.765332287,0.639507455,0.0230675918,0.0690260218,0.182378235,-0.142061931,-0.0634845225,0.00164058772,-0.0789350112,-0.318456575,0.188872199,1,1,0.0194951415,0.112413935,2,0.028827,,0.186326614,-0.143769256,-0.0673347681,-0.00194104974,-0.0827893654,-0.315633571,0.185850604
1781693878.696252,2026-06-17T18:57:58.696,1781693878.556373,left,base,1,pelvis,200,0.001,-0.04319982,0.264218332,-0.0303915,-0.691137061,0.716308327,-0.0147499685,0.0949440965,0.146783804,-0.0592997314,0.229351971,-0.134954076,-0.306106994,-0.0585523113,0.162417184,1,1,0.0153186373,0.103398479,2,0.044849,,0.225551021,-0.0779258653,0.228213239,-0.275663198,-0.307022705,-0.0103114591,0.142996912
1781693878.696557,2026-06-17T18:57:58.696,1781693878.556150,right,base,1,pelvis,200,0.001,-0.09267646,-0.355791168,-0.0527385,0.765332287,0.639507455,0.0230675918,0.0690260218,0.186056118,-0.143726199,-0.0670750867,-0.00191724391,-0.0825282795,-0.315652144,0.185976399,1,1,0.0185402635,0.103899875,2,0.02865,,0.184120136,-0.145216055,-0.070233148,0.00448793977,-0.0856814624,-0.317265935,0.183083214
1781693878.713046,2026-06-17T18:57:58.713,1781693878.556373,left,base,1,pelvis,200,0.001,-0.04319982,0.264218332,-0.0303915,-0.691137061,0.716308327,-0.0147499685,0.0949440965,0.196587061,-0.0760734444,0.229538635,-0.184757333,-0.305866831,-0.0105760828,0.143737794,1,1,0.0186817603,0.147016823,2,0.039552,,0.253343441,-0.0884204926,0.228068815,-0.295790441,-0.3070817,0.0269528167,0.127189181
1781693878.713385,2026-06-17T18:57:58.713,1781693878.589485,right,base,1,pelvis,200,0.001,-0.09468886,-0.357846918,-0.0519985,0.765421568,0.639330265,0.0175928471,0.0712539606,0.184353492,-0.145173499,-0.069977015,0.00436216834,-0.0854239461,-0.317190958,0.183207412,1,1,0.018688738,0.10392814,2,0.027969,,0.192305377,-0.146156773,-0.0734965349,-0.00669504886,-0.0889550885,-0.311077532,0.179264462
1781693878.729833,2026-06-17T18:57:58.729,1781693878.573014,left,base,1,pelvis,200,0.001,-0.05578423,0.260674382,-0.002077,-0.678823085,0.720976967,-0.00385529654,0.139199745,0.247058367,-0.0868713211,0.229177927,-0.235228639,-0.306058888,0.0267160296,0.127813803,1,1,0.0354155701,0.240956014,2,0.048672,,0.366963314,-0.115715652,0.223089648,-0.464313752,-0.312307988,0.108731197,0.104043381
1781693878.730126,2026-06-17T18:57:58.730,1781693878.589485,right,base,1,pelvis,200,0.001,-0.09468886,-0.357846918,-0.0519985,0.765421568,0.639330265,0.0175928471,0.0712539606,0.192042266,-0.146114765,-0.0732439062,-0.00667152,-0.088701096,-0.311095963,0.179387158,1,1,0.017866835,0.0960699532,2,0.035659,,0.182933055,-0.147795094,-0.0754521597,0.0125174065,-0.090891854,-0.318539996,0.176546032
1781693878.746754,2026-06-17T18:57:58.746,1781693878.623055,left,base,1,pelvis,200,0.001,-0.04960911,0.246407382,0.0104015,-0.631158517,0.751344034,0.108160697,0.159443823,0.297269319,-0.114424152,0.224009067,-0.285439592,-0.3111968,0.0769269824,0.104568459,1,1,0.0413995124,0.318001935,3,0.052096,,0.461257027,-0.161090713,0.20477433,-0.629279717,-0.336573627,0.223509832,0.107475056
1781693878.747128,2026-06-17T18:57:58.747,1781693878.606153,right,base,1,pelvis,200,0.001,-0.09779186,-0.358820268,-0.0513985,0.765371373,0.639316407,0.0137743275,0.0727424323,0.183159685,-0.14775356,-0.0752030685,0.0123946176,-0.0906414206,-0.318467102,0.176667164,1,1,0.018248689,0.0943675818,2,0.029231,,0.20328984,-0.14723566,-0.0789641158,-0.0200798185,-0.094434503,-0.303361161,0.171396806
1781693878.763471,2026-06-17T18:57:58.763,1781693878.623055,left,base,1,pelvis,200,0.001,-0.04960911,0.246407382,0.0104015,-0.631158517,0.751344034,0.108160697,0.159443823,0.348388647,-0.159929726,0.20559639,-0.33655892,-0.335579428,0.12804631,0.106941646,1,1,0.0417341263,0.324411896,4,0.072068,,0.493028624,-0.187469673,0.185990834,-0.680506295,-0.366743269,0.272805119,0.114259243
1781693878.763907,2026-06-17T18:57:58.763,1781693878.622820,right,base,1,pelvis,200,0.001,-0.10225076,-0.360472768,-0.0516325,0.766474075,0.637879527,0.00960962435,0.07439661,0.203033506,-0.147521922,-0.0787184287,-0.0200558336,-0.0941874911,-0.303379713,0.171516577,1,1,0.0202801294,0.0955807857,2,0.040851,,0.174421863,-0.15075895,-0.0795209297,0.0376856794,-0.0949314888,-0.329836408,0.170180934
1781693878.780272,2026-06-17T18:57:58.780,1781693878.623055,left,base,1,pelvis,200,0.001,-0.04960911,0.246407382,0.0104015,-0.631158517,0.751344034,0.108160697,0.159443823,0.398930048,-0.186517733,0.186664901,-0.38710032,-0.365926123,0.178587711,0.11382326,1,1,0.0399815418,0.316183639,5,0.08621,,0.513756844,-0.198970173,0.172101912,-0.720478612,-0.396685546,0.315536926,0.126390674
1781693878.780681,2026-06-17T18:57:58.780,1781693878.656157,right,base,1,pelvis,200,0.001,-0.10571346,-0.362061218,-0.051935,0.768901368,0.63487098,0.00530296502,0.0755076368,0.17469277,-0.150709156,-0.0792237207,0.0304855673,-0.0946326837,-0.329748386,0.170325919,1,1,0.0229723094,0.101644954,2,0.030253,,0.226923828,-0.147803079,-0.0851135929,-0.0557771925,-0.100599967,-0.291901016,0.162766784
1781693878.796963,2026-06-17T18:57:58.796,1781693878.623055,left,base,1,pelvis,200,0.001,-0.04960911,0.246407382,0.0104015,-0.631158517,0.751344034,0.108160697,0.159443823,0.449105238,-0.198203942,0.172645672,-0.43727551,-0.396023644,0.228762901,0.126038319,1,1,0.0450282197,0.326582991,5,0.081503,,0.516977608,-0.202560586,0.165289353,-0.715224352,-0.418370121,0.343893684,0.136950938
1781693878.797367,2026-06-17T18:57:58.797,1781693878.672824,right,base,1,pelvis,200,0.001,-0.10731556,-0.363054868,-0.0516585,0.771646905,0.631494291,0.00108642961,0.0759923281,0.22486796,-0.148631999,-0.0844005173,-0.0196896226,-0.0998830505,-0.291957588,0.163115801,1,1,0.018576839,0.0959297333,2,0.039782,,0.192859843,-0.151953328,-0.0851778088,0.0372619062,-0.100603326,-0.316043556,0.161345313
1781693878.813736,2026-06-17T18:57:58.813,1781693878.689717,left,base,1,pelvis,200,0.001,-0.043154915,0.246999032,0.00156,-0.646836891,0.741102446,0.107624767,0.144173889,0.499221777,-0.201951406,0.165722364,-0.487392049,-0.417840821,0.27887944,0.136669334,1,1,0.0415964525,0.294645123,6,0.08887,,0.482854466,-0.201988774,0.17412655,-0.688087759,-0.424518128,0.373568319,0.161438698
1781693878.814162,2026-06-17T18:57:58.814,1781693878.689491,right,base,1,pelvis,200,0.001,-0.10793816,-0.362899318,-0.051116,0.773137512,0.629608816,-0.000723402723,0.0764892342,0.193490184,-0.151836355,-0.0845728557,0.0304269164,-0.100056317,-0.315840644,0.161687202,1,1,0.0181309345,0.0957528048,2,0.036645,,0.23839671,-0.148451247,-0.0900518561,-0.0498828181,-0.105607762,-0.278763738,0.153448282
1781693878.830464,2026-06-17T18:57:58.830,1781693878.723090,left,base,1,pelvis,200,0.001,-0.023704405,0.258196132,-0.0493905,-0.675988732,0.725122468,0.0525415972,0.120316338,0.483151272,-0.202005242,0.173745226,-0.537586551,-0.424104593,0.329073942,0.161215955,1,1,0.0414095629,0.264852308,6,0.097612,,0.169887963,-0.122306186,0.225258882,-0.185607756,-0.378023304,0.170284136,0.222599282
1781693878.830824,2026-06-17T18:57:58.830,1781693878.689491,right,base,1,pelvis,200,0.001,-0.10793816,-0.362899318,-0.051116,0.773137512,0.629608816,-0.000723402723,0.0764892342,0.237756885,-0.149157233,-0.0894433727,-0.0197675855,-0.104995992,-0.278814706,0.153747564,1,1,0.0180413576,0.0722906614,2,0.050602,,0.139783351,-0.157169624,-0.0907109029,0.137825929,-0.106112115,-0.342041807,0.146959066
1781693878.851278,2026-06-17T18:57:58.851,1781693878.739706,left,base,1,pelvis,200,0.001,0.003599745,0.274897332,-0.125421,-0.706144868,0.700834117,-0.0225482904,0.0983998985,0.483082503,-0.202001426,0.173833578,-0.58780108,-0.424200408,0.37348,0.161267564,1,1,0.0982872785,0.0959465851,400,4.190932,using best approximate IK outside the usable position/orientation threshold,-0.00163208271,-0.0219194548,0.323344245,-0.138373263,-0.281865467,-0.0768748012,0.160439771
1781693878.851871,2026-06-17T18:57:58.851,1781693878.722826,right,base,1,pelvis,200,0.001,-0.11068381,-0.363099768,-0.049044,0.774863524,0.627367648,0.000162190331,0.0774359575,0.187542356,-0.156762265,-0.0895955586,0.0304469435,-0.105149,-0.329029235,0.148148976,1,1,0.0188909211,0.0695325826,2,0.027808,,0.321516001,-0.142675846,-0.105505351,-0.192634655,-0.121194681,-0.231211196,0.125866065
1781693878.869479,2026-06-17T18:57:58.869,1781693878.739706,left,base,1,pelvis,200,0.001,0.003599745,0.274897332,-0.125421,-0.706144868,0.700834117,-0.0225482904,0.0983998985,0.483013145,-0.201997578,0.173922686,-0.650835138,-0.424297043,0.373506862,0.161319614,1,1,0.0913356037,0.122912968,400,5.613702,using best approximate IK outside the usable position/orientation threshold,-0.00419124673,-0.0549161971,0.26868039,-0.124862702,-0.333809049,-0.0148688098,0.234753709
1781693878.869751,2026-06-17T18:57:58.869,1781693878.756161,right,base,1,pelvis,200,0.001,-0.11651906,-0.365450368,-0.042839,0.78015599,0.620643297,0.00493789355,0.0783207963,0.250576414,-0.149987287,-0.0991808022,-0.0325871141,-0.114835863,-0.265995177,0.129020436,1,1,0.0111508363,0.0640430119,2,0.028336,,0.163729672,-0.159568491,-0.102591864,0.118625964,-0.118169163,-0.338166876,0.134729917
1781693878.884970,2026-06-17T18:57:58.884,1781693878.739706,left,base,1,pelvis,200,0.001,0.003599745,0.274897332,-0.125421,-0.706144868,0.700834117,-0.0225482904,0.0983998985,0.482967802,-0.201995062,0.173980941,-0.68812273,-0.424360219,0.373524424,0.161353643,1,1,0.0787980831,0.144719006,400,4.275352,using best approximate IK outside the usable position/orientation threshold,0.0350178776,-0.0639004678,0.265649541,-0.13062421,-0.336877031,0.0191520648,0.223487772
1781693878.885245,2026-06-17T18:57:58.885,1781693878.756161,right,base,1,pelvis,200,0.001,-0.11651906,-0.365450368,-0.042839,0.78015599,0.620643297,0.00493789355,0.0783207963,0.197040237,-0.158615792,-0.100067376,0.0209490626,-0.115727241,-0.319531354,0.131412516,1,1,0.0131128474,0.0533501708,2,0.035757,,0.274877819,-0.150072721,-0.112968137,-0.091267361,-0.128648178,-0.279935947,0.123381439
1781693878.901766,2026-06-17T18:57:58.901,1781693878.756370,left,base,1,pelvis,200,0.001,0.0335208,0.286441682,-0.200079,-0.710965773,0.697727108,-0.0601431051,0.0639324573,0.482936974,-0.201993352,0.174020548,-0.688113218,-0.424403172,0.373536364,0.161376779,1,1,0.149424569,0.200454382,400,4.304884,using best approximate IK outside the usable position/orientation threshold,-0.0264653979,-0.0186896522,0.298420855,-0.0335589027,-0.305688666,-0.00642651883,0.179628832
1781693878.902107,2026-06-17T18:57:58.902,1781693878.772830,right,base,1,pelvis,200,0.001,-0.11608346,-0.367495618,-0.040792,0.783342552,0.61672108,0.00676412268,0.0773550335,0.243486084,-0.15575269,-0.108031272,-0.025496784,-0.123684647,-0.280344206,0.125841597,1,1,0.0088261498,0.0514548091,2,0.047461,,0.18587114,-0.161679037,-0.112273494,0.0788831703,-0.127920995,-0.331208736,0.132181924
1781693878.918590,2026-06-17T18:57:58.918,1781693878.806414,left,base,1,pelvis,200,0.001,0.0159114,0.280794482,-0.15808,-0.708603567,0.69432782,-0.0524112773,0.114205606,0.482911024,-0.201991912,0.174053887,-0.688105211,-0.424439327,0.373546414,0.161396253,1,1,0.120565683,0.167656171,400,4.341968,using best approximate IK outside the usable position/orientation threshold,0.0116633262,-0.0113115544,0.352895596,-0.106869766,-0.255403256,-0.203271836,0.182821596
1781693878.919048,2026-06-17T18:57:58.919,1781693878.789496,right,base,1,pelvis,200,0.001,-0.11422516,-0.369869968,-0.0391475,0.786958011,0.612260616,0.0084033345,0.0759171351,0.192664303,-0.160961602,-0.108732262,0.0253249972,-0.124389424,-0.329966692,0.12969818,1,1,0.0105417935,0.0570796861,2,0.038197,,0.261500296,-0.15702315,-0.122471631,-0.069729451,-0.138086838,-0.29443169,0.131086956
1781693878.937265,2026-06-17T18:57:58.937,1781693878.806414,left,base,1,pelvis,200,0.001,0.0159114,0.280794482,-0.15808,-0.708603567,0.69432782,-0.0524112773,0.114205606,0.482891565,-0.201990832,0.174078887,-0.688099206,-0.424466439,0.373553951,0.161410856,1,1,0.120577198,0.167720865,400,6.279295,using best approximate IK outside the usable position/orientation threshold,0.0117163209,-0.0113304756,0.352931633,-0.10700261,-0.255416585,-0.203263361,0.182835433
1781693878.937689,2026-06-17T18:57:58.937,1781693878.806165,right,base,1,pelvis,200,0.001,-0.11316686,-0.367972518,-0.032708,0.788451467,0.610515564,0.00755182189,0.0745519912,0.243316568,-0.161067848,-0.11885124,-0.0253272684,-0.134447036,-0.294712086,0.130066002,1,1,0.000694604967,0.0455894309,2,0.046055,,0.240155936,-0.159512689,-0.125806211,-0.0193074142,-0.141462489,-0.296974966,0.131503508
1781693878.952169,2026-06-17T18:57:58.952,1781693878.806414,left,base,1,pelvis,200,0.001,0.0159114,0.280794482,-0.15808,-0.708603567,0.69432782,-0.0524112773,0.114205606,0.482876464,-0.201989994,0.174098289,-0.688094546,-0.42448748,0.3735598,0.161422189,1,1,0.120586145,0.16777111,400,4.38586,using best approximate IK outside the usable position/orientation threshold,0.0117575009,-0.011345181,0.352959606,-0.107105825,-0.255426922,-0.203256761,0.182846164
1781693878.952435,2026-06-17T18:57:58.952,1781693878.806165,right,base,1,pelvis,200,0.001,-0.11316686,-0.367972518,-0.032708,0.788451467,0.610515564,0.00755182189,0.0745519912,0.242785783,-0.160379053,-0.122798919,-0.020731427,-0.138439049,-0.296132358,0.130239866,1,1,0.000771047181,0.0394954579,2,0.03522,,0.239281509,-0.159157283,-0.128764288,-0.0166410488,-0.144449279,-0.296750899,0.131565706
1781693878.964591,2026-06-17T18:57:58.964,1781693878.889684,left,base,1,pelvis,200,0.001,-0.073354115,0.237630132,0.0386035,-0.665495606,0.713194444,-0.0176693083,0.219447214,0.482868165,-0.201989534,0.17410895,-0.688091986,-0.424499042,0.373563014,0.161428417,1,1,0.0397506133,0.485730573,2,0.075651,,0.548966561,-0.21610407,0.165554491,-0.798348536,-0.430072241,0.373733378,0.156827345
1781693878.965001,2026-06-17T18:57:58.965,1781693878.822833,right,base,1,pelvis,200,0.001,-0.11238086,-0.364157918,-0.024678,0.788747037,0.610305927,0.00548299516,0.0733125037,0.241540704,-0.160256692,-0.126179111,-0.0178663031,-0.141850209,-0.296251364,0.130418337,1,1,0.00786239801,0.0342532715,2,0.045456,,0.281371608,-0.150979164,-0.133584381,-0.0911141124,-0.149311601,-0.26315618,0.123561692
1781693878.981317,2026-06-17T18:57:58.981,1781693878.889684,left,base,1,pelvis,200,0.001,-0.073354115,0.237630132,0.0386035,-0.665495606,0.713194444,-0.0176693083,0.219447214,0.520730228,-0.215620193,0.165897144,-0.725954048,-0.429651822,0.37361669,0.157011852,1,1,0.0382326993,0.487685164,2,0.053481,,0.575011795,-0.225602799,0.159118416,-0.819106449,-0.433833881,0.368807609,0.153770648
1781693878.981689,2026-06-17T18:57:58.981,1781693878.872834,right,base,1,pelvis,200,0.001,-0.11078436,-0.363068568,-0.0209055,0.791615249,0.606874967,0.00312352467,0.0709810982,0.278998181,-0.15355942,-0.131325157,-0.0557283655,-0.147040224,-0.263354658,0.124679439,1,1,0.00836447937,0.0389914502,2,0.039757,,0.417831715,-0.131598003,-0.144345937,-0.334861098,-0.160227404,-0.130331114,0.102399114
1781693878.998060,2026-06-17T18:57:58.998,1781693878.889684,left,base,1,pelvis,200,0.001,-0.073354115,0.237630132,0.0386035,-0.665495606,0.713194444,-0.0176693083,0.219447214,0.570775241,-0.225227141,0.159384405,-0.775999062,-0.433507942,0.368822895,0.153913833,1,1,0.0373776625,0.484357296,2,0.067158,,0.610588903,-0.232303159,0.154666144,-0.848788817,-0.435926401,0.359001889,0.153328283
1781693878.998461,2026-06-17T18:57:58.998,1781693878.872834,right,base,1,pelvis,200,0.001,-0.11078436,-0.363068568,-0.0209055,0.791615249,0.606874967,0.00312352467,0.0709810982,0.329043194,-0.13554788,-0.1408948,-0.105773379,-0.156757589,-0.213309645,0.104125186,1,1,0.0137479467,0.062592398,2,0.04231,,0.469902912,-0.117989884,-0.151474618,-0.423478623,-0.167489477,-0.0560851248,0.0825886776
1781693879.014860,2026-06-17T18:57:59.014,1781693878.939826,left,base,1,pelvis,200,0.001,-0.04064023,0.244110882,-0.041893,-0.652952113,0.745088451,-0.0182636753,0.134770833,0.610327753,-0.232017303,0.154868526,-0.826330177,-0.435678664,0.359014253,0.153437077,1,1,0.04033098,0.279442415,4,0.087103,,0.44809718,-0.185679894,0.182532429,-0.606811979,-0.408356379,0.225603787,0.178580207
1781693879.015371,2026-06-17T18:57:59.015,1781693878.956182,right,base,1,pelvis,200,0.001,-0.11122591,-0.366317918,-0.028899,0.796836775,0.600129423,0.00308488866,0.0699021682,0.37937431,-0.121346731,-0.148546371,-0.156104495,-0.164545286,-0.162978529,0.0840694003,1,1,0.0447207382,0.121397568,2,0.044286,,0.377649344,-0.123817063,-0.149780748,-0.185656418,-0.165884295,-0.141210754,0.0843781695
1781693879.031507,2026-06-17T18:57:59.031,1781693878.939826,left,base,1,pelvis,200,0.001,-0.04064023,0.244110882,-0.041893,-0.652952113,0.745088451,-0.0182636753,0.134770833,0.559480223,-0.185756481,0.180954985,-0.775482647,-0.409620254,0.308166722,0.177652282,1,1,0.0485949361,0.290486376,2,0.063944,,0.504792403,-0.177316691,0.185991993,-0.696984931,-0.402581956,0.262646426,0.190639218
1781693879.031889,2026-06-17T18:57:59.031,1781693878.956182,right,base,1,pelvis,200,0.001,-0.11122591,-0.366317918,-0.028899,0.796836775,0.600129423,0.00308488866,0.0699021682,0.380281612,-0.123321874,-0.149020381,-0.186981465,-0.165021877,-0.140489265,0.0838297083,1,1,0.0368613309,0.113983632,2,0.040671,,0.377457006,-0.125595275,-0.150234873,-0.208237766,-0.16635369,-0.125300323,0.0847525823
1781693879.048315,2026-06-17T18:57:59.048,1781693878.939826,left,base,1,pelvis,200,0.001,-0.04064023,0.244110882,-0.041893,-0.652952113,0.745088451,-0.0182636753,0.134770833,0.510033878,-0.177385272,0.184655254,-0.726036302,-0.403654323,0.262294882,0.189848384,1,1,0.0357108992,0.247591736,2,0.067594,,0.466421215,-0.170580614,0.188204098,-0.656848272,-0.397996775,0.218639891,0.201628687
1781693879.048868,2026-06-17T18:57:59.048,1781693878.972844,right,base,1,pelvis,200,0.001,-0.11610421,-0.360047518,-0.0266175,0.798036377,0.598454961,0.00244029744,0.070594942,0.379685914,-0.125174358,-0.149136948,-0.207805169,-0.165154089,-0.12566498,0.0839137897,1,1,0.0261669452,0.10820581,2,0.04493,,0.385718144,-0.12383284,-0.150705386,-0.236867458,-0.166867113,-0.111698462,0.082423685
1781693879.064975,2026-06-17T18:57:59.064,1781693878.939826,left,base,1,pelvis,200,0.001,-0.04064023,0.244110882,-0.041893,-0.652952113,0.745088451,-0.0182636753,0.134770833,0.467294076,-0.170640501,0.187085324,-0.674992792,-0.39889534,0.218753098,0.200963167,1,1,0.026603478,0.213814729,2,0.059969,,0.432241362,-0.16490536,0.189632478,-0.614031519,-0.394332118,0.177480805,0.211391635
1781693879.065244,2026-06-17T18:57:59.065,1781693878.989511,right,base,1,pelvis,200,0.001,-0.12014271,-0.353502418,-0.0229,0.798954974,0.597191552,0.00331618658,0.0708675067,0.383267534,-0.125243706,-0.149317835,-0.23648404,-0.165351727,-0.112013537,0.0835716045,1,1,0.0173052807,0.100209929,2,0.02886,,0.401391266,-0.120140187,-0.151397914,-0.279224845,-0.167613188,-0.0963439987,0.0795914644
1781693879.081818,2026-06-17T18:57:59.081,1781693878.939826,left,base,1,pelvis,200,0.001,-0.04064023,0.244110882,-0.041893,-0.652952113,0.745088451,-0.0182636753,0.134770833,0.432978714,-0.164956991,0.188700645,-0.62622308,-0.395081326,0.177587923,0.210834532,1,1,0.0206674898,0.187556116,2,0.045633,,0.404032302,-0.159935334,0.190557842,-0.57218813,-0.391384475,0.139157996,0.219947171
1781693879.082217,2026-06-17T18:57:59.082,1781693879.006178,right,base,1,pelvis,200,0.001,-0.12226536,-0.348754268,-0.020502,0.799868752,0.595987456,0.0051158158,0.0705886724,0.399337143,-0.122309181,-0.14954804,-0.278877775,-0.165709535,-0.0966166827,0.0805507583,1,1,0.0140064148,0.0946098918,2,0.035757,,0.420475899,-0.115488722,-0.151675557,-0.322041498,-0.168095349,-0.0832163184,0.0758157797
1781693879.098572,2026-06-17T18:57:59.098,1781693878.973140,left,base,1,pelvis,200,0.001,-0.0202537,0.254011282,-0.0676565,-0.664139825,0.738345022,-0.0265837349,0.114272595,0.404644423,-0.159978964,0.189793178,-0.575124494,-0.391999841,0.139255701,0.219487959,1,1,0.0417009347,0.172438427,2,0.063731,,0.337635513,-0.142833383,0.197093688,-0.46710649,-0.383151062,0.088014905,0.227697257
1781693879.099022,2026-06-17T18:57:59.099,1781693879.022846,right,base,1,pelvis,200,0.001,-0.12072931,-0.348263918,-0.0209985,0.800485825,0.595255628,0.00779296011,0.0695158271,0.418783191,-0.117267917,-0.150124573,-0.321734619,-0.166535707,-0.0834466105,0.0766035812,1,1,0.00600565295,0.0742961131,2,0.049395,,0.462278627,-0.100479208,-0.155459297,-0.411834558,-0.17294055,-0.0602881224,0.0674411957
1781693879.115392,2026-06-17T18:57:59.115,1781693879.006357,left,base,1,pelvis,200,0.001,-0.00527985,0.267660482,-0.087727,-0.688622914,0.720394639,-0.0375534263,0.0736191956,0.354155951,-0.142872467,0.196469934,-0.524636022,-0.383653651,0.0887672292,0.227321868,1,1,0.0444828386,0.170622033,3,0.076873,,0.162306737,-0.0879013229,0.217460238,-0.202574233,-0.358574112,-0.0459695212,0.238065776
1781693879.115954,2026-06-17T18:57:59.115,1781693879.039513,right,base,1,pelvis,200,0.001,-0.11890996,-0.347188218,-0.0193295,0.801261926,0.594238065,0.0112238688,0.0688075108,0.460885892,-0.101930715,-0.154197952,-0.372223091,-0.171671718,-0.0604849866,0.0680846423,1,1,0.0180116217,0.105866659,2,0.052672,,0.46864989,-0.0987569878,-0.155541554,-0.39710088,-0.173411226,-0.0524061613,0.0666175006
1781693879.132131,2026-06-17T18:57:59.132,1781693879.006357,left,base,1,pelvis,200,0.001,-0.00527985,0.267660482,-0.087727,-0.688622914,0.720394639,-0.0375534263,0.0736191956,0.30330699,-0.0920235059,0.215700903,-0.473787062,-0.359996473,0.0379182684,0.237008075,1,1,0.0498366532,0.205881413,2,0.052055,,0.209220884,-0.0724256868,0.221399518,-0.305644042,-0.350943654,-0.0327455538,0.248237192
1781693879.132463,2026-06-17T18:57:59.132,1781693879.039513,right,base,1,pelvis,200,0.001,-0.11890996,-0.347188218,-0.0193295,0.801261926,0.594238065,0.0112238688,0.0688075108,0.467532957,-0.0999193681,-0.154531942,-0.397444633,-0.172395489,-0.0525664334,0.067132799,1,1,0.0137841972,0.0965323881,2,0.035885,,0.473854649,-0.0972194815,-0.155831411,-0.41644986,-0.174086518,-0.0479620137,0.0664166504
1781693879.148966,2026-06-17T18:57:59.148,1781693879.023033,left,base,1,pelvis,200,0.001,-0.0078131,0.265929232,-0.0819185,-0.700288463,0.710577569,-0.038474887,0.0565267194,0.254063063,-0.0725541177,0.219897984,-0.424543135,-0.352159809,-0.0113256586,0.247330588,1,1,0.0484001512,0.249065059,2,0.050116,,0.169569501,-0.0569775519,0.224576722,-0.261693127,-0.343839954,-0.0808396828,0.257350052
1781693879.149490,2026-06-17T18:57:59.149,1781693879.056180,right,base,1,pelvis,200,0.001,-0.11709301,-0.346019668,-0.0166935,0.802008929,0.593202819,0.0146382122,0.0683945648,0.472965482,-0.0981437717,-0.155028883,-0.416265576,-0.173279017,-0.0480906103,0.0668262694,1,1,0.0128151976,0.0939052845,2,0.048111,,0.483491564,-0.0947963268,-0.156543229,-0.441374583,-0.175247917,-0.0412440484,0.0659711388
1781693879.165695,2026-06-17T18:57:59.165,1781693879.056353,left,base,1,pelvis,200,0.001,-0.0114552,0.265806782,-0.0768315,-0.706083729,0.706229971,-0.0418032634,0.0306183502,0.202859336,-0.0570922926,0.223309814,-0.373339407,-0.34486798,-0.0625293864,0.256582088,1,1,0.0458876207,0.289183343,3,0.06301,,0.0214829878,-0.020838709,0.23082507,-0.00205824529,-0.331660961,-0.221114329,0.276291659
1781693879.166015,2026-06-17T18:57:59.166,1781693879.056180,right,base,1,pelvis,200,0.001,-0.11709301,-0.346019668,-0.0166935,0.802008929,0.593202819,0.0146382122,0.0683945648,0.482799864,-0.0955137447,-0.155920614,-0.44122638,-0.17462135,-0.0413452111,0.0662889451,1,1,0.00500098884,0.0712258012,2,0.028733,,0.507679556,-0.0872589783,-0.160108189,-0.498601827,-0.180145814,-0.0297421698,0.0657047183
1781693879.182707,2026-06-17T18:57:59.182,1781693879.073073,left,base,1,pelvis,200,0.001,-0.0186571,0.264541682,-0.074273,-0.703941713,0.708591424,-0.0426424286,0.0233641177,0.153420859,-0.0210085068,0.229165971,-0.32390093,-0.333011131,-0.111967863,0.275277637,1,1,0.048160381,0.291530624,5,0.138445,,-0.0509242518,0.00501783425,0.240111281,0.155451881,-0.317955566,-0.319103129,0.279081317
1781693879.183446,2026-06-17T18:57:59.183,1781693879.072850,right,base,1,pelvis,200,0.001,-0.11731611,-0.343737118,-0.0141055,0.802826619,0.592018842,0.0169779319,0.0685190564,0.507143925,-0.0878116742,-0.159629013,-0.490664856,-0.179663383,-0.0298218007,0.0659490559,1,1,0.00367500423,0.0630104553,2,0.065781,,0.530931128,-0.0801900059,-0.163172171,-0.538702599,-0.184533188,-0.0240273487,0.0663611771
1781693879.199408,2026-06-17T18:57:59.199,1781693879.073073,left,base,1,pelvis,200,0.001,-0.0186571,0.264541682,-0.074273,-0.703941713,0.708591424,-0.0426424286,0.0233641177,0.100331717,0.00486218228,0.238703467,-0.270811788,-0.319104098,-0.165057005,0.278222219,1,1,0.0483336951,0.292111624,6,0.166252,,0.0458703865,-0.016262645,0.254213466,-0.0235278967,-0.303949006,-0.269416911,0.238401775
1781693879.200074,2026-06-17T18:57:59.200,1781693879.072850,right,base,1,pelvis,200,0.001,-0.11731611,-0.343737118,-0.0141055,0.802826619,0.592018842,0.0169779319,0.0685190564,0.530532118,-0.080599695,-0.162817347,-0.538606634,-0.184175797,-0.0240869398,0.0661645681,1,1,0.00145197754,0.0479372203,2,0.06846,,0.540004141,-0.0773252324,-0.16549255,-0.553952357,-0.187980407,-0.0314209124,0.0701872286
1781693879.216080,2026-06-17T18:57:59.216,1781693879.073073,left,base,1,pelvis,200,0.001,-0.0186571,0.264541682,-0.074273,-0.703941713,0.708591424,-0.0426424286,0.0233641177,0.0506557758,-0.0148865543,0.253018714,-0.221135847,-0.304924698,-0.214732946,0.238924383,1,1,0.0482209392,0.275566515,6,0.073772,,-0.00775384554,-0.00725005392,0.264190585,0.0688601922,-0.291748988,-0.338611753,0.207170165
1781693879.216646,2026-06-17T18:57:59.216,1781693879.089515,right,base,1,pelvis,200,0.001,-0.11954531,-0.341015168,-0.0133725,0.803540509,0.590997181,0.0176579292,0.068798115,0.539710571,-0.0776260906,-0.165231997,-0.5538806,-0.187717871,-0.0313722996,0.0700426313,1,1,0.00165995888,0.0382335962,2,0.046532,,0.548953033,-0.0726377859,-0.167023323,-0.562189842,-0.190600167,-0.0431554946,0.0724942107
1781693879.232835,2026-06-17T18:57:59.232,1781693879.073073,left,base,1,pelvis,200,0.001,-0.0186571,0.264541682,-0.074273,-0.703941713,0.708591424,-0.0426424286,0.0233641177,0.00132029607,-0.00735595698,0.263188422,-0.171800367,-0.292568732,-0.264068426,0.207617347,1,1,0.046107562,0.262067741,7,0.122583,,0.10945489,-0.0384225894,0.279444294,-0.143330199,-0.277074786,-0.267150225,0.138565205
1781693879.233247,2026-06-17T18:57:59.233,1781693879.122853,right,base,1,pelvis,200,0.001,-0.12072366,-0.340176718,-0.014732,0.805138346,0.588720486,0.0194232978,0.0691604541,0.548742695,-0.0728530633,-0.166837045,-0.562138048,-0.190412403,-0.0431200185,0.0723907415,1,1,0.00310225234,0.0437944455,1,0.025486,,0.548742695,-0.0728530633,-0.166837045,-0.562138048,-0.190412403,-0.0431200185,0.0723907415
1781693879.249602,2026-06-17T18:57:59.249,1781693879.089696,left,base,1,pelvis,200,0.001,-0.030300715,0.261231782,-0.0694725,-0.704780268,0.707944249,-0.0422026654,0.0178507537,0.0509518917,-0.0371387662,0.278327471,-0.143183447,-0.277989119,-0.267242225,0.157985751,1,1,0.043378863,0.238708176,5,0.100327,,0.106695941,-0.0421617345,0.283862629,-0.115871165,-0.272752125,-0.272545051,0.114914127
1781693879.250081,2026-06-17T18:57:59.250,1781693879.122853,right,base,1,pelvis,200,0.001,-0.12072366,-0.340176718,-0.014732,0.805138346,0.588720486,0.0194232978,0.0691604541,0.548807575,-0.0727866589,-0.166894504,-0.562154025,-0.190470321,-0.0431309615,0.0724226576,1,1,0.00306036025,0.0437473398,1,0.017007,,0.548807575,-0.0727866589,-0.166894504,-0.562154025,-0.190470321,-0.0431309615,0.0724226576
1781693879.266193,2026-06-17T18:57:59.266,1781693879.139735,left,base,1,pelvis,200,0.001,-0.063387345,0.254073032,-0.035678,-0.712317808,0.700231977,-0.0475949512,0.00363866099,0.101308757,-0.0410912009,0.282930997,-0.11626036,-0.273515056,-0.272304845,0.115355137,1,1,0.048957499,0.227183646,3,0.049654,,0.174200209,-0.0577055842,0.282857031,-0.174702767,-0.272561419,-0.257169828,0.0883911734
1781693879.266490,2026-06-17T18:57:59.266,1781693879.139519,right,base,1,pelvis,200,0.001,-0.11950411,-0.341508568,-0.016432,0.806821987,0.586295353,0.022159312,0.0693181496,0.548856924,-0.0727361515,-0.166938208,-0.562166176,-0.190514373,-0.0431392847,0.072446933,1,1,0.00116680308,0.0387769461,2,0.033147,,0.538259026,-0.0728637916,-0.169366746,-0.538157564,-0.194388953,-0.0649841969,0.0803658355
1781693879.283124,2026-06-17T18:57:59.283,1781693879.156439,left,base,1,pelvis,200,0.001,-0.06710672,0.254329782,-0.020576,0.717471773,-0.694432198,0.0546578366,0.00327091038,0.150792294,-0.0568141074,0.283090221,-0.165743898,-0.273194007,-0.257235872,0.0887634759,1,1,0.0437516881,0.2117587,3,0.063541,,0.295334859,-0.0919509903,0.283535449,-0.369512563,-0.270798785,-0.176867222,0.0394473247
1781693879.283400,2026-06-17T18:57:59.283,1781693879.139519,right,base,1,pelvis,200,0.001,-0.11950411,-0.341508568,-0.016432,0.806821987,0.586295353,0.022159312,0.0693181496,0.538384212,-0.0728413943,-0.169202219,-0.538205479,-0.194223035,-0.0649516744,0.0802740827,1,1,0.0011537172,0.0390524216,1,0.017648,,0.538384212,-0.0728413943,-0.169202219,-0.538205479,-0.194223035,-0.0649516744,0.0802740827
1781693879.299793,2026-06-17T18:57:59.299,1781693879.156439,left,base,1,pelvis,200,0.001,-0.06710672,0.254329782,-0.020576,0.717471773,-0.694432198,0.0546578366,0.00327091038,0.201251441,-0.0908648448,0.28304729,-0.216203045,-0.271562675,-0.206776726,0.0399114301,1,1,0.0405179333,0.154170116,2,0.055351,,0.283568609,-0.105728202,0.283022481,-0.344557764,-0.271137568,-0.154579929,0.00993079017
1781693879.300144,2026-06-17T18:57:59.300,1781693879.172856,right,base,1,pelvis,200,0.001,-0.12175976,-0.349829168,-0.0209365,0.809285161,0.582740929,0.0257524154,0.0693350633,0.538344207,-0.0728485516,-0.169254795,-0.538190167,-0.194276056,-0.0649620673,0.0803034033,1,1,0.0043032193,0.0373323446,2,0.034277,,0.50826625,-0.0858090068,-0.174535181,-0.476536019,-0.200804659,-0.0995700728,0.10174402
1781693879.316575,2026-06-17T18:57:59.316,1781693879.173055,left,base,1,pelvis,200,0.001,-0.06170805,0.256650082,-0.0113975,0.722695844,-0.688249653,0.0628107263,0.00882861308,0.251639777,-0.104825725,0.283131393,-0.266591381,-0.271431069,-0.15638839,0.0103223454,1,1,0.0331393761,0.110558279,2,0.050846,,0.345999563,-0.122877491,0.282540846,-0.432525261,-0.271382209,-0.0845541119,-0.0265911727
1781693879.316979,2026-06-17T18:57:59.316,1781693879.189521,right,base,1,pelvis,200,0.001,-0.12416876,-0.353856718,-0.022505,0.809902384,0.581865808,0.0261576082,0.0693259735,0.508437915,-0.0857777236,-0.174312146,-0.487801831,-0.200579647,-0.0995234597,0.101618247,1,1,0.0048735092,0.0252653472,2,0.032547,,0.481997866,-0.097802146,-0.178986507,-0.422510453,-0.206277266,-0.136945948,0.122577468
1781693879.333302,2026-06-17T18:57:59.333,1781693879.173055,left,base,1,pelvis,200,0.001,-0.06170805,0.256650082,-0.0113975,0.722695844,-0.688249653,0.0628107263,0.00882861308,0.30210393,-0.122136166,0.28305535,-0.317055534,-0.271377515,-0.105924236,-0.026263569,1,1,0.0112693398,0.0453627883,2,0.052193,,0.528538562,-0.156186647,0.280609344,-0.743659658,-0.272656678,0.0855460155,-0.127287932
1781693879.333595,2026-06-17T18:57:59.333,1781693879.189521,right,base,1,pelvis,200,0.001,-0.12416876,-0.353856718,-0.022505,0.809902384,0.581865808,0.0261576082,0.0693259735,0.482131852,-0.0977773108,-0.178814148,-0.437337678,-0.206103324,-0.136907811,0.122479209,1,1,0.00416331953,0.0177344795,2,0.027971,,0.466134997,-0.103499799,-0.181720749,-0.389509526,-0.209866664,-0.165079838,0.135789462
1781693879.350217,2026-06-17T18:57:59.350,1781693879.223049,left,base,1,pelvis,200,0.001,-0.045791715,0.259115882,-0.038523,0.725265447,-0.685414631,0.0644579363,0.00647988454,0.351953679,-0.153695081,0.282324098,-0.366905283,-0.271378403,-0.0560744876,-0.0761133176,1,1,0.0261329923,0.0255583635,2,0.062194,,0.347799412,-0.106436668,0.294902698,-0.437947882,-0.260367417,0.0101452074,-0.139521526
1781693879.350684,2026-06-17T18:57:59.350,1781693879.206190,right,base,1,pelvis,200,0.001,-0.12198731,-0.357333518,-0.0233025,0.810557716,0.580917069,0.0270357334,0.0692864801,0.466257582,-0.103476931,-0.181563989,-0.38956283,-0.20970842,-0.1650437,0.135699481,1,1,0.00213123867,0.015577047,2,0.038191,,0.449646789,-0.110926931,-0.184405754,-0.356621454,-0.213215079,-0.177899023,0.147090352
1781693879.366948,2026-06-17T18:57:59.366,1781693879.223049,left,base,1,pelvis,200,0.001,-0.045791715,0.259115882,-0.038523,0.725265447,-0.685414631,0.0644579363,0.00647988454,0.349393792,-0.106582621,0.292888733,-0.418291401,-0.262018877,-0.00468836971,-0.127499436,1,1,0.0125154891,0.0215842532,2,0.04331,,0.332120929,-0.0831901457,0.299389689,-0.429731269,-0.256220373,0.0181992406,-0.151663459
1781693879.367206,2026-06-17T18:57:59.367,1781693879.206190,right,base,1,pelvis,200,0.001,-0.12198731,-0.357333518,-0.0233025,0.810557716,0.580917069,0.0270357334,0.0692864801,0.449768612,-0.11090398,-0.184250926,-0.356675765,-0.213058752,-0.177862695,0.147000972,1,1,0.00213909548,0.0158270468,1,0.016879,,0.449768612,-0.11090398,-0.184250926,-0.356675765,-0.213058752,-0.177862695,0.147000972
1781693879.383879,2026-06-17T18:57:59.383,1781693879.223049,left,base,1,pelvis,200,0.001,-0.045791715,0.259115882,-0.038523,0.725265447,-0.685414631,0.0644579363,0.00647988454,0.333504552,-0.0833290833,0.297650567,-0.430277466,-0.257646723,0.0178962701,-0.150694277,1,1,0.00521327425,0.0175830737,2,0.058651,,0.323742082,-0.0730781906,0.301134762,-0.429315845,-0.254438851,0.0224639916,-0.159232878
1781693879.384276,2026-06-17T18:57:59.384,1781693879.239524,right,base,1,pelvis,200,0.001,-0.11838166,-0.359734718,-0.0229055,0.811855407,0.579101935,0.0279676875,0.0689170155,0.449730429,-0.110911174,-0.184299454,-0.356658742,-0.21310775,-0.177874082,0.147028986,1,1,0.00205360123,0.0156129495,2,0.029014,,0.443300115,-0.116167439,-0.187212876,-0.350935944,-0.216576006,-0.174509444,0.154186521
1781693879.400605,2026-06-17T18:57:59.400,1781693879.223049,left,base,1,pelvis,200,0.001,-0.045791715,0.259115882,-0.038523,0.725265447,-0.685414631,0.0644579363,0.00647988454,0.324926688,-0.0732015967,0.299650011,-0.429782089,-0.255656746,0.0222034323,-0.158402283,1,1,0.00227053688,0.0146098159,2,0.050209,,0.320385052,-0.0690444813,0.301859943,-0.428391658,-0.25350359,0.0219535386,-0.161416176
1781693879.400903,2026-06-17T18:57:59.400,1781693879.256193,right,base,1,pelvis,200,0.001,-0.12066616,-0.358792268,-0.0223695,0.812535543,0.578191695,0.0278187523,0.0686037382,0.443419141,-0.116144809,-0.18706187,-0.350989153,-0.216423511,-0.174526967,0.154099069,1,1,0.00136472356,0.018038658,1,0.021465,,0.443419141,-0.116144809,-0.18706187,-0.350989153,-0.216423511,-0.174526967,0.154099069
1781693879.417436,2026-06-17T18:57:59.417,1781693879.256393,left,base,1,pelvis,200,0.001,-0.044432615,0.252540032,-0.0436865,0.72549902,-0.685325491,0.0628761288,0.00517070949,0.321394053,-0.0691510988,0.300596714,-0.428788624,-0.254539916,0.0221570234,-0.160708779,1,1,0.00340535747,0.0134518881,2,0.059724,,0.290537731,-0.0667939183,0.301639385,-0.377096151,-0.253367853,0.0002278551,-0.147010895
1781693879.417791,2026-06-17T18:57:59.417,1781693879.272862,right,base,1,pelvis,200,0.001,-0.12246706,-0.358325168,-0.0221895,0.813170629,0.577332806,0.0272879212,0.0685253811,0.443381532,-0.11615196,-0.187109585,-0.35097234,-0.216471696,-0.17452143,0.154126702,1,1,0.00296075179,0.0197683308,1,0.028873,,0.443381532,-0.11615196,-0.187109585,-0.35097234,-0.216471696,-0.17452143,0.154126702
1781693879.434173,2026-06-17T18:57:59.434,1781693879.273093,left,base,1,pelvis,200,0.001,-0.041522,0.247397482,-0.048829,0.726150659,-0.684854602,0.0604842571,0.0045879453,0.291397933,-0.0668845019,0.300795865,-0.377448188,-0.254240847,0.00040673706,-0.147500623,1,1,0.00499375949,0.0128930209,2,0.056112,,0.242510823,-0.0618204948,0.301957556,-0.294993373,-0.253062387,-0.0320352101,-0.12692917
1781693879.434470,2026-06-17T18:57:59.434,1781693879.306197,right,base,1,pelvis,200,0.001,-0.12402421,-0.358507568,-0.022341,0.813999029,0.576189946,0.025678953,0.068929815,0.443352666,-0.116157448,-0.187146206,-0.350959436,-0.216508678,-0.174517181,0.15414791,1,1,0.00451847733,0.0219530156,1,0.021451,,0.443352666,-0.116157448,-0.187146206,-0.350959436,-0.216508678,-0.174517181,0.15414791
1781693879.451092,2026-06-17T18:57:59.451,1781693879.306451,left,base,1,pelvis,200,0.001,-0.0372165,0.247790282,-0.055699,0.728320272,-0.682829235,0.0572447281,0.00410597403,0.24324436,-0.0618977158,0.301067243,-0.328543292,-0.253792886,-0.0318762543,-0.127344695,1,1,0.00764566688,0.0259631302,2,0.084149,,0.169024686,-0.0444330331,0.304095018,-0.177190624,-0.251041259,-0.0961593946,-0.101705123
1781693879.451586,2026-06-17T18:57:59.451,1781693879.306197,right,base,1,pelvis,200,0.001,-0.12402421,-0.358507568,-0.022341,0.813999029,0.576189946,0.025678953,0.068929815,0.443333086,-0.11616117,-0.187171047,-0.350950683,-0.216533764,-0.174514298,0.154162296,1,1,0.00452746935,0.0219097059,1,0.018758,,0.443333086,-0.11616117,-0.187171047,-0.350950683,-0.216533764,-0.174514298,0.154162296
1781693879.467729,2026-06-17T18:57:59.467,1781693879.306451,left,base,1,pelvis,200,0.001,-0.0372165,0.247790282,-0.055699,0.728320272,-0.682829235,0.0572447281,0.00410597403,0.191918323,-0.0445009211,0.303359456,-0.277217256,-0.251644847,-0.0832022908,-0.102054182,1,1,0.0136886799,0.0666690051,2,0.052764,,0.133134714,-0.0334677511,0.304071296,-0.117690177,-0.250722579,-0.158220086,-0.0752043601
1781693879.468009,2026-06-17T18:57:59.468,1781693879.322866,right,base,1,pelvis,200,0.001,-0.12502866,-0.358916018,-0.022457,0.814691395,0.575217387,0.0238458708,0.0695288601,0.443319003,-0.116163848,-0.187188914,-0.350944387,-0.216551807,-0.174512225,0.154172643,1,1,0.00225117331,0.0184563524,2,0.027986,,0.440760397,-0.11782991,-0.190380304,-0.335561842,-0.22008629,-0.184359198,0.159496514
1781693879.484559,2026-06-17T18:57:59.484,1781693879.306451,left,base,1,pelvis,200,0.001,-0.0372165,0.247790282,-0.055699,0.728320272,-0.682829235,0.0572447281,0.00410597403,0.14255781,-0.0335257846,0.303489481,-0.227856742,-0.251219534,-0.132562804,-0.0754969025,1,1,0.0407797625,0.13146225,2,0.062776,,0.124346881,-0.0295776226,0.303407585,-0.165359541,-0.251191487,-0.163852675,-0.0663194931
1781693879.484967,2026-06-17T18:57:59.484,1781693879.339530,right,base,1,pelvis,200,0.001,-0.12612876,-0.358999618,-0.0221635,0.815310898,0.57434006,0.0221549186,0.0700770711,0.440872163,-0.117808604,-0.190238511,-0.335612483,-0.219943083,-0.184325688,0.159414233,1,1,0.00330929495,0.0213751938,1,0.023309,,0.440872163,-0.117808604,-0.190238511,-0.335612483,-0.219943083,-0.184325688,0.159414233
1781693879.501302,2026-06-17T18:57:59.501,1781693879.306451,left,base,1,pelvis,200,0.001,-0.0372165,0.247790282,-0.055699,0.728320272,-0.682829235,0.0572447281,0.00410597403,0.124769706,-0.0296252754,0.303599738,-0.176949845,-0.251125358,-0.163744203,-0.0665580063,1,1,0.0364579147,0.130975057,2,0.080245,,0.103652416,-0.0244220972,0.303458316,-0.112329447,-0.251190607,-0.194142589,-0.0578816985
1781693879.501747,2026-06-17T18:57:59.501,1781693879.356200,right,base,1,pelvis,200,0.001,-0.12688781,-0.358754268,-0.021589,0.815483742,0.574110981,0.0211689988,0.0702475714,0.440836192,-0.117815461,-0.190284146,-0.335596185,-0.219989173,-0.184336473,0.159440714,1,1,0.00414154744,0.0224457169,1,0.028822,,0.440836192,-0.117815461,-0.190284146,-0.335596185,-0.219989173,-0.184336473,0.159440714
1781693879.518067,2026-06-17T18:57:59.518,1781693879.373137,left,base,1,pelvis,200,0.001,-0.02951235,0.254965582,-0.0546185,0.733039616,-0.678035836,0.0539316667,0.00342077111,0.103993904,-0.0244609422,0.303561579,-0.126630889,-0.25113849,-0.194051807,-0.0580739188,1,1,0.0261878779,0.136841527,2,0.066807,,0.0857007547,-0.0182430094,0.304289418,-0.0750154604,-0.250381508,-0.214131523,-0.0536184398
1781693879.518676,2026-06-17T18:57:59.518,1781693879.389533,right,base,1,pelvis,200,0.001,-0.12794321,-0.358860718,-0.021094,0.815520431,0.574105076,0.0194170101,0.0703759067,0.440809883,-0.117820476,-0.190317523,-0.335584264,-0.220022883,-0.184344361,0.159460083,1,1,0.00212162549,0.0181457224,2,0.044345,,0.447163521,-0.117120039,-0.19334812,-0.33730542,-0.223044236,-0.186088643,0.16005352
1781693879.534741,2026-06-17T18:57:59.534,1781693879.373137,left,base,1,pelvis,200,0.001,-0.02951235,0.254965582,-0.0546185,0.733039616,-0.678035836,0.0539316667,0.00342077111,0.0859719429,-0.0182742726,0.303979121,-0.07560526,-0.250636181,-0.214057904,-0.0537705032,1,1,0.0211422023,0.126141509,2,0.069164,,0.0694626277,-0.0127373349,0.304622948,-0.0313263883,-0.249967442,-0.229740046,-0.0503443442
1781693879.535191,2026-06-17T18:57:59.535,1781693879.389533,right,base,1,pelvis,200,0.001,-0.12794321,-0.358860718,-0.021094,0.815520431,0.574105076,0.0194170101,0.0703759067,0.447015293,-0.117274481,-0.193211514,-0.33727807,-0.222906271,-0.186056312,0.159974302,1,1,0.0021996967,0.0184053998,1,0.025421,,0.447015293,-0.117274481,-0.193211514,-0.33727807,-0.222906271,-0.186056312,0.159974302
1781693879.551478,2026-06-17T18:57:59.551,1781693879.406416,left,base,1,pelvis,200,0.001,-0.040938415,0.253796532,-0.051463,0.732967808,-0.678289976,0.0517540585,0.00155522958,0.0696756931,-0.0127621821,0.304380585,-0.0314335793,-0.250166371,-0.229681328,-0.0504633597,1,1,0.0257502985,0.114892658,2,0.053847,,0.0704500506,-0.0119004857,0.305098246,-0.0149996633,-0.249442799,-0.236733168,-0.049586169
1781693879.551871,2026-06-17T18:57:59.551,1781693879.406201,right,base,1,pelvis,200,0.001,-0.12887036,-0.359287668,-0.0208855,0.815436629,0.574273654,0.0176562962,0.070435283,0.447061859,-0.117225963,-0.193254429,-0.337286662,-0.222949612,-0.186066469,0.159999188,1,1,0.00315634176,0.0198998386,1,0.023687,,0.447061859,-0.117225963,-0.193254429,-0.337286662,-0.222949612,-0.186066469,0.159999188
1781693879.568227,2026-06-17T18:57:59.568,1781693879.423115,left,base,1,pelvis,200,0.001,-0.0481783,0.251143632,-0.0541005,0.733492739,-0.677853531,0.0500195594,0.00101817995,0.0702785132,-0.0119195617,0.304912637,-0.01508272,-0.249595153,-0.236687788,-0.0496773462,1,1,0.0271227542,0.107011396,2,0.077559,,0.0706022305,-0.011342354,0.305494501,0.00307237682,-0.24900694,-0.24557706,-0.0476035993
1781693879.568691,2026-06-17T18:57:59.568,1781693879.406201,right,base,1,pelvis,200,0.001,-0.12887036,-0.359287668,-0.0208855,0.815436629,0.574273654,0.0176562962,0.070435283,0.447096908,-0.117189445,-0.19328673,-0.337293129,-0.222982235,-0.186074114,0.160017919,1,1,0.00314045,0.0198460431,1,0.030373,,0.447096908,-0.117189445,-0.19328673,-0.337293129,-0.222982235,-0.186074114,0.160017919
1781693879.584954,2026-06-17T18:57:59.584,1781693879.439801,left,base,1,pelvis,200,0.001,-0.05086337,0.249891232,-0.055548,0.733775327,-0.677598538,0.0493274497,0.000890679566,0.0704737132,-0.0113566702,0.305355431,0.00300934149,-0.249121098,-0.245542666,-0.0476719954,1,1,0.0245980942,0.0992390225,2,0.063359,,0.0793733815,-0.0138213739,0.306090875,0.00229501349,-0.248380731,-0.245518119,-0.0475240812
1781693879.585649,2026-06-17T18:57:59.585,1781693879.439542,right,base,1,pelvis,200,0.001,-0.13068961,-0.360758368,-0.020843,0.815400169,0.574414556,0.0154812871,0.070219741,0.447122246,-0.117163044,-0.193310081,-0.337297804,-0.223005819,-0.18607964,0.160031461,1,1,0.00210834765,0.0171238608,2,0.0627,,0.448298663,-0.118971838,-0.195808204,-0.330838636,-0.225277417,-0.189568783,0.161513979
1781693879.601731,2026-06-17T18:57:59.601,1781693879.439801,left,base,1,pelvis,200,0.001,-0.05086337,0.249891232,-0.055548,0.733775327,-0.677598538,0.0493274497,0.000890679566,0.0792791559,-0.0137063141,0.305989205,0.00230347611,-0.248464193,-0.245527133,-0.0475740769,1,1,0.020153795,0.0914006431,2,0.074223,,0.0858742399,-0.0155791184,0.306695589,0.00227359107,-0.247752786,-0.244496073,-0.0476086056
1781693879.602228,2026-06-17T18:57:59.602,1781693879.456205,right,base,1,pelvis,200,0.001,-0.13202966,-0.361701718,-0.020655,0.815503729,0.574339778,0.0151068451,0.0697084628,0.44815762,-0.118952283,-0.195678158,-0.330885203,-0.225146087,-0.189537877,0.161438563,1,1,0.00383391793,0.0181244221,1,0.029328,,0.44815762,-0.118952283,-0.195678158,-0.330885203,-0.225146087,-0.189537877,0.161438563
1781693879.618538,2026-06-17T18:57:59.618,1781693879.439801,left,base,1,pelvis,200,0.001,-0.05086337,0.249891232,-0.055548,0.733775327,-0.677598538,0.0493274497,0.000890679566,0.0858068287,-0.0154969467,0.306623002,0.00227963224,-0.247812377,-0.244502531,-0.0475706884,1,1,0.0100110975,0.0694513776,2,0.069752,,0.101214011,-0.0200221371,0.308673419,0.00173465326,-0.245747007,-0.238373159,-0.0483270061
1781693879.619172,2026-06-17T18:57:59.619,1781693879.489539,right,base,1,pelvis,200,0.001,-0.13453296,-0.360630468,-0.0151485,0.815451644,0.574492298,0.0146131442,0.069164093,0.448202028,-0.11895844,-0.195719104,-0.330870541,-0.225187437,-0.189547608,0.161462308,1,1,0.00337701012,0.0142428749,2,0.063428,,0.485854371,-0.1142127,-0.199450831,-0.386248685,-0.228595355,-0.168778097,0.157449192
1781693879.635217,2026-06-17T18:57:59.635,1781693879.489738,left,base,1,pelvis,200,0.001,-0.06339222,0.250534182,-0.011519,-0.724592182,0.679083999,-0.0470974253,0.107670441,0.1011544,-0.0199497675,0.308609531,0.00173997818,-0.245799465,-0.238378966,-0.0482936395,1,1,0.0411550482,0.153221807,2,0.045238,,0.106778147,-0.0212733467,0.307911906,0.0107509279,-0.246480445,-0.260149231,-0.0337413089
1781693879.635520,2026-06-17T18:57:59.635,1781693879.506210,right,base,1,pelvis,200,0.001,-0.13657541,-0.358912118,-0.0090785,0.815294779,0.574747389,0.0139227886,0.0690363543,0.4856961,-0.114375799,-0.199306397,-0.381884011,-0.228449513,-0.168795066,0.157517439,1,1,0.00341057375,0.00925864801,2,0.034356,,0.537935078,-0.104817919,-0.202729666,-0.468439458,-0.231424676,-0.134439945,0.147935556
1781693879.652007,2026-06-17T18:57:59.652,1781693879.489738,left,base,1,pelvis,200,0.001,-0.06339222,0.250534182,-0.011519,-0.724592182,0.679083999,-0.0470974253,0.107670441,0.106719027,-0.0212016866,0.307962562,0.0107221364,-0.246418475,-0.26013331,-0.0337726618,1,1,0.0389797063,0.140774897,2,0.053525,,0.0816896519,-0.0132902468,0.306655801,0.0752611879,-0.247652691,-0.304009832,-0.0136342513
1781693879.652349,2026-06-17T18:57:59.652,1781693879.506210,right,base,1,pelvis,200,0.001,-0.13657541,-0.358912118,-0.0090785,0.815294779,0.574747389,0.0139227886,0.0690363543,0.534379982,-0.105157133,-0.202429778,-0.430567892,-0.231121913,-0.13447858,0.148078054,1,1,0.005226659,0.0224341755,2,0.02827,,0.555818804,-0.101097672,-0.203891086,-0.490895873,-0.232260369,-0.103815464,0.139584378
1781693879.672509,2026-06-17T18:57:59.672,1781693879.489738,left,base,1,pelvis,200,0.001,-0.06339222,0.250534182,-0.011519,-0.724592182,0.679083999,-0.0470974253,0.107670441,0.0817729634,-0.0132999892,0.306732192,0.0613293409,-0.247559249,-0.303984484,-0.0136821273,1,1,0.0531747556,0.0910032395,400,3.905666,using best approximate IK outside the usable position/orientation threshold,-0.0460012559,0.026530732,0.30208294,0.26,-0.251787521,-0.433224157,0.0288690259
1781693879.672871,2026-06-17T18:57:59.672,1781693879.522875,right,base,1,pelvis,200,0.001,-0.13804146,-0.357430268,-0.004479,0.815146997,0.574941062,0.0130465214,0.0693392868,0.555570599,-0.101349073,-0.203668988,-0.481175097,-0.232036166,-0.103846338,0.139690492,1,1,0.00370366348,0.0235827799,2,0.031325,,0.586783869,-0.0946146503,-0.205413753,-0.547421015,-0.233349552,-0.0778769968,0.131211785
1781693879.685510,2026-06-17T18:57:59.685,1781693879.623097,left,base,1,pelvis,200,0.001,-0.03652541,0.248844532,-0.031994,-0.652228699,0.742831111,0.0866700541,0.123644521,0.0201808613,0.0264532011,0.30262396,0.122921443,-0.251126056,-0.365576586,0.0285213371,1,1,0.0377238679,0.345126762,2,0.046398,,-0.0615810773,0.035689438,0.285956517,0.26,-0.265751568,-0.426136045,0.0903849981
1781693879.685908,2026-06-17T18:57:59.685,1781693879.522875,right,base,1,pelvis,200,0.001,-0.13804146,-0.357430268,-0.004479,0.815146997,0.574941062,0.0130465214,0.0693392868,0.586616259,-0.0947831838,-0.205265073,-0.542767199,-0.233199485,-0.0778989421,0.131283201,1,1,0.00212579687,0.0212379914,2,0.036618,,0.597213602,-0.0921330804,-0.20606905,-0.567898113,-0.233749706,-0.0707680272,0.128029299
1781693879.702278,2026-06-17T18:57:59.702,1781693879.623097,left,base,1,pelvis,200,0.001,-0.03652541,0.248844532,-0.031994,-0.652228699,0.742831111,0.0866700541,0.123644521,-0.0189021427,0.0356211404,0.286424182,0.162004447,-0.265180865,-0.40465959,0.067604341,1,1,0.0494049089,0.33893655,2,0.050111,,-0.0771405654,0.0353660747,0.270468288,0.26,-0.278565667,-0.449706009,0.125618551
1781693879.702563,2026-06-17T18:57:59.702,1781693879.606215,right,base,1,pelvis,200,0.001,-0.13816106,-0.358123568,-0.0053325,0.815405186,0.57451844,0.0115400166,0.0700697692,0.597076549,-0.0922705642,-0.205947824,-0.567864615,-0.23362736,-0.0707862039,0.128087644,1,1,0.00181609307,0.0206341502,1,0.017762,,0.597076549,-0.0922705642,-0.205947824,-0.567864615,-0.23362736,-0.0707862039,0.128087644
1781693879.719114,2026-06-17T18:57:59.719,1781693879.623097,left,base,1,pelvis,200,0.001,-0.03652541,0.248844532,-0.031994,-0.652228699,0.742831111,0.0866700541,0.123644521,-0.0686302978,0.0356336928,0.270852362,0.211732602,-0.278097899,-0.449558189,0.117332496,1,1,0.0476960689,0.297786874,7,0.076989,,-0.0847104781,-0.0315517899,0.213549519,0.26,-0.318115297,-0.476501805,0.324910995
1781693879.719403,2026-06-17T18:57:59.719,1781693879.639548,right,base,1,pelvis,200,0.001,-0.13823341,-0.361270168,-0.0114685,0.816132059,0.573297759,0.00694130229,0.0721800622,0.597119873,-0.0922271048,-0.205986144,-0.567875204,-0.233666034,-0.0707804582,0.128069201,1,1,0.00311775568,0.0170226838,2,0.026868,,0.568144478,-0.0990681153,-0.206324196,-0.520278446,-0.233373756,-0.092041748,0.131668385
1781693879.735738,2026-06-17T18:57:59.735,1781693879.623097,left,base,1,pelvis,200,0.001,-0.03652541,0.248844532,-0.031994,-0.652228699,0.742831111,0.0866700541,0.123644521,-0.0840102309,-0.0150293016,0.220189368,0.259796224,-0.317358195,-0.476259068,0.167995491,1,1,0.0495166223,0.348235116,2,0.040646,,-0.0902813129,-0.0192317007,0.212595711,0.26,-0.321369015,-0.479691272,0.201435231
1781693879.736015,2026-06-17T18:57:59.736,1781693879.639548,right,base,1,pelvis,200,0.001,-0.13823341,-0.361270168,-0.0114685,0.816132059,0.573297759,0.00694130229,0.0721800622,0.56823222,-0.0990511713,-0.20620587,-0.520313186,-0.233474719,-0.0920175782,0.131601185,1,1,0.00314567265,0.0170876191,1,0.016766,,0.56823222,-0.0990511713,-0.20620587,-0.520313186,-0.233474719,-0.0920175782,0.131601185
1781693879.752634,2026-06-17T18:57:59.752,1781693879.623097,left,base,1,pelvis,200,0.001,-0.03652541,0.248844532,-0.031994,-0.652228699,0.742831111,0.0866700541,0.123644521,-0.0896989964,-0.0192945298,0.213116794,0.25983087,-0.320739979,-0.479489161,0.201711919,1,1,0.049249533,0.324902731,3,0.058471,,-0.0892857203,-0.0301509396,0.200448978,0.26,-0.327188282,-0.479098281,0.259281349
1781693879.752912,2026-06-17T18:57:59.752,1781693879.672884,right,base,1,pelvis,200,0.001,-0.13739931,-0.363399018,-0.0147445,0.816095403,0.573224594,0.00470298165,0.0733467082,0.5682045,-0.0990565243,-0.206243253,-0.520302211,-0.233442822,-0.0920252141,0.131622416,1,1,0.0030736066,0.0149539414,2,0.027799,,0.537813697,-0.106159372,-0.206232392,-0.47016956,-0.232784106,-0.113235016,0.134847804
1781693879.769332,2026-06-17T18:57:59.769,1781693879.623097,left,base,1,pelvis,200,0.001,-0.03652541,0.248844532,-0.031994,-0.652228699,0.742831111,0.0866700541,0.123644521,-0.0897328571,-0.0295681349,0.20087771,0.259861498,-0.326672193,-0.479105053,0.252532985,1,1,0.0476021358,0.315622717,2,0.057195,,-0.0871102752,-0.0349951234,0.195651615,0.26,-0.329154866,-0.476632791,0.277626877
1781693879.769838,2026-06-17T18:57:59.769,1781693879.722898,right,base,1,pelvis,200,0.001,-0.13634186,-0.366348668,-0.0157975,0.816238247,0.572715552,0.00285296878,0.0757883995,0.537900512,-0.106142559,-0.206271498,-0.470205402,-0.232882679,-0.113210607,0.134782088,1,1,0.00251721237,0.015665483,2,0.04545,,0.515907663,-0.112848577,-0.206951403,-0.434619559,-0.232765487,-0.127753985,0.137054742
1781693879.786255,2026-06-17T18:57:59.786,1781693879.623097,left,base,1,pelvis,200,0.001,-0.03652541,0.248844532,-0.031994,-0.652228699,0.742831111,0.0866700541,0.123644521,-0.0874734627,-0.0345214695,0.196000218,0.259887592,-0.328735745,-0.476638618,0.277378611,1,1,0.0455327237,0.303577182,2,0.070587,,-0.084323511,-0.0398644258,0.19146421,0.26,-0.330793662,-0.472986581,0.30008225
1781693879.786758,2026-06-17T18:57:59.786,1781693879.722898,right,base,1,pelvis,200,0.001,-0.13634186,-0.366348668,-0.0157975,0.816238247,0.572715552,0.00285296878,0.0757883995,0.515994259,-0.112831713,-0.20683728,-0.43465632,-0.232850958,-0.127729319,0.136989738,1,1,0.0025481938,0.0156999717,1,0.029334,,0.515994259,-0.112831713,-0.20683728,-0.43465632,-0.232850958,-0.127729319,0.136989738
1781693879.803103,2026-06-17T18:57:59.803,1781693879.756561,left,base,1,pelvis,200,0.001,-0.03773049,0.253095882,-0.027364,-0.689911759,0.70840808,0.0604540622,0.13610681,-0.0846142465,-0.039485128,0.191743432,0.259910109,-0.33045832,-0.472991633,0.299881302,1,1,0.0481271024,0.254458404,8,0.144824,,-0.0775114619,-0.0512167288,0.192434133,0.26,-0.321245754,-0.52,0.396522883
1781693879.803613,2026-06-17T18:57:59.803,1781693879.722898,right,base,1,pelvis,200,0.001,-0.13634186,-0.366348668,-0.0157975,0.816238247,0.572715552,0.00285296878,0.0757883995,0.515966435,-0.112837132,-0.206873949,-0.434644508,-0.232823495,-0.127737244,0.137010624,1,1,0.00253817601,0.0156888387,1,0.029012,,0.515966435,-0.112837132,-0.206873949,-0.434644508,-0.232823495,-0.127737244,0.137010624
1781693879.819891,2026-06-17T18:57:59.819,1781693879.756561,left,base,1,pelvis,200,0.001,-0.03773049,0.253095882,-0.027364,-0.689911759,0.70840808,0.0604540622,0.13610681,-0.0777415278,-0.0509163723,0.192181171,0.259929046,-0.321455147,-0.51991179,0.350375496,1,1,0.0483331975,0.260627906,2,0.069291,,-0.0785987707,-0.0509981314,0.192271085,0.26,-0.320075539,-0.52,0.362487744
1781693879.820527,2026-06-17T18:57:59.820,1781693879.756231,right,base,1,pelvis,200,0.001,-0.13695346,-0.366841918,-0.0152635,0.817253317,0.571112484,0.00385304614,0.0768940844,0.515945953,-0.11284112,-0.206900942,-0.434635813,-0.23280328,-0.127743078,0.137025999,1,1,0.00258166176,0.0181973478,1,0.030882,,0.515945953,-0.11284112,-0.206900942,-0.434635813,-0.23280328,-0.127743078,0.137025999
1781693879.836573,2026-06-17T18:57:59.836,1781693879.756561,left,base,1,pelvis,200,0.001,-0.03773049,0.253095882,-0.027364,-0.689911759,0.70840808,0.0604540622,0.13610681,-0.0784098459,-0.0509835057,0.192237711,0.259944905,-0.320238207,-0.519931506,0.36256727,1,1,0.0480295869,0.257609267,2,0.067434,,-0.0780934834,-0.0516672199,0.192394429,0.26,-0.318924299,-0.52,0.3738013
1781693879.837090,2026-06-17T18:57:59.837,1781693879.756231,right,base,1,pelvis,200,0.001,-0.13695346,-0.366841918,-0.0152635,0.817253317,0.571112484,0.00385304614,0.0768940844,0.51593125,-0.112843984,-0.206920318,-0.434629572,-0.232788768,-0.127747266,0.137037036,1,1,0.00257783065,0.0181895723,1,0.030174,,0.51593125,-0.112843984,-0.206920318,-0.434629572,-0.232788768,-0.127747266,0.137037036
1781693879.853441,2026-06-17T18:57:59.853,1781693879.756561,left,base,1,pelvis,200,0.001,-0.03773049,0.253095882,-0.027364,-0.689911759,0.70840808,0.0604540622,0.13610681,-0.0782304777,-0.0514883096,0.192245487,0.259957741,-0.319049128,-0.519947464,0.373703107,1,1,0.047439783,0.254838981,2,0.082074,,-0.0771673753,-0.0526004916,0.192477434,0.26,-0.31777991,-0.52,0.38408944
1781693879.854076,2026-06-17T18:57:59.854,1781693879.756231,right,base,1,pelvis,200,0.001,-0.13695346,-0.366841918,-0.0152635,0.817253317,0.571112484,0.00385304614,0.0768940844,0.515921399,-0.112845902,-0.2069333,-0.43462539,-0.232779045,-0.127750072,0.13704443,1,1,0.00257527598,0.0181843688,1,0.030513,,0.515921399,-0.112845902,-0.2069333,-0.43462539,-0.232779045,-0.127750072,0.13704443
1781693879.870018,2026-06-17T18:57:59.870,1781693879.756561,left,base,1,pelvis,200,0.001,-0.03773049,0.253095882,-0.027364,-0.689911759,0.70840808,0.0604540622,0.13610681,-0.0772696853,-0.0524668883,0.192364955,0.259968451,-0.317873146,-0.519960778,0.384015745,1,1,0.0465740132,0.252167995,2,0.064881,,-0.0758656499,-0.0538305982,0.192673701,0.26,-0.316635334,-0.52,0.393566994
1781693879.870483,2026-06-17T18:57:59.870,1781693879.756231,right,base,1,pelvis,200,0.001,-0.13695346,-0.366841918,-0.0152635,0.817253317,0.571112484,0.00385304614,0.0768940844,0.515914863,-0.112847175,-0.206941913,-0.434622615,-0.232772594,-0.127751934,0.137049336,1,1,0.00257358623,0.0181809187,1,0.027551,,0.515914863,-0.112847175,-0.206941913,-0.434622615,-0.232772594,-0.127751934,0.137049336
1781693879.886845,2026-06-17T18:57:59.886,1781693879.756561,left,base,1,pelvis,200,0.001,-0.03773049,0.253095882,-0.027364,-0.689911759,0.70840808,0.0604540622,0.13610681,-0.0759409862,-0.053732232,0.192590911,0.25997678,-0.316703987,-0.519971133,0.393512492,1,1,0.0455876216,0.249709652,2,0.058392,,-0.0744251154,-0.055226381,0.192971515,0.26,-0.315491337,-0.52,0.40225476
1781693879.887508,2026-06-17T18:57:59.887,1781693879.756231,right,base,1,pelvis,200,0.001,-0.13695346,-0.366841918,-0.0152635,0.817253317,0.571112484,0.00385304614,0.0768940844,0.515911082,-0.112847911,-0.206946897,-0.43462101,-0.232768862,-0.127753011,0.137052175,1,1,0.00257261053,0.0181789236,1,0.027557,,0.515911082,-0.112847911,-0.206946897,-0.43462101,-0.232768862,-0.127753011,0.137052175
1781693879.903501,2026-06-17T18:57:59.903,1781693879.806578,left,base,1,pelvis,200,0.001,-0.036336195,0.254296232,-0.0306785,-0.693793246,0.709065301,0.0622750066,0.10954065,-0.0744784926,-0.0551566962,0.192912881,0.259983557,-0.315539976,-0.519979558,0.402215994,1,1,0.0378969701,0.272871265,2,0.063475,,-0.0675629546,-0.056552222,0.195146601,0.26,-0.313049111,-0.511323157,0.403077104
1781693879.903995,2026-06-17T18:57:59.903,1781693879.806247,right,base,1,pelvis,200,0.001,-0.13636451,-0.363173868,-0.008087,0.817837865,0.570297552,0.00645815678,0.076552077,0.515908972,-0.112848322,-0.206949677,-0.434620114,-0.23276678,-0.127753612,0.137053759,1,1,0.00243781992,0.0138223782,2,0.046325,,0.550868469,-0.104982294,-0.209759603,-0.495544758,-0.235047452,-0.10654034,0.128624207
1781693879.926327,2026-06-17T18:57:59.926,1781693879.823092,left,base,1,pelvis,200,0.001,-0.05086619,0.254034232,-0.0059145,-0.716825623,0.686981617,0.0162507805,0.118123647,-0.0676102333,-0.0564906314,0.19509476,0.259988592,-0.313092126,-0.511323307,0.403042839,1,1,0.0600495535,0.216502274,400,5.871599,using best approximate IK outside the usable position/orientation threshold,-0.0676102333,-0.0564906314,0.19509476,0.259988592,-0.313092126,-0.511323307,0.403042839
1781693879.926811,2026-06-17T18:57:59.926,1781693879.822897,right,base,1,pelvis,200,0.001,-0.13485186,-0.358603918,-0.0003005,0.817421545,0.571014771,0.00844227002,0.0754511571,0.5507109,-0.105141945,-0.209618122,-0.484275313,-0.234904778,-0.10655984,0.128692189,1,1,0.00469664246,0.0171333873,2,0.04966,,0.606246947,-0.0901616984,-0.211705055,-0.591549182,-0.236621394,-0.0640499116,0.112988611
1781693879.942671,2026-06-17T18:57:59.942,1781693879.823092,left,base,1,pelvis,200,0.001,-0.05086619,0.254034232,-0.0059145,-0.716825623,0.686981617,0.0162507805,0.118123647,-0.0675906266,-0.0565161733,0.195116259,0.259993323,-0.313074287,-0.511323245,0.403057049,1,1,0.0600336494,0.216460191,400,5.776213,using best approximate IK outside the usable position/orientation threshold,-0.0675906266,-0.0565161733,0.195116259,0.259993323,-0.313074287,-0.511323245,0.403057049
1781693879.943105,2026-06-17T18:57:59.943,1781693879.822897,right,base,1,pelvis,200,0.001,-0.13485186,-0.358603918,-0.0003005,0.817421545,0.571014771,0.00844227002,0.0754511571,0.60587669,-0.0905323465,-0.211377811,-0.552797528,-0.236291433,-0.064099619,0.113147453,1,1,0.00753496267,0.0417173763,2,0.046955,,0.623127796,-0.0850183831,-0.211994946,-0.614953811,-0.236781136,-0.0344816193,0.103308023
1781693879.959843,2026-06-17T18:57:59.959,1781693879.839791,left,base,1,pelvis,200,0.001,-0.06163782,0.256211732,0.004498,-0.739253969,0.660813605,-0.0292699005,0.126381252,-0.0675809228,-0.0565288146,0.195126899,0.259995665,-0.313065459,-0.511323214,0.403064082,1,1,0.0744353243,0.214782419,400,5.793295,using best approximate IK outside the usable position/orientation threshold,-0.0675809228,-0.0565288146,0.195126899,0.259995665,-0.313065459,-0.511323214,0.403064082
1781693879.960523,2026-06-17T18:57:59.960,1781693879.822897,right,base,1,pelvis,200,0.001,-0.13485186,-0.358603918,-0.0003005,0.817421545,0.571014771,0.00844227002,0.0754511571,0.622843176,-0.0853023238,-0.21174461,-0.601638051,-0.236528733,-0.0345221066,0.103430331,1,1,0.00518922795,0.0415088517,2,0.048407,,0.628431962,-0.0830986875,-0.212185777,-0.63180644,-0.236923931,-0.0239440486,0.0995094115
1781693879.970409,2026-06-17T18:57:59.970,1781693879.856453,left,base,1,pelvis,200,0.001,-0.048469375,0.262975382,-0.0385735,-0.734377279,0.669582517,-0.0295631341,0.107122764,-0.0675736128,-0.0565383374,0.195134915,0.259997428,-0.313058808,-0.511323191,0.403069379,1,1,0.0394863826,0.217178229,2,0.054278,,-0.0430846695,-0.052357645,0.203508406,0.243499723,-0.306701109,-0.511595869,0.381090485
1781693879.970894,2026-06-17T18:57:59.970,1781693879.872899,right,base,1,pelvis,200,0.001,-0.13299666,-0.354693268,-0.0014155,0.814054491,0.57540248,0.00513873779,0.0787455756,0.628222744,-0.0833071996,-0.212002035,-0.631751859,-0.236738675,-0.0239744087,0.0995994097,1,1,0.00312537871,0.0335521898,2,0.045441,,0.628595518,-0.077566615,-0.209433094,-0.642809458,-0.233639237,-0.0266145568,0.0913078825
1781693879.987308,2026-06-17T18:57:59.987,1781693879.873080,left,base,1,pelvis,200,0.001,-0.03039378,0.268058182,-0.0777895,-0.72496356,0.682889933,-0.0231192853,0.086917627,-0.043130537,-0.0523622811,0.203458421,0.243499999,-0.306742574,-0.511578644,0.381110337,1,1,0.0403091824,0.22240232,2,0.053366,,0.0657659491,-0.063944251,0.216541178,0.0456302603,-0.296414068,-0.417338135,0.326409361
1781693879.987793,2026-06-17T18:57:59.987,1781693879.922904,right,base,1,pelvis,200,0.001,-0.13149661,-0.353714818,-0.00444,0.81268755,0.577255966,0.00228981359,0.0794308063,0.628423602,-0.0777382212,-0.209562867,-0.642764057,-0.233767792,-0.0265870684,0.0913822437,1,1,0.00232053353,0.0256524383,2,0.044947,,0.617249319,-0.0753032307,-0.206457122,-0.629904605,-0.229953897,-0.0376984869,0.0855446276
1781693880.004051,2026-06-17T18:58:00.004,1781693879.873080,left,base,1,pelvis,200,0.001,-0.03039378,0.268058182,-0.0777895,-0.72496356,0.682889933,-0.0231192853,0.086917627,0.00755749136,-0.0632123374,0.215921998,0.19281197,-0.296927607,-0.460890615,0.330422308,1,1,0.0359096187,0.160970132,2,0.070615,,0.110397059,-0.0749726525,0.226238,-0.00590416844,-0.288239573,-0.3637331,0.279126377
1781693880.004540,2026-06-17T18:58:00.004,1781693879.922904,right,base,1,pelvis,200,0.001,-0.13149661,-0.353714818,-0.00444,0.81268755,0.577255966,0.00228981359,0.0794308063,0.617326821,-0.0754250321,-0.206549276,-0.629932074,-0.230045213,-0.0376785939,0.0855975778,1,1,0.00239498774,0.0256646517,1,0.028133,,0.617326821,-0.0754250321,-0.206549276,-0.629932074,-0.230045213,-0.0376785939,0.0855975778
1781693880.020817,2026-06-17T18:58:00.020,1781693879.906461,left,base,1,pelvis,200,0.001,-0.0141748,0.266586032,-0.08826,-0.716386697,0.693620439,-0.0250526483,0.0710855221,0.0574751893,-0.0743649795,0.225723862,0.142894272,-0.288666015,-0.410972917,0.280504611,1,1,0.0493186024,0.108522578,3,0.06441,,0.0105934176,-0.0458193964,0.240206404,0.172983657,-0.274921271,-0.382689076,0.241429905
1781693880.021544,2026-06-17T18:58:00.021,1781693879.922904,right,base,1,pelvis,200,0.001,-0.13149661,-0.353714818,-0.00444,0.81268755,0.577255966,0.00228981359,0.0794308063,0.617302639,-0.0753870275,-0.206520522,-0.629923503,-0.23001672,-0.0376848009,0.0855810563,1,1,0.00237159391,0.0256607693,1,0.031516,,0.617302639,-0.0753870275,-0.206520522,-0.629923503,-0.23001672,-0.0376848009,0.0855810563
1781693880.037529,2026-06-17T18:58:00.037,1781693879.956585,left,base,1,pelvis,200,0.001,-0.0117736,0.250391532,-0.0580285,-0.711155463,0.699840985,-0.0381713631,0.0549859101,0.0110596974,-0.0458670712,0.23969805,0.172719769,-0.275343207,-0.382537639,0.241652789,1,1,0.021337141,0.130316174,2,0.07247,,0.0307036645,-0.05138705,0.243016981,0.116514949,-0.272928969,-0.342272804,0.221909718
1781693880.038060,2026-06-17T18:58:00.038,1781693879.972922,right,base,1,pelvis,200,0.001,-0.12698206,-0.348824618,-0.0054495,0.811429579,0.579295266,0.00220614292,0.0774220004,0.617284298,-0.0753582028,-0.206498713,-0.629917003,-0.22999511,-0.0376895086,0.0855685254,1,1,0.00354988636,0.019060398,2,0.047807,,0.610647466,-0.068786454,-0.20184562,-0.630288994,-0.225110651,-0.0393657054,0.0752210114
1781693880.054322,2026-06-17T18:58:00.054,1781693879.973308,left,base,1,pelvis,200,0.001,-0.022471,0.243166982,-0.053406,-0.71351177,0.697792864,-0.0402826616,0.0486146138,0.030314795,-0.0508988252,0.242598841,0.122900777,-0.273275979,-0.342297306,0.222095569,1,1,0.0128035095,0.129442751,2,0.069544,,0.0452462147,-0.0568585561,0.244950296,0.0853381872,-0.271532872,-0.315815953,0.207763868
1781693880.054855,2026-06-17T18:58:00.054,1781693880.006258,right,base,1,pelvis,200,0.001,-0.12406141,-0.344453618,-0.004481,0.810579803,0.580517797,0.00460846571,0.0770599298,0.610716235,-0.0688944102,-0.201927289,-0.630260901,-0.225191586,-0.0393480546,0.0752681791,1,1,0.00349518736,0.017301694,2,0.049501,,0.613561791,-0.0604547221,-0.197489938,-0.645161314,-0.220818028,-0.0355866956,0.0648462011
1781693880.071017,2026-06-17T18:58:00.071,1781693880.023357,left,base,1,pelvis,200,0.001,-0.0314001,0.252964382,-0.063111,-0.718325859,0.693163426,-0.0474312694,0.0358148006,0.0449296898,-0.0564625872,0.244611476,0.0853576863,-0.271814032,-0.315838748,0.207915947,1,1,0.0148487039,0.147691132,2,0.067282,,0.099853493,-0.0661870363,0.248119465,-0.0203692575,-0.268816908,-0.263315617,0.177984301
1781693880.071506,2026-06-17T18:58:00.071,1781693880.006258,right,base,1,pelvis,200,0.001,-0.12406141,-0.344453618,-0.004481,0.810579803,0.580517797,0.00460846571,0.0770599298,0.613455635,-0.0605616881,-0.197570797,-0.645133083,-0.22089816,-0.0356018043,0.0648931462,1,1,0.00351957199,0.0172582279,1,0.029744,,0.613455635,-0.0605616881,-0.197570797,-0.645133083,-0.22089816,-0.0356018043,0.0648931462
1781693880.087916,2026-06-17T18:58:00.087,1781693880.023357,left,base,1,pelvis,200,0.001,-0.0314001,0.252964382,-0.063111,-0.718325859,0.693163426,-0.0474312694,0.0358148006,0.0937094158,-0.065869011,0.24784777,0.0365779603,-0.269042374,-0.267059022,0.178108787,1,1,0.0203864834,0.111868671,2,0.121581,,0.11874189,-0.0687743502,0.25049879,-0.0245319452,-0.266576741,-0.231831219,0.154953558
1781693880.088449,2026-06-17T18:58:00.088,1781693880.039585,right,base,1,pelvis,200,0.001,-0.11685616,-0.335221018,-0.0014525,0.806533343,0.586068148,0.00647368888,0.0773704285,0.61348881,-0.0605282597,-0.197545527,-0.645141906,-0.220873118,-0.0355970826,0.0648784752,1,1,0.00620026981,0.0230100139,2,0.046249,,0.629556379,-0.0445298861,-0.190122104,-0.691121819,-0.213677494,-0.0167171668,0.0454524337
1781693880.104564,2026-06-17T18:58:00.104,1781693880.023357,left,base,1,pelvis,200,0.001,-0.0314001,0.252964382,-0.063111,-0.718325859,0.693163426,-0.0474312694,0.0358148006,0.118537079,-0.0685237699,0.250284703,-0.0145313537,-0.26675442,-0.23185151,0.155053195,1,1,0.0200886406,0.100066688,2,0.082594,,0.0964255884,-0.0600959603,0.252713947,0.0132353021,-0.264253577,-0.236309803,0.144598809
1781693880.105097,2026-06-17T18:58:00.105,1781693880.039585,right,base,1,pelvis,200,0.001,-0.11685616,-0.335221018,-0.0014525,0.806533343,0.586068148,0.00647368888,0.0773704285,0.629452116,-0.0446349391,-0.190201375,-0.691092819,-0.213756046,-0.016732512,0.0454989174,1,1,0.00249228504,0.0175259824,2,0.046621,,0.634887604,-0.0386805338,-0.185991099,-0.706462562,-0.209538125,-0.0125003114,0.0382722859
1781693880.121366,2026-06-17T18:58:00.121,1781693880.023357,left,base,1,pelvis,200,0.001,-0.0314001,0.252964382,-0.063111,-0.718325859,0.693163426,-0.0474312694,0.0358148006,0.0965731787,-0.0601107492,0.252547226,0.013157866,-0.264391972,-0.236268362,0.144676912,1,1,0.0176169624,0.0920951298,2,0.063629,,0.104104074,-0.0595666802,0.254572984,-0.0120496659,-0.262418398,-0.219053994,0.129236978
1781693880.121886,2026-06-17T18:58:00.121,1781693880.056266,right,base,1,pelvis,200,0.001,-0.11150261,-0.331529918,0.0022635,0.803682882,0.590171646,0.00728452078,0.0757508374,0.63478435,-0.038784584,-0.186069604,-0.706433425,-0.209615921,-0.0125156115,0.0383184644,1,1,0.00388576028,0.0204154197,2,0.045524,,0.650535363,-0.0307138134,-0.181055126,-0.746096792,-0.204689229,0.00606906744,0.0280159803
1781693880.138164,2026-06-17T18:58:00.138,1781693880.023357,left,base,1,pelvis,200,0.001,-0.0314001,0.252964382,-0.063111,-0.718325859,0.693163426,-0.0474312694,0.0358148006,0.103983148,-0.0595779799,0.254445771,-0.0120382987,-0.26252401,-0.219066569,0.129297178,1,1,0.0132144443,0.069719574,2,0.067717,,0.0516845137,-0.0394842843,0.260022,0.0601231109,-0.256791138,-0.235473712,0.104865121
1781693880.138700,2026-06-17T18:58:00.138,1781693880.072929,right,base,1,pelvis,200,0.001,-0.10824346,-0.329678068,0.0039745,0.801004232,0.594054722,0.00920230133,0.073529075,0.650432825,-0.0308169099,-0.18113288,-0.746066808,-0.204766279,0.0060533891,0.0280619358,1,1,0.00317465006,0.0234577891,2,0.04599,,0.661816131,-0.0258122189,-0.176171394,-0.776403284,-0.200111583,0.0214504861,0.0217083334
1781693880.155072,2026-06-17T18:58:00.155,1781693880.073172,left,base,1,pelvis,200,0.001,-0.03579525,0.268043532,-0.0723555,-0.725448622,0.685722707,-0.0531750517,0.0260975054,0.0543508369,-0.0394933514,0.259926808,0.0375940121,-0.2568702,-0.235450134,0.104910848,1,1,0.0249417596,0.0979270824,2,0.077549,,0.115918144,-0.047562532,0.263064237,-0.07522972,-0.253889767,-0.185566408,0.075487413
1781693880.155601,2026-06-17T18:58:00.155,1781693880.106263,right,base,1,pelvis,200,0.001,-0.10655581,-0.328195968,0.0033065,0.797811274,0.598484399,0.0117215742,0.0719458122,0.661714399,-0.0259143158,-0.176248429,-0.776372739,-0.200187913,0.0214345284,0.0217539649,1,1,0.00206902286,0.0272644196,2,0.049691,,0.66371706,-0.0240769347,-0.171030203,-0.786738359,-0.195439309,0.0272350802,0.0194945484
1781693880.171736,2026-06-17T18:58:00.171,1781693880.073172,left,base,1,pelvis,200,0.001,-0.03579525,0.268043532,-0.0723555,-0.725448622,0.685722707,-0.0531750517,0.0260975054,0.105037435,-0.0472344431,0.262781083,-0.0130925857,-0.254124977,-0.185597425,0.0756260206,1,1,0.0228269237,0.0621709556,2,0.058652,,0.0228793178,-0.00383298903,0.270478262,0.11606497,-0.246271791,-0.233525729,0.0465131583
1781693880.172259,2026-06-17T18:58:00.172,1781693880.106263,right,base,1,pelvis,200,0.001,-0.10655581,-0.328195968,0.0033065,0.797811274,0.598484399,0.0117215742,0.0719458122,0.663616421,-0.0241779293,-0.171106518,-0.786707857,-0.195514912,0.0272191342,0.019539729,1,1,0.00207741597,0.02733662,1,0.028503,,0.663616421,-0.0241779293,-0.171106518,-0.786707857,-0.195514912,0.0272191342,0.019539729
1781693880.188642,2026-06-17T18:58:00.188,1781693880.073172,left,base,1,pelvis,200,0.001,-0.03579525,0.268043532,-0.0723555,-0.725448622,0.685722707,-0.0531750517,0.0260975054,0.0553464729,-0.0038899796,0.26994351,0.0365983761,-0.246716252,-0.233394067,0.0467793544,1,1,0.0279947837,0.0639241418,2,0.078898,,0.24579657,-0.0524895889,0.278736647,-0.314343891,-0.238352592,-0.0775213889,-0.0149569118
1781693880.189190,2026-06-17T18:58:00.189,1781693880.106263,right,base,1,pelvis,200,0.001,-0.10655581,-0.328195968,0.0033065,0.797811274,0.598484399,0.0117215742,0.0719458122,0.663648338,-0.0241458999,-0.171082315,-0.78671753,-0.195490935,0.0272241913,0.0195254004,1,1,0.00207434358,0.0273136518,1,0.02923,,0.663648338,-0.0241458999,-0.171082315,-0.78671753,-0.195490935,0.0272241913,0.0195254004
1781693880.205305,2026-06-17T18:58:00.205,1781693880.156485,left,base,1,pelvis,200,0.001,-0.0366145,0.260330282,-0.066231,-0.726162748,0.685257725,-0.0502764079,0.0241204829,0.106143935,-0.0498261028,0.276429361,-0.0141990863,-0.240271095,-0.182596604,-0.00401810807,1,1,0.0178211782,0.0170057994,2,0.05936,,0.0398614405,-0.0109183039,0.281057328,0.0866352438,-0.235632065,-0.217132752,-0.0154750825
1781693880.205796,2026-06-17T18:58:00.205,1781693880.139595,right,base,1,pelvis,200,0.001,-0.10537636,-0.323951318,-0.000265,0.790950436,0.607316755,0.0157720224,0.0729041131,0.663672385,-0.0241217675,-0.17106408,-0.786724819,-0.19547287,0.0272280016,0.0195146046,1,1,0.00284718305,0.0385077043,2,0.046925,,0.653422229,-0.0222112239,-0.162841265,-0.773408693,-0.187751109,0.0194702165,0.0169848078
1781693880.222448,2026-06-17T18:58:00.222,1781693880.156485,left,base,1,pelvis,200,0.001,-0.0366145,0.260330282,-0.066231,-0.726162748,0.685257725,-0.0502764079,0.0241204829,0.0560366947,-0.01113014,0.279018476,0.0359081544,-0.237327891,-0.216643375,-0.0144224971,1,1,0.0179737178,0.0175410183,2,0.092628,,0.189816642,-0.0445679852,0.283288293,-0.209016569,-0.233168056,-0.108828665,-0.0470354391
1781693880.223062,2026-06-17T18:58:00.223,1781693880.139595,right,base,1,pelvis,200,0.001,-0.10537636,-0.323951318,-0.000265,0.790950436,0.607316755,0.0157720224,0.0729041131,0.653482434,-0.0223089401,-0.162915294,-0.773426349,-0.187824436,0.0194843206,0.0170285691,1,1,0.00291947227,0.0385911303,1,0.02976,,0.653482434,-0.0223089401,-0.162915294,-0.773426349,-0.187824436,0.0194843206,0.0170285691
1781693880.239015,2026-06-17T18:58:00.239,1781693880.173399,left,base,1,pelvis,200,0.001,-0.04206265,0.249776182,-0.056874,-0.728487295,0.682863126,-0.0505227723,0.0212523364,0.107576593,-0.0425149266,0.281503169,-0.0156317436,-0.234653196,-0.165103477,-0.0460961819,1,1,0.00812499969,0.0373501027,2,0.072293,,0.0762888592,-0.0255061998,0.284183308,0.0287039176,-0.23199538,-0.183640061,-0.0432121228
1781693880.239555,2026-06-17T18:58:00.239,1781693880.156262,right,base,1,pelvis,200,0.001,-0.10336016,-0.318223768,0.001199,0.786555825,0.612680052,0.0168327129,0.0752977294,0.653462727,-0.0222769547,-0.162891062,-0.77342057,-0.187800434,0.0194797039,0.0170142447,1,1,0.00344805263,0.0398366362,2,0.046128,,0.655207131,-0.0157171901,-0.15364414,-0.781036391,-0.178734013,0.0187657352,0.00900060343
1781693880.255940,2026-06-17T18:58:00.255,1781693880.173399,left,base,1,pelvis,200,0.001,-0.04206265,0.249776182,-0.056874,-0.728487295,0.682863126,-0.0505227723,0.0212523364,0.0776690474,-0.0256610648,0.282619784,0.0279772815,-0.233296376,-0.183282191,-0.0439886442,1,1,0.00648015423,0.0299920151,2,0.082369,,0.118029424,-0.0347927055,0.284586732,-0.0545797824,-0.231292588,-0.149587436,-0.0497071893
1781693880.256535,2026-06-17T18:58:00.256,1781693880.172954,right,base,1,pelvis,200,0.001,-0.10146796,-0.310860868,0.004006,0.781558335,0.618634745,0.0179342319,0.0783325196,0.655112201,-0.0158129206,-0.153716782,-0.781007706,-0.178805964,0.0187795462,0.00904361523,1,1,0.00457340394,0.042719129,2,0.051441,,0.666706682,-0.00503380481,-0.143015517,-0.804941351,-0.168023397,0.0228088103,-0.00402397069
1781693880.272474,2026-06-17T18:58:00.272,1781693880.190064,left,base,1,pelvis,200,0.001,-0.04778723,0.242540882,-0.04496,-0.731946676,0.678915129,-0.0551464372,0.0169464116,0.116745616,-0.0332366149,0.283229394,-0.0229782524,-0.232422181,-0.149750962,-0.048992137,1,1,0.0059252493,0.0413369769,2,0.059881,,0.14576915,-0.0475130961,0.285457341,-0.0874836689,-0.230179271,-0.128266659,-0.0484652786
1781693880.273049,2026-06-17T18:58:00.273,1781693880.189616,right,base,1,pelvis,200,0.001,-0.10016796,-0.304781068,0.008335,0.776867253,0.624043311,0.0186677999,0.0818457741,0.666612498,-0.00512875809,-0.143087639,-0.804912335,-0.168094836,0.0227940207,-0.00398108398,1,1,0.00478363688,0.044422811,2,0.045719,,0.686514678,0.00636394315,-0.132292113,-0.840868709,-0.156777265,0.0302808038,-0.0184062307
1781693880.289453,2026-06-17T18:58:00.289,1781693880.206689,left,base,1,pelvis,200,0.001,-0.049159625,0.245500832,-0.0363805,-0.734752019,0.675232166,-0.0634804718,0.0130851997,0.144646484,-0.0461603168,0.284281256,-0.0725197258,-0.231158171,-0.128416462,-0.0490471282,1,1,0.00442882494,0.0452044722,2,0.071974,,0.310253755,-0.0931666085,0.286157034,-0.39398229,-0.229167894,0.00325791323,-0.0871603092
1781693880.289957,2026-06-17T18:58:00.289,1781693880.189616,right,base,1,pelvis,200,0.001,-0.10016796,-0.304781068,0.008335,0.776867253,0.624043311,0.0186677999,0.0818457741,0.68642098,0.00626971037,-0.132363743,-0.840839039,-0.156848235,0.0302659728,-0.0183634205,1,1,0.00483889768,0.0444521259,1,0.028169,,0.68642098,0.00626971037,-0.132363743,-0.840839039,-0.156848235,0.0302659728,-0.0183634205
1781693880.306307,2026-06-17T18:58:00.306,1781693880.223379,left,base,1,pelvis,200,0.001,-0.046690125,0.254463682,-0.031189,-0.736507944,0.671912077,-0.0773185255,0.0105856068,0.195109207,-0.0917739921,0.284961469,-0.122982449,-0.230163175,-0.0779537388,-0.0865162452,1,1,0.0418769598,0.122528344,2,0.062154,,0.260487808,-0.0994841559,0.284860415,-0.262664745,-0.230427847,-0.0175360548,-0.111990918
1781693880.306827,2026-06-17T18:58:00.306,1781693880.256289,right,base,1,pelvis,200,0.001,-0.09200341,-0.288404618,0.028182,0.754508438,0.648285099,0.0153244842,0.101037657,0.686451098,0.00630000011,-0.132340718,-0.840848576,-0.156825422,0.03027074,-0.0183771812,1,1,0.0250846018,0.10921434,2,0.04735,,0.710195933,0.0155343354,-0.12524255,-0.885676577,-0.148607277,0.0453344231,-0.0319410328
1781693880.323144,2026-06-17T18:58:00.323,1781693880.273278,left,base,1,pelvis,200,0.001,-0.0394807,0.266995182,-0.043888,-0.734252924,0.670577298,-0.104511781,0.0166138243,0.245988923,-0.0982849002,0.285129282,-0.173862165,-0.230023475,-0.0270740219,-0.111428961,1,1,0.0403869729,0.175503939,4,0.079543,,0.230267476,-0.0574081467,0.292884955,-0.219428288,-0.222267303,-0.0139610591,-0.157289296
1781693880.323642,2026-06-17T18:58:00.323,1781693880.256289,right,base,1,pelvis,200,0.001,-0.09200341,-0.288404618,0.028182,0.754508438,0.648285099,0.0153244842,0.101037657,0.710103665,0.0154419263,-0.125312795,-0.885646376,-0.148676907,0.0453195203,-0.0318988041,1,1,0.020083048,0.100611263,2,0.044649,,0.728095294,0.0225680911,-0.11887882,-0.919064815,-0.141179748,0.0557460409,-0.0429101048
1781693880.339789,2026-06-17T18:58:00.339,1781693880.289888,left,base,1,pelvis,200,0.001,-0.03915445,0.273421932,-0.062161,-0.731596122,0.672350046,-0.110376758,0.0230108758,0.230998275,-0.0574859712,0.292004796,-0.219765339,-0.223000386,-0.0141055323,-0.156796158,1,1,0.0392801283,0.177197647,2,0.054803,,0.172213692,-0.0293751793,0.295783968,-0.121912716,-0.219200335,-0.0642422477,-0.157618198
1781693880.340297,2026-06-17T18:58:00.340,1781693880.256289,right,base,1,pelvis,200,0.001,-0.09200341,-0.288404618,0.028182,0.754508438,0.648285099,0.0153244842,0.101037657,0.728003568,0.0224765085,-0.118948463,-0.919034073,-0.14124881,0.0557310296,-0.0428680517,1,1,0.0160923758,0.0926553729,2,0.046512,,0.741883734,0.0279805964,-0.113187093,-0.944332488,-0.134459383,0.0629532716,-0.0519079331
1781693880.356678,2026-06-17T18:58:00.356,1781693880.289888,left,base,1,pelvis,200,0.001,-0.03915445,0.273421932,-0.062161,-0.731596122,0.672350046,-0.110376758,0.0230108758,0.181030509,-0.0294481385,0.295035074,-0.169797573,-0.219824247,-0.0640732981,-0.157198919,1,1,0.0230832338,0.128143108,2,0.077944,,0.128243434,-0.00562376802,0.297325108,-0.0709451674,-0.217446591,-0.117111546,-0.155149544
1781693880.357220,2026-06-17T18:58:00.357,1781693880.289630,right,base,1,pelvis,200,0.001,-0.08840161,-0.280774868,0.0367905,0.738542391,0.664445955,0.010073263,0.113865001,0.741792642,0.027889863,-0.113256132,-0.944301427,-0.134527873,0.0629382365,-0.0518661019,1,1,0.0225094748,0.133441949,2,0.049416,,0.760869796,0.0354681484,-0.105144691,-0.979655169,-0.124610283,0.0737135076,-0.0654055125
1781693880.373268,2026-06-17T18:58:00.373,1781693880.289888,left,base,1,pelvis,200,0.001,-0.03915445,0.273421932,-0.062161,-0.731596122,0.672350046,-0.110376758,0.0230108758,0.130234477,-0.00569001918,0.296694547,-0.119001541,-0.217972014,-0.11486933,-0.155438516,1,1,0.0160041272,0.0644518656,2,0.057693,,-0.0138209654,0.0569109776,0.300080704,0.187653426,-0.21433501,-0.285750212,-0.142055035
1781693880.373768,2026-06-17T18:58:00.373,1781693880.322967,right,base,1,pelvis,200,0.001,-0.08650946,-0.273460268,0.0415325,0.723664508,0.678418648,0.00458926089,0.126636319,0.760779216,0.035378217,-0.105213179,-0.979623547,-0.124678274,0.0736983625,-0.0653637948,1,1,0.0250469375,0.167703313,2,0.04606,,0.780096967,0.0441063227,-0.0951105149,-1.01520156,-0.11204473,0.083639669,-0.0821677111
1781693880.390192,2026-06-17T18:58:00.390,1781693880.289888,left,base,1,pelvis,200,0.001,-0.03915445,0.273421932,-0.062161,-0.731596122,0.672350046,-0.110376758,0.0230108758,0.0806186171,0.0439258408,0.299236124,-0.069385681,-0.21503899,-0.16448519,-0.142445321,1,1,0.020695346,0.048604134,2,0.067693,,-0.0347499144,0.0739759228,0.29611426,0.218989773,-0.217599452,-0.335638666,-0.114249391
1781693880.390684,2026-06-17T18:58:00.390,1781693880.322967,right,base,1,pelvis,200,0.001,-0.08650946,-0.273460268,0.0415325,0.723664508,0.678418648,0.00458926089,0.126636319,0.780006868,0.0440171321,-0.0951785261,-1.01516938,-0.112112314,0.0836244349,-0.0821260152,1,1,0.0200703144,0.154416019,2,0.045405,,0.794777741,0.0507753758,-0.086092242,-1.04157778,-0.100596098,0.0900958346,-0.0963040021
1781693880.406833,2026-06-17T18:58:00.406,1781693880.289888,left,base,1,pelvis,200,0.001,-0.03915445,0.273421932,-0.062161,-0.731596122,0.672350046,-0.110376758,0.0230108758,0.0298132868,0.0738824006,0.296691606,-0.0185803507,-0.216903179,-0.21529052,-0.114586403,1,1,0.040811264,0.0866816366,3,0.078025,,0.0669590506,0.0526486767,0.298790539,-0.0266914533,-0.214819672,-0.242033013,-0.113197476
1781693880.407333,2026-06-17T18:58:00.407,1781693880.322967,right,base,1,pelvis,200,0.001,-0.08650946,-0.273460268,0.0415325,0.723664508,0.678418648,0.00458926089,0.126636319,0.794688256,0.0506869897,-0.0861597379,-1.04154529,-0.100663232,0.0900806051,-0.0962624072,1,1,0.0160916168,0.142152753,2,0.047055,,0.80611954,0.0558978512,-0.0780588204,-1.06131279,-0.0902172225,0.0941549066,-0.108328937
1781693880.423589,2026-06-17T18:58:00.423,1781693880.339906,left,base,1,pelvis,200,0.001,-0.04244225,0.274754432,-0.0705475,-0.719765108,0.683687322,-0.109123985,0.0510077558,0.066263196,0.0534858944,0.298038218,-0.0266216254,-0.215446896,-0.242100716,-0.113552302,1,1,0.0308700039,0.0370868101,2,0.056138,,-0.0388200958,0.0750512851,0.28880295,0.250768965,-0.224485507,-0.411270806,-0.075458491
1781693880.424094,2026-06-17T18:58:00.424,1781693880.322967,right,base,1,pelvis,200,0.001,-0.08650946,-0.273460268,0.0415325,0.723664508,0.678418648,0.00458926089,0.126636319,0.80603073,0.0558102813,-0.0781257948,-1.06128016,-0.0902838966,0.0941397394,-0.108287489,1,1,0.0129094186,0.130843668,2,0.058444,,0.81495184,0.059803232,-0.0709405776,-1.07614891,-0.0808342604,0.0965394894,-0.118632591
1781693880.440379,2026-06-17T18:58:00.440,1781693880.339906,left,base,1,pelvis,200,0.001,-0.04244225,0.274754432,-0.0705475,-0.719765108,0.683687322,-0.109123985,0.0510077558,0.0116598578,0.074928916,0.28955858,0.0279817129,-0.223574808,-0.296704055,-0.0759100034,1,1,0.0482301465,0.0768046654,3,0.084869,,0.00165288114,0.0686059381,0.287461228,0.116288137,-0.225636327,-0.367359836,-0.0614394566
1781693880.440890,2026-06-17T18:58:00.440,1781693880.372962,right,base,1,pelvis,200,0.001,-0.08782926,-0.258409668,0.0476005,0.696902453,0.701339312,-0.00153575078,0.149825838,0.814863845,0.0597165838,-0.0710069479,-1.07611629,-0.0809003892,0.0965244401,-0.118591372,1,1,0.0230064605,0.198558765,2,0.044579,,0.828334766,0.0682399236,-0.0587252472,-1.09647102,-0.0653129455,0.0975688556,-0.137121066
1781693880.457292,2026-06-17T18:58:00.457,1781693880.356500,left,base,1,pelvis,200,0.001,-0.0422167,0.266229032,-0.061091,-0.711703506,0.69087502,-0.108252009,0.0667182805,0.000933527529,0.0694875636,0.288106082,0.074093535,-0.224859257,-0.342815877,-0.0618281827,1,1,0.0308759151,0.0574788464,2,0.085971,,0.225859947,-0.0191205556,0.295201664,-0.249196879,-0.218486038,-0.251258188,-0.0735197552
1781693880.458012,2026-06-17T18:58:00.458,1781693880.372962,right,base,1,pelvis,200,0.001,-0.08782926,-0.258409668,0.0476005,0.696902453,0.701339312,-0.00153575078,0.149825838,0.828247313,0.0681539227,-0.0587912607,-1.09643823,-0.0653787997,0.0975539293,-0.137079806,1,1,0.0184646812,0.182786316,2,0.060139,,0.838537762,0.0747075535,-0.0479580214,-1.11086163,-0.0512945841,0.097033997,-0.153017632
1781693880.473957,2026-06-17T18:58:00.473,1781693880.373132,left,base,1,pelvis,200,0.001,-0.041365,0.257251632,-0.0544275,-0.705817203,0.695930797,-0.107980304,0.0764372734,0.0524326559,0.0179884352,0.293692636,0.0225944066,-0.219743812,-0.291316748,-0.0727158798,1,1,0.0148285665,0.0510681406,2,0.068911,,0.121006342,-0.0102360424,0.287052996,-0.0402638096,-0.226373671,-0.311295662,-0.0606013321
1781693880.474468,2026-06-17T18:58:00.474,1781693880.389632,right,base,1,pelvis,200,0.001,-0.08810076,-0.255010268,0.050477,0.686369282,0.710098382,-0.00630642932,0.156900365,0.838451019,0.0746223364,-0.0480235721,-1.11082886,-0.051360055,0.0970441083,-0.152976442,1,1,0.0183278534,0.197587127,2,0.045787,,0.849057037,0.080846315,-0.0367174071,-1.12511291,-0.036279474,0.0966500345,-0.169689681
1781693880.490849,2026-06-17T18:58:00.490,1781693880.406472,left,base,1,pelvis,200,0.001,-0.0378983,0.231906832,-0.027666,-0.691224103,0.706539984,-0.1147037,0.0992650617,0.102102875,-0.0103727084,0.288122747,-0.0270758128,-0.225084484,-0.310940369,-0.0612464436,1,1,0.0333004473,0.0998989003,2,0.080696,,0.156202855,-0.0357115695,0.284126241,-0.115810163,-0.229124202,-0.285946675,-0.0555599593
1781693880.491457,2026-06-17T18:58:00.491,1781693880.406298,right,base,1,pelvis,200,0.001,-0.08683041,-0.251090618,0.054778,0.674555716,0.71948511,-0.0129704234,0.164765078,0.848970956,0.0807618472,-0.0367825356,-1.12508014,-0.0363446128,0.0966600488,-0.169648529,1,1,0.0191676415,0.214834176,2,0.057846,,0.860587969,0.0869389939,-0.0247925049,-1.1415723,-0.019984044,0.0982041932,-0.187692906
1781693880.507518,2026-06-17T18:58:00.507,1781693880.406472,left,base,1,pelvis,200,0.001,-0.0378983,0.231906832,-0.027666,-0.691224103,0.706539984,-0.1147037,0.0992650617,0.152672886,-0.0344065329,0.285053787,-0.0776458239,-0.228006677,-0.286033309,-0.0561205269,1,1,0.0230209619,0.118772403,2,0.084142,,0.235397634,-0.0660138319,0.281327378,-0.230927678,-0.231808104,-0.229087873,-0.0604469202
1781693880.508129,2026-06-17T18:58:00.508,1781693880.406298,right,base,1,pelvis,200,0.001,-0.08683041,-0.251090618,0.054778,0.674555716,0.71948511,-0.0129704234,0.164765078,0.860502537,0.0868552849,-0.0248572174,-1.1415395,-0.020048869,0.0981897257,-0.187651771,1,1,0.0153870049,0.197735727,2,0.056953,,0.869350303,0.0915563646,-0.01429353,-1.15311619,-0.00526468778,0.0984543946,-0.203430285
1781693880.524335,2026-06-17T18:58:00.524,1781693880.406472,left,base,1,pelvis,200,0.001,-0.0378983,0.231906832,-0.027666,-0.691224103,0.706539984,-0.1147037,0.0992650617,0.202726483,-0.0648776634,0.282128915,-0.12769942,-0.230842617,-0.235979713,-0.0599259822,1,1,0.0215941419,0.163688694,2,0.074026,,0.271721402,-0.0886839758,0.277853758,-0.266197862,-0.235275272,-0.183336869,-0.0665133787
1781693880.525145,2026-06-17T18:58:00.525,1781693880.422966,right,base,1,pelvis,200,0.001,-0.08490071,-0.246339318,0.0608355,0.660975374,0.729938366,-0.0214632423,0.172745093,0.869265567,0.0914734299,-0.0143578044,-1.15308346,-0.00532917124,0.0984400736,-0.203389219,1,1,0.0182770951,0.219257365,2,0.081715,,0.880710728,0.0967251377,-0.00255436113,-1.16992422,0.0112812616,0.10229208,-0.221239523
1781693880.541104,2026-06-17T18:58:00.541,1781693880.406472,left,base,1,pelvis,200,0.001,-0.0378983,0.231906832,-0.027666,-0.691224103,0.706539984,-0.1147037,0.0992650617,0.25390017,-0.0877057073,0.278540477,-0.178873107,-0.234448284,-0.184806026,-0.0660660217,1,1,0.033921384,0.210264738,2,0.059148,,0.299442152,-0.102656961,0.274405327,-0.28459769,-0.238809856,-0.14439092,-0.0716603695
1781693880.541620,2026-06-17T18:58:00.541,1781693880.422966,right,base,1,pelvis,200,0.001,-0.08490071,-0.246339318,0.0608355,0.660975374,0.729938366,-0.0214632423,0.172745093,0.880626641,0.0966429752,-0.00261821426,-1.16989147,0.0112170915,0.102277825,-0.221198491,1,1,0.0146685759,0.201792431,2,0.046958,,0.889318014,0.100637719,0.00779221508,-1.18181832,0.026225134,0.104634519,-0.236898794
1781693880.558030,2026-06-17T18:58:00.558,1781693880.423134,left,base,1,pelvis,200,0.001,-0.03579165,0.210198682,-0.0005715,-0.673384946,0.718113491,-0.125443808,0.123002357,0.298721817,-0.101819296,0.274991864,-0.22809057,-0.238103658,-0.144478497,-0.0712775996,1,1,0.0428921165,0.277767083,3,0.090057,,0.441904954,-0.159740062,0.256693453,-0.545953188,-0.256788066,-0.0249967029,-0.0788918623
1781693880.558725,2026-06-17T18:58:00.558,1781693880.439635,right,base,1,pelvis,200,0.001,-0.08405846,-0.241822068,0.066446,0.650247405,0.737997057,-0.028106448,0.178181602,0.889234598,0.100556314,0.00772878516,-1.18178563,0.0261612862,0.104620358,-0.236857829,1,1,0.0174259415,0.214461314,2,0.050186,,0.900301916,0.105125501,0.019196619,-1.19769732,0.0424684724,0.109555916,-0.253954247
1781693880.574862,2026-06-17T18:58:00.574,1781693880.456484,left,base,1,pelvis,200,0.001,-0.03967905,0.197685532,0.0223795,-0.634810859,0.740403217,-0.153642852,0.15878326,0.350210217,-0.153307696,0.25733434,-0.279578969,-0.256017276,-0.0929900971,-0.0784747183,1,1,0.0441764293,0.389763971,4,0.113504,,0.550625202,-0.215462858,0.218541435,-0.724303802,-0.296502574,0.0429360164,-0.094781587
1781693880.575431,2026-06-17T18:58:00.575,1781693880.472968,right,base,1,pelvis,200,0.001,-0.08454041,-0.233306018,0.0775175,0.635426427,0.749001766,-0.0359195377,0.184226485,0.90021915,0.105044869,0.0191336141,-1.19766463,0.0424049456,0.109541796,-0.253913339,1,1,0.0250183225,0.235490659,2,0.047,,0.917994501,0.111369524,0.0333246829,-1.22314148,0.0614114516,0.118675745,-0.273829614
1781693880.591645,2026-06-17T18:58:00.591,1781693880.489848,left,base,1,pelvis,200,0.001,-0.05545417,0.205379432,0.025051,-0.607844714,0.756223559,-0.170133144,0.172352679,0.400156525,-0.203254004,0.219094018,-0.329525278,-0.295839313,-0.043043789,-0.0944238409,1,1,0.0400596674,0.431129261,5,0.109233,,0.600379397,-0.215390189,0.181073058,-0.769433044,-0.339762073,0.0343200829,-0.13065703
1781693880.592189,2026-06-17T18:58:00.592,1781693880.489636,right,base,1,pelvis,200,0.001,-0.08642251,-0.219945668,0.0963805,0.616656932,0.762503602,-0.0438227181,0.190793224,0.917912203,0.111289593,0.0332620201,-1.22310856,0.0613481654,0.11866157,-0.273788691,1,1,0.0384679812,0.26322031,2,0.046649,,0.947553599,0.120435527,0.052177486,-1.26478914,0.0845539784,0.133973639,-0.297752975
1781693880.608410,2026-06-17T18:58:00.608,1781693880.489848,left,base,1,pelvis,200,0.001,-0.05545417,0.205379432,0.025051,-0.607844714,0.756223559,-0.170133144,0.172352679,0.450439003,-0.214791784,0.181545545,-0.379807756,-0.33919526,0.00723868938,-0.130349034,1,1,0.0473001494,0.461466951,5,0.105896,,0.597471757,-0.206026725,0.160321988,-0.755770359,-0.367514046,0.0579110633,-0.160996544
1781693880.608928,2026-06-17T18:58:00.608,1781693880.489636,right,base,1,pelvis,200,0.001,-0.08642251,-0.219945668,0.0963805,0.616656932,0.762503602,-0.0438227181,0.190793224,0.947471511,0.12035623,0.0521150632,-1.26475565,0.0844908445,0.133959276,-0.297711954,1,1,0.0308453976,0.242453381,2,0.045782,,0.969936007,0.127352596,0.0688958695,-1.29447495,0.105412623,0.14513308,-0.318666215
1781693880.625364,2026-06-17T18:58:00.625,1781693880.489848,left,base,1,pelvis,200,0.001,-0.05545417,0.205379432,0.025051,-0.607844714,0.756223559,-0.170133144,0.172352679,0.500681427,-0.206045491,0.160720051,-0.43005018,-0.367036083,0.0574811134,-0.160734517,1,1,0.0421455551,0.45512772,6,0.119934,,0.616303195,-0.19554241,0.147239751,-0.79520016,-0.388284974,0.077212851,-0.171900188
1781693880.625893,2026-06-17T18:58:00.625,1781693880.522970,right,base,1,pelvis,200,0.001,-0.08882926,-0.198839618,0.123504,0.582985978,0.785667129,-0.0544963908,0.199711429,0.969854286,0.127273975,0.0688337327,-1.29444116,0.105349693,0.145118623,-0.318625165,1,1,0.0419202407,0.278793255,3,0.058701,,1.03866275,0.146978716,0.117525406,-1.38387994,0.160338898,0.181196481,-0.371322334
1781693880.642109,2026-06-17T18:58:00.642,1781693880.489848,left,base,1,pelvis,200,0.001,-0.05545417,0.205379432,0.025051,-0.607844714,0.756223559,-0.170133144,0.172352679,0.551559713,-0.195559233,0.147570418,-0.480928466,-0.3878873,0.0771381265,-0.171682238,1,1,0.0450758361,0.464872362,6,0.14241,,0.621179617,-0.18958082,0.140941751,-0.793797042,-0.400682431,0.0853960324,-0.170396241
1781693880.642632,2026-06-17T18:58:00.642,1781693880.539639,right,base,1,pelvis,200,0.001,-0.08815651,-0.195804968,0.124038,0.57227808,0.792784067,-0.0570461036,0.201834002,1.02073257,0.146758051,0.117348999,-1.34531945,0.156227979,0.181153938,-0.369503452,1,1,0.0378506281,0.28046787,2,0.046558,,1.04680982,0.153015239,0.138557881,-1.38112433,0.180976195,0.198222729,-0.391740549
1781693880.658989,2026-06-17T18:58:00.658,1781693880.506544,left,base,1,pelvis,200,0.001,-0.077091955,0.212746432,0.037742,-0.580598524,0.772378582,-0.18212765,0.182115896,0.601745632,-0.189595232,0.141213629,-0.531114385,-0.400354965,0.0853338995,-0.170539885,1,1,0.0426462925,0.489651009,6,0.121099,,0.704109629,-0.178064555,0.127101056,-0.869246398,-0.418866156,0.069402029,-0.17869945
1781693880.659527,2026-06-17T18:58:00.659,1781693880.539639,right,base,1,pelvis,200,0.001,-0.08815651,-0.195804968,0.124038,0.57227808,0.792784067,-0.0570461036,0.201834002,1.04663507,0.152849313,0.138424496,-1.38112519,0.180840878,0.198190017,-0.391651199,1,1,0.0307840923,0.257468783,2,0.047887,,1.06639355,0.157491446,0.157048205,-1.4,0.202981401,0.211266995,-0.411276571
1781693880.675672,2026-06-17T18:58:00.675,1781693880.539848,left,base,1,pelvis,200,0.001,-0.126343255,0.224723332,0.086461,-0.537360234,0.799619442,-0.189325742,0.189759035,0.652428654,-0.178077182,0.127322369,-0.581797407,-0.418599468,0.0694394781,-0.178554116,1,1,0.0306596241,0.463384178,7,0.136238,,0.965812184,-0.167203062,0.0933573211,-1.16112992,-0.455746504,0.0321881868,-0.207047793
1781693880.676214,2026-06-17T18:58:00.676,1781693880.556306,right,base,1,pelvis,200,0.001,-0.08593911,-0.193255218,0.1248115,0.558784286,0.801002859,-0.0597996246,0.206345699,1.06626515,0.157369997,0.156950078,-1.39994473,0.202881744,0.211242646,-0.411210601,1,1,0.0295755938,0.265374427,2,0.046547,,1.08087016,0.160966307,0.174587147,-1.4,0.224751602,0.224890043,-0.429738183
1781693880.692584,2026-06-17T18:58:00.692,1781693880.556507,left,base,1,pelvis,200,0.001,-0.135684785,0.221328132,0.10572,-0.513558613,0.813122405,-0.193986856,0.193542255,0.702553061,-0.167250527,0.0941435603,-0.631921813,-0.454800167,0.0323304144,-0.206529673,1,1,0.0398765198,0.497034457,6,0.113344,,1.01596605,-0.156968968,0.0675826125,-1.20426511,-0.486566529,0.0306358208,-0.236184241
1781693880.693109,2026-06-17T18:58:00.693,1781693880.589640,right,base,1,pelvis,200,0.001,-0.08014911,-0.189487368,0.1274905,0.53296577,0.814721265,-0.0637862247,0.219335508,1.08077816,0.16087953,0.174516684,-1.39996054,0.224679947,0.224872338,-0.429690653,1,1,0.0346770741,0.302525584,2,0.046238,,1.09145112,0.163271914,0.192101648,-1.4,0.247999137,0.243951422,-0.447547306
1781693880.709411,2026-06-17T18:58:00.709,1781693880.589812,left,base,1,pelvis,200,0.001,-0.13620814,0.213790582,0.11761,-0.484097306,0.82739021,-0.204767029,0.197852731,0.753181723,-0.157012139,0.0682618555,-0.682550476,-0.485749026,0.0307579172,-0.235733598,1,1,0.033709375,0.478066825,7,0.141074,,1.08852597,-0.145559438,0.0359839591,-1.29395717,-0.524832758,0.00210346876,-0.237330784
1781693880.709966,2026-06-17T18:58:00.709,1781693880.589640,right,base,1,pelvis,200,0.001,-0.08014911,-0.189487368,0.1274905,0.53296577,0.814721265,-0.0637862247,0.219335508,1.09137105,0.163196546,0.192040127,-1.39997284,0.247936462,0.243935661,-0.447505684,1,1,0.0343159385,0.278750679,2,0.046416,,1.09884542,0.164535378,0.207056813,-1.4,0.268504036,0.262740482,-0.46224812
1781693880.726165,2026-06-17T18:58:00.726,1781693880.589812,left,base,1,pelvis,200,0.001,-0.13620814,0.213790582,0.11761,-0.484097306,0.82739021,-0.204767029,0.197852731,0.803750303,-0.145598572,0.0365682996,-0.733119056,-0.524129425,0.0022133548,-0.236947309,1,1,0.0417244037,0.498047507,6,0.113959,,1.06736664,-0.131928092,0.0238716334,-1.25056945,-0.543428082,-0.00177450084,-0.246333169
1781693880.726701,2026-06-17T18:58:00.726,1781693880.589640,right,base,1,pelvis,200,0.001,-0.08014911,-0.189487368,0.1274905,0.53296577,0.814721265,-0.0637862247,0.219335508,1.09876602,0.164460762,0.20699562,-1.39998155,0.268441588,0.262724501,-0.462206627,1,1,0.0343312298,0.258130676,2,0.053811,,1.1038004,0.165051251,0.21993858,-1.4,0.286695366,0.280875049,-0.474408765
1781693880.742853,2026-06-17T18:58:00.742,1781693880.640148,left,base,1,pelvis,200,0.001,-0.12793459,0.204322782,0.120709,-0.446593578,0.840134004,-0.22955735,0.205018183,0.854345348,-0.131963603,0.0243675591,-0.783714101,-0.542830448,-0.00168095443,-0.246007527,1,1,0.0354449582,0.484723507,7,0.118645,,1.09991562,-0.121126322,-0.00343707894,-1.30187415,-0.575302944,-0.0346424796,-0.229084713
1781693880.743382,2026-06-17T18:58:00.743,1781693880.589640,right,base,1,pelvis,200,0.001,-0.08014911,-0.189487368,0.1274905,0.53296577,0.814721265,-0.0637862247,0.219335508,1.10372172,0.164977391,0.219877756,-1.39998747,0.286633193,0.280858866,-0.474367453,1,1,0.0343956902,0.240346771,2,0.045687,,1.10690701,0.165032902,0.23113147,-1.4,0.302922406,0.298099713,-0.484502871
1781693880.759745,2026-06-17T18:58:00.759,1781693880.640148,left,base,1,pelvis,200,0.001,-0.12793459,0.204322782,0.120709,-0.446593578,0.840134004,-0.22955735,0.205018183,0.903989103,-0.121157731,-0.00301701299,-0.833357856,-0.574796883,-0.0345590747,-0.229286355,1,1,0.0436127317,0.49884717,6,0.121516,,1.0872546,-0.110266373,-0.0153388486,-1.26308911,-0.591029442,-0.0435524951,-0.225785548
1781693880.760394,2026-06-17T18:58:00.760,1781693880.689648,right,base,1,pelvis,200,0.001,-0.07285461,-0.176252768,0.1421585,0.498011713,0.820793087,-0.0677524127,0.271463906,1.10682905,0.165000736,0.231071035,-1.39999143,0.302860535,0.298083347,-0.484461773,1,1,0.0487068882,0.29543573,5,0.079782,,1.12455957,0.172489647,0.288323166,-1.4,0.382849502,0.374929577,-0.544130692
1781693880.776452,2026-06-17T18:58:00.776,1781693880.689857,left,base,1,pelvis,200,0.001,-0.131004525,0.199230982,0.133408,-0.40139812,0.84535627,-0.277263268,0.217663517,0.95504978,-0.110293767,-0.0149890984,-0.884418533,-0.590607918,-0.0434822353,-0.225953135,1,1,0.0292404021,0.460872493,8,0.136709,,1.174087,-0.0847276752,-0.0449354321,-1.3635586,-0.618441962,-0.140712356,-0.188980277
1781693880.776978,2026-06-17T18:58:00.776,1781693880.689648,right,base,1,pelvis,200,0.001,-0.07285461,-0.176252768,0.1421585,0.498011713,0.820793087,-0.0677524127,0.271463906,1.12438232,0.172323803,0.282131712,-1.3999942,0.353921212,0.349144024,-0.53552245,1,1,0.0484471076,0.301492217,2,0.045912,,1.12560269,0.172145678,0.293006763,-1.4,0.370922831,0.366575626,-0.54669105
1781693880.793328,2026-06-17T18:58:00.793,1781693880.706514,left,base,1,pelvis,200,0.001,-0.141990025,0.195911382,0.1494485,-0.395506198,0.842694828,-0.289729225,0.222479776,1.00479367,-0.0847528881,-0.0446440133,-0.934162424,-0.61809159,-0.093226126,-0.18912224,1,1,0.0349531057,0.473929013,7,0.133741,,1.22497312,-0.0670478818,-0.0707102838,-1.3861583,-0.636550188,-0.164005468,-0.160772405
1781693880.793851,2026-06-17T18:58:00.793,1781693880.689648,right,base,1,pelvis,200,0.001,-0.07285461,-0.176252768,0.1421585,0.498011713,0.820793087,-0.0677524127,0.271463906,1.12547156,0.172150964,0.292903514,-1.39999571,0.371003845,0.366580764,-0.546620163,1,1,0.0473729336,0.288350417,2,0.046303,,1.12559426,0.171778989,0.302614102,-1.4,0.386401176,0.382391863,-0.556327755
1781693880.809948,2026-06-17T18:58:00.809,1781693880.706514,left,base,1,pelvis,200,0.001,-0.141990025,0.195911382,0.1494485,-0.395506198,0.842694828,-0.289729225,0.222479776,1.05542305,-0.0670698644,-0.0704711301,-0.984791801,-0.63626373,-0.143855503,-0.160890215,1,1,0.0413020455,0.475538858,6,0.089845,,1.21638099,-0.0523535033,-0.0832338287,-1.35153719,-0.644049812,-0.182970207,-0.146308488
1781693880.810420,2026-06-17T18:58:00.810,1781693880.689648,right,base,1,pelvis,200,0.001,-0.07285461,-0.176252768,0.1421585,0.498011713,0.820793087,-0.0677524127,0.271463906,1.12550875,0.171782785,0.302539906,-1.39999693,0.38632497,0.382370213,-0.556276742,1,1,0.0461295935,0.276884129,2,0.044853,,1.12487508,0.171251447,0.311251886,-1.4,0.400305283,0.396567685,-0.564794457
1781693880.826814,2026-06-17T18:58:00.826,1781693880.723149,left,base,1,pelvis,200,0.001,-0.150934625,0.193543932,0.1654985,-0.390848824,0.839394093,-0.302239452,0.226508425,1.10510686,-0.0523722283,-0.0830400524,-1.03447561,-0.643818213,-0.182922798,-0.146404504,1,1,0.0402307828,0.462784424,6,0.090088,,1.28033405,-0.0383725378,-0.0968363126,-1.39912282,-0.65188778,-0.22781069,-0.122693894
1781693880.827434,2026-06-17T18:58:00.827,1781693880.739649,right,base,1,pelvis,200,0.001,-0.06518621,-0.156611668,0.1693015,0.46239395,0.81306045,-0.0658931005,0.347537968,1.12490706,0.171254495,0.311192325,-1.39999785,0.400244012,0.396550082,-0.564753457,1,1,0.0497109773,0.33659364,11,0.138854,,1.14901403,0.185354444,0.424767249,-1.4,0.556831315,0.511856441,-0.697335876
1781693880.843520,2026-06-17T18:58:00.843,1781693880.723149,left,base,1,pelvis,200,0.001,-0.150934625,0.193543932,0.1654985,-0.390848824,0.839394093,-0.302239452,0.226508425,1.1562176,-0.0383881297,-0.0966819679,-1.08558635,-0.65170376,-0.227770708,-0.122771274,1,1,0.0468803786,0.467557283,5,0.093789,,1.2754485,-0.0287571619,-0.103209931,-1.36517374,-0.654767279,-0.249851185,-0.110312545
1781693880.844280,2026-06-17T18:58:00.844,1781693880.772983,right,base,1,pelvis,200,0.001,-0.05542751,-0.143817268,0.1938405,0.444710467,0.80042099,-0.0571061342,0.397866472,1.14841148,0.184792219,0.362303069,-1.39999855,0.451354756,0.447660827,-0.615864202,1,1,0.0496197385,0.333804276,25,0.294881,,1.18104481,0.170637126,0.526133778,-1.4,0.708259624,0.52,-0.811953827
1781693880.860425,2026-06-17T18:58:00.860,1781693880.756503,left,base,1,pelvis,200,0.001,-0.153988155,0.191852182,0.177171,-0.384643195,0.83505234,-0.319082567,0.230051118,1.20670178,-0.0287697873,-0.103088673,-1.13607054,-0.654622904,-0.24981892,-0.110373722,1,1,0.0474786325,0.470992065,5,0.094193,,1.32125296,-0.0183198796,-0.111524341,-1.4,-0.65795696,-0.279808699,-0.095403591
1781693880.861145,2026-06-17T18:58:00.861,1781693880.772983,right,base,1,pelvis,200,0.001,-0.05542751,-0.143817268,0.1938405,0.444710467,0.80042099,-0.0571061342,0.397866472,1.18047647,0.170659934,0.41278725,-1.39999883,0.501838936,0.498145007,-0.666348382,1,1,0.0496783561,0.332272258,22,0.268506,,1.17849185,0.165645728,0.529989418,-1.4,0.699414668,0.52,-0.815759953
1781693880.877128,2026-06-17T18:58:00.877,1781693880.756503,left,base,1,pelvis,200,0.001,-0.153988155,0.191852182,0.177171,-0.384643195,0.83505234,-0.319082567,0.230051118,1.25730684,-0.0183299142,-0.111430925,-1.18667559,-0.657845952,-0.279782949,-0.095451066,1,1,0.047334151,0.45533921,5,0.083487,,1.34054794,-0.00942424137,-0.116611022,-1.4,-0.660525801,-0.310750409,-0.0767078176
1781693880.878013,2026-06-17T18:58:00.878,1781693880.789653,right,base,1,pelvis,200,0.001,-0.04958621,-0.139114318,0.2037895,0.440402459,0.794123885,-0.0524632626,0.41552441,1.17867717,0.165664629,0.463392309,-1.39999906,0.552443995,0.519880402,-0.716953441,1,1,0.0497359101,0.335491595,42,0.454989,,1.18853366,0.157699584,0.562215799,-1.4,0.766330824,0.52,-0.863192611
1781693880.894247,2026-06-17T18:58:00.894,1781693880.773173,left,base,1,pelvis,200,0.001,-0.155147695,0.189915132,0.18688,-0.378474644,0.830322954,-0.3363367,0.232805413,1.30789044,-0.00943204479,-0.11654027,-1.23725919,-0.660441809,-0.310730187,-0.0767441672,1,1,0.0494824261,0.344305398,26,0.294407,,1.42937599,0.0235708631,-0.132210719,-1.4,-0.692052567,-0.504116539,0.0541933534
1781693880.895378,2026-06-17T18:58:00.895,1781693880.806318,right,base,1,pelvis,200,0.001,-0.04599501,-0.135329518,0.2110345,0.436384749,0.787785254,-0.0484463021,0.431990393,1.18817092,0.157715294,0.51397591,-1.39999925,0.603027596,0.519905178,-0.767537042,1,1,0.0496855467,0.340808799,65,0.681049,,1.19499385,0.160508629,0.578927071,-1.4,0.796563431,0.52,-0.90034712
1781693880.916687,2026-06-17T18:58:00.916,1781693880.789862,left,base,1,pelvis,200,0.001,-0.158082835,0.187235432,0.1994345,-0.371963774,0.825118927,-0.354060515,0.235505538,1.35999754,0.023527577,-0.131852966,-1.28936629,-0.691626275,-0.362837283,-0.0246370714,1,1,0.0600778108,0.363620374,400,6.013708,using best approximate IK outside the usable position/orientation threshold,1.46159354,0.0858789642,-0.184026189,-1.4,-0.684879949,-0.52,0.116503897
1781693880.917729,2026-06-17T18:58:00.917,1781693880.806318,right,base,1,pelvis,200,0.001,-0.04599501,-0.135329518,0.2110345,0.436384749,0.787785254,-0.0484463021,0.431990393,1.19471227,0.160250678,0.566083005,-1.39999942,0.655134692,0.519926512,-0.819644138,1,1,0.0496818708,0.338527713,54,0.565706,,1.19129438,0.153855723,0.584424174,-1.4,0.785954553,0.52,-0.905107452
1781693880.933678,2026-06-17T18:58:00.933,1781693880.823160,left,base,1,pelvis,200,0.001,-0.154329735,0.187964732,0.217993,-0.361792799,0.815682635,-0.382230442,0.240140998,1.42706492,0.0858396901,-0.183745333,-1.35643368,-0.685078749,-0.429904667,0.0424303133,1,1,0.082206221,0.506184053,400,5.941021,using best approximate IK outside the usable position/orientation threshold,1.44505206,0.0888451544,-0.183978208,-1.4,-0.681377528,-0.429297024,0.037319053
1781693880.934551,2026-06-17T18:58:00.934,1781693880.806318,right,base,1,pelvis,200,0.001,-0.04599501,-0.135329518,0.2110345,0.436384749,0.787785254,-0.0484463021,0.431990393,1.19137357,0.153864447,0.584257039,-1.39999959,0.722202077,0.519948489,-0.886711522,1,1,0.0497115303,0.334952165,31,0.344887,,1.18737832,0.147929118,0.589921949,-1.4,0.772379953,0.52,-0.911213057
1781693880.950395,2026-06-17T18:58:00.950,1781693880.823160,left,base,1,pelvis,200,0.001,-0.154329735,0.187964732,0.217993,-0.361792799,0.815682635,-0.382230442,0.240140998,1.44515503,0.0888130882,-0.183798502,-1.39998146,-0.681538961,-0.429303968,0.0374363927,1,1,0.082236313,0.506252793,400,6.016133,using best approximate IK outside the usable position/orientation threshold,1.44515503,0.0888130882,-0.183798502,-1.39998146,-0.681538961,-0.429303968,0.0374363927
1781693880.951199,2026-06-17T18:58:00.951,1781693880.839654,right,base,1,pelvis,200,0.001,-0.03821803,-0.127642318,0.2253985,0.428103414,0.770143143,-0.0400587121,0.471171206,1.18743765,0.147935859,0.589796816,-1.3999997,0.772454651,0.519961497,-0.911121196,1,1,0.0496405163,0.353732895,38,0.415198,,1.19599148,0.158573628,0.617098271,-1.4,0.82764531,0.517556193,-0.976569538
1781693880.967582,2026-06-17T18:58:00.967,1781693880.856499,left,base,1,pelvis,200,0.001,-0.146145515,0.186477482,0.235045,-0.349456793,0.801977292,-0.415621726,0.248939659,1.44513494,0.0888193438,-0.18383356,-1.39998508,-0.681507468,-0.429302613,0.0374135016,1,1,0.0986135266,0.567870187,400,5.792022,using best approximate IK outside the usable position/orientation threshold,1.44513494,0.0888193438,-0.18383356,-1.39998508,-0.681507468,-0.429302613,0.0374135016
1781693880.968555,2026-06-17T18:58:00.968,1781693880.856321,right,base,1,pelvis,200,0.001,-0.033652585,-0.124146268,0.232483,0.424253367,0.761176801,-0.0364836179,0.489170628,1.1958814,0.158472863,0.617004175,-1.39999978,0.822438152,0.51755626,-0.961104697,1,1,0.0497188815,0.354365783,49,0.405465,,1.19815675,0.162074985,0.630191779,-1.4,0.852355174,0.509663805,-1.0101697
1781693880.981905,2026-06-17T18:58:00.981,1781693880.873166,left,base,1,pelvis,200,0.001,-0.14301446,0.184784582,0.2403655,-0.344856125,0.795308439,-0.428406684,0.255002849,1.44511742,0.0888247997,-0.183864136,-1.39998823,-0.681480001,-0.429301431,0.037393537,1,1,0.104421252,0.597397229,400,3.943239,using best approximate IK outside the usable position/orientation threshold,1.44511742,0.0888247997,-0.183864136,-1.39998823,-0.681480001,-0.429301431,0.037393537
1781693880.985998,2026-06-17T18:58:00.985,1781693880.889656,right,base,1,pelvis,200,0.001,-0.025305385,-0.118028368,0.241865,0.420471883,0.751555682,-0.0314488381,0.507324771,1.19807933,0.162004089,0.630125385,-1.39999984,0.852284467,0.509664006,-1.01011961,1,1,0.0570000414,0.383944707,400,3.832852,using best approximate IK outside the usable position/orientation threshold,1.19741464,0.169304907,0.64755574,-1.4,0.871033622,0.52,-1.01290342
1781693880.998886,2026-06-17T18:58:00.998,1781693880.873166,left,base,1,pelvis,200,0.001,-0.14301446,0.184784582,0.2403655,-0.344856125,0.795308439,-0.428406684,0.255002849,1.44510511,0.088828635,-0.18388563,-1.39999045,-0.681460693,-0.429300601,0.0373795024,1,1,0.10441784,0.597386396,400,4.08345,using best approximate IK outside the usable position/orientation threshold,1.44510511,0.088828635,-0.18388563,-1.39999045,-0.681460693,-0.429300601,0.0373795024
1781693881.002967,2026-06-17T18:58:01.002,1781693880.889656,right,base,1,pelvis,200,0.001,-0.025305385,-0.118028368,0.241865,0.420471883,0.751555682,-0.0314488381,0.507324771,1.19744218,0.169241618,0.647496287,-1.39999989,0.870970303,0.519982013,-1.01285874,1,1,0.0570259719,0.38402538,400,3.80693,using best approximate IK outside the usable position/orientation threshold,1.19744218,0.169241618,0.647496287,-1.39999989,0.870970303,0.519982013,-1.01285874
1781693881.015379,2026-06-17T18:58:01.015,1781693880.873166,left,base,1,pelvis,200,0.001,-0.14301446,0.184784582,0.2403655,-0.344856125,0.795308439,-0.428406684,0.255002849,1.44509278,0.0888324742,-0.183907146,-1.39999267,-0.681441364,-0.42929977,0.0373654534,1,1,0.104414425,0.597375553,400,3.897078,using best approximate IK outside the usable position/orientation threshold,1.44509278,0.0888324742,-0.183907146,-1.39999267,-0.681441364,-0.42929977,0.0373654534
1781693881.019514,2026-06-17T18:58:01.019,1781693880.956340,right,base,1,pelvis,200,0.001,-0.00736307,-0.112922918,0.2565285,0.415218819,0.73716962,-0.0256283761,0.532463585,1.19743328,0.169262069,0.647515498,-1.39999993,0.870990764,0.519987825,-1.01287318,1,1,0.0775960151,0.429329094,400,3.874895,using best approximate IK outside the usable position/orientation threshold,1.19593305,0.17115319,0.653268722,-1.4,0.877716018,0.52,-1.00883456
1781693881.032154,2026-06-17T18:58:01.032,1781693880.956626,left,base,1,pelvis,200,0.001,-0.108506715,0.183375982,0.265465,-0.333302176,0.757150884,-0.471357858,0.305702419,1.44508297,0.0888355272,-0.183924256,-1.39999443,-0.681425994,-0.429299108,0.0373542815,1,1,0.147070022,0.75198784,400,3.902081,using best approximate IK outside the usable position/orientation threshold,1.44508297,0.0888355272,-0.183924256,-1.39999443,-0.681425994,-0.429299108,0.0373542815
1781693881.036417,2026-06-17T18:58:01.036,1781693880.956340,right,base,1,pelvis,200,0.001,-0.00736307,-0.112922918,0.2565285,0.415218819,0.73716962,-0.0256283761,0.532463585,1.19596008,0.171091104,0.65321033,-1.39999995,0.877653821,0.519992014,-1.00884407,1,1,0.0776192239,0.42937791,400,3.999294,using best approximate IK outside the usable position/orientation threshold,1.19596008,0.171091104,0.65321033,-1.39999995,0.877653821,0.519992014,-1.00884407
1781693881.051162,2026-06-17T18:58:01.051,1781693880.973343,left,base,1,pelvis,200,0.001,-0.088189265,0.181694232,0.2777395,-0.329200713,0.73675685,-0.488234456,0.332330182,1.44507491,0.0888380372,-0.183938322,-1.39999589,-0.681413358,-0.429298565,0.0373450969,1,1,0.170730359,0.82698509,400,5.84317,using best approximate IK outside the usable position/orientation threshold,1.44507491,0.0888380372,-0.183938322,-1.39999589,-0.681413358,-0.429298565,0.0373450969
1781693881.055832,2026-06-17T18:58:01.055,1781693880.956340,right,base,1,pelvis,200,0.001,-0.00736307,-0.112922918,0.2565285,0.415218819,0.73716962,-0.0256283761,0.532463585,1.19595138,0.171111084,0.653229122,-1.39999997,0.877673838,0.519994584,-1.00884101,1,1,0.0776117529,0.429362199,400,4.283194,using best approximate IK outside the usable position/orientation threshold,1.19595138,0.171111084,0.653229122,-1.39999997,0.877673838,0.519994584,-1.00884101
1781693881.066000,2026-06-17T18:58:01.066,1781693880.973343,left,base,1,pelvis,200,0.001,-0.088189265,0.181694232,0.2777395,-0.329200713,0.73675685,-0.488234456,0.332330182,1.44506778,0.08884026,-0.183950779,-1.39999717,-0.681402168,-0.429298083,0.0373369628,1,1,0.170728361,0.826978622,400,4.151845,using best approximate IK outside the usable position/orientation threshold,1.44506778,0.08884026,-0.183950779,-1.39999717,-0.681402168,-0.429298083,0.0373369628
1781693881.070474,2026-06-17T18:58:01.070,1781693880.989675,right,base,1,pelvis,200,0.001,0.03141561,-0.109047018,0.281637,0.404894647,0.70926013,-0.01856534,0.57677181,1.1959441,0.17112781,0.653244853,-1.39999998,0.877690593,0.519996735,-1.00883845,1,1,0.123116325,0.518033633,400,4.264307,using best approximate IK outside the usable position/orientation threshold,1.1959441,0.17112781,0.653244853,-1.39999998,0.877690593,0.519996735,-1.00883845
1781693881.082821,2026-06-17T18:58:01.082,1781693881.006575,left,base,1,pelvis,200,0.001,-0.07217082,0.178835632,0.289293,-0.33145224,0.713742758,-0.494771635,0.368662065,1.4450635,0.0888415912,-0.18395824,-1.39999794,-0.681395466,-0.429297795,0.0373320916,1,1,0.190611187,0.905766417,400,4.182681,using best approximate IK outside the usable position/orientation threshold,1.4450635,0.0888415912,-0.18395824,-1.39999794,-0.681395466,-0.429297795,0.0373320916
1781693881.087334,2026-06-17T18:58:01.087,1781693880.989675,right,base,1,pelvis,200,0.001,0.03141561,-0.109047018,0.281637,0.404894647,0.70926013,-0.01856534,0.57677181,1.19594032,0.171136481,0.653253007,-1.39999999,0.87769928,0.519997851,-1.00883712,1,1,0.123112589,0.518026609,400,4.267422,using best approximate IK outside the usable position/orientation threshold,1.19594032,0.171136481,0.653253007,-1.39999999,0.87769928,0.519997851,-1.00883712
1781693881.099508,2026-06-17T18:58:01.099,1781693881.006575,left,base,1,pelvis,200,0.001,-0.07217082,0.178835632,0.289293,-0.33145224,0.713742758,-0.494771635,0.368662065,1.44505976,0.0888427576,-0.183964776,-1.39999861,-0.681389594,-0.429297543,0.0373278236,1,1,0.190610114,0.905763245,400,4.110089,using best approximate IK outside the usable position/orientation threshold,1.44505976,0.0888427576,-0.183964776,-1.39999861,-0.681389594,-0.429297543,0.0373278236
1781693881.103847,2026-06-17T18:58:01.103,1781693881.023011,right,base,1,pelvis,200,0.001,0.044890305,-0.107072918,0.2880985,0.400622459,0.698944943,-0.0187430396,0.592137071,1.19593723,0.171143592,0.653259695,-1.39999999,0.877706403,0.519998765,-1.00883603,1,1,0.132820021,0.549808441,400,4.116026,using best approximate IK outside the usable position/orientation threshold,1.18308925,0.176457439,0.665221724,-1.4,0.895266452,0.52,-0.988117853
1781693881.116316,2026-06-17T18:58:01.116,1781693881.006575,left,base,1,pelvis,200,0.001,-0.07217082,0.178835632,0.289293,-0.33145224,0.713742758,-0.494771635,0.368662065,1.44505703,0.0888436055,-0.183969528,-1.3999991,-0.681385325,-0.429297359,0.0373247209,1,1,0.190609335,0.90576094,400,4.083517,using best approximate IK outside the usable position/orientation threshold,1.44505703,0.0888436055,-0.183969528,-1.3999991,-0.681385325,-0.429297359,0.0373247209
1781693881.120616,2026-06-17T18:58:01.120,1781693881.023011,right,base,1,pelvis,200,0.001,0.044890305,-0.107072918,0.2880985,0.400622459,0.698944943,-0.0187430396,0.592137071,1.18311519,0.176398244,0.665165938,-1.4,0.895206953,0.519999343,-0.988127248,1,1,0.132845019,0.549856726,400,4.083304,using best approximate IK outside the usable position/orientation threshold,1.18311519,0.176398244,0.665165938,-1.4,0.895206953,0.519999343,-0.988127248
1781693881.135595,2026-06-17T18:58:01.135,1781693881.006575,left,base,1,pelvis,200,0.001,-0.07217082,0.178835632,0.289293,-0.33145224,0.713742758,-0.494771635,0.368662065,1.44505509,0.088844211,-0.183972922,-1.39999945,-0.681382277,-0.429297228,0.037322505,1,1,0.190608778,0.905759293,400,5.791546,using best approximate IK outside the usable position/orientation threshold,1.44505509,0.088844211,-0.183972922,-1.39999945,-0.681382277,-0.429297228,0.037322505
1781693881.142085,2026-06-17T18:58:01.142,1781693881.023011,right,base,1,pelvis,200,0.001,0.044890305,-0.107072918,0.2880985,0.400622459,0.698944943,-0.0187430396,0.592137071,1.1831069,0.176417162,0.665183766,-1.4,0.895225968,0.519999553,-0.988124245,1,1,0.13283703,0.549841295,400,5.931824,using best approximate IK outside the usable position/orientation threshold,1.1831069,0.176417162,0.665183766,-1.4,0.895225968,0.519999553,-0.988124245
1781693881.151691,2026-06-17T18:58:01.151,1781693881.039891,left,base,1,pelvis,200,0.001,-0.06375001,0.180312932,0.2991035,-0.336854486,0.692178029,-0.496329969,0.401341741,1.44505362,0.0888446675,-0.18397548,-1.39999972,-0.681379979,-0.429297129,0.0373208347,1,1,0.203131028,0.973898449,400,5.790379,using best approximate IK outside the usable position/orientation threshold,1.44505362,0.0888446675,-0.18397548,-1.39999972,-0.681379979,-0.429297129,0.0373208347
1781693881.158193,2026-06-17T18:58:01.158,1781693881.056348,right,base,1,pelvis,200,0.001,0.067746225,-0.104909868,0.297712,0.395989144,0.681159047,-0.0198078524,0.615485661,1.18309935,0.17643439,0.665200002,-1.4,0.895243284,0.519999744,-0.988121511,1,1,0.150461457,0.602908997,400,5.923916,using best approximate IK outside the usable position/orientation threshold,1.16400526,0.183175397,0.675960762,-1.4,0.915080677,0.52,-0.961438875
1781693881.167952,2026-06-17T18:58:01.167,1781693881.056571,left,base,1,pelvis,200,0.001,-0.0588652,0.180380832,0.3044925,-0.342629484,0.682253271,-0.494884301,0.415000047,1.44505288,0.0888449,-0.183976783,-1.39999985,-0.681378808,-0.429297079,0.0373199837,1,1,0.210276238,1.00102796,400,5.047012,using best approximate IK outside the usable position/orientation threshold,1.44505288,0.0888449,-0.183976783,-1.39999985,-0.681378808,-0.429297079,0.0373199837
1781693881.172497,2026-06-17T18:58:01.172,1781693881.056348,right,base,1,pelvis,200,0.001,0.067746225,-0.104909868,0.297712,0.395989144,0.681159047,-0.0198078524,0.615485661,1.1640307,0.183117926,0.675906533,-1.4,0.915022706,0.519999841,-0.961448397,1,1,0.150485484,0.602952342,400,4.292338,using best approximate IK outside the usable position/orientation threshold,1.1640307,0.183117926,0.675906533,-1.4,0.915022706,0.519999841,-0.961448397
1781693881.183531,2026-06-17T18:58:01.183,1781693881.056571,left,base,1,pelvis,200,0.001,-0.0588652,0.180380832,0.3044925,-0.342629484,0.682253271,-0.494884301,0.415000047,1.44505243,0.0888450383,-0.183977558,-1.39999993,-0.681378112,-0.429297049,0.0373194776,1,1,0.210276117,1.00102762,400,4.186951,using best approximate IK outside the usable position/orientation threshold,1.44505243,0.0888450383,-0.183977558,-1.39999993,-0.681378112,-0.429297049,0.0373194776
1781693881.187976,2026-06-17T18:58:01.187,1781693881.056348,right,base,1,pelvis,200,0.001,0.067746225,-0.104909868,0.297712,0.395989144,0.681159047,-0.0198078524,0.615485661,1.16402366,0.183133837,0.675921546,-1.4,0.915038756,0.519999885,-0.96144576,1,1,0.150478831,0.602940341,400,4.141868,using best approximate IK outside the usable position/orientation threshold,1.16402366,0.183133837,0.675921546,-1.4,0.915038756,0.519999885,-0.96144576
1781693881.200480,2026-06-17T18:58:01.200,1781693881.056571,left,base,1,pelvis,200,0.001,-0.0588652,0.180380832,0.3044925,-0.342629484,0.682253271,-0.494884301,0.415000047,1.44505221,0.088845109,-0.183977954,-1.39999997,-0.681377756,-0.429297033,0.037319219,1,1,0.210276055,1.00102745,400,4.262513,using best approximate IK outside the usable position/orientation threshold,1.44505221,0.088845109,-0.183977954,-1.39999997,-0.681377756,-0.429297033,0.037319219
1781693881.205278,2026-06-17T18:58:01.205,1781693881.089683,right,base,1,pelvis,200,0.001,0.085487954,-0.106168718,0.3015455,0.39485223,0.667649486,-0.0233610749,0.630706065,1.16401775,0.183147167,0.675934124,-1.4,0.915052202,0.519999922,-0.961443552,1,1,0.160180719,0.64148196,400,4.251179,using best approximate IK outside the usable position/orientation threshold,1.13985933,0.19034594,0.683367945,-1.4,0.934959083,0.52,-0.930744797
1781693881.217385,2026-06-17T18:58:01.217,1781693881.073239,left,base,1,pelvis,200,0.001,-0.05294637,0.178117132,0.311874,-0.35178806,0.669010185,-0.492274689,0.431666727,1.4450521,0.088845143,-0.183978144,-1.39999999,-0.681377585,-0.429297026,0.0373190947,1,1,0.219598998,1.03488034,400,4.383695,using best approximate IK outside the usable position/orientation threshold,1.4450521,0.088845143,-0.183978144,-1.39999999,-0.681377585,-0.429297026,0.0373190947
1781693881.221912,2026-06-17T18:58:01.221,1781693881.089683,right,base,1,pelvis,200,0.001,0.085487954,-0.106168718,0.3015455,0.39485223,0.667649486,-0.0233610749,0.630706065,1.13988446,0.190289886,0.683315044,-1.4,0.93490235,0.519999952,-0.930754533,1,1,0.160203157,0.641520375,400,4.250534,using best approximate IK outside the usable position/orientation threshold,1.13988446,0.190289886,0.683315044,-1.4,0.93490235,0.519999952,-0.930754533
1781693881.234033,2026-06-17T18:58:01.234,1781693881.106564,left,base,1,pelvis,200,0.001,-0.04815161,0.173902032,0.3214205,-0.361325879,0.652754898,-0.489776596,0.451080412,1.44505206,0.0888451529,-0.1839782,-1.4,-0.681377535,-0.429297024,0.0373190584,1,1,0.2295902,1.07712838,400,4.16807,using best approximate IK outside the usable position/orientation threshold,1.44505206,0.0888451529,-0.1839782,-1.4,-0.681377535,-0.429297024,0.0373190584
1781693881.238584,2026-06-17T18:58:01.238,1781693881.156356,right,base,1,pelvis,200,0.001,0.0970786904,-0.103194768,0.308594,0.392752588,0.658908841,-0.0281081194,0.640932506,1.13987649,0.190307664,0.683331822,-1.4,0.934920343,0.519999967,-0.930751446,1,1,0.165969184,0.668715377,400,4.248327,using best approximate IK outside the usable position/orientation threshold,1.1159029,0.198276138,0.690321962,-1.4,0.955927047,0.52,-0.899224235
1781693881.250949,2026-06-17T18:58:01.250,1781693881.106564,left,base,1,pelvis,200,0.001,-0.04815161,0.173902032,0.3214205,-0.361325879,0.652754898,-0.489776596,0.451080412,1.44505206,0.0888451543,-0.183978208,-1.4,-0.681377528,-0.429297024,0.037319053,1,1,0.229590199,1.07712838,400,4.312145,using best approximate IK outside the usable position/orientation threshold,1.44505206,0.0888451543,-0.183978208,-1.4,-0.681377528,-0.429297024,0.037319053
1781693881.255496,2026-06-17T18:58:01.255,1781693881.156356,right,base,1,pelvis,200,0.001,0.0970786904,-0.103194768,0.308594,0.392752588,0.658908841,-0.0281081194,0.640932506,1.11592792,0.198221018,0.690269949,-1.4,0.955871066,0.519999979,-0.89923426,1,1,0.165991112,0.668749325,400,4.269331,using best approximate IK outside the usable position/orientation threshold,1.11592792,0.198221018,0.690269949,-1.4,0.955871066,0.519999979,-0.89923426
1781693881.267844,2026-06-17T18:58:01.267,1781693881.189935,left,base,1,pelvis,200,0.001,-0.0242875,0.163052632,0.3654465,-0.388503074,0.592778509,-0.487107962,0.510298769,1.44505206,0.0888451544,-0.183978208,-1.4,-0.681377528,-0.429297024,0.037319053,1,1,0.277426702,1.22826234,400,4.421337,using best approximate IK outside the usable position/orientation threshold,1.44505206,0.0888451544,-0.183978208,-1.4,-0.681377528,-0.429297024,0.037319053
1781693881.272984,2026-06-17T18:58:01.272,1781693881.156356,right,base,1,pelvis,200,0.001,0.0970786904,-0.103194768,0.308594,0.392752588,0.658908841,-0.0281081194,0.640932506,1.11591986,0.198238771,0.690286702,-1.4,0.955889096,0.519999985,-0.899231031,1,1,0.165984049,0.668738391,400,4.478484,using best approximate IK outside the usable position/orientation threshold,1.11591986,0.198238771,0.690286702,-1.4,0.955889096,0.519999985,-0.899231031
1781693881.286359,2026-06-17T18:58:01.286,1781693881.189935,left,base,1,pelvis,200,0.001,-0.0242875,0.163052632,0.3654465,-0.388503074,0.592778509,-0.487107962,0.510298769,1.44505206,0.0888451544,-0.183978208,-1.4,-0.681377528,-0.429297024,0.037319053,1,1,0.277426702,1.22826234,400,6.128946,using best approximate IK outside the usable position/orientation threshold,1.44505206,0.0888451544,-0.183978208,-1.4,-0.681377528,-0.429297024,0.037319053
1781693881.292189,2026-06-17T18:58:01.292,1781693881.173026,right,base,1,pelvis,200,0.001,0.10966582,-0.099016918,0.3181385,0.390676172,0.653003238,-0.0323445059,0.648006739,1.11591374,0.198252267,0.690299437,-1.4,0.955902803,0.519999991,-0.899228577,1,1,0.180821567,0.686636128,400,5.108284,using best approximate IK outside the usable position/orientation threshold,1.11591374,0.198252267,0.690299437,-1.4,0.955902803,0.519999991,-0.899228577
1781693881.301472,2026-06-17T18:58:01.301,1781693881.189935,left,base,1,pelvis,200,0.001,-0.0242875,0.163052632,0.3654465,-0.388503074,0.592778509,-0.487107962,0.510298769,1.44505206,0.0888451544,-0.183978208,-1.4,-0.681377528,-0.429297024,0.037319053,1,1,0.277426702,1.22826234,400,4.414202,using best approximate IK outside the usable position/orientation threshold,1.44505206,0.0888451544,-0.183978208,-1.4,-0.681377528,-0.429297024,0.037319053
1781693881.306257,2026-06-17T18:58:01.306,1781693881.206362,right,base,1,pelvis,200,0.001,0.13054679,-0.092065868,0.334391,0.387638996,0.649487118,-0.0379426405,0.65304123,1.11590909,0.198262502,0.690309095,-1.4,0.955913198,0.519999995,-0.899226715,1,1,0.206186785,0.698596592,400,4.550232,using best approximate IK outside the usable position/orientation threshold,1.11590909,0.198262502,0.690309095,-1.4,0.955913198,0.519999995,-0.899226715
1781693881.318082,2026-06-17T18:58:01.318,1781693881.223230,left,base,1,pelvis,200,0.001,-0.01117625,0.164754382,0.371499,-0.395956877,0.582354252,-0.483940815,0.519502613,1.44505206,0.0888451544,-0.183978208,-1.4,-0.681377528,-0.429297024,0.037319053,1,1,0.290921435,1.25175509,400,4.271292,using best approximate IK outside the usable position/orientation threshold,1.44505206,0.0888451544,-0.183978208,-1.4,-0.681377528,-0.429297024,0.037319053
1781693881.322798,2026-06-17T18:58:01.322,1781693881.223026,right,base,1,pelvis,200,0.001,0.135711365,-0.090452568,0.338159,0.38688519,0.650638841,-0.0393383175,0.652258726,1.11590672,0.198267724,0.690314022,-1.4,0.955918501,0.519999997,-0.899225766,1,1,0.212395068,0.696031193,400,4.474316,using best approximate IK outside the usable position/orientation threshold,1.11590672,0.198267724,0.690314022,-1.4,0.955918501,0.519999997,-0.899225766
1781693881.335092,2026-06-17T18:58:01.335,1781693881.223230,left,base,1,pelvis,200,0.001,-0.01117625,0.164754382,0.371499,-0.395956877,0.582354252,-0.483940815,0.519502613,1.44505206,0.0888451544,-0.183978208,-1.4,-0.681377528,-0.429297024,0.037319053,1,1,0.290921435,1.25175509,400,4.431431,using best approximate IK outside the usable position/orientation threshold,1.44505206,0.0888451544,-0.183978208,-1.4,-0.681377528,-0.429297024,0.037319053
1781693881.340215,2026-06-17T18:58:01.340,1781693881.223026,right,base,1,pelvis,200,0.001,0.135711365,-0.090452568,0.338159,0.38688519,0.650638841,-0.0393383175,0.652258726,1.11590497,0.198271584,0.690317664,-1.4,0.955922422,0.519999998,-0.899225064,1,1,0.212393276,0.696028971,400,4.354474,using best approximate IK outside the usable position/orientation threshold,1.11590497,0.198271584,0.690317664,-1.4,0.955922422,0.519999998,-0.899225064
1781693881.351795,2026-06-17T18:58:01.351,1781693881.239904,left,base,1,pelvis,200,0.001,-0.0039693,0.165368682,0.3704045,-0.398285035,0.57909196,-0.480616662,0.524432223,1.44505206,0.0888451544,-0.183978208,-1.4,-0.681377528,-0.429297024,0.037319053,1,1,0.295477883,1.26076843,400,4.436759,using best approximate IK outside the usable position/orientation threshold,1.44505206,0.0888451544,-0.183978208,-1.4,-0.681377528,-0.429297024,0.037319053
1781693881.356417,2026-06-17T18:58:01.356,1781693881.256361,right,base,1,pelvis,200,0.001,0.143142105,-0.086983468,0.3447655,0.382795026,0.652558269,-0.0432212692,0.652508694,1.11590383,0.198274088,0.690320027,-1.4,0.955924965,0.519999999,-0.899224608,1,1,0.221989553,0.693290413,400,4.378664,using best approximate IK outside the usable position/orientation threshold,1.11590383,0.198274088,0.690320027,-1.4,0.955924965,0.519999999,-0.899224608
1781693881.368582,2026-06-17T18:58:01.368,1781693881.239904,left,base,1,pelvis,200,0.001,-0.0039693,0.165368682,0.3704045,-0.398285035,0.57909196,-0.480616662,0.524432223,1.44505206,0.0888451544,-0.183978208,-1.4,-0.681377528,-0.429297024,0.037319053,1,1,0.295477883,1.26076843,400,4.350625,using best approximate IK outside the usable position/orientation threshold,1.44505206,0.0888451544,-0.183978208,-1.4,-0.681377528,-0.429297024,0.037319053
1781693881.373264,2026-06-17T18:58:01.373,1781693881.306365,right,base,1,pelvis,200,0.001,0.15284305,-0.083335918,0.35014,0.375371858,0.6555168,-0.0513423616,0.653266909,1.11590327,0.19827532,0.69032119,-1.4,0.955926217,0.52,-0.899224384,1,1,0.23273875,0.690344581,400,4.253502,using best approximate IK outside the usable position/orientation threshold,1.11590327,0.19827532,0.69032119,-1.4,0.955926217,0.52,-0.899224384
1781693881.385422,2026-06-17T18:58:01.385,1781693881.289976,left,base,1,pelvis,200,0.001,0.0070351,0.163881632,0.3674785,-0.399038825,0.574590163,-0.475703867,0.533216645,1.44505206,0.0888451544,-0.183978208,-1.4,-0.681377528,-0.429297024,0.037319053,1,1,0.302054764,1.27632693,400,4.420332,using best approximate IK outside the usable position/orientation threshold,1.44505206,0.0888451544,-0.183978208,-1.4,-0.681377528,-0.429297024,0.037319053
1781693881.390025,2026-06-17T18:58:01.390,1781693881.306365,right,base,1,pelvis,200,0.001,0.15284305,-0.083335918,0.35014,0.375371858,0.6555168,-0.0513423616,0.653266909,1.11590301,0.198275906,0.690321743,-1.4,0.955926812,0.52,-0.899224278,1,1,0.232738464,0.690344275,400,4.323965,using best approximate IK outside the usable position/orientation threshold,1.11590301,0.198275906,0.690321743,-1.4,0.955926812,0.52,-0.899224278
1781693881.402288,2026-06-17T18:58:01.402,1781693881.306593,left,base,1,pelvis,200,0.001,0.0181635,0.161346082,0.3637215,-0.398353622,0.570257746,-0.470796982,0.542651543,1.44505206,0.0888451544,-0.183978208,-1.4,-0.681377528,-0.429297024,0.037319053,1,1,0.308608639,1.29298121,400,4.436466,using best approximate IK outside the usable position/orientation threshold,1.44505206,0.0888451544,-0.183978208,-1.4,-0.681377528,-0.429297024,0.037319053
1781693881.407412,2026-06-17T18:58:01.407,1781693881.306365,right,base,1,pelvis,200,0.001,0.15284305,-0.083335918,0.35014,0.375371858,0.6555168,-0.0513423616,0.653266909,1.11590292,0.198276101,0.690321927,-1.4,0.95592701,0.52,-0.899224242,1,1,0.232738369,0.690344174,400,4.370768,using best approximate IK outside the usable position/orientation threshold,1.11590292,0.198276101,0.690321927,-1.4,0.95592701,0.52,-0.899224242
1781693881.418814,2026-06-17T18:58:01.418,1781693881.323260,left,base,1,pelvis,200,0.001,0.0287779,0.157115757,0.3627235,-0.396953442,0.566801495,-0.466133253,0.551256583,1.44505206,0.0888451544,-0.183978208,-1.4,-0.681377528,-0.429297024,0.037319053,1,1,0.316868522,1.30770662,400,4.264796,using best approximate IK outside the usable position/orientation threshold,1.44505206,0.0888451544,-0.183978208,-1.4,-0.681377528,-0.429297024,0.037319053
1781693881.423411,2026-06-17T18:58:01.423,1781693881.323034,right,base,1,pelvis,200,0.001,0.16561206,-0.079273668,0.356028,0.366017661,0.658925526,-0.0577134401,0.65461239,1.1159029,0.198276137,0.690321961,-1.4,0.955927047,0.52,-0.899224236,1,1,0.246343065,0.687049884,400,4.264161,using best approximate IK outside the usable position/orientation threshold,1.1159029,0.198276137,0.690321961,-1.4,0.955927047,0.52,-0.899224236
1781693881.435634,2026-06-17T18:58:01.435,1781693881.339899,left,base,1,pelvis,200,0.001,0.03556875,0.154081002,0.363013,-0.395718251,0.565312722,-0.463123886,0.556187791,1.44505206,0.0888451544,-0.183978208,-1.4,-0.681377528,-0.429297024,0.037319053,1,1,0.322830989,1.31547775,400,4.346769,using best approximate IK outside the usable position/orientation threshold,1.44505206,0.0888451544,-0.183978208,-1.4,-0.681377528,-0.429297024,0.037319053
1781693881.440127,2026-06-17T18:58:01.440,1781693881.339700,right,base,1,pelvis,200,0.001,0.17666572,-0.077151618,0.358591,0.359114633,0.661598323,-0.0608562715,0.655454693,1.1159029,0.198276138,0.690321962,-1.4,0.955927047,0.52,-0.899224235,1,1,0.256783848,0.684040491,400,4.201156,using best approximate IK outside the usable position/orientation threshold,1.1159029,0.198276138,0.690321962,-1.4,0.955927047,0.52,-0.899224235
1781693881.452334,2026-06-17T18:58:01.452,1781693881.339899,left,base,1,pelvis,200,0.001,0.03556875,0.154081002,0.363013,-0.395718251,0.565312722,-0.463123886,0.556187791,1.44505206,0.0888451544,-0.183978208,-1.4,-0.681377528,-0.429297024,0.037319053,1,1,0.322830989,1.31547775,400,4.248182,using best approximate IK outside the usable position/orientation threshold,1.44505206,0.0888451544,-0.183978208,-1.4,-0.681377528,-0.429297024,0.037319053
1781693881.456921,2026-06-17T18:58:01.456,1781693881.339700,right,base,1,pelvis,200,0.001,0.17666572,-0.077151618,0.358591,0.359114633,0.661598323,-0.0608562715,0.655454693,1.1159029,0.198276138,0.690321962,-1.4,0.955927047,0.52,-0.899224235,1,1,0.256783848,0.684040491,400,4.239716,using best approximate IK outside the usable position/orientation threshold,1.1159029,0.198276138,0.690321962,-1.4,0.955927047,0.52,-0.899224235
1781693881.469225,2026-06-17T18:58:01.469,1781693881.339899,left,base,1,pelvis,200,0.001,0.03556875,0.154081002,0.363013,-0.395718251,0.565312722,-0.463123886,0.556187791,1.44505206,0.0888451544,-0.183978208,-1.4,-0.681377528,-0.429297024,0.037319053,1,1,0.322830989,1.31547775,400,4.255421,using best approximate IK outside the usable position/orientation threshold,1.44505206,0.0888451544,-0.183978208,-1.4,-0.681377528,-0.429297024,0.037319053
1781693881.474016,2026-06-17T18:58:01.474,1781693881.339700,right,base,1,pelvis,200,0.001,0.17666572,-0.077151618,0.358591,0.359114633,0.661598323,-0.0608562715,0.655454693,1.1159029,0.198276138,0.690321962,-1.4,0.955927047,0.52,-0.899224235,1,1,0.256783848,0.684040491,400,4.197414,using best approximate IK outside the usable position/orientation threshold,1.1159029,0.198276138,0.690321962,-1.4,0.955927047,0.52,-0.899224235
1781693881.487867,2026-06-17T18:58:01.487,1781693881.339899,left,base,1,pelvis,200,0.001,0.03556875,0.154081002,0.363013,-0.395718251,0.565312722,-0.463123886,0.556187791,1.44505206,0.0888451544,-0.183978208,-1.4,-0.681377528,-0.429297024,0.037319053,1,1,0.322830989,1.31547775,400,6.165216,using best approximate IK outside the usable position/orientation threshold,1.44505206,0.0888451544,-0.183978208,-1.4,-0.681377528,-0.429297024,0.037319053
1781693881.495433,2026-06-17T18:58:01.495,1781693881.339700,right,base,1,pelvis,200,0.001,0.17666572,-0.077151618,0.358591,0.359114633,0.661598323,-0.0608562715,0.655454693,1.1159029,0.198276138,0.690321962,-1.4,0.955927047,0.52,-0.899224235,1,1,0.256783848,0.684040491,400,6.454112,using best approximate IK outside the usable position/orientation threshold,1.1159029,0.198276138,0.690321962,-1.4,0.955927047,0.52,-0.899224235
1781693881.502799,2026-06-17T18:58:01.502,1781693881.373271,left,base,1,pelvis,200,0.001,0.04472465,0.151592607,0.365931,-0.393086123,0.565298026,-0.456987715,0.56310183,1.44505206,0.0888451544,-0.183978208,-1.4,-0.681377528,-0.429297024,0.037319053,1,1,0.332209755,1.32302769,400,4.278408,using best approximate IK outside the usable position/orientation threshold,1.44505206,0.0888451544,-0.183978208,-1.4,-0.681377528,-0.429297024,0.037319053
1781693881.507970,2026-06-17T18:58:01.507,1781693881.373038,right,base,1,pelvis,200,0.001,0.18624588,-0.076117668,0.3600755,0.355557599,0.664044088,-0.0579082272,0.655187668,1.1159029,0.198276138,0.690321962,-1.4,0.955927047,0.52,-0.899224235,1,1,0.265508116,0.678278961,400,4.25688,using best approximate IK outside the usable position/orientation threshold,1.1159029,0.198276138,0.690321962,-1.4,0.955927047,0.52,-0.899224235
1781693881.519679,2026-06-17T18:58:01.519,1781693881.373271,left,base,1,pelvis,200,0.001,0.04472465,0.151592607,0.365931,-0.393086123,0.565298026,-0.456987715,0.56310183,1.44505206,0.0888451544,-0.183978208,-1.4,-0.681377528,-0.429297024,0.037319053,1,1,0.332209755,1.32302769,400,4.399797,using best approximate IK outside the usable position/orientation threshold,1.44505206,0.0888451544,-0.183978208,-1.4,-0.681377528,-0.429297024,0.037319053
1781693881.524543,2026-06-17T18:58:01.524,1781693881.406373,right,base,1,pelvis,200,0.001,0.19740224,-0.075331668,0.3650445,0.352594902,0.668442096,-0.05213881,0.65279671,1.1159029,0.198276138,0.690321962,-1.4,0.955927047,0.52,-0.899224235,1,1,0.277533348,0.666021936,400,4.577236,using best approximate IK outside the usable position/orientation threshold,1.1159029,0.198276138,0.690321962,-1.4,0.955927047,0.52,-0.899224235
1781693881.536299,2026-06-17T18:58:01.536,1781693881.423310,left,base,1,pelvis,200,0.001,0.0610235,0.144493332,0.370511,-0.388321988,0.567213243,-0.445675528,0.573453132,1.44505206,0.0888451544,-0.183978208,-1.4,-0.681377528,-0.429297024,0.037319053,1,1,0.348983512,1.33146265,400,4.215725,using best approximate IK outside the usable position/orientation threshold,1.44505206,0.0888451544,-0.183978208,-1.4,-0.681377528,-0.429297024,0.037319053
1781693881.541219,2026-06-17T18:58:01.541,1781693881.406373,right,base,1,pelvis,200,0.001,0.19740224,-0.075331668,0.3650445,0.352594902,0.668442096,-0.05213881,0.65279671,1.1159029,0.198276138,0.690321962,-1.4,0.955927047,0.52,-0.899224235,1,1,0.277533348,0.666021936,400,4.452032,using best approximate IK outside the usable position/orientation threshold,1.1159029,0.198276138,0.690321962,-1.4,0.955927047,0.52,-0.899224235
1781693881.555085,2026-06-17T18:58:01.555,1781693881.423310,left,base,1,pelvis,200,0.001,0.0610235,0.144493332,0.370511,-0.388321988,0.567213243,-0.445675528,0.573453132,1.44505206,0.0888451544,-0.183978208,-1.4,-0.681377528,-0.429297024,0.037319053,1,1,0.348983512,1.33146265,400,6.203906,using best approximate IK outside the usable position/orientation threshold,1.44505206,0.0888451544,-0.183978208,-1.4,-0.681377528,-0.429297024,0.037319053
1781693881.562391,2026-06-17T18:58:01.562,1781693881.439709,right,base,1,pelvis,200,0.001,0.20462801,-0.074094268,0.370985,0.350669418,0.670005977,-0.0499501015,0.652401669,1.1159029,0.198276138,0.690321962,-1.4,0.955927047,0.52,-0.899224235,1,1,0.286823396,0.66211953,400,6.563562,using best approximate IK outside the usable position/orientation threshold,1.1159029,0.198276138,0.690321962,-1.4,0.955927047,0.52,-0.899224235
1781693881.572198,2026-06-17T18:58:01.572,1781693881.423310,left,base,1,pelvis,200,0.001,0.0610235,0.144493332,0.370511,-0.388321988,0.567213243,-0.445675528,0.573453132,1.44505206,0.0888451544,-0.183978208,-1.4,-0.681377528,-0.429297024,0.037319053,1,1,0.348983512,1.33146265,400,6.191309,using best approximate IK outside the usable position/orientation threshold,1.44505206,0.0888451544,-0.183978208,-1.4,-0.681377528,-0.429297024,0.037319053
1781693881.579694,2026-06-17T18:58:01.579,1781693881.473049,right,base,1,pelvis,200,0.001,0.220534765,-0.071040118,0.3793625,0.346662804,0.671964521,-0.0484939849,0.652638427,1.1159029,0.198276138,0.690321962,-1.4,0.955927047,0.52,-0.899224235,1,1,0.304699614,0.658504282,400,6.540256,using best approximate IK outside the usable position/orientation threshold,1.1159029,0.198276138,0.690321962,-1.4,0.955927047,0.52,-0.899224235
1781693881.588369,2026-06-17T18:58:01.588,1781693881.456654,left,base,1,pelvis,200,0.001,0.07092455,0.138095677,0.373879,-0.385620125,0.568748092,-0.438910555,0.578947539,1.44505206,0.0888451544,-0.183978208,-1.4,-0.681377528,-0.429297024,0.037319053,1,1,0.359872489,1.3352709,400,6.06565,using best approximate IK outside the usable position/orientation threshold,1.44505206,0.0888451544,-0.183978208,-1.4,-0.681377528,-0.429297024,0.037319053
1781693881.595448,2026-06-17T18:58:01.595,1781693881.489712,right,base,1,pelvis,200,0.001,0.22429093,-0.066589068,0.3870685,0.344524146,0.672261109,-0.0487239498,0.653447849,1.1159029,0.198276138,0.690321962,-1.4,0.955927047,0.52,-0.899224235,1,1,0.312138149,0.658970518,400,6.542113,using best approximate IK outside the usable position/orientation threshold,1.1159029,0.198276138,0.690321962,-1.4,0.955927047,0.52,-0.899224235
1781693881.605585,2026-06-17T18:58:01.605,1781693881.473325,left,base,1,pelvis,200,0.001,0.07581035,0.133212442,0.3776795,-0.383861542,0.569836578,-0.435255773,0.581798077,1.44505206,0.0888451544,-0.183978208,-1.4,-0.681377528,-0.429297024,0.037319053,1,1,0.36672032,1.33696847,400,6.256299,using best approximate IK outside the usable position/orientation threshold,1.44505206,0.0888451544,-0.183978208,-1.4,-0.681377528,-0.429297024,0.037319053
1781693881.610242,2026-06-17T18:58:01.610,1781693881.489712,right,base,1,pelvis,200,0.001,0.22429093,-0.066589068,0.3870685,0.344524146,0.672261109,-0.0487239498,0.653447849,1.1159029,0.198276138,0.690321962,-1.4,0.955927047,0.52,-0.899224235,1,1,0.312138149,0.658970518,400,4.313671,using best approximate IK outside the usable position/orientation threshold,1.1159029,0.198276138,0.690321962,-1.4,0.955927047,0.52,-0.899224235
1781693881.619761,2026-06-17T18:58:01.619,1781693881.473325,left,base,1,pelvis,200,0.001,0.07581035,0.133212442,0.3776795,-0.383861542,0.569836578,-0.435255773,0.581798077,1.44505206,0.0888451544,-0.183978208,-1.4,-0.681377528,-0.429297024,0.037319053,1,1,0.36672032,1.33696847,400,4.008783,using best approximate IK outside the usable position/orientation threshold,1.44505206,0.0888451544,-0.183978208,-1.4,-0.681377528,-0.429297024,0.037319053
1781693881.624239,2026-06-17T18:58:01.624,1781693881.489712,right,base,1,pelvis,200,0.001,0.22429093,-0.066589068,0.3870685,0.344524146,0.672261109,-0.0487239498,0.653447849,1.1159029,0.198276138,0.690321962,-1.4,0.955927047,0.52,-0.899224235,1,1,0.312138149,0.658970518,400,4.24549,using best approximate IK outside the usable position/orientation threshold,1.1159029,0.198276138,0.690321962,-1.4,0.955927047,0.52,-0.899224235
1781693881.636785,2026-06-17T18:58:01.636,1781693881.539991,left,base,1,pelvis,200,0.001,0.09416305,0.118293252,0.3847065,-0.375238157,0.568581798,-0.43117489,0.591607369,1.44505206,0.0888451544,-0.183978208,-1.4,-0.681377528,-0.429297024,0.037319053,1,1,0.388191191,1.35332924,400,4.215939,using best approximate IK outside the usable position/orientation threshold,1.44505206,0.0888451544,-0.183978208,-1.4,-0.681377528,-0.429297024,0.037319053
1781693881.641598,2026-06-17T18:58:01.641,1781693881.556382,right,base,1,pelvis,200,0.001,0.23806844,-0.054682518,0.3995675,0.338967303,0.669806346,-0.0474570404,0.658944957,1.1159029,0.198276138,0.690321962,-1.4,0.955927047,0.52,-0.899224235,1,1,0.330950288,0.668857477,400,4.430652,using best approximate IK outside the usable position/orientation threshold,1.1159029,0.198276138,0.690321962,-1.4,0.955927047,0.52,-0.899224235
1781693881.654377,2026-06-17T18:58:01.654,1781693881.539991,left,base,1,pelvis,200,0.001,0.09416305,0.118293252,0.3847065,-0.375238157,0.568581798,-0.43117489,0.591607369,1.44505206,0.0888451544,-0.183978208,-1.4,-0.681377528,-0.429297024,0.037319053,1,1,0.388191191,1.35332924,400,5.04636,using best approximate IK outside the usable position/orientation threshold,1.44505206,0.0888451544,-0.183978208,-1.4,-0.681377528,-0.429297024,0.037319053
1781693881.659175,2026-06-17T18:58:01.659,1781693881.573050,right,base,1,pelvis,200,0.001,0.247492465,-0.051892518,0.4004355,0.33615098,0.667831733,-0.0453009878,0.66253386,1.1159029,0.198276138,0.690321962,-1.4,0.955927047,0.52,-0.899224235,1,1,0.339373036,0.675587683,400,4.544328,using best approximate IK outside the usable position/orientation threshold,1.1159029,0.198276138,0.690321962,-1.4,0.955927047,0.52,-0.899224235
1781693881.670301,2026-06-17T18:58:01.670,1781693881.539991,left,base,1,pelvis,200,0.001,0.09416305,0.118293252,0.3847065,-0.375238157,0.568581798,-0.43117489,0.591607369,1.44505206,0.0888451544,-0.183978208,-1.4,-0.681377528,-0.429297024,0.037319053,1,1,0.388191191,1.35332924,400,4.18659,using best approximate IK outside the usable position/orientation threshold,1.44505206,0.0888451544,-0.183978208,-1.4,-0.681377528,-0.429297024,0.037319053
1781693881.675024,2026-06-17T18:58:01.675,1781693881.573050,right,base,1,pelvis,200,0.001,0.247492465,-0.051892518,0.4004355,0.33615098,0.667831733,-0.0453009878,0.66253386,1.1159029,0.198276138,0.690321962,-1.4,0.955927047,0.52,-0.899224235,1,1,0.339373036,0.675587683,400,4.490955,using best approximate IK outside the usable position/orientation threshold,1.1159029,0.198276138,0.690321962,-1.4,0.955927047,0.52,-0.899224235
1781693881.687236,2026-06-17T18:58:01.687,1781693881.556585,left,base,1,pelvis,200,0.001,0.10467765,0.111766952,0.3870095,-0.369682733,0.566904715,-0.430425147,0.597233551,1.44505206,0.0888451544,-0.183978208,-1.4,-0.681377528,-0.429297024,0.037319053,1,1,0.399338838,1.36480711,400,4.315683,using best approximate IK outside the usable position/orientation threshold,1.44505206,0.0888451544,-0.183978208,-1.4,-0.681377528,-0.429297024,0.037319053
1781693881.692390,2026-06-17T18:58:01.692,1781693881.606386,right,base,1,pelvis,200,0.001,0.257104965,-0.050520368,0.4012815,0.333557227,0.66621829,-0.0426209412,0.665639709,1.1159029,0.198276138,0.690321962,-1.4,0.955927047,0.52,-0.899224235,1,1,0.34792951,0.681091398,400,4.573374,using best approximate IK outside the usable position/orientation threshold,1.1159029,0.198276138,0.690321962,-1.4,0.955927047,0.52,-0.899224235
1781693881.704112,2026-06-17T18:58:01.704,1781693881.606597,left,base,1,pelvis,200,0.001,0.11959105,0.103634317,0.3944795,-0.358845516,0.563942518,-0.429123072,0.607496601,1.44505206,0.0888451544,-0.183978208,-1.4,-0.681377528,-0.429297024,0.037319053,1,1,0.417240703,1.38606606,400,4.321657,using best approximate IK outside the usable position/orientation threshold,1.44505206,0.0888451544,-0.183978208,-1.4,-0.681377528,-0.429297024,0.037319053
1781693881.709391,2026-06-17T18:58:01.709,1781693881.606386,right,base,1,pelvis,200,0.001,0.257104965,-0.050520368,0.4012815,0.333557227,0.66621829,-0.0426209412,0.665639709,1.1159029,0.198276138,0.690321962,-1.4,0.955927047,0.52,-0.899224235,1,1,0.34792951,0.681091398,400,4.569008,using best approximate IK outside the usable position/orientation threshold,1.1159029,0.198276138,0.690321962,-1.4,0.955927047,0.52,-0.899224235
1781693881.722935,2026-06-17T18:58:01.722,1781693881.606597,left,base,1,pelvis,200,0.001,0.11959105,0.103634317,0.3944795,-0.358845516,0.563942518,-0.429123072,0.607496601,1.44505206,0.0888451544,-0.183978208,-1.4,-0.681377528,-0.429297024,0.037319053,1,1,0.417240703,1.38606606,400,5.952382,using best approximate IK outside the usable position/orientation threshold,1.44505206,0.0888451544,-0.183978208,-1.4,-0.681377528,-0.429297024,0.037319053
1781693881.729777,2026-06-17T18:58:01.729,1781693881.639720,right,base,1,pelvis,200,0.001,0.27661719,-0.046168068,0.403645,0.329032978,0.662786244,-0.0380112929,0.671570425,1.1159029,0.198276138,0.690321962,-1.4,0.955927047,0.52,-0.899224235,1,1,0.365924226,0.692542304,400,6.40868,using best approximate IK outside the usable position/orientation threshold,1.1159029,0.198276138,0.690321962,-1.4,0.955927047,0.52,-0.899224235
1781693881.738880,2026-06-17T18:58:01.738,1781693881.639907,left,base,1,pelvis,200,0.001,0.1305216,0.096316967,0.4017395,-0.350476042,0.56246652,-0.428893557,0.613879691,1.44505206,0.0888451544,-0.183978208,-1.4,-0.681377528,-0.429297024,0.037319053,1,1,0.431625196,1.39963911,400,5.433418,using best approximate IK outside the usable position/orientation threshold,1.44505206,0.0888451544,-0.183978208,-1.4,-0.681377528,-0.429297024,0.037319053
1781693881.743899,2026-06-17T18:58:01.743,1781693881.639720,right,base,1,pelvis,200,0.001,0.27661719,-0.046168068,0.403645,0.329032978,0.662786244,-0.0380112929,0.671570425,1.1159029,0.198276138,0.690321962,-1.4,0.955927047,0.52,-0.899224235,1,1,0.365924226,0.692542304,400,4.585185,using best approximate IK outside the usable position/orientation threshold,1.1159029,0.198276138,0.690321962,-1.4,0.955927047,0.52,-0.899224235
1781693881.754561,2026-06-17T18:58:01.754,1781693881.639907,left,base,1,pelvis,200,0.001,0.1305216,0.096316967,0.4017395,-0.350476042,0.56246652,-0.428893557,0.613879691,1.44505206,0.0888451544,-0.183978208,-1.4,-0.681377528,-0.429297024,0.037319053,1,1,0.431625196,1.39963911,400,4.513188,using best approximate IK outside the usable position/orientation threshold,1.44505206,0.0888451544,-0.183978208,-1.4,-0.681377528,-0.429297024,0.037319053
1781693881.759466,2026-06-17T18:58:01.759,1781693881.673058,right,base,1,pelvis,200,0.001,0.28584709,-0.042977668,0.4075815,0.325539684,0.660944906,-0.0362192538,0.675176949,1.1159029,0.198276138,0.690321962,-1.4,0.955927047,0.52,-0.899224235,1,1,0.376054173,0.699569614,400,4.548117,using best approximate IK outside the usable position/orientation threshold,1.1159029,0.198276138,0.690321962,-1.4,0.955927047,0.52,-0.899224235
1781693881.771124,2026-06-17T18:58:01.771,1781693881.689945,left,base,1,pelvis,200,0.001,0.14517125,0.087134522,0.407708,-0.34347356,0.56060074,-0.427001373,0.620824091,1.44505206,0.0888451544,-0.183978208,-1.4,-0.681377528,-0.429297024,0.037319053,1,1,0.448869836,1.41377027,400,4.278355,using best approximate IK outside the usable position/orientation threshold,1.44505206,0.0888451544,-0.183978208,-1.4,-0.681377528,-0.429297024,0.037319053
1781693881.775702,2026-06-17T18:58:01.775,1781693881.723086,right,base,1,pelvis,200,0.001,0.30513559,-0.037745818,0.4122715,0.317369423,0.657881226,-0.033878376,0.682144557,1.1159029,0.198276138,0.690321962,-1.4,0.955927047,0.52,-0.899224235,1,1,0.395363555,0.713071597,400,4.37078,using best approximate IK outside the usable position/orientation threshold,1.1159029,0.198276138,0.690321962,-1.4,0.955927047,0.52,-0.899224235
1781693881.787842,2026-06-17T18:58:01.787,1781693881.689945,left,base,1,pelvis,200,0.001,0.14517125,0.087134522,0.407708,-0.34347356,0.56060074,-0.427001373,0.620824091,1.44505206,0.0888451544,-0.183978208,-1.4,-0.681377528,-0.429297024,0.037319053,1,1,0.448869836,1.41377027,400,4.188397,using best approximate IK outside the usable position/orientation threshold,1.44505206,0.0888451544,-0.183978208,-1.4,-0.681377528,-0.429297024,0.037319053
1781693881.792481,2026-06-17T18:58:01.792,1781693881.723086,right,base,1,pelvis,200,0.001,0.30513559,-0.037745818,0.4122715,0.317369423,0.657881226,-0.033878376,0.682144557,1.1159029,0.198276138,0.690321962,-1.4,0.955927047,0.52,-0.899224235,1,1,0.395363555,0.713071597,400,4.405524,using best approximate IK outside the usable position/orientation threshold,1.1159029,0.198276138,0.690321962,-1.4,0.955927047,0.52,-0.899224235
1781693881.804672,2026-06-17T18:58:01.804,1781693881.739961,left,base,1,pelvis,200,0.001,0.1660023,0.073922612,0.4086595,-0.335358794,0.558197816,-0.426458984,0.627759837,1.44505206,0.0888451544,-0.183978208,-1.4,-0.681377528,-0.429297024,0.037319053,1,1,0.260519117,1.44278565,400,4.159388,using best approximate IK outside the usable position/orientation threshold,0.569213676,-0.33,-0.541220907,-1.4,-1.0471191,0.52,-0.416074129
1781693881.809691,2026-06-17T18:58:01.809,1781693881.723086,right,base,1,pelvis,200,0.001,0.30513559,-0.037745818,0.4122715,0.317369423,0.657881226,-0.033878376,0.682144557,1.1159029,0.198276138,0.690321962,-1.4,0.955927047,0.52,-0.899224235,1,1,0.395363555,0.713071597,400,4.428743,using best approximate IK outside the usable position/orientation threshold,1.1159029,0.198276138,0.690321962,-1.4,0.955927047,0.52,-0.899224235
1781693881.821440,2026-06-17T18:58:01.821,1781693881.739961,left,base,1,pelvis,200,0.001,0.1660023,0.073922612,0.4086595,-0.335358794,0.558197816,-0.426458984,0.627759837,1.44505206,0.0888451544,-0.183978208,-1.4,-0.681377528,-0.429297024,0.037319053,1,1,0.260519117,1.44278565,400,4.18251,using best approximate IK outside the usable position/orientation threshold,0.569213676,-0.33,-0.541220907,-1.4,-1.0471191,0.52,-0.416074129
1781693881.826060,2026-06-17T18:58:01.826,1781693881.739734,right,base,1,pelvis,200,0.001,0.31216369,-0.034731718,0.413468,0.313757399,0.657763938,-0.0337975449,0.683930276,1.1159029,0.198276138,0.690321962,-1.4,0.955927047,0.52,-0.899224235,1,1,0.402271793,0.715871547,400,4.334722,using best approximate IK outside the usable position/orientation threshold,1.1159029,0.198276138,0.690321962,-1.4,0.955927047,0.52,-0.899224235
1781693881.838442,2026-06-17T18:58:01.838,1781693881.739961,left,base,1,pelvis,200,0.001,0.1660023,0.073922612,0.4086595,-0.335358794,0.558197816,-0.426458984,0.627759837,1.44505206,0.0888451544,-0.183978208,-1.4,-0.681377528,-0.429297024,0.037319053,1,1,0.260519117,1.44278565,400,4.162851,using best approximate IK outside the usable position/orientation threshold,0.569213676,-0.33,-0.541220907,-1.4,-1.0471191,0.52,-0.416074129
1781693881.843338,2026-06-17T18:58:01.843,1781693881.756404,right,base,1,pelvis,200,0.001,0.31813139,-0.030612968,0.416517,0.310073106,0.658179273,-0.0339401724,0.685202728,1.1159029,0.198276138,0.690321962,-1.4,0.955927047,0.52,-0.899224235,1,1,0.409325825,0.717343134,400,4.295488,using best approximate IK outside the usable position/orientation threshold,1.1159029,0.198276138,0.690321962,-1.4,0.955927047,0.52,-0.899224235
1781693881.854961,2026-06-17T18:58:01.854,1781693881.773261,left,base,1,pelvis,200,0.001,0.1763452,0.068594327,0.4092585,-0.331419488,0.556208739,-0.427263291,0.631061837,1.44505206,0.0888451544,-0.183978208,-1.4,-0.681377528,-0.429297024,0.037319053,1,1,0.250861969,1.40490326,400,4.180748,using best approximate IK outside the usable position/orientation threshold,0.524547388,-0.33,-0.561803215,-1.4,-1.07016701,0.52,-0.411709212
1781693881.859506,2026-06-17T18:58:01.859,1781693881.756404,right,base,1,pelvis,200,0.001,0.31813139,-0.030612968,0.416517,0.310073106,0.658179273,-0.0339401724,0.685202728,1.1159029,0.198276138,0.690321962,-1.4,0.955927047,0.52,-0.899224235,1,1,0.409325825,0.717343134,400,4.322639,using best approximate IK outside the usable position/orientation threshold,1.1159029,0.198276138,0.690321962,-1.4,0.955927047,0.52,-0.899224235
1781693881.873919,2026-06-17T18:58:01.873,1781693881.773261,left,base,1,pelvis,200,0.001,0.1763452,0.068594327,0.4092585,-0.331419488,0.556208739,-0.427263291,0.631061837,1.44505206,0.0888451544,-0.183978208,-1.4,-0.681377528,-0.429297024,0.037319053,1,1,0.250861969,1.40490326,400,6.05726,using best approximate IK outside the usable position/orientation threshold,0.524547388,-0.33,-0.561803215,-1.4,-1.07016701,0.52,-0.411709212
1781693881.880178,2026-06-17T18:58:01.880,1781693881.789750,right,base,1,pelvis,200,0.001,0.32655274,-0.024360068,0.423289,0.304464985,0.659646188,-0.0347115354,0.686267505,1.1159029,0.198276138,0.690321962,-1.4,0.955927047,0.52,-0.899224235,1,1,0.420613408,0.717485277,400,5.369282,using best approximate IK outside the usable position/orientation threshold,1.1159029,0.198276138,0.690321962,-1.4,0.955927047,0.52,-0.899224235
1781693881.888358,2026-06-17T18:58:01.888,1781693881.806715,left,base,1,pelvis,200,0.001,0.1932765,0.061286547,0.406281,-0.325096932,0.553510043,-0.428280762,0.636014313,1.44505206,0.0888451544,-0.183978208,-1.4,-0.681377528,-0.429297024,0.037319053,1,1,0.234478722,1.33516968,400,4.128092,using best approximate IK outside the usable position/orientation threshold,0.473697523,-0.33,-0.577086284,-1.4,-1.08241987,0.52,-0.368915013
1781693881.892924,2026-06-17T18:58:01.892,1781693881.839747,right,base,1,pelvis,200,0.001,0.33517169,-0.021621668,0.424426,0.300463052,0.660486272,-0.034876474,0.687214282,1.1159029,0.198276138,0.690321962,-1.4,0.955927047,0.52,-0.899224235,1,1,0.113735296,0.799963823,400,4.341271,using best approximate IK outside the usable position/orientation threshold,0.145951358,0.33,0.668484844,-1.4,1.61288131,0.52,0.156622671
1781693881.905396,2026-06-17T18:58:01.905,1781693881.823512,left,base,1,pelvis,200,0.001,0.2016608,0.057675817,0.403393,-0.321649227,0.55339984,-0.427740309,0.638223018,1.44505206,0.0888451544,-0.183978208,-1.4,-0.681377528,-0.429297024,0.037319053,1,1,0.224241188,1.29573102,400,4.292394,using best approximate IK outside the usable position/orientation threshold,0.449390553,-0.33,-0.588573216,-1.4,-1.09241086,0.52,-0.344634322
1781693881.910150,2026-06-17T18:58:01.910,1781693881.839747,right,base,1,pelvis,200,0.001,0.33517169,-0.021621668,0.424426,0.300463052,0.660486272,-0.034876474,0.687214282,1.1159029,0.198276138,0.690321962,-1.4,0.955927047,0.52,-0.899224235,1,1,0.113735296,0.799963823,400,4.53086,using best approximate IK outside the usable position/orientation threshold,0.145951358,0.33,0.668484844,-1.4,1.61288131,0.52,0.156622671
1781693881.922210,2026-06-17T18:58:01.922,1781693881.823512,left,base,1,pelvis,200,0.001,0.2016608,0.057675817,0.403393,-0.321649227,0.55339984,-0.427740309,0.638223018,1.44505206,0.0888451544,-0.183978208,-1.4,-0.681377528,-0.429297024,0.037319053,1,1,0.224241188,1.29573102,400,4.319998,using best approximate IK outside the usable position/orientation threshold,0.449390553,-0.33,-0.588573216,-1.4,-1.09241086,0.52,-0.344634322
1781693881.927031,2026-06-17T18:58:01.927,1781693881.856414,right,base,1,pelvis,200,0.001,0.34402364,-0.019728518,0.4235915,0.29681405,0.661169417,-0.0347465497,0.688149038,1.1159029,0.198276138,0.690321962,-1.4,0.955927047,0.52,-0.899224235,1,1,0.0969264334,0.759346389,400,4.578435,using best approximate IK outside the usable position/orientation threshold,0.107128905,0.33,0.658033997,-1.4,1.62398038,0.52,0.138075886
1781693881.938926,2026-06-17T18:58:01.938,1781693881.856632,left,base,1,pelvis,200,0.001,0.2198714,0.051108127,0.3949355,-0.314622008,0.553499694,-0.426183342,0.642665418,1.44505206,0.0888451544,-0.183978208,-1.4,-0.681377528,-0.429297024,0.037319053,1,1,0.20015051,1.20223109,400,4.188888,using best approximate IK outside the usable position/orientation threshold,0.406018558,-0.33,-0.611629934,-1.4,-1.10738345,0.52,-0.273160648
1781693881.944023,2026-06-17T18:58:01.944,1781693881.873080,right,base,1,pelvis,200,0.001,0.35324079,-0.017508118,0.421508,0.293422806,0.661926495,-0.0347333445,0.688875872,1.1159029,0.198276138,0.690321962,-1.4,0.955927047,0.52,-0.899224235,1,1,0.0720773824,0.709899007,400,4.428243,using best approximate IK outside the usable position/orientation threshold,0.0628631845,0.33,0.645353325,-1.4,1.66340211,0.52,0.102101286
1781693881.955762,2026-06-17T18:58:01.955,1781693881.873272,left,base,1,pelvis,200,0.001,0.2236628,0.048518627,0.393421,-0.311537802,0.55340219,-0.425628006,0.644616952,1.44505206,0.0888451544,-0.183978208,-1.4,-0.681377528,-0.429297024,0.037319053,1,1,0.193992955,1.17785289,400,4.278673,using best approximate IK outside the usable position/orientation threshold,0.397962139,-0.33,-0.622558984,-1.4,-1.11502984,0.52,-0.251116216
1781693881.960593,2026-06-17T18:58:01.960,1781693881.873080,right,base,1,pelvis,200,0.001,0.35324079,-0.017508118,0.421508,0.293422806,0.661926495,-0.0347333445,0.688875872,1.1159029,0.198276138,0.690321962,-1.4,0.955927047,0.52,-0.899224235,1,1,0.0720773824,0.709899007,400,4.587463,using best approximate IK outside the usable position/orientation threshold,0.0628631845,0.33,0.645353325,-1.4,1.66340211,0.52,0.102101286
1781693881.972438,2026-06-17T18:58:01.972,1781693881.923282,left,base,1,pelvis,200,0.001,0.22336035,0.039935622,0.396171,-0.30064176,0.551943744,-0.424128264,0.651987616,1.44505206,0.0888451544,-0.183978208,-1.4,-0.681377528,-0.429297024,0.037319053,1,1,0.187380447,1.15492499,400,4.179024,using best approximate IK outside the usable position/orientation threshold,0.393993276,-0.33,-0.668291198,-1.4,-1.15693388,0.52,-0.226706292
1781693881.977581,2026-06-17T18:58:01.977,1781693881.873080,right,base,1,pelvis,200,0.001,0.35324079,-0.017508118,0.421508,0.293422806,0.661926495,-0.0347333445,0.688875872,1.1159029,0.198276138,0.690321962,-1.4,0.955927047,0.52,-0.899224235,1,1,0.0720773824,0.709899007,400,4.43145,using best approximate IK outside the usable position/orientation threshold,0.0628631845,0.33,0.645353325,-1.4,1.66340211,0.52,0.102101286
1781693881.989331,2026-06-17T18:58:01.989,1781693881.923282,left,base,1,pelvis,200,0.001,0.22336035,0.039935622,0.396171,-0.30064176,0.551943744,-0.424128264,0.651987616,1.44505206,0.0888451544,-0.183978208,-1.4,-0.681377528,-0.429297024,0.037319053,1,1,0.187380447,1.15492499,400,4.279908,using best approximate IK outside the usable position/orientation threshold,0.393993276,-0.33,-0.668291198,-1.4,-1.15693388,0.52,-0.226706292
1781693881.993932,2026-06-17T18:58:01.993,1781693881.873080,right,base,1,pelvis,200,0.001,0.35324079,-0.017508118,0.421508,0.293422806,0.661926495,-0.0347333445,0.688875872,1.1159029,0.198276138,0.690321962,-1.4,0.955927047,0.52,-0.899224235,1,1,0.0720773824,0.709899007,400,4.375346,using best approximate IK outside the usable position/orientation threshold,0.0628631845,0.33,0.645353325,-1.4,1.66340211,0.52,0.102101286
1781693882.006075,2026-06-17T18:58:02.006,1781693881.939929,left,base,1,pelvis,200,0.001,0.2250065,0.035752912,0.3951965,-0.294538769,0.550843582,-0.422876039,0.656501422,1.44505206,0.0888451544,-0.183978208,-1.4,-0.681377528,-0.429297024,0.037319053,1,1,0.181223714,1.12979974,400,4.175435,using best approximate IK outside the usable position/orientation threshold,0.393845995,-0.329188338,-0.685194992,-1.4,-1.16940736,0.52,-0.193949046
1781693882.011185,2026-06-17T18:58:02.011,1781693881.923085,right,base,1,pelvis,200,0.001,0.36636499,-0.011958768,0.416952,0.289204393,0.664078407,-0.0362356113,0.688511198,1.1159029,0.198276138,0.690321962,-1.4,0.955927047,0.52,-0.899224235,1,1,0.039238947,0.631434419,400,4.526371,using best approximate IK outside the usable position/orientation threshold,0.025995498,0.33,0.628420589,-1.39780869,1.64158639,0.52,-0.028742331
1781693882.022751,2026-06-17T18:58:02.022,1781693881.956630,left,base,1,pelvis,200,0.001,0.22833625,0.034767682,0.3914,-0.290326662,0.550185582,-0.42112907,0.660042848,1.44505206,0.0888451544,-0.183978208,-1.4,-0.681377528,-0.429297024,0.037319053,1,1,0.174802284,1.10520262,400,4.175943,using best approximate IK outside the usable position/orientation threshold,0.393854158,-0.326080806,-0.690260644,-1.4,-1.17329643,0.51843308,-0.16093135
1781693882.027393,2026-06-17T18:58:02.027,1781693881.923085,right,base,1,pelvis,200,0.001,0.36636499,-0.011958768,0.416952,0.289204393,0.664078407,-0.0362356113,0.688511198,1.1159029,0.198276138,0.690321962,-1.4,0.955927047,0.52,-0.899224235,1,1,0.039238947,0.631434419,400,4.408849,using best approximate IK outside the usable position/orientation threshold,0.025995498,0.33,0.628420589,-1.39780869,1.64158639,0.52,-0.028742331
1781693882.041865,2026-06-17T18:58:02.041,1781693881.956630,left,base,1,pelvis,200,0.001,0.22833625,0.034767682,0.3914,-0.290326662,0.550185582,-0.42112907,0.660042848,1.44505206,0.0888451544,-0.183978208,-1.4,-0.681377528,-0.429297024,0.037319053,1,1,0.174802284,1.10520262,400,6.06503,using best approximate IK outside the usable position/orientation threshold,0.393854158,-0.326080806,-0.690260644,-1.4,-1.17329643,0.51843308,-0.16093135
1781693882.049301,2026-06-17T18:58:02.049,1781693881.923085,right,base,1,pelvis,200,0.001,0.36636499,-0.011958768,0.416952,0.289204393,0.664078407,-0.0362356113,0.688511198,1.1159029,0.198276138,0.690321962,-1.4,0.955927047,0.52,-0.899224235,1,1,0.039238947,0.631434419,400,6.553427,using best approximate IK outside the usable position/orientation threshold,0.025995498,0.33,0.628420589,-1.39780869,1.64158639,0.52,-0.028742331
1781693882.058309,2026-06-17T18:58:02.058,1781693881.973382,left,base,1,pelvis,200,0.001,0.2300115,0.035655737,0.388732,-0.287733801,0.550051607,-0.419523844,0.662308262,1.44505206,0.0888451544,-0.183978208,-1.4,-0.681377528,-0.429297024,0.037319053,1,1,0.17322183,1.0920374,400,6.09458,using best approximate IK outside the usable position/orientation threshold,0.399532563,-0.32512187,-0.679191504,-1.4,-1.16666164,0.496560481,-0.147803383
1781693882.064227,2026-06-17T18:58:02.064,1781693881.973097,right,base,1,pelvis,200,0.001,0.37591514,-0.010106718,0.413145,0.28505007,0.668160065,-0.0389554755,0.686142155,1.1159029,0.198276138,0.690321962,-1.4,0.955927047,0.52,-0.899224235,1,1,0.0401744302,0.613976215,400,5.254699,using best approximate IK outside the usable position/orientation threshold,-0.00559349074,0.33,0.616194701,-1.36085198,1.59122641,0.52,-0.0532261231
1781693882.075838,2026-06-17T18:58:02.075,1781693881.973382,left,base,1,pelvis,200,0.001,0.2300115,0.035655737,0.388732,-0.287733801,0.550051607,-0.419523844,0.662308262,1.44505206,0.0888451544,-0.183978208,-1.4,-0.681377528,-0.429297024,0.037319053,1,1,0.17322183,1.0920374,400,6.116007,using best approximate IK outside the usable position/orientation threshold,0.399532563,-0.32512187,-0.679191504,-1.4,-1.16666164,0.496560481,-0.147803383
1781693882.082918,2026-06-17T18:58:02.082,1781693881.973097,right,base,1,pelvis,200,0.001,0.37591514,-0.010106718,0.413145,0.28505007,0.668160065,-0.0389554755,0.686142155,1.1159029,0.198276138,0.690321962,-1.4,0.955927047,0.52,-0.899224235,1,1,0.0401744302,0.613976215,400,6.520958,using best approximate IK outside the usable position/orientation threshold,-0.00559349074,0.33,0.616194701,-1.36085198,1.59122641,0.52,-0.0532261231
1781693882.092068,2026-06-17T18:58:02.092,1781693881.973382,left,base,1,pelvis,200,0.001,0.2300115,0.035655737,0.388732,-0.287733801,0.550051607,-0.419523844,0.662308262,1.44505206,0.0888451544,-0.183978208,-1.4,-0.681377528,-0.429297024,0.037319053,1,1,0.17322183,1.0920374,400,6.250554,using best approximate IK outside the usable position/orientation threshold,0.399532563,-0.32512187,-0.679191504,-1.4,-1.16666164,0.496560481,-0.147803383
1781693882.097177,2026-06-17T18:58:02.097,1781693881.973097,right,base,1,pelvis,200,0.001,0.37591514,-0.010106718,0.413145,0.28505007,0.668160065,-0.0389554755,0.686142155,1.1159029,0.198276138,0.690321962,-1.4,0.955927047,0.52,-0.899224235,1,1,0.0401744302,0.613976215,400,4.718076,using best approximate IK outside the usable position/orientation threshold,-0.00559349074,0.33,0.616194701,-1.36085198,1.59122641,0.52,-0.0532261231
1781693882.106921,2026-06-17T18:58:02.106,1781693881.973382,left,base,1,pelvis,200,0.001,0.2300115,0.035655737,0.388732,-0.287733801,0.550051607,-0.419523844,0.662308262,1.44505206,0.0888451544,-0.183978208,-1.4,-0.681377528,-0.429297024,0.037319053,1,1,0.17322183,1.0920374,400,4.362392,using best approximate IK outside the usable position/orientation threshold,0.399532563,-0.32512187,-0.679191504,-1.4,-1.16666164,0.496560481,-0.147803383
1781693882.113940,2026-06-17T18:58:02.113,1781693882.006425,right,base,1,pelvis,200,0.001,0.38272149,-0.011509468,0.405743,0.283485926,0.671403451,-0.0414251361,0.683474282,1.1159029,0.198276138,0.690321962,-1.4,0.955927047,0.52,-0.899224235,1,1,0.0402753229,0.594057362,400,6.252207,using best approximate IK outside the usable position/orientation threshold,-0.0248388629,0.33,0.598996476,-1.32648864,1.54630911,0.52,-0.0851872005
1781693882.123476,2026-06-17T18:58:02.123,1781693882.023369,left,base,1,pelvis,200,0.001,0.2328008,0.040656257,0.375107,-0.283180803,0.546790256,-0.41342386,0.670753129,1.44505206,0.0888451544,-0.183978208,-1.4,-0.681377528,-0.429297024,0.037319053,1,1,0.165627479,1.03778727,400,4.239089,using best approximate IK outside the usable position/orientation threshold,0.419743747,-0.272942605,-0.68016609,-1.4,-1.19410515,0.373712798,-0.0787594706
1781693882.128139,2026-06-17T18:58:02.128,1781693882.006425,right,base,1,pelvis,200,0.001,0.38272149,-0.011509468,0.405743,0.283485926,0.671403451,-0.0414251361,0.683474282,1.1159029,0.198276138,0.690321962,-1.4,0.955927047,0.52,-0.899224235,1,1,0.0402753229,0.594057362,400,4.434994,using best approximate IK outside the usable position/orientation threshold,-0.0248388629,0.33,0.598996476,-1.32648864,1.54630911,0.52,-0.0851872005
1781693882.140352,2026-06-17T18:58:02.140,1781693882.023369,left,base,1,pelvis,200,0.001,0.2328008,0.040656257,0.375107,-0.283180803,0.546790256,-0.41342386,0.670753129,1.44505206,0.0888451544,-0.183978208,-1.4,-0.681377528,-0.429297024,0.037319053,1,1,0.165627479,1.03778727,400,4.223788,using best approximate IK outside the usable position/orientation threshold,0.419743747,-0.272942605,-0.68016609,-1.4,-1.19410515,0.373712798,-0.0787594706
1781693882.145259,2026-06-17T18:58:02.145,1781693882.006425,right,base,1,pelvis,200,0.001,0.38272149,-0.011509468,0.405743,0.283485926,0.671403451,-0.0414251361,0.683474282,1.1159029,0.198276138,0.690321962,-1.4,0.955927047,0.52,-0.899224235,1,1,0.0402753229,0.594057362,400,4.456003,using best approximate IK outside the usable position/orientation threshold,-0.0248388629,0.33,0.598996476,-1.32648864,1.54630911,0.52,-0.0851872005
1781693882.157036,2026-06-17T18:58:02.157,1781693882.023369,left,base,1,pelvis,200,0.001,0.2328008,0.040656257,0.375107,-0.283180803,0.546790256,-0.41342386,0.670753129,1.44505206,0.0888451544,-0.183978208,-1.4,-0.681377528,-0.429297024,0.037319053,1,1,0.165627479,1.03778727,400,4.237211,using best approximate IK outside the usable position/orientation threshold,0.419743747,-0.272942605,-0.68016609,-1.4,-1.19410515,0.373712798,-0.0787594706
1781693882.161588,2026-06-17T18:58:02.161,1781693882.056430,right,base,1,pelvis,200,0.001,0.39350054,-0.012526668,0.3863105,0.281209215,0.677594158,-0.0456738998,0.678012853,1.1159029,0.198276138,0.690321962,-1.4,0.955927047,0.52,-0.899224235,1,1,0.0403412805,0.552484439,400,4.324873,using best approximate IK outside the usable position/orientation threshold,-0.0603612858,0.33,0.566667777,-1.23965197,1.46141414,0.52,-0.175899234
1781693882.173867,2026-06-17T18:58:02.173,1781693882.023369,left,base,1,pelvis,200,0.001,0.2328008,0.040656257,0.375107,-0.283180803,0.546790256,-0.41342386,0.670753129,1.44505206,0.0888451544,-0.183978208,-1.4,-0.681377528,-0.429297024,0.037319053,1,1,0.165627479,1.03778727,400,4.243626,using best approximate IK outside the usable position/orientation threshold,0.419743747,-0.272942605,-0.68016609,-1.4,-1.19410515,0.373712798,-0.0787594706
1781693882.178972,2026-06-17T18:58:02.178,1781693882.073097,right,base,1,pelvis,200,0.001,0.39305669,-0.012232168,0.3834305,0.281146212,0.677479452,-0.0454535198,0.678168398,1.1159029,0.198276138,0.690321962,-1.4,0.955927047,0.52,-0.899224235,1,1,0.0403627996,0.546725636,400,4.422395,using best approximate IK outside the usable position/orientation threshold,-0.0590999005,0.33,0.564994045,-1.23024669,1.4515163,0.52,-0.194180201
1781693882.190482,2026-06-17T18:58:02.190,1781693882.073289,left,base,1,pelvis,200,0.001,0.23120265,0.043575502,0.366648,-0.285398142,0.544156259,-0.41209514,0.672769992,1.44505206,0.0888451544,-0.183978208,-1.4,-0.681377528,-0.429297024,0.037319053,1,1,0.162364888,1.00688253,400,4.187905,using best approximate IK outside the usable position/orientation threshold,0.4568324,-0.275345063,-0.648062266,-1.4,-1.16498657,0.310608695,-0.032360739
1781693882.195128,2026-06-17T18:58:02.195,1781693882.073097,right,base,1,pelvis,200,0.001,0.39305669,-0.012232168,0.3834305,0.281146212,0.677479452,-0.0454535198,0.678168398,1.1159029,0.198276138,0.690321962,-1.4,0.955927047,0.52,-0.899224235,1,1,0.0403627996,0.546725636,400,4.387269,using best approximate IK outside the usable position/orientation threshold,-0.0590999005,0.33,0.564994045,-1.23024669,1.4515163,0.52,-0.194180201
1781693882.207419,2026-06-17T18:58:02.207,1781693882.073289,left,base,1,pelvis,200,0.001,0.23120265,0.043575502,0.366648,-0.285398142,0.544156259,-0.41209514,0.672769992,1.44505206,0.0888451544,-0.183978208,-1.4,-0.681377528,-0.429297024,0.037319053,1,1,0.162364888,1.00688253,400,4.218973,using best approximate IK outside the usable position/orientation threshold,0.4568324,-0.275345063,-0.648062266,-1.4,-1.16498657,0.310608695,-0.032360739
1781693882.212338,2026-06-17T18:58:02.212,1781693882.073097,right,base,1,pelvis,200,0.001,0.39305669,-0.012232168,0.3834305,0.281146212,0.677479452,-0.0454535198,0.678168398,1.1159029,0.198276138,0.690321962,-1.4,0.955927047,0.52,-0.899224235,1,1,0.0403627996,0.546725636,400,4.41872,using best approximate IK outside the usable position/orientation threshold,-0.0590999005,0.33,0.564994045,-1.23024669,1.4515163,0.52,-0.194180201
1781693882.224236,2026-06-17T18:58:02.224,1781693882.123286,left,base,1,pelvis,200,0.001,0.2352538,0.047762197,0.3489305,-0.294053586,0.541421263,-0.412420825,0.671047366,1.44505206,0.0888451544,-0.183978208,-1.4,-0.681377528,-0.429297024,0.037319053,1,1,0.145148718,0.882134399,400,4.199248,using best approximate IK outside the usable position/orientation threshold,0.511682892,-0.284145888,-0.583948368,-1.4,-1.09508781,0.175548618,0.0945870076
1781693882.228876,2026-06-17T18:58:02.228,1781693882.106432,right,base,1,pelvis,200,0.001,0.39503389,-0.013970868,0.3778285,0.281105541,0.676940356,-0.0454441935,0.67872399,1.1159029,0.198276138,0.690321962,-1.4,0.955927047,0.52,-0.899224235,1,1,0.0394813726,0.529331645,400,4.365785,using best approximate IK outside the usable position/orientation threshold,-0.0669541889,0.33,0.554100666,-1.2075471,1.42787608,0.52,-0.228845275
1781693882.241110,2026-06-17T18:58:02.241,1781693882.123286,left,base,1,pelvis,200,0.001,0.2352538,0.047762197,0.3489305,-0.294053586,0.541421263,-0.412420825,0.671047366,1.44505206,0.0888451544,-0.183978208,-1.4,-0.681377528,-0.429297024,0.037319053,1,1,0.145148718,0.882134399,400,4.224032,using best approximate IK outside the usable position/orientation threshold,0.511682892,-0.284145888,-0.583948368,-1.4,-1.09508781,0.175548618,0.0945870076
1781693882.246045,2026-06-17T18:58:02.246,1781693882.123100,right,base,1,pelvis,200,0.001,0.39852589,-0.016708118,0.3704045,0.28121174,0.676074759,-0.0456441946,0.67952887,1.1159029,0.198276138,0.690321962,-1.4,0.955927047,0.52,-0.899224235,1,1,0.0371402311,0.505212083,400,4.308172,using best approximate IK outside the usable position/orientation threshold,-0.0884807537,0.33,0.535387694,-1.16745866,1.40465934,0.52,-0.280155409
1781693882.257770,2026-06-17T18:58:02.257,1781693882.123286,left,base,1,pelvis,200,0.001,0.2352538,0.047762197,0.3489305,-0.294053586,0.541421263,-0.412420825,0.671047366,1.44505206,0.0888451544,-0.183978208,-1.4,-0.681377528,-0.429297024,0.037319053,1,1,0.145148718,0.882134399,400,4.255459,using best approximate IK outside the usable position/orientation threshold,0.511682892,-0.284145888,-0.583948368,-1.4,-1.09508781,0.175548618,0.0945870076
1781693882.262457,2026-06-17T18:58:02.262,1781693882.123100,right,base,1,pelvis,200,0.001,0.39852589,-0.016708118,0.3704045,0.28121174,0.676074759,-0.0456441946,0.67952887,1.1159029,0.198276138,0.690321962,-1.4,0.955927047,0.52,-0.899224235,1,1,0.0371402311,0.505212083,400,4.416822,using best approximate IK outside the usable position/orientation threshold,-0.0884807537,0.33,0.535387694,-1.16745866,1.40465934,0.52,-0.280155409
1781693882.274631,2026-06-17T18:58:02.274,1781693882.123286,left,base,1,pelvis,200,0.001,0.2352538,0.047762197,0.3489305,-0.294053586,0.541421263,-0.412420825,0.671047366,1.44505206,0.0888451544,-0.183978208,-1.4,-0.681377528,-0.429297024,0.037319053,1,1,0.145148718,0.882134399,400,4.337005,using best approximate IK outside the usable position/orientation threshold,0.511682892,-0.284145888,-0.583948368,-1.4,-1.09508781,0.175548618,0.0945870076
1781693882.275057,2026-06-17T18:58:02.275,1781693882.189774,right,base,1,pelvis,200,0.001,0.40391144,-0.020359768,0.357949,0.281995564,0.671333846,-0.0459007247,0.683873155,1.1159029,0.198276138,0.690321962,-1.4,0.955927047,0.52,-0.899224235,1,1,0.0460792763,0.469121434,16,0.182121,,-0.0795499025,0.33,0.519820822,-1.13267158,1.31472469,0.52,-0.33674674
1781693882.291493,2026-06-17T18:58:02.291,1781693882.190008,left,base,1,pelvis,200,0.001,0.23833985,0.050958277,0.330799,-0.303223252,0.533984635,-0.411965315,0.673201789,1.44505206,0.0888451544,-0.183978208,-1.4,-0.681377528,-0.429297024,0.037319053,1,1,0.112180887,0.674002277,400,4.438938,using best approximate IK outside the usable position/orientation threshold,0.56072564,-0.287706566,-0.535755534,-1.4,-1.05325221,0.00181743575,0.300728626
1781693882.291883,2026-06-17T18:58:02.291,1781693882.206441,right,base,1,pelvis,200,0.001,0.40780144,-0.022453618,0.348936,0.282867433,0.665914874,-0.0460162052,0.688785819,1.1159029,0.198276138,0.690321962,-1.4,0.955927047,0.52,-0.899224235,1,1,0.0471912211,0.440049188,16,0.151431,,-0.104895117,0.33,0.500916467,-1.07699825,1.2766581,0.52,-0.401516916
1781693882.304774,2026-06-17T18:58:02.304,1781693882.206645,left,base,1,pelvis,200,0.001,0.24003675,0.054041907,0.315188,-0.311389988,0.525590803,-0.410869356,0.676739947,1.44505206,0.0888451544,-0.183978208,-1.4,-0.681377528,-0.429297024,0.037319053,1,1,0.0496653462,0.313955621,116,0.867778,,0.560714196,-0.290946051,-0.504320012,-1.4,-1.06579189,-0.203523136,0.62061321
1781693882.305176,2026-06-17T18:58:02.305,1781693882.239781,right,base,1,pelvis,200,0.001,0.41091434,-0.024391318,0.340263,0.284046603,0.657749999,-0.0462053831,0.696094483,1.1159029,0.198276138,0.690321962,-1.4,0.955927047,0.52,-0.899224235,1,1,0.0497736849,0.409400796,16,0.168808,,-0.13110105,0.33,0.482158583,-1.0161067,1.23772618,0.52,-0.475477373
1781693882.320950,2026-06-17T18:58:02.320,1781693882.223330,left,base,1,pelvis,200,0.001,0.24271145,0.058038422,0.3008465,-0.3182365,0.517073831,-0.408983177,0.681243675,1.44505206,0.0888451544,-0.183978208,-1.4,-0.681377528,-0.429297024,0.037319053,1,1,0.0487327901,0.428153242,28,0.243915,,0.553702285,-0.324365805,-0.451273621,-1.4,-1.01634132,-0.174900402,0.503664753
1781693882.321298,2026-06-17T18:58:02.321,1781693882.239781,right,base,1,pelvis,200,0.001,0.41091434,-0.024391318,0.340263,0.284046603,0.657749999,-0.0462053831,0.696094483,1.1159029,0.198276138,0.690321962,-1.4,0.955927047,0.52,-0.899224235,1,1,0.0497736849,0.409400796,16,0.135526,,-0.13110105,0.33,0.482158583,-1.0161067,1.23772618,0.52,-0.475477373
1781693882.337683,2026-06-17T18:58:02.337,1781693882.240018,left,base,1,pelvis,200,0.001,0.2437917,0.059641537,0.2962395,-0.320943301,0.513440667,-0.407753749,0.683455162,1.44505206,0.0888451544,-0.183978208,-1.4,-0.681377528,-0.429297024,0.037319053,1,1,0.0476439144,0.457137634,23,0.190529,,0.548949685,-0.329602498,-0.429993819,-1.4,-0.996585262,-0.172048188,0.474962784
1781693882.342300,2026-06-17T18:58:02.342,1781693882.256444,right,base,1,pelvis,200,0.001,0.41281564,-0.026016118,0.3331885,0.28513894,0.650351105,-0.0470927373,0.702510854,1.1159029,0.198276138,0.690321962,-1.4,0.955927047,0.52,-0.899224235,1,1,0.0631604636,0.279165299,400,4.372576,using best approximate IK outside the usable position/orientation threshold,-0.344791582,0.33,0.497395828,-0.683971178,0.912408917,0.52,-1.00999171
1781693882.354624,2026-06-17T18:58:02.354,1781693882.240018,left,base,1,pelvis,200,0.001,0.2437917,0.059641537,0.2962395,-0.320943301,0.513440667,-0.407753749,0.683455162,1.44505206,0.0888451544,-0.183978208,-1.4,-0.681377528,-0.429297024,0.037319053,1,1,0.0476439144,0.457137634,23,0.220352,,0.548949685,-0.329602498,-0.429993819,-1.4,-0.996585262,-0.172048188,0.474962784
1781693882.359440,2026-06-17T18:58:02.359,1781693882.256444,right,base,1,pelvis,200,0.001,0.41281564,-0.026016118,0.3331885,0.28513894,0.650351105,-0.0470927373,0.702510854,1.1159029,0.198276138,0.690321962,-1.4,0.955927047,0.52,-0.899224235,1,1,0.0631604636,0.279165299,400,4.542394,using best approximate IK outside the usable position/orientation threshold,-0.344791582,0.33,0.497395828,-0.683971178,0.912408917,0.52,-1.00999171
1781693882.371391,2026-06-17T18:58:02.371,1781693882.273300,left,base,1,pelvis,200,0.001,0.24438045,0.060565562,0.291247,-0.326336745,0.509977266,-0.406924753,0.68398813,1.44505206,0.0888451544,-0.183978208,-1.4,-0.681377528,-0.429297024,0.037319053,1,1,0.0491146321,0.497665043,19,0.180019,,0.546269261,-0.33,-0.407013181,-1.4,-0.969870811,-0.165927614,0.435701791
1781693882.376099,2026-06-17T18:58:02.376,1781693882.289778,right,base,1,pelvis,200,0.001,0.41486109,-0.027756468,0.3233415,0.28658294,0.641616097,-0.0494038347,0.7097593,1.1159029,0.198276138,0.690321962,-1.4,0.955927047,0.52,-0.899224235,1,1,0.102317865,0.275439901,400,4.488228,using best approximate IK outside the usable position/orientation threshold,-0.41747334,0.33,0.346333049,-0.491037397,0.989534771,0.52,-1.13277175
1781693882.388131,2026-06-17T18:58:02.388,1781693882.273300,left,base,1,pelvis,200,0.001,0.24438045,0.060565562,0.291247,-0.326336745,0.509977266,-0.406924753,0.68398813,1.44505206,0.0888451544,-0.183978208,-1.4,-0.681377528,-0.429297024,0.037319053,1,1,0.0491146321,0.497665043,19,0.18189,,0.546269261,-0.33,-0.407013181,-1.4,-0.969870811,-0.165927614,0.435701791
1781693882.392877,2026-06-17T18:58:02.392,1781693882.289778,right,base,1,pelvis,200,0.001,0.41486109,-0.027756468,0.3233415,0.28658294,0.641616097,-0.0494038347,0.7097593,1.1159029,0.198276138,0.690321962,-1.4,0.955927047,0.52,-0.899224235,1,1,0.102317865,0.275439901,400,4.512992,using best approximate IK outside the usable position/orientation threshold,-0.41747334,0.33,0.346333049,-0.491037397,0.989534771,0.52,-1.13277175
1781693882.404964,2026-06-17T18:58:02.404,1781693882.306644,left,base,1,pelvis,200,0.001,0.24741475,0.061052022,0.2820905,-0.338735808,0.507823451,-0.406494837,0.679805371,1.44505206,0.0888451544,-0.183978208,-1.4,-0.681377528,-0.429297024,0.037319053,1,1,0.0385430935,0.476921892,17,0.154222,,0.530626871,-0.33,-0.384421767,-1.4,-0.94304625,-0.179889399,0.432670063
1781693882.409549,2026-06-17T18:58:02.409,1781693882.339781,right,base,1,pelvis,200,0.001,0.41224094,-0.026883868,0.3124685,0.289760944,0.626770175,-0.0520723743,0.721447303,1.1159029,0.198276138,0.690321962,-1.4,0.955927047,0.52,-0.899224235,1,1,0.0900142359,0.182941924,400,4.388254,using best approximate IK outside the usable position/orientation threshold,-0.162995051,0.33,0.372026723,-0.850559524,1.05868006,0.52,-0.860435116
1781693882.421957,2026-06-17T18:58:02.421,1781693882.306644,left,base,1,pelvis,200,0.001,0.24741475,0.061052022,0.2820905,-0.338735808,0.507823451,-0.406494837,0.679805371,1.44505206,0.0888451544,-0.183978208,-1.4,-0.681377528,-0.429297024,0.037319053,1,1,0.0385430935,0.476921892,17,0.241683,,0.530626871,-0.33,-0.384421767,-1.4,-0.94304625,-0.179889399,0.432670063
1781693882.428934,2026-06-17T18:58:02.428,1781693882.373132,right,base,1,pelvis,200,0.001,0.40721329,-0.026219168,0.312402,0.292235187,0.621073617,-0.0479675885,0.725648171,1.1159029,0.198276138,0.690321962,-1.4,0.955927047,0.52,-0.899224235,1,1,0.0910988233,0.271140236,400,6.44008,using best approximate IK outside the usable position/orientation threshold,-0.344895291,0.33,0.366761299,-0.563570391,1.05919886,0.52,-1.04080061
1781693882.438664,2026-06-17T18:58:02.438,1781693882.373575,left,base,1,pelvis,200,0.001,0.2449992,0.063028047,0.288737,-0.349479274,0.511382088,-0.40534659,0.672344212,1.44505206,0.0888451544,-0.183978208,-1.4,-0.681377528,-0.429297024,0.037319053,1,1,0.0488108266,0.482123039,20,0.23743,,0.54785485,-0.33,-0.406072924,-1.4,-0.951315519,-0.156647105,0.441840691
1781693882.445389,2026-06-17T18:58:02.445,1781693882.389796,right,base,1,pelvis,200,0.001,0.40143954,-0.025857718,0.313695,0.294957617,0.616151419,-0.0420865969,0.729099548,1.1159029,0.198276138,0.690321962,-1.4,0.955927047,0.52,-0.899224235,1,1,0.0856033352,0.276664168,400,6.20579,using best approximate IK outside the usable position/orientation threshold,-0.306233242,0.33,0.385976033,-0.613505773,1.07036095,0.52,-1.02540259
1781693882.455513,2026-06-17T18:58:02.455,1781693882.373575,left,base,1,pelvis,200,0.001,0.2449992,0.063028047,0.288737,-0.349479274,0.511382088,-0.40534659,0.672344212,1.44505206,0.0888451544,-0.183978208,-1.4,-0.681377528,-0.429297024,0.037319053,1,1,0.0488108266,0.482123039,20,0.255453,,0.54785485,-0.33,-0.406072924,-1.4,-0.951315519,-0.156647105,0.441840691
1781693882.462327,2026-06-17T18:58:02.462,1781693882.389796,right,base,1,pelvis,200,0.001,0.40143954,-0.025857718,0.313695,0.294957617,0.616151419,-0.0420865969,0.729099548,1.1159029,0.198276138,0.690321962,-1.4,0.955927047,0.52,-0.899224235,1,1,0.0856033352,0.276664168,400,6.413281,using best approximate IK outside the usable position/orientation threshold,-0.306233242,0.33,0.385976033,-0.613505773,1.07036095,0.52,-1.02540259
1781693882.472666,2026-06-17T18:58:02.472,1781693882.390037,left,base,1,pelvis,200,0.001,0.2413421,0.064497552,0.297368,-0.355519012,0.51326396,-0.404417193,0.668291159,1.44505206,0.0888451544,-0.183978208,-1.4,-0.681377528,-0.429297024,0.037319053,1,1,0.0493458728,0.411349731,32,0.394733,,0.565979055,-0.329002829,-0.447860829,-1.4,-0.97845383,-0.171029061,0.528418527
1781693882.480291,2026-06-17T18:58:02.480,1781693882.423143,right,base,1,pelvis,200,0.001,0.40200319,-0.030609568,0.310611,0.298784453,0.615119536,-0.0327033111,0.728893888,1.1159029,0.198276138,0.690321962,-1.4,0.955927047,0.52,-0.899224235,1,1,0.0800902253,0.26044935,400,6.507154,using best approximate IK outside the usable position/orientation threshold,-0.294292865,0.33,0.386545847,-0.63994725,1.06257477,0.52,-0.993813692
1781693882.489578,2026-06-17T18:58:02.489,1781693882.423612,left,base,1,pelvis,200,0.001,0.2412961,0.068926322,0.2994735,-0.363657105,0.515139481,-0.401177418,0.664410645,1.44505206,0.0888451544,-0.183978208,-1.4,-0.681377528,-0.429297024,0.037319053,1,1,0.0488867363,0.358747222,48,0.547977,,0.572761523,-0.322445794,-0.452276328,-1.4,-0.976245971,-0.195129647,0.577805817
1781693882.496483,2026-06-17T18:58:02.496,1781693882.423143,right,base,1,pelvis,200,0.001,0.40200319,-0.030609568,0.310611,0.298784453,0.615119536,-0.0327033111,0.728893888,1.1159029,0.198276138,0.690321962,-1.4,0.955927047,0.52,-0.899224235,1,1,0.0800902253,0.26044935,400,6.439485,using best approximate IK outside the usable position/orientation threshold,-0.294292865,0.33,0.386545847,-0.63994725,1.06257477,0.52,-0.993813692
1781693882.506489,2026-06-17T18:58:02.506,1781693882.439994,left,base,1,pelvis,200,0.001,0.24263355,0.070909052,0.296237,-0.366425621,0.51591887,-0.398713812,0.66376749,1.44505206,0.0888451544,-0.183978208,-1.4,-0.681377528,-0.429297024,0.037319053,1,1,0.0486300308,0.373935369,41,0.486511,,0.568446712,-0.32633973,-0.440922644,-1.4,-0.967267041,-0.184353888,0.557182782
1781693882.513530,2026-06-17T18:58:02.513,1781693882.423143,right,base,1,pelvis,200,0.001,0.40200319,-0.030609568,0.310611,0.298784453,0.615119536,-0.0327033111,0.728893888,1.1159029,0.198276138,0.690321962,-1.4,0.955927047,0.52,-0.899224235,1,1,0.0800902253,0.26044935,400,6.464004,using best approximate IK outside the usable position/orientation threshold,-0.294292865,0.33,0.386545847,-0.63994725,1.06257477,0.52,-0.993813692
1781693882.523063,2026-06-17T18:58:02.523,1781693882.439994,left,base,1,pelvis,200,0.001,0.24263355,0.070909052,0.296237,-0.366425621,0.51591887,-0.398713812,0.66376749,1.44505206,0.0888451544,-0.183978208,-1.4,-0.681377528,-0.429297024,0.037319053,1,1,0.0486300308,0.373935369,41,0.454383,,0.568446712,-0.32633973,-0.440922644,-1.4,-0.967267041,-0.184353888,0.557182782
1781693882.529806,2026-06-17T18:58:02.529,1781693882.439795,right,base,1,pelvis,200,0.001,0.40386644,-0.032497968,0.3080795,0.300477036,0.615729984,-0.0288145539,0.727846041,1.1159029,0.198276138,0.690321962,-1.4,0.955927047,0.52,-0.899224235,1,1,0.0786804951,0.251508701,400,6.382326,using best approximate IK outside the usable position/orientation threshold,-0.294923761,0.33,0.383981698,-0.644679802,1.05566258,0.52,-0.971863377
1781693882.539882,2026-06-17T18:58:02.539,1781693882.456748,left,base,1,pelvis,200,0.001,0.2433758,0.071623612,0.294545,-0.369487247,0.517000546,-0.396345555,0.662646068,1.44505206,0.0888451544,-0.183978208,-1.4,-0.681377528,-0.429297024,0.037319053,1,1,0.0488618671,0.38410919,38,0.435219,,0.565765055,-0.328541187,-0.436671122,-1.4,-0.961382174,-0.172033087,0.545207619
1781693882.546221,2026-06-17T18:58:02.546,1781693882.456471,right,base,1,pelvis,200,0.001,0.40569024,-0.034192018,0.304524,0.302155699,0.616260155,-0.0251955767,0.726835977,1.1159029,0.198276138,0.690321962,-1.4,0.955927047,0.52,-0.899224235,1,1,0.080312212,0.241966033,400,5.781119,using best approximate IK outside the usable position/orientation threshold,-0.308051379,0.33,0.375355141,-0.624124658,1.03985357,0.52,-0.974105809
1781693882.556549,2026-06-17T18:58:02.556,1781693882.456748,left,base,1,pelvis,200,0.001,0.2433758,0.071623612,0.294545,-0.369487247,0.517000546,-0.396345555,0.662646068,1.44505206,0.0888451544,-0.183978208,-1.4,-0.681377528,-0.429297024,0.037319053,1,1,0.0488618671,0.38410919,38,0.315361,,0.565765055,-0.328541187,-0.436671122,-1.4,-0.961382174,-0.172033087,0.545207619
1781693882.561152,2026-06-17T18:58:02.561,1781693882.456471,right,base,1,pelvis,200,0.001,0.40569024,-0.034192018,0.304524,0.302155699,0.616260155,-0.0251955767,0.726835977,1.1159029,0.198276138,0.690321962,-1.4,0.955927047,0.52,-0.899224235,1,1,0.080312212,0.241966033,400,4.3536,using best approximate IK outside the usable position/orientation threshold,-0.308051379,0.33,0.375355141,-0.624124658,1.03985357,0.52,-0.974105809
1781693882.573341,2026-06-17T18:58:02.573,1781693882.490145,left,base,1,pelvis,200,0.001,0.2433183,0.071238617,0.2936025,-0.374782263,0.519187867,-0.393150851,0.659859547,1.44505206,0.0888451544,-0.183978208,-1.4,-0.681377528,-0.429297024,0.037319053,1,1,0.0482367314,0.381050875,38,0.303162,,0.565213608,-0.329668533,-0.43975231,-1.4,-0.957216559,-0.159659851,0.547955904
1781693882.577888,2026-06-17T18:58:02.577,1781693882.456471,right,base,1,pelvis,200,0.001,0.40569024,-0.034192018,0.304524,0.302155699,0.616260155,-0.0251955767,0.726835977,1.1159029,0.198276138,0.690321962,-1.4,0.955927047,0.52,-0.899224235,1,1,0.080312212,0.241966033,400,4.332176,using best approximate IK outside the usable position/orientation threshold,-0.308051379,0.33,0.375355141,-0.624124658,1.03985357,0.52,-0.974105809
1781693882.590051,2026-06-17T18:58:02.590,1781693882.490145,left,base,1,pelvis,200,0.001,0.2433183,0.071238617,0.2936025,-0.374782263,0.519187867,-0.393150851,0.659859547,1.44505206,0.0888451544,-0.183978208,-1.4,-0.681377528,-0.429297024,0.037319053,1,1,0.0482367314,0.381050875,38,0.316014,,0.565213608,-0.329668533,-0.43975231,-1.4,-0.957216559,-0.159659851,0.547955904
1781693882.594697,2026-06-17T18:58:02.594,1781693882.506476,right,base,1,pelvis,200,0.001,0.40639329,-0.035153468,0.302848,0.304792113,0.617916625,-0.0213718193,0.724447416,1.1159029,0.198276138,0.690321962,-1.4,0.955927047,0.52,-0.899224235,1,1,0.0792692846,0.23937397,400,4.415698,using best approximate IK outside the usable position/orientation threshold,-0.304062653,0.33,0.375162624,-0.632618859,1.0354827,0.52,-0.955827531
1781693882.606784,2026-06-17T18:58:02.606,1781693882.490145,left,base,1,pelvis,200,0.001,0.2433183,0.071238617,0.2936025,-0.374782263,0.519187867,-0.393150851,0.659859547,1.44505206,0.0888451544,-0.183978208,-1.4,-0.681377528,-0.429297024,0.037319053,1,1,0.0482367314,0.381050875,38,0.292693,,0.565213608,-0.329668533,-0.43975231,-1.4,-0.957216559,-0.159659851,0.547955904
1781693882.611725,2026-06-17T18:58:02.611,1781693882.523159,right,base,1,pelvis,200,0.001,0.40647184,-0.035736318,0.302237,0.30756066,0.619665381,-0.017737442,0.721877163,1.1159029,0.198276138,0.690321962,-1.4,0.955927047,0.52,-0.899224235,1,1,0.122930609,0.210623016,400,4.379835,using best approximate IK outside the usable position/orientation threshold,-0.00410619589,0.326654101,0.313022111,-1.16137495,1.13827871,0.52,-0.965299858
1781693882.623554,2026-06-17T18:58:02.623,1781693882.556891,left,base,1,pelvis,200,0.001,0.24220215,0.070170482,0.293847,-0.384064796,0.523063419,-0.388851587,0.653982672,1.44505206,0.0888451544,-0.183978208,-1.4,-0.681377528,-0.429297024,0.037319053,1,1,0.0496034357,0.375968889,42,0.326969,,0.569492696,-0.33,-0.451388177,-1.4,-0.949807196,-0.139891463,0.556825735
1781693882.628090,2026-06-17T18:58:02.628,1781693882.523159,right,base,1,pelvis,200,0.001,0.40647184,-0.035736318,0.302237,0.30756066,0.619665381,-0.017737442,0.721877163,1.1159029,0.198276138,0.690321962,-1.4,0.955927047,0.52,-0.899224235,1,1,0.122930609,0.210623016,400,4.341938,using best approximate IK outside the usable position/orientation threshold,-0.00410619589,0.326654101,0.313022111,-1.16137495,1.13827871,0.52,-0.965299858
1781693882.640440,2026-06-17T18:58:02.640,1781693882.556891,left,base,1,pelvis,200,0.001,0.24220215,0.070170482,0.293847,-0.384064796,0.523063419,-0.388851587,0.653982672,1.44505206,0.0888451544,-0.183978208,-1.4,-0.681377528,-0.429297024,0.037319053,1,1,0.0496034357,0.375968889,42,0.322732,,0.569492696,-0.33,-0.451388177,-1.4,-0.949807196,-0.139891463,0.556825735
1781693882.645217,2026-06-17T18:58:02.645,1781693882.556504,right,base,1,pelvis,200,0.001,0.40575649,-0.035983618,0.3031825,0.310951782,0.62158862,-0.0135448534,0.718855419,1.1159029,0.198276138,0.690321962,-1.4,0.955927047,0.52,-0.899224235,1,1,0.0775681449,0.192011044,400,4.316687,using best approximate IK outside the usable position/orientation threshold,-0.217654127,0.33,0.379081791,-0.773495046,1.0170711,0.52,-0.861546677
1781693882.657113,2026-06-17T18:58:02.657,1781693882.590179,left,base,1,pelvis,200,0.001,0.2416524,0.069390172,0.293874,-0.389372533,0.526074343,-0.385946328,0.650138638,1.44505206,0.0888451544,-0.183978208,-1.4,-0.681377528,-0.429297024,0.037319053,1,1,0.0490256718,0.362890499,46,0.350658,,0.5710904,-0.33,-0.458883222,-1.4,-0.945148007,-0.131962108,0.569129853
1781693882.661565,2026-06-17T18:58:02.661,1781693882.556504,right,base,1,pelvis,200,0.001,0.40575649,-0.035983618,0.3031825,0.310951782,0.62158862,-0.0135448534,0.718855419,1.1159029,0.198276138,0.690321962,-1.4,0.955927047,0.52,-0.899224235,1,1,0.0775681449,0.192011044,400,4.233787,using best approximate IK outside the usable position/orientation threshold,-0.217654127,0.33,0.379081791,-0.773495046,1.0170711,0.52,-0.861546677
1781693882.673904,2026-06-17T18:58:02.673,1781693882.590179,left,base,1,pelvis,200,0.001,0.2416524,0.069390172,0.293874,-0.389372533,0.526074343,-0.385946328,0.650138638,1.44505206,0.0888451544,-0.183978208,-1.4,-0.681377528,-0.429297024,0.037319053,1,1,0.0490256718,0.362890499,46,0.345559,,0.5710904,-0.33,-0.458883222,-1.4,-0.945148007,-0.131962108,0.569129853
1781693882.678456,2026-06-17T18:58:02.678,1781693882.589839,right,base,1,pelvis,200,0.001,0.40524449,-0.036102468,0.3041355,0.313550135,0.622540044,-0.0101151344,0.716957384,1.1159029,0.198276138,0.690321962,-1.4,0.955927047,0.52,-0.899224235,1,1,0.103326519,0.124298446,400,4.329501,using best approximate IK outside the usable position/orientation threshold,0.103016743,0.33,0.420272682,-1.12082866,1.07406166,0.52,-0.873641046
1781693882.690933,2026-06-17T18:58:02.690,1781693882.590179,left,base,1,pelvis,200,0.001,0.2416524,0.069390172,0.293874,-0.389372533,0.526074343,-0.385946328,0.650138638,1.44505206,0.0888451544,-0.183978208,-1.4,-0.681377528,-0.429297024,0.037319053,1,1,0.0490256718,0.362890499,46,0.584345,,0.5710904,-0.33,-0.458883222,-1.4,-0.945148007,-0.131962108,0.569129853
1781693882.698202,2026-06-17T18:58:02.698,1781693882.589839,right,base,1,pelvis,200,0.001,0.40524449,-0.036102468,0.3041355,0.313550135,0.622540044,-0.0101151344,0.716957384,1.1159029,0.198276138,0.690321962,-1.4,0.955927047,0.52,-0.899224235,1,1,0.103326519,0.124298446,400,6.45854,using best approximate IK outside the usable position/orientation threshold,0.103016743,0.33,0.420272682,-1.12082866,1.07406166,0.52,-0.873641046
1781693882.707772,2026-06-17T18:58:02.707,1781693882.639839,left,base,1,pelvis,200,0.001,0.24121725,0.068532617,0.2928135,-0.396428589,0.533230046,-0.380496943,0.643220156,1.44505206,0.0888451544,-0.183978208,-1.4,-0.681377528,-0.429297024,0.037319053,1,1,0.0492936914,0.353085555,51,0.644611,,0.572254944,-0.33,-0.466799036,-1.4,-0.93629751,-0.111410672,0.573223069
1781693882.714761,2026-06-17T18:58:02.714,1781693882.606494,right,base,1,pelvis,200,0.001,0.40481644,-0.036313718,0.305054,0.316005556,0.623075545,-0.0066333642,0.715453249,1.1159029,0.198276138,0.690321962,-1.4,0.955927047,0.52,-0.899224235,1,1,0.0741480167,0.245961412,400,6.398029,using best approximate IK outside the usable position/orientation threshold,-0.274083199,0.33,0.386077991,-0.690496343,1.03695692,0.52,-0.912948591
1781693882.724474,2026-06-17T18:58:02.724,1781693882.656902,left,base,1,pelvis,200,0.001,0.2412376,0.068486657,0.2923105,-0.397630201,0.535444288,-0.37903899,0.64149753,1.44505206,0.0888451544,-0.183978208,-1.4,-0.681377528,-0.429297024,0.037319053,1,1,0.0493905776,0.35141334,52,0.623813,,0.572178575,-0.33,-0.467574461,-1.4,-0.934360109,-0.106096656,0.572045916
1781693882.731405,2026-06-17T18:58:02.731,1781693882.623159,right,base,1,pelvis,200,0.001,0.40458999,-0.036632718,0.30556,0.318280165,0.623110444,-0.00316639739,0.7144376,1.1159029,0.198276138,0.690321962,-1.4,0.955927047,0.52,-0.899224235,1,1,0.0735095107,0.246606523,400,6.512051,using best approximate IK outside the usable position/orientation threshold,-0.27019826,0.33,0.387417561,-0.698629806,1.03537854,0.52,-0.908391099
1781693882.741328,2026-06-17T18:58:02.741,1781693882.656902,left,base,1,pelvis,200,0.001,0.2412376,0.068486657,0.2923105,-0.397630201,0.535444288,-0.37903899,0.64149753,1.44505206,0.0888451544,-0.183978208,-1.4,-0.681377528,-0.429297024,0.037319053,1,1,0.0493905776,0.35141334,52,0.661467,,0.572178575,-0.33,-0.467574461,-1.4,-0.934360109,-0.106096656,0.572045916
1781693882.748363,2026-06-17T18:58:02.748,1781693882.689853,right,base,1,pelvis,200,0.001,0.40321924,-0.036893168,0.3063125,0.323509487,0.621470776,0.00366033504,0.713514042,1.1159029,0.198276138,0.690321962,-1.4,0.955927047,0.52,-0.899224235,1,1,0.0731735628,0.249424297,400,6.404141,using best approximate IK outside the usable position/orientation threshold,-0.262292032,0.33,0.390168346,-0.710126444,1.0295374,0.52,-0.908773026
1781693882.758068,2026-06-17T18:58:02.758,1781693882.673172,left,base,1,pelvis,200,0.001,0.2412825,0.068467837,0.291784,-0.398706129,0.53782505,-0.377502724,0.639741613,1.44505206,0.0888451544,-0.183978208,-1.4,-0.681377528,-0.429297024,0.037319053,1,1,0.0496177757,0.350468296,53,0.570729,,0.572081927,-0.33,-0.468208127,-1.4,-0.932493164,-0.100179797,0.569954588
1781693882.765141,2026-06-17T18:58:02.765,1781693882.689853,right,base,1,pelvis,200,0.001,0.40321924,-0.036893168,0.3063125,0.323509487,0.621470776,0.00366033504,0.713514042,1.1159029,0.198276138,0.690321962,-1.4,0.955927047,0.52,-0.899224235,1,1,0.0731735628,0.249424297,400,6.506307,using best approximate IK outside the usable position/orientation threshold,-0.262292032,0.33,0.390168346,-0.710126444,1.0295374,0.52,-0.908773026
1781693882.775043,2026-06-17T18:58:02.775,1781693882.706791,left,base,1,pelvis,200,0.001,0.2413136,0.068209912,0.291404,-0.399461484,0.54152341,-0.375239757,0.637477878,1.44505206,0.0888451544,-0.183978208,-1.4,-0.681377528,-0.429297024,0.037319053,1,1,0.0491918575,0.341369032,57,0.702749,,0.572015241,-0.33,-0.4703258,-1.4,-0.931047492,-0.0956811259,0.573311965
1781693882.782729,2026-06-17T18:58:02.782,1781693882.706513,right,base,1,pelvis,200,0.001,0.40167514,-0.036558568,0.3075745,0.326163196,0.620203525,0.00703656138,0.713383238,1.1159029,0.198276138,0.690321962,-1.4,0.955927047,0.52,-0.899224235,1,1,0.0864219312,0.153244873,400,6.697177,using best approximate IK outside the usable position/orientation threshold,-0.140379388,0.33,0.370214492,-0.873764698,0.991590112,0.52,-0.849652218
1781693882.791632,2026-06-17T18:58:02.791,1781693882.740038,left,base,1,pelvis,200,0.001,0.2412494,0.067571312,0.2906515,-0.399407828,0.549285355,-0.370856979,0.633422518,1.44505206,0.0888451544,-0.183978208,-1.4,-0.681377528,-0.429297024,0.037319053,1,1,0.049515333,0.33218595,65,0.714354,,0.572595307,-0.33,-0.473790366,-1.4,-0.930563309,-0.0829415311,0.571877244
1781693882.798327,2026-06-17T18:58:02.798,1781693882.723186,right,base,1,pelvis,200,0.001,0.40038234,-0.036290318,0.3092365,0.328156847,0.619030488,0.0104201715,0.713446395,1.1159029,0.198276138,0.690321962,-1.4,0.955927047,0.52,-0.899224235,1,1,0.0709601086,0.255837798,400,6.309519,using best approximate IK outside the usable position/orientation threshold,-0.241208009,0.33,0.400591931,-0.742744975,1.03331472,0.52,-0.898639264
1781693882.808436,2026-06-17T18:58:02.808,1781693882.740038,left,base,1,pelvis,200,0.001,0.2412494,0.067571312,0.2906515,-0.399407828,0.549285355,-0.370856979,0.633422518,1.44505206,0.0888451544,-0.183978208,-1.4,-0.681377528,-0.429297024,0.037319053,1,1,0.049515333,0.33218595,65,0.698166,,0.572595307,-0.33,-0.473790366,-1.4,-0.930563309,-0.0829415311,0.571877244
1781693882.815563,2026-06-17T18:58:02.815,1781693882.723186,right,base,1,pelvis,200,0.001,0.40038234,-0.036290318,0.3092365,0.328156847,0.619030488,0.0104201715,0.713446395,1.1159029,0.198276138,0.690321962,-1.4,0.955927047,0.52,-0.899224235,1,1,0.0709601086,0.255837798,400,6.304347,using best approximate IK outside the usable position/orientation threshold,-0.241208009,0.33,0.400591931,-0.742744975,1.03331472,0.52,-0.898639264
1781693882.825102,2026-06-17T18:58:02.825,1781693882.740038,left,base,1,pelvis,200,0.001,0.2412494,0.067571312,0.2906515,-0.399407828,0.549285355,-0.370856979,0.633422518,1.44505206,0.0888451544,-0.183978208,-1.4,-0.681377528,-0.429297024,0.037319053,1,1,0.049515333,0.33218595,65,0.696604,,0.572595307,-0.33,-0.473790366,-1.4,-0.930563309,-0.0829415311,0.571877244
1781693882.831723,2026-06-17T18:58:02.831,1781693882.756508,right,base,1,pelvis,200,0.001,0.39987214,-0.036715168,0.31139,0.330310319,0.617200445,0.0153967097,0.713947929,1.1159029,0.198276138,0.690321962,-1.4,0.955927047,0.52,-0.899224235,1,1,0.0727159696,0.173072093,400,6.259036,using best approximate IK outside the usable position/orientation threshold,0.000823261401,0.33,0.478592203,-1.09709674,1.00575591,0.52,-0.977090299
1781693882.841985,2026-06-17T18:58:02.841,1781693882.773200,left,base,1,pelvis,200,0.001,0.24116885,0.067263552,0.2898015,-0.398767067,0.553270849,-0.368613703,0.631664572,1.44505206,0.0888451544,-0.183978208,-1.4,-0.681377528,-0.429297024,0.037319053,1,1,0.0494951943,0.330493258,66,0.7023,,0.572512046,-0.33,-0.474228567,-1.4,-0.931836951,-0.0755545661,0.567889425
1781693882.848969,2026-06-17T18:58:02.848,1781693882.756508,right,base,1,pelvis,200,0.001,0.39987214,-0.036715168,0.31139,0.330310319,0.617200445,0.0153967097,0.713947929,1.1159029,0.198276138,0.690321962,-1.4,0.955927047,0.52,-0.899224235,1,1,0.0727159696,0.173072093,400,6.306361,using best approximate IK outside the usable position/orientation threshold,0.000823261401,0.33,0.478592203,-1.09709674,1.00575591,0.52,-0.977090299
1781693882.858721,2026-06-17T18:58:02.858,1781693882.773200,left,base,1,pelvis,200,0.001,0.24116885,0.067263552,0.2898015,-0.398767067,0.553270849,-0.368613703,0.631664572,1.44505206,0.0888451544,-0.183978208,-1.4,-0.681377528,-0.429297024,0.037319053,1,1,0.0494951943,0.330493258,66,0.694072,,0.572512046,-0.33,-0.474228567,-1.4,-0.931836951,-0.0755545661,0.567889425
1781693882.865394,2026-06-17T18:58:02.865,1781693882.789851,right,base,1,pelvis,200,0.001,0.39946964,-0.037211218,0.31227,0.331775692,0.615440239,0.0187382938,0.714707688,1.1159029,0.198276138,0.690321962,-1.4,0.955927047,0.52,-0.899224235,1,1,0.079805644,0.231616497,400,6.278483,using best approximate IK outside the usable position/orientation threshold,-0.150037018,0.33,0.375876128,-0.860925221,1.06248948,0.52,-0.81338647
1781693882.875479,2026-06-17T18:58:02.875,1781693882.790092,left,base,1,pelvis,200,0.001,0.2411518,0.066939697,0.2884825,-0.398070976,0.557137013,-0.366200446,0.630107197,1.44505206,0.0888451544,-0.183978208,-1.4,-0.681377528,-0.429297024,0.037319053,1,1,0.0494237187,0.33376814,62,0.663274,,0.571442511,-0.33,-0.473745956,-1.4,-0.933981518,-0.0648502651,0.559588971
1781693882.882685,2026-06-17T18:58:02.882,1781693882.789851,right,base,1,pelvis,200,0.001,0.39946964,-0.037211218,0.31227,0.331775692,0.615440239,0.0187382938,0.714707688,1.1159029,0.198276138,0.690321962,-1.4,0.955927047,0.52,-0.899224235,1,1,0.079805644,0.231616497,400,6.259832,using best approximate IK outside the usable position/orientation threshold,-0.150037018,0.33,0.375876128,-0.860925221,1.06248948,0.52,-0.81338647
1781693882.892108,2026-06-17T18:58:02.892,1781693882.823470,left,base,1,pelvis,200,0.001,0.2412069,0.066543967,0.2860145,-0.397004387,0.56168168,-0.363048473,0.62856743,1.44505206,0.0888451544,-0.183978208,-1.4,-0.681377528,-0.429297024,0.037319053,1,1,0.0492293389,0.346353961,52,0.559288,,0.568577365,-0.33,-0.470978131,-1.4,-0.938630199,-0.0465543047,0.541777993
1781693882.898834,2026-06-17T18:58:02.898,1781693882.839859,right,base,1,pelvis,200,0.001,0.39676754,-0.039148918,0.3156045,0.334499825,0.610156932,0.026335987,0.717721953,1.1159029,0.198276138,0.690321962,-1.4,0.955927047,0.52,-0.899224235,1,1,0.0644430489,0.255161798,400,6.368807,using best approximate IK outside the usable position/orientation threshold,-0.20728479,0.33,0.414286902,-0.805656698,1.03716653,0.52,-0.882451733
1781693882.908969,2026-06-17T18:58:02.908,1781693882.823470,left,base,1,pelvis,200,0.001,0.2412069,0.066543967,0.2860145,-0.397004387,0.56168168,-0.363048473,0.62856743,1.44505206,0.0888451544,-0.183978208,-1.4,-0.681377528,-0.429297024,0.037319053,1,1,0.0492293389,0.346353961,52,0.554513,,0.568577365,-0.33,-0.470978131,-1.4,-0.938630199,-0.0465543047,0.541777993
1781693882.914934,2026-06-17T18:58:02.914,1781693882.839859,right,base,1,pelvis,200,0.001,0.39676754,-0.039148918,0.3156045,0.334499825,0.610156932,0.026335987,0.717721953,1.1159029,0.198276138,0.690321962,-1.4,0.955927047,0.52,-0.899224235,1,1,0.0644430489,0.255161798,400,5.174208,using best approximate IK outside the usable position/orientation threshold,-0.20728479,0.33,0.414286902,-0.805656698,1.03716653,0.52,-0.882451733
1781693882.925393,2026-06-17T18:58:02.925,1781693882.856817,left,base,1,pelvis,200,0.001,0.2412288,0.066306552,0.2847245,-0.395482748,0.565763582,-0.359869833,0.627693132,1.44505206,0.0888451544,-0.183978208,-1.4,-0.681377528,-0.429297024,0.037319053,1,1,0.0493951721,0.352269115,49,0.374026,,0.567221528,-0.33,-0.47007034,-1.4,-0.943252426,-0.0332982539,0.531780907
1781693882.929962,2026-06-17T18:58:02.929,1781693882.873199,right,base,1,pelvis,200,0.001,0.39345414,-0.040842218,0.31932,0.335386144,0.606851667,0.0298912659,0.719967847,1.1159029,0.198276138,0.690321962,-1.4,0.955927047,0.52,-0.899224235,1,1,0.0698862095,0.230342597,400,4.371135,using best approximate IK outside the usable position/orientation threshold,-0.232054649,0.33,0.491737025,-0.832856318,0.711677159,0.52,-1.27821523
1781693882.942355,2026-06-17T18:58:02.942,1781693882.856817,left,base,1,pelvis,200,0.001,0.2412288,0.066306552,0.2847245,-0.395482748,0.565763582,-0.359869833,0.627693132,1.44505206,0.0888451544,-0.183978208,-1.4,-0.681377528,-0.429297024,0.037319053,1,1,0.0493951721,0.352269115,49,0.387865,,0.567221528,-0.33,-0.47007034,-1.4,-0.943252426,-0.0332982539,0.531780907
1781693882.943973,2026-06-17T18:58:02.943,1781693882.889863,right,base,1,pelvis,200,0.001,0.39104174,-0.041642918,0.3218815,0.335745897,0.60543344,0.0314538488,0.720926971,1.1159029,0.198276138,0.690321962,-1.4,0.955927047,0.52,-0.899224235,1,1,0.0499405305,0.156296019,193,1.3925,,-0.390925156,0.33,0.663340377,-0.614794695,0.475652928,0.52,-1.30123713
1781693882.958992,2026-06-17T18:58:02.958,1781693882.873462,left,base,1,pelvis,200,0.001,0.24139755,0.066204212,0.2836395,-0.394024758,0.569540235,-0.356913388,0.626882162,1.44505206,0.0888451544,-0.183978208,-1.4,-0.681377528,-0.429297024,0.037319053,1,1,0.0495735304,0.356771614,47,0.362794,,0.565672323,-0.33,-0.469057751,-1.4,-0.94719455,-0.0215893568,0.522963742
1781693882.960318,2026-06-17T18:58:02.960,1781693882.906525,right,base,1,pelvis,200,0.001,0.38849484,-0.042199568,0.3244945,0.335963514,0.604560175,0.0324954087,0.721511996,1.1159029,0.198276138,0.690321962,-1.4,0.955927047,0.52,-0.899224235,1,1,0.0498499256,0.167476276,156,1.066274,,-0.330591457,0.33,0.595949058,-0.680413103,0.624230234,0.52,-1.23537751
1781693882.975851,2026-06-17T18:58:02.975,1781693882.873462,left,base,1,pelvis,200,0.001,0.24139755,0.066204212,0.2836395,-0.394024758,0.569540235,-0.356913388,0.626882162,1.44505206,0.0888451544,-0.183978208,-1.4,-0.681377528,-0.429297024,0.037319053,1,1,0.0495735304,0.356771614,47,0.415494,,0.565672323,-0.33,-0.469057751,-1.4,-0.94719455,-0.0215893568,0.522963742
1781693882.977214,2026-06-17T18:58:02.977,1781693882.906525,right,base,1,pelvis,200,0.001,0.38849484,-0.042199568,0.3244945,0.335963514,0.604560175,0.0324954087,0.721511996,1.1159029,0.198276138,0.690321962,-1.4,0.955927047,0.52,-0.899224235,1,1,0.0498499256,0.167476276,156,1.085606,,-0.330591457,0.33,0.595949058,-0.680413103,0.624230234,0.52,-1.23537751
1781693882.992614,2026-06-17T18:58:02.992,1781693882.923554,left,base,1,pelvis,200,0.001,0.24261655,0.066789107,0.2815635,-0.39241751,0.574395623,-0.352858186,0.625754957,1.44505206,0.0888451544,-0.183978208,-1.4,-0.681377528,-0.429297024,0.037319053,1,1,0.0494291704,0.364433699,43,0.396448,,0.560168326,-0.33,-0.463537506,-1.4,-0.950818676,-0.00509284692,0.506562409
1781693882.993930,2026-06-17T18:58:02.993,1781693882.906525,right,base,1,pelvis,200,0.001,0.38849484,-0.042199568,0.3244945,0.335963514,0.604560175,0.0324954087,0.721511996,1.1159029,0.198276138,0.690321962,-1.4,0.955927047,0.52,-0.899224235,1,1,0.0498499256,0.167476276,156,1.069103,,-0.330591457,0.33,0.595949058,-0.680413103,0.624230234,0.52,-1.23537751
1781693883.009413,2026-06-17T18:58:03.009,1781693882.940469,left,base,1,pelvis,200,0.001,0.24367255,0.067382827,0.279593,-0.392202346,0.576349469,-0.350932562,0.625175932,1.44505206,0.0888451544,-0.183978208,-1.4,-0.681377528,-0.429297024,0.037319053,1,1,0.0487343635,0.371498666,39,0.313176,,0.555167131,-0.33,-0.456605095,-1.4,-0.951407208,0.00357619319,0.493493678
1781693883.009825,2026-06-17T18:58:03.009,1781693882.939996,right,base,1,pelvis,200,0.001,0.37857109,-0.044784018,0.3346395,0.335944996,0.603056175,0.0341695657,0.722700941,1.1159029,0.198276138,0.690321962,-1.4,0.955927047,0.52,-0.899224235,1,1,0.0485375026,0.313296005,15,0.131601,,0.00249007066,0.33,0.481243951,-1.11124968,1.11608014,0.52,-0.641771687
1781693883.026210,2026-06-17T18:58:03.026,1781693882.940469,left,base,1,pelvis,200,0.001,0.24367255,0.067382827,0.279593,-0.392202346,0.576349469,-0.350932562,0.625175932,1.44505206,0.0888451544,-0.183978208,-1.4,-0.681377528,-0.429297024,0.037319053,1,1,0.0487343635,0.371498666,39,0.312354,,0.555167131,-0.33,-0.456605095,-1.4,-0.951407208,0.00357619319,0.493493678
1781693883.026595,2026-06-17T18:58:03.026,1781693882.939996,right,base,1,pelvis,200,0.001,0.37857109,-0.044784018,0.3346395,0.335944996,0.603056175,0.0341695657,0.722700941,1.1159029,0.198276138,0.690321962,-1.4,0.955927047,0.52,-0.899224235,1,1,0.0485375026,0.313296005,15,0.117023,,0.00249007066,0.33,0.481243951,-1.11124968,1.11608014,0.52,-0.641771687
1781693883.043033,2026-06-17T18:58:03.043,1781693882.940469,left,base,1,pelvis,200,0.001,0.24367255,0.067382827,0.279593,-0.392202346,0.576349469,-0.350932562,0.625175932,1.44505206,0.0888451544,-0.183978208,-1.4,-0.681377528,-0.429297024,0.037319053,1,1,0.0487343635,0.371498666,39,0.316422,,0.555167131,-0.33,-0.456605095,-1.4,-0.951407208,0.00357619319,0.493493678
1781693883.043409,2026-06-17T18:58:03.043,1781693882.973223,right,base,1,pelvis,200,0.001,0.35998549,-0.050841468,0.3460685,0.335440085,0.598700749,0.0379778963,0.726357379,1.1159029,0.198276138,0.690321962,-1.4,0.955927047,0.52,-0.899224235,1,1,0.0449040813,0.335133305,14,0.110762,,0.114645244,0.33,0.514246945,-1.25135085,1.15005764,0.52,-0.58472002
1781693883.059605,2026-06-17T18:58:03.059,1781693882.990170,left,base,1,pelvis,200,0.001,0.2443724,0.067863662,0.2779,-0.392432752,0.578215342,-0.348426419,0.62471,1.44505206,0.0888451544,-0.183978208,-1.4,-0.681377528,-0.429297024,0.037319053,1,1,0.0485298171,0.379784808,36,0.266097,,0.551504476,-0.33,-0.450838974,-1.4,-0.952028039,0.0135963361,0.48150677
1781693883.059984,2026-06-17T18:58:03.059,1781693883.006557,right,base,1,pelvis,200,0.001,0.35289334,-0.057359668,0.345454,0.334834291,0.594748187,0.039223985,0.729809612,1.1159029,0.198276138,0.690321962,-1.4,0.955927047,0.52,-0.899224235,1,1,0.047016549,0.345030013,13,0.119634,,0.16269413,0.33,0.517051777,-1.29357541,1.14473145,0.52,-0.572637897
1781693883.076430,2026-06-17T18:58:03.076,1781693882.990170,left,base,1,pelvis,200,0.001,0.2443724,0.067863662,0.2779,-0.392432752,0.578215342,-0.348426419,0.62471,1.44505206,0.0888451544,-0.183978208,-1.4,-0.681377528,-0.429297024,0.037319053,1,1,0.0485298171,0.379784808,36,0.280745,,0.551504476,-0.33,-0.450838974,-1.4,-0.952028039,0.0135963361,0.48150677
1781693883.076808,2026-06-17T18:58:03.076,1781693883.006557,right,base,1,pelvis,200,0.001,0.35289334,-0.057359668,0.345454,0.334834291,0.594748187,0.039223985,0.729809612,1.1159029,0.198276138,0.690321962,-1.4,0.955927047,0.52,-0.899224235,1,1,0.047016549,0.345030013,13,0.103142,,0.16269413,0.33,0.517051777,-1.29357541,1.14473145,0.52,-0.572637897
1781693883.093053,2026-06-17T18:58:03.093,1781693883.023514,left,base,1,pelvis,200,0.001,0.24488925,0.068368962,0.2767475,-0.392987131,0.579015728,-0.346682903,0.624590158,1.44505206,0.0888451544,-0.183978208,-1.4,-0.681377528,-0.429297024,0.037319053,1,1,0.0486477264,0.387301089,34,0.260223,,0.549039337,-0.33,-0.445993988,-1.4,-0.951715535,0.0203807992,0.47231543
1781693883.093444,2026-06-17T18:58:03.093,1781693883.039885,right,base,1,pelvis,200,0.001,0.33158029,-0.074795568,0.3526535,0.333454813,0.586472679,0.0390876471,0.73710911,1.1159029,0.198276138,0.690321962,-1.4,0.955927047,0.52,-0.899224235,1,1,0.0483302714,0.385162237,13,0.123841,,0.260492028,0.33,0.527500521,-1.4,1.16746762,0.52,-0.521432386
1781693883.109840,2026-06-17T18:58:03.109,1781693883.023514,left,base,1,pelvis,200,0.001,0.24488925,0.068368962,0.2767475,-0.392987131,0.579015728,-0.346682903,0.624590158,1.44505206,0.0888451544,-0.183978208,-1.4,-0.681377528,-0.429297024,0.037319053,1,1,0.0486477264,0.387301089,34,0.256986,,0.549039337,-0.33,-0.445993988,-1.4,-0.951715535,0.0203807992,0.47231543
1781693883.110242,2026-06-17T18:58:03.110,1781693883.056551,right,base,1,pelvis,200,0.001,0.32316009,-0.080663718,0.3545805,0.333069797,0.583845814,0.0378832123,0.739427777,1.1159029,0.198276138,0.690321962,-1.4,0.955927047,0.52,-0.899224235,1,1,0.0484530911,0.391588807,16,0.12287,,0.265233452,0.33,0.524543252,-1.4,1.20313181,0.52,-0.514425653
1781693883.126564,2026-06-17T18:58:03.126,1781693883.056784,left,base,1,pelvis,200,0.001,0.2456484,0.068782287,0.275664,-0.393453087,0.579184635,-0.345166292,0.624980046,1.44505206,0.0888451544,-0.183978208,-1.4,-0.681377528,-0.429297024,0.037319053,1,1,0.0483301039,0.393332034,32,0.259115,,0.545706356,-0.33,-0.440535377,-1.4,-0.951211005,0.0250968113,0.464545744
1781693883.127005,2026-06-17T18:58:03.127,1781693883.073220,right,base,1,pelvis,200,0.001,0.31477919,-0.086146718,0.3562045,0.332966109,0.581571063,0.0363223085,0.741342943,1.1159029,0.198276138,0.690321962,-1.4,0.955927047,0.52,-0.899224235,1,1,0.0482122107,0.381887604,24,0.183164,,0.282772003,0.33,0.518654517,-1.4,1.27040954,0.52,-0.532538991
1781693883.143387,2026-06-17T18:58:03.143,1781693883.056784,left,base,1,pelvis,200,0.001,0.2456484,0.068782287,0.275664,-0.393453087,0.579184635,-0.345166292,0.624980046,1.44505206,0.0888451544,-0.183978208,-1.4,-0.681377528,-0.429297024,0.037319053,1,1,0.0483301039,0.393332034,32,0.253694,,0.545706356,-0.33,-0.440535377,-1.4,-0.951211005,0.0250968113,0.464545744
1781693883.143824,2026-06-17T18:58:03.143,1781693883.073220,right,base,1,pelvis,200,0.001,0.31477919,-0.086146718,0.3562045,0.332966109,0.581571063,0.0363223085,0.741342943,1.1159029,0.198276138,0.690321962,-1.4,0.955927047,0.52,-0.899224235,1,1,0.0482122107,0.381887604,24,0.176204,,0.282772003,0.33,0.518654517,-1.4,1.27040954,0.52,-0.532538991
1781693883.160190,2026-06-17T18:58:03.160,1781693883.056784,left,base,1,pelvis,200,0.001,0.2456484,0.068782287,0.275664,-0.393453087,0.579184635,-0.345166292,0.624980046,1.44505206,0.0888451544,-0.183978208,-1.4,-0.681377528,-0.429297024,0.037319053,1,1,0.0483301039,0.393332034,32,0.268979,,0.545706356,-0.33,-0.440535377,-1.4,-0.951211005,0.0250968113,0.464545744
1781693883.161259,2026-06-17T18:58:03.161,1781693883.089885,right,base,1,pelvis,200,0.001,0.30361689,-0.092921818,0.358057,0.333372931,0.579155409,0.0336440169,0.743175336,1.1159029,0.198276138,0.690321962,-1.4,0.955927047,0.52,-0.899224235,1,1,0.0497804839,0.370601216,117,0.803248,,0.34331709,0.33,0.499950659,-1.4,1.39244935,0.52,-0.61497883
1781693883.177084,2026-06-17T18:58:03.177,1781693883.123439,left,base,1,pelvis,200,0.001,0.247878,0.069010177,0.2741005,-0.393002233,0.577536779,-0.342816657,0.628074242,1.44505206,0.0888451544,-0.183978208,-1.4,-0.681377528,-0.429297024,0.037319053,1,1,0.0491617484,0.419049275,27,0.266776,,0.536857503,-0.33,-0.425957857,-1.4,-0.950108629,0.0360081688,0.437711811
1781693883.181472,2026-06-17T18:58:03.181,1781693883.123222,right,base,1,pelvis,200,0.001,0.29092679,-0.104517718,0.3546745,0.335890033,0.577409782,0.0278312323,0.743640539,1.1159029,0.198276138,0.690321962,-1.4,0.955927047,0.52,-0.899224235,1,1,0.0889335802,0.599090359,400,4.104148,using best approximate IK outside the usable position/orientation threshold,0.403528626,0.33,0.48467017,-1.4,1.52532145,0.52,-0.388795368
1781693883.193696,2026-06-17T18:58:03.193,1781693883.123439,left,base,1,pelvis,200,0.001,0.247878,0.069010177,0.2741005,-0.393002233,0.577536779,-0.342816657,0.628074242,1.44505206,0.0888451544,-0.183978208,-1.4,-0.681377528,-0.429297024,0.037319053,1,1,0.0491617484,0.419049275,27,0.220589,,0.536857503,-0.33,-0.425957857,-1.4,-0.950108629,0.0360081688,0.437711811
1781693883.198073,2026-06-17T18:58:03.198,1781693883.123222,right,base,1,pelvis,200,0.001,0.29092679,-0.104517718,0.3546745,0.335890033,0.577409782,0.0278312323,0.743640539,1.1159029,0.198276138,0.690321962,-1.4,0.955927047,0.52,-0.899224235,1,1,0.0889335802,0.599090359,400,4.117855,using best approximate IK outside the usable position/orientation threshold,0.403528626,0.33,0.48467017,-1.4,1.52532145,0.52,-0.388795368
1781693883.210498,2026-06-17T18:58:03.210,1781693883.123439,left,base,1,pelvis,200,0.001,0.247878,0.069010177,0.2741005,-0.393002233,0.577536779,-0.342816657,0.628074242,1.44505206,0.0888451544,-0.183978208,-1.4,-0.681377528,-0.429297024,0.037319053,1,1,0.0491617484,0.419049275,27,0.225107,,0.536857503,-0.33,-0.425957857,-1.4,-0.950108629,0.0360081688,0.437711811
1781693883.214997,2026-06-17T18:58:03.214,1781693883.139889,right,base,1,pelvis,200,0.001,0.27867589,-0.117885218,0.3486595,0.339206152,0.576028914,0.0209724722,0.743431256,1.1159029,0.198276138,0.690321962,-1.4,0.955927047,0.52,-0.899224235,1,1,0.121062927,0.68512507,400,4.294373,using best approximate IK outside the usable position/orientation threshold,0.411417923,0.278406772,0.520481492,-1.4,1.24088794,0.52,-0.343140439
1781693883.227335,2026-06-17T18:58:03.227,1781693883.123439,left,base,1,pelvis,200,0.001,0.247878,0.069010177,0.2741005,-0.393002233,0.577536779,-0.342816657,0.628074242,1.44505206,0.0888451544,-0.183978208,-1.4,-0.681377528,-0.429297024,0.037319053,1,1,0.0491617484,0.419049275,27,0.358994,,0.536857503,-0.33,-0.425957857,-1.4,-0.950108629,0.0360081688,0.437711811
1781693883.234116,2026-06-17T18:58:03.234,1781693883.156566,right,base,1,pelvis,200,0.001,0.26890389,-0.129384368,0.341564,0.343833653,0.576020446,0.0128329823,0.741494558,1.1159029,0.198276138,0.690321962,-1.4,0.955927047,0.52,-0.899224235,1,1,0.134098777,0.719937739,400,6.356051,using best approximate IK outside the usable position/orientation threshold,0.457081373,0.251724859,0.520012983,-1.4,1.18610335,0.52,-0.366448592
1781693883.244145,2026-06-17T18:58:03.244,1781693883.123439,left,base,1,pelvis,200,0.001,0.247878,0.069010177,0.2741005,-0.393002233,0.577536779,-0.342816657,0.628074242,1.44505206,0.0888451544,-0.183978208,-1.4,-0.681377528,-0.429297024,0.037319053,1,1,0.0491617484,0.419049275,27,0.32057,,0.536857503,-0.33,-0.425957857,-1.4,-0.950108629,0.0360081688,0.437711811
1781693883.249899,2026-06-17T18:58:03.249,1781693883.189897,right,base,1,pelvis,200,0.001,0.248231495,-0.144578818,0.333367,0.354767678,0.578434037,-0.00902662801,0.734487903,1.1159029,0.198276138,0.690321962,-1.4,0.955927047,0.52,-0.899224235,1,1,0.158283281,0.784827969,400,5.138425,using best approximate IK outside the usable position/orientation threshold,0.555898084,0.222529258,0.531158738,-1.4,1.13168018,0.52,-0.408559231
1781693883.260795,2026-06-17T18:58:03.260,1781693883.173499,left,base,1,pelvis,200,0.001,0.2486283,0.067971312,0.2742005,-0.392620094,0.576129437,-0.340036391,0.631109806,1.44505206,0.0888451544,-0.183978208,-1.4,-0.681377528,-0.429297024,0.037319053,1,1,0.0495690542,0.431625771,25,0.303336,,0.533192934,-0.33,-0.423060081,-1.4,-0.952926369,0.0449520761,0.430588187
1781693883.267634,2026-06-17T18:58:03.267,1781693883.206563,right,base,1,pelvis,200,0.001,0.235848385,-0.155436518,0.325548,0.361680541,0.580528027,-0.0263443564,0.729027003,1.1159029,0.198276138,0.690321962,-1.4,0.955927047,0.52,-0.899224235,1,1,0.166120277,0.804038272,400,6.441717,using best approximate IK outside the usable position/orientation threshold,0.608855497,0.205875825,0.529478341,-1.4,1.10345108,0.52,-0.444233215
1781693883.277570,2026-06-17T18:58:03.277,1781693883.173499,left,base,1,pelvis,200,0.001,0.2486283,0.067971312,0.2742005,-0.392620094,0.576129437,-0.340036391,0.631109806,1.44505206,0.0888451544,-0.183978208,-1.4,-0.681377528,-0.429297024,0.037319053,1,1,0.0495690542,0.431625771,25,0.296466,,0.533192934,-0.33,-0.423060081,-1.4,-0.952926369,0.0449520761,0.430588187
1781693883.284693,2026-06-17T18:58:03.284,1781693883.223230,right,base,1,pelvis,200,0.001,0.22321553,-0.168067368,0.315355,0.368828143,0.582837853,-0.0465126515,0.722566545,1.1159029,0.198276138,0.690321962,-1.4,0.955927047,0.52,-0.899224235,1,1,0.166042618,0.811470476,400,6.480943,using best approximate IK outside the usable position/orientation threshold,0.641475991,0.186237114,0.513565952,-1.4,1.08483764,0.52,-0.467254156
1781693883.294263,2026-06-17T18:58:03.294,1781693883.206826,left,base,1,pelvis,200,0.001,0.2490935,0.066445667,0.2746915,-0.392279834,0.573882124,-0.336033525,0.635497686,1.44505206,0.0888451544,-0.183978208,-1.4,-0.681377528,-0.429297024,0.037319053,1,1,0.047642086,0.429827093,24,0.302233,,0.529993338,-0.33,-0.425120939,-1.4,-0.959333539,0.0494917727,0.441696622
1781693883.299173,2026-06-17T18:58:03.299,1781693883.239906,right,base,1,pelvis,200,0.001,0.216022425,-0.174676918,0.307803,0.374226645,0.584557951,-0.0643121572,0.7170149,1.1159029,0.198276138,0.690321962,-1.4,0.955927047,0.52,-0.899224235,1,1,0.161793407,0.802614613,400,4.527489,using best approximate IK outside the usable position/orientation threshold,0.659127915,0.182835216,0.501242479,-1.4,1.0723439,0.52,-0.491919524
1781693883.311107,2026-06-17T18:58:03.311,1781693883.206826,left,base,1,pelvis,200,0.001,0.2490935,0.066445667,0.2746915,-0.392279834,0.573882124,-0.336033525,0.635497686,1.44505206,0.0888451544,-0.183978208,-1.4,-0.681377528,-0.429297024,0.037319053,1,1,0.047642086,0.429827093,24,0.31704,,0.529993338,-0.33,-0.425120939,-1.4,-0.959333539,0.0494917727,0.441696622
1781693883.318268,2026-06-17T18:58:03.318,1781693883.239906,right,base,1,pelvis,200,0.001,0.216022425,-0.174676918,0.307803,0.374226645,0.584557951,-0.0643121572,0.7170149,1.1158953,0.198275945,0.690319132,-1.4,0.955929111,0.52,-0.899217319,1,1,0.161793117,0.802614727,400,6.298148,using best approximate IK outside the usable position/orientation threshold,0.659126776,0.182834875,0.501241726,-1.4,1.07234569,0.52,-0.491917806
1781693883.327688,2026-06-17T18:58:03.327,1781693883.256789,left,base,1,pelvis,200,0.001,0.2494979,0.064573797,0.2746765,-0.39180293,0.57093373,-0.332000774,0.640547131,1.44505206,0.0888451544,-0.183978208,-1.4,-0.681377528,-0.429297024,0.037319053,1,1,0.0474122197,0.441074813,22,0.268631,,0.52747227,-0.33,-0.422219239,-1.4,-0.963577427,0.0549293177,0.440144208
1781693883.334070,2026-06-17T18:58:03.334,1781693883.273236,right,base,1,pelvis,200,0.001,0.207262235,-0.185761718,0.288994,0.385349747,0.592873051,-0.108007666,0.698814326,1.11571097,0.198269714,0.690242828,-1.4,0.955976091,0.52,-0.899052951,1,1,0.134468066,0.743316304,400,5.994137,using best approximate IK outside the usable position/orientation threshold,0.6418458,0.188001219,0.432691806,-1.4,1.09112425,0.52,-0.501315371
1781693883.344350,2026-06-17T18:58:03.344,1781693883.256789,left,base,1,pelvis,200,0.001,0.2494979,0.064573797,0.2746765,-0.39180293,0.57093373,-0.332000774,0.640547131,1.44505206,0.0888451544,-0.183978208,-1.4,-0.681377528,-0.429297024,0.037319053,1,1,0.0474122197,0.441074813,22,0.188388,,0.52747227,-0.33,-0.422219239,-1.4,-0.963577427,0.0549293177,0.440144208
1781693883.348867,2026-06-17T18:58:03.348,1781693883.273236,right,base,1,pelvis,200,0.001,0.207262235,-0.185761718,0.288994,0.385349747,0.592873051,-0.108007666,0.698814326,1.11507122,0.198248087,0.689978005,-1.4,0.956139144,0.52,-0.898482484,1,1,0.134460353,0.743346663,400,4.309845,using best approximate IK outside the usable position/orientation threshold,0.641820447,0.187996039,0.432652132,-1.4,1.091266,0.52,-0.501221501
1781693883.361091,2026-06-17T18:58:03.361,1781693883.256789,left,base,1,pelvis,200,0.001,0.2494979,0.064573797,0.2746765,-0.39180293,0.57093373,-0.332000774,0.640547131,1.44505206,0.0888451544,-0.183978208,-1.4,-0.681377528,-0.429297024,0.037319053,1,1,0.0474122197,0.441074813,22,0.193154,,0.52747227,-0.33,-0.422219239,-1.4,-0.963577427,0.0549293177,0.440144208
1781693883.365634,2026-06-17T18:58:03.365,1781693883.273236,right,base,1,pelvis,200,0.001,0.207262235,-0.185761718,0.288994,0.385349747,0.592873051,-0.108007666,0.698814326,1.11399483,0.19822478,0.689392788,-1.4,0.956446177,0.52,-0.897579097,1,1,0.13444356,0.743362418,400,4.301796,using best approximate IK outside the usable position/orientation threshold,0.641801915,0.188035785,0.432560264,-1.4,1.09156178,0.52,-0.50109148
1781693883.377859,2026-06-17T18:58:03.377,1781693883.306757,left,base,1,pelvis,200,0.001,0.25015905,0.062562142,0.2736975,-0.391707123,0.567399857,-0.329026966,0.645262882,1.44505206,0.0888451544,-0.183978208,-1.4,-0.681377528,-0.429297024,0.037319053,1,1,0.0465668636,0.449635606,20,0.180983,,0.524773463,-0.33,-0.415735787,-1.4,-0.96423959,0.0527260275,0.437479605
1781693883.382727,2026-06-17T18:58:03.382,1781693883.289903,right,base,1,pelvis,200,0.001,0.204690095,-0.196901268,0.2737305,0.3904288,0.60260377,-0.132289549,0.683325343,1.11166905,0.19817442,0.688128295,-1.4,0.957109593,0.52,-0.895627128,1,1,0.11463616,0.677458434,400,4.304177,using best approximate IK outside the usable position/orientation threshold,0.63465485,0.204576603,0.366175521,-1.4,1.12246945,0.52,-0.511644281
1781693883.394550,2026-06-17T18:58:03.394,1781693883.306757,left,base,1,pelvis,200,0.001,0.25015905,0.062562142,0.2736975,-0.391707123,0.567399857,-0.329026966,0.645262882,1.44505206,0.0888451544,-0.183978208,-1.4,-0.681377528,-0.429297024,0.037319053,1,1,0.0465668636,0.449635606,20,0.181936,,0.524773463,-0.33,-0.415735787,-1.4,-0.96423959,0.0527260275,0.437479605
1781693883.399123,2026-06-17T18:58:03.399,1781693883.289903,right,base,1,pelvis,200,0.001,0.204690095,-0.196901268,0.2737305,0.3904288,0.60260377,-0.132289549,0.683325343,1.1076495,0.198087383,0.68594292,-1.4,0.958256149,0.52,-0.892253611,1,1,0.114610372,0.677548858,400,4.275034,using best approximate IK outside the usable position/orientation threshold,0.634724533,0.204905494,0.365911947,-1.4,1.12342763,0.52,-0.511317427
1781693883.411284,2026-06-17T18:58:03.411,1781693883.306757,left,base,1,pelvis,200,0.001,0.25015905,0.062562142,0.2736975,-0.391707123,0.567399857,-0.329026966,0.645262882,1.44505206,0.0888451544,-0.183978208,-1.4,-0.681377528,-0.429297024,0.037319053,1,1,0.0465668636,0.449635606,20,0.166197,,0.524773463,-0.33,-0.415735787,-1.4,-0.96423959,0.0527260275,0.437479605
1781693883.415785,2026-06-17T18:58:03.415,1781693883.339904,right,base,1,pelvis,200,0.001,0.196140935,-0.210881868,0.2552205,0.395590443,0.627685888,-0.171661417,0.648113405,1.10314289,0.198149211,0.682896233,-1.4,0.959820745,0.52,-0.888627232,1,1,0.0903584761,0.62684505,400,4.259541,using best approximate IK outside the usable position/orientation threshold,0.680668342,0.33,0.202495273,-1.4,1.44353417,0.52,-0.472404958
1781693883.428093,2026-06-17T18:58:03.428,1781693883.306757,left,base,1,pelvis,200,0.001,0.25015905,0.062562142,0.2736975,-0.391707123,0.567399857,-0.329026966,0.645262882,1.44505206,0.0888451544,-0.183978208,-1.4,-0.681377528,-0.429297024,0.037319053,1,1,0.0465668636,0.449635606,20,0.176627,,0.524773463,-0.33,-0.415735787,-1.4,-0.96423959,0.0527260275,0.437479605
1781693883.432614,2026-06-17T18:58:03.432,1781693883.339904,right,base,1,pelvis,200,0.001,0.196140935,-0.210881868,0.2552205,0.395590443,0.627685888,-0.171661417,0.648113405,1.09715077,0.198235639,0.678841293,-1.4,0.961913643,0.52,-0.883800594,1,1,0.0903583238,0.626840472,400,4.287555,using best approximate IK outside the usable position/orientation threshold,0.680668373,0.33,0.20249654,-1.4,1.44352742,0.52,-0.472409601
1781693883.444888,2026-06-17T18:58:03.444,1781693883.340116,left,base,1,pelvis,200,0.001,0.2512448,0.060774492,0.271789,-0.391752115,0.564526007,-0.328431962,0.648053326,1.44505206,0.0888451544,-0.183978208,-1.4,-0.681377528,-0.429297024,0.037319053,1,1,0.0470836424,0.463988676,18,0.166146,,0.522167958,-0.33,-0.40423628,-1.4,-0.958476913,0.046479103,0.421902574
1781693883.449455,2026-06-17T18:58:03.449,1781693883.356575,right,base,1,pelvis,200,0.001,0.189983645,-0.212343868,0.2554135,0.397065382,0.642613273,-0.185744795,0.628399662,1.09071677,0.200271193,0.671482492,-1.4,0.969353927,0.52,-0.877445175,1,1,0.123555718,0.694410796,400,4.322506,using best approximate IK outside the usable position/orientation threshold,0.677952191,0.175345626,0.363530016,-1.4,1.06533632,0.52,-0.458946233
1781693883.461691,2026-06-17T18:58:03.461,1781693883.356788,left,base,1,pelvis,200,0.001,0.25207785,0.059538292,0.270308,-0.39200327,0.56259538,-0.328922908,0.649330112,1.44505206,0.0888451544,-0.183978208,-1.4,-0.681377528,-0.429297024,0.037319053,1,1,0.0467464593,0.469678132,17,0.219148,,0.519573791,-0.33,-0.397226227,-1.4,-0.953501572,0.0406234564,0.413785575
1781693883.468166,2026-06-17T18:58:03.468,1781693883.356575,right,base,1,pelvis,200,0.001,0.189983645,-0.212343868,0.2554135,0.397065382,0.642613273,-0.185744795,0.628399662,1.08246941,0.202880447,0.662049685,-1.4,0.978891182,0.52,-0.869298544,1,1,0.124407098,0.693714424,400,6.073383,using best approximate IK outside the usable position/orientation threshold,0.68234897,0.178726178,0.36946706,-1.4,1.06358941,0.52,-0.467248509
1781693883.478510,2026-06-17T18:58:03.478,1781693883.356788,left,base,1,pelvis,200,0.001,0.25207785,0.059538292,0.270308,-0.39200327,0.56259538,-0.328922908,0.649330112,1.44505206,0.0888451544,-0.183978208,-1.4,-0.681377528,-0.429297024,0.037319053,1,1,0.0467464593,0.469678132,17,0.172204,,0.519573791,-0.33,-0.397226227,-1.4,-0.953501572,0.0406234564,0.413785575
1781693883.483357,2026-06-17T18:58:03.483,1781693883.389910,right,base,1,pelvis,200,0.001,0.18608544,-0.214902268,0.254178,0.399873295,0.657764769,-0.196725163,0.607244652,1.07096103,0.202097091,0.653556904,-1.4,0.981350517,0.52,-0.857624162,1,1,0.140784824,0.723752736,400,4.578918,using best approximate IK outside the usable position/orientation threshold,0.719671507,0.170049145,0.405543273,-1.4,1.04215795,0.52,-0.457099915
1781693883.495279,2026-06-17T18:58:03.495,1781693883.356788,left,base,1,pelvis,200,0.001,0.25207785,0.059538292,0.270308,-0.39200327,0.56259538,-0.328922908,0.649330112,1.44505206,0.0888451544,-0.183978208,-1.4,-0.681377528,-0.429297024,0.037319053,1,1,0.0467464593,0.469678132,17,0.174415,,0.519573791,-0.33,-0.397226227,-1.4,-0.953501572,0.0406234564,0.413785575
1781693883.500084,2026-06-17T18:58:03.500,1781693883.406576,right,base,1,pelvis,200,0.001,0.187010475,-0.218945518,0.2498015,0.403578019,0.667733493,-0.200443608,0.592519303,1.05997403,0.201436338,0.645524998,-1.4,0.983675609,0.52,-0.8465873,1,1,0.141046953,0.718700416,400,4.556265,using best approximate IK outside the usable position/orientation threshold,0.714206505,0.164095716,0.396240599,-1.4,1.04093324,0.52,-0.427939559
1781693883.512126,2026-06-17T18:58:03.512,1781693883.440121,left,base,1,pelvis,200,0.001,0.2519118,0.059062517,0.2698405,-0.392523375,0.561943212,-0.330119058,0.648973524,1.44505206,0.0888451544,-0.183978208,-1.4,-0.681377528,-0.429297024,0.037319053,1,1,0.0454961499,0.464699396,17,0.185104,,0.519370076,-0.33,-0.397492195,-1.4,-0.952676552,0.0359946661,0.417751244
1781693883.516908,2026-06-17T18:58:03.516,1781693883.439910,right,base,1,pelvis,200,0.001,0.19102679,-0.219781168,0.2473625,0.407435372,0.672898321,-0.201400064,0.583645682,1.0481001,0.200341168,0.637151489,-1.4,0.985716191,0.52,-0.832997198,1,1,0.13902316,0.710757145,400,4.562802,using best approximate IK outside the usable position/orientation threshold,0.700441368,0.167247459,0.389038632,-1.4,1.04242252,0.52,-0.408481041
1781693883.528824,2026-06-17T18:58:03.528,1781693883.440121,left,base,1,pelvis,200,0.001,0.2519118,0.059062517,0.2698405,-0.392523375,0.561943212,-0.330119058,0.648973524,1.44505206,0.0888451544,-0.183978208,-1.4,-0.681377528,-0.429297024,0.037319053,1,1,0.0454961499,0.464699396,17,0.16039,,0.519370076,-0.33,-0.397492195,-1.4,-0.952676552,0.0359946661,0.417751244
1781693883.533667,2026-06-17T18:58:03.533,1781693883.456581,right,base,1,pelvis,200,0.001,0.195373465,-0.218313568,0.2488465,0.409900292,0.674351048,-0.201206127,0.580300361,1.03578153,0.199003939,0.628263394,-1.4,0.987753352,0.52,-0.818053121,1,1,0.144063904,0.715608417,400,4.621609,using best approximate IK outside the usable position/orientation threshold,0.703359456,0.174604573,0.403612167,-1.4,1.0402264,0.52,-0.413086369
1781693883.545789,2026-06-17T18:58:03.545,1781693883.440121,left,base,1,pelvis,200,0.001,0.2519118,0.059062517,0.2698405,-0.392523375,0.561943212,-0.330119058,0.648973524,1.44505206,0.0888451544,-0.183978208,-1.4,-0.681377528,-0.429297024,0.037319053,1,1,0.0454961499,0.464699396,17,0.233171,,0.519370076,-0.33,-0.397492195,-1.4,-0.952676552,0.0359946661,0.417751244
1781693883.552765,2026-06-17T18:58:03.552,1781693883.489927,right,base,1,pelvis,200,0.001,0.20055403,-0.216872318,0.252394,0.412012663,0.671891889,-0.200836815,0.581782974,1.02258777,0.197754499,0.618851239,-1.4,0.989904278,0.52,-0.801938753,1,1,0.146021751,0.726752121,400,6.31141,using best approximate IK outside the usable position/orientation threshold,0.690960009,0.179908036,0.401803311,-1.4,1.0497715,0.52,-0.395965095
1781693883.562358,2026-06-17T18:58:03.562,1781693883.490359,left,base,1,pelvis,200,0.001,0.2506101,0.058461552,0.27107,-0.392725257,0.561453977,-0.331883797,0.648374467,1.44505206,0.0888451544,-0.183978208,-1.4,-0.681377528,-0.429297024,0.037319053,1,1,0.0480518804,0.475704604,17,0.212515,,0.52463892,-0.33,-0.40072001,-1.4,-0.953354231,0.0386121098,0.412537106
1781693883.569346,2026-06-17T18:58:03.569,1781693883.489927,right,base,1,pelvis,200,0.001,0.20055403,-0.216872318,0.252394,0.412012663,0.671891889,-0.200836815,0.581782974,1.00616947,0.19656387,0.607781231,-1.4,0.992492406,0.52,-0.7819396,1,1,0.14503947,0.726778893,400,6.32683,using best approximate IK outside the usable position/orientation threshold,0.688046061,0.179603991,0.397541235,-1.4,1.05406374,0.52,-0.389992952
1781693883.579178,2026-06-17T18:58:03.579,1781693883.490359,left,base,1,pelvis,200,0.001,0.2506101,0.058461552,0.27107,-0.392725257,0.561453977,-0.331883797,0.648374467,1.44505206,0.0888451544,-0.183978208,-1.4,-0.681377528,-0.429297024,0.037319053,1,1,0.0480518804,0.475704604,17,0.225097,,0.52463892,-0.33,-0.40072001,-1.4,-0.953354231,0.0386121098,0.412537106
1781693883.585988,2026-06-17T18:58:03.585,1781693883.506589,right,base,1,pelvis,200,0.001,0.20384703,-0.216715618,0.2542135,0.413159098,0.667457549,-0.200500612,0.586173596,0.991175368,0.195771574,0.597983131,-1.4,0.995217098,0.52,-0.763579298,1,1,0.143756304,0.729325394,400,6.310592,using best approximate IK outside the usable position/orientation threshold,0.676581844,0.183606638,0.391953052,-1.4,1.05929607,0.52,-0.386102375
1781693883.595906,2026-06-17T18:58:03.595,1781693883.506812,left,base,1,pelvis,200,0.001,0.2491747,0.057866017,0.272385,-0.392856663,0.561217357,-0.333810905,0.647509846,1.44505206,0.0888451544,-0.183978208,-1.4,-0.681377528,-0.429297024,0.037319053,1,1,0.0458545589,0.46030585,18,0.249717,,0.527507104,-0.33,-0.411332143,-1.4,-0.959266923,0.0356330536,0.432583709
1781693883.601351,2026-06-17T18:58:03.601,1781693883.506589,right,base,1,pelvis,200,0.001,0.20384703,-0.216715618,0.2542135,0.413159098,0.667457549,-0.200500612,0.586173596,0.975449876,0.194932845,0.587584771,-1.4,0.998269895,0.52,-0.744198693,1,1,0.142887542,0.729753739,400,5.034237,using best approximate IK outside the usable position/orientation threshold,0.673828985,0.18354331,0.387812463,-1.4,1.06396882,0.52,-0.379818263
1781693883.612485,2026-06-17T18:58:03.612,1781693883.523465,left,base,1,pelvis,200,0.001,0.2481937,0.057662757,0.2731425,-0.391735419,0.560994331,-0.335730968,0.647389712,1.44505206,0.0888451544,-0.183978208,-1.4,-0.681377528,-0.429297024,0.037319053,1,1,0.0476705841,0.468439535,18,0.15109,,0.531404386,-0.33,-0.412699145,-1.4,-0.95969298,0.0351828243,0.427056543
1781693883.617026,2026-06-17T18:58:03.617,1781693883.523258,right,base,1,pelvis,200,0.001,0.206512565,-0.220025818,0.2534925,0.414895981,0.660144297,-0.200455384,0.593201881,0.959834201,0.194341058,0.577363132,-1.4,1.00145848,0.52,-0.725488376,1,1,0.134450623,0.720829644,400,4.360011,using best approximate IK outside the usable position/orientation threshold,0.647519143,0.184218067,0.359719481,-1.4,1.07255845,0.52,-0.368385572
1781693883.629285,2026-06-17T18:58:03.629,1781693883.556781,left,base,1,pelvis,200,0.001,0.2482514,0.058298717,0.2727845,-0.39071394,0.561112073,-0.336674254,0.647415096,1.44505206,0.0888451544,-0.183978208,-1.4,-0.681377528,-0.429297024,0.037319053,1,1,0.0475598243,0.467971427,18,0.174359,,0.531518135,-0.33,-0.41041122,-1.4,-0.958419168,0.0310616699,0.424655033
1781693883.633874,2026-06-17T18:58:03.633,1781693883.556589,right,base,1,pelvis,200,0.001,0.20687557,-0.224623918,0.252642,0.416973839,0.652985365,-0.201346543,0.599335049,0.943485112,0.19372382,0.566527732,-1.4,1.00503179,0.52,-0.705728626,1,1,0.128669102,0.715281989,400,4.358128,using best approximate IK outside the usable position/orientation threshold,0.632132213,0.182659565,0.333238198,-1.4,1.07991629,0.52,-0.361880168
1781693883.646146,2026-06-17T18:58:03.646,1781693883.556781,left,base,1,pelvis,200,0.001,0.2482514,0.058298717,0.2727845,-0.39071394,0.561112073,-0.336674254,0.647415096,1.44505206,0.0888451544,-0.183978208,-1.4,-0.681377528,-0.429297024,0.037319053,1,1,0.0475598243,0.467971427,18,0.165931,,0.531518135,-0.33,-0.41041122,-1.4,-0.958419168,0.0310616699,0.424655033
1781693883.650777,2026-06-17T18:58:03.650,1781693883.589923,right,base,1,pelvis,200,0.001,0.20391721,-0.233113218,0.2512715,0.421212611,0.640084413,-0.204479553,0.609146939,0.924158422,0.19310309,0.553023075,-1.4,1.00944131,0.52,-0.683699997,1,1,0.122533561,0.710434071,400,4.397437,using best approximate IK outside the usable position/orientation threshold,0.624296073,0.181935972,0.291718823,-1.4,1.09036983,0.52,-0.364577252
1781693883.662841,2026-06-17T18:58:03.662,1781693883.556781,left,base,1,pelvis,200,0.001,0.2482514,0.058298717,0.2727845,-0.39071394,0.561112073,-0.336674254,0.647415096,1.44505206,0.0888451544,-0.183978208,-1.4,-0.681377528,-0.429297024,0.037319053,1,1,0.0475598243,0.467971427,18,0.160095,,0.531518135,-0.33,-0.41041122,-1.4,-0.958419168,0.0310616699,0.424655033
1781693883.667239,2026-06-17T18:58:03.667,1781693883.589923,right,base,1,pelvis,200,0.001,0.20391721,-0.233113218,0.2512715,0.421212611,0.640084413,-0.204479553,0.609146939,0.90351715,0.192364911,0.537488032,-1.4,1.01442269,0.52,-0.660952824,1,1,0.122319477,0.711685636,400,4.186293,using best approximate IK outside the usable position/orientation threshold,0.623762794,0.184535991,0.287663527,-1.4,1.09821879,0.52,-0.35886986
1781693883.679718,2026-06-17T18:58:03.679,1781693883.606776,left,base,1,pelvis,200,0.001,0.24934135,0.060464922,0.2715165,-0.389759257,0.561509379,-0.338700742,0.646588545,1.44505206,0.0888451544,-0.183978208,-1.4,-0.681377528,-0.429297024,0.037319053,1,1,0.0468806196,0.464666278,18,0.175548,,0.528898621,-0.33,-0.402530513,-1.4,-0.952453701,0.0216349397,0.417631667
1781693883.684267,2026-06-17T18:58:03.684,1781693883.589923,right,base,1,pelvis,200,0.001,0.20391721,-0.233113218,0.2512715,0.421212611,0.640084413,-0.204479553,0.609146939,0.882423597,0.191577065,0.518921577,-1.4,1.02016006,0.52,-0.638563348,1,1,0.122899718,0.712201783,400,4.310576,using best approximate IK outside the usable position/orientation threshold,0.626144627,0.185134187,0.292048325,-1.4,1.09677498,0.52,-0.363550077
1781693883.696345,2026-06-17T18:58:03.696,1781693883.640233,left,base,1,pelvis,200,0.001,0.24933955,0.060750907,0.2714275,-0.390145206,0.561516669,-0.34008325,0.645623057,1.44505206,0.0888451544,-0.183978208,-1.4,-0.681377528,-0.429297024,0.037319053,1,1,0.0473343961,0.466410869,18,0.154563,,0.52931526,-0.33,-0.401362787,-1.4,-0.950195026,0.0199803276,0.413917398
1781693883.700824,2026-06-17T18:58:03.700,1781693883.639938,right,base,1,pelvis,200,0.001,0.199503955,-0.233594668,0.2523395,0.42642859,0.628853839,-0.206978413,0.616329006,0.860563339,0.190982001,0.499377214,-1.4,1.02675705,0.52,-0.61492555,1,1,0.120564305,0.718661475,400,4.287749,using best approximate IK outside the usable position/orientation threshold,0.633703015,0.205275338,0.267573776,-1.4,1.12060761,0.52,-0.372220821
1781693883.713310,2026-06-17T18:58:03.713,1781693883.640233,left,base,1,pelvis,200,0.001,0.24933955,0.060750907,0.2714275,-0.390145206,0.561516669,-0.34008325,0.645623057,1.44505206,0.0888451544,-0.183978208,-1.4,-0.681377528,-0.429297024,0.037319053,1,1,0.0473343961,0.466410869,18,0.188464,,0.52931526,-0.33,-0.401362787,-1.4,-0.950195026,0.0199803276,0.413917398
1781693883.718219,2026-06-17T18:58:03.718,1781693883.639938,right,base,1,pelvis,200,0.001,0.199503955,-0.233594668,0.2523395,0.42642859,0.628853839,-0.206978413,0.616329006,0.839511126,0.190456832,0.48075783,-1.4,1.03304509,0.52,-0.592350518,1,1,0.120903026,0.720136251,400,4.461724,using best approximate IK outside the usable position/orientation threshold,0.634650234,0.204924239,0.270428122,-1.4,1.12014631,0.52,-0.373424231
1781693883.729948,2026-06-17T18:58:03.729,1781693883.640233,left,base,1,pelvis,200,0.001,0.24933955,0.060750907,0.2714275,-0.390145206,0.561516669,-0.34008325,0.645623057,1.44505206,0.0888451544,-0.183978208,-1.4,-0.681377528,-0.429297024,0.037319053,1,1,0.0473343961,0.466410869,18,0.15424,,0.52931526,-0.33,-0.401362787,-1.4,-0.950195026,0.0199803276,0.413917398
1781693883.734471,2026-06-17T18:58:03.734,1781693883.639938,right,base,1,pelvis,200,0.001,0.199503955,-0.233594668,0.2523395,0.42642859,0.628853839,-0.206978413,0.616329006,0.818354027,0.191980176,0.458842483,-1.4,1.04204652,0.52,-0.569721157,1,1,0.120676349,0.720940348,400,4.318006,using best approximate IK outside the usable position/orientation threshold,0.634726575,0.211862541,0.263757227,-1.4,1.13301373,0.52,-0.366469158
1781693883.746793,2026-06-17T18:58:03.746,1781693883.640233,left,base,1,pelvis,200,0.001,0.24933955,0.060750907,0.2714275,-0.390145206,0.561516669,-0.34008325,0.645623057,1.44505206,0.0888451544,-0.183978208,-1.4,-0.681377528,-0.429297024,0.037319053,1,1,0.0473343961,0.466410869,18,0.160002,,0.52931526,-0.33,-0.401362787,-1.4,-0.950195026,0.0199803276,0.413917398
1781693883.751744,2026-06-17T18:58:03.751,1781693883.656607,right,base,1,pelvis,200,0.001,0.198223345,-0.232861368,0.2544115,0.429319615,0.623014253,-0.207713649,0.619994314,0.799131323,0.193334639,0.439126867,-1.4,1.05021886,0.52,-0.549180713,1,1,0.122113103,0.733096955,400,4.449956,using best approximate IK outside the usable position/orientation threshold,0.639349882,0.222774588,0.259170314,-1.4,1.14517488,0.52,-0.367484196
1781693883.763494,2026-06-17T18:58:03.763,1781693883.640233,left,base,1,pelvis,200,0.001,0.24933955,0.060750907,0.2714275,-0.390145206,0.561516669,-0.34008325,0.645623057,1.44505206,0.0888451544,-0.183978208,-1.4,-0.681377528,-0.429297024,0.037319053,1,1,0.0473343961,0.466410869,18,0.163605,,0.52931526,-0.33,-0.401362787,-1.4,-0.950195026,0.0199803276,0.413917398
1781693883.768176,2026-06-17T18:58:03.768,1781693883.656607,right,base,1,pelvis,200,0.001,0.198223345,-0.232861368,0.2544115,0.429319615,0.623014253,-0.207713649,0.619994314,0.779323912,0.195566872,0.417998411,-1.4,1.06019395,0.52,-0.527167706,1,1,0.122338974,0.734228665,400,4.445978,using best approximate IK outside the usable position/orientation threshold,0.640388786,0.224973654,0.259475077,-1.4,1.14855925,0.52,-0.366870493
1781693883.780369,2026-06-17T18:58:03.780,1781693883.706839,left,base,1,pelvis,200,0.001,0.2489323,0.060173477,0.271183,-0.391173443,0.56147278,-0.341308248,0.644391446,1.44505206,0.0888451544,-0.183978208,-1.4,-0.681377528,-0.429297024,0.037319053,1,1,0.0469975775,0.464815791,18,0.160503,,0.530305641,-0.33,-0.402320997,-1.4,-0.949068058,0.0182253561,0.414715632
1781693883.785156,2026-06-17T18:58:03.785,1781693883.673276,right,base,1,pelvis,200,0.001,0.198234795,-0.233219668,0.2562755,0.43141915,0.618433545,-0.208670367,0.622795428,0.761874874,0.198958562,0.398199041,-1.4,1.0707876,0.52,-0.507261701,1,1,0.124261623,0.745412598,400,4.384075,using best approximate IK outside the usable position/orientation threshold,0.641982479,0.229137564,0.259162021,-1.4,1.15288529,0.52,-0.367446832
1781693883.797155,2026-06-17T18:58:03.797,1781693883.706839,left,base,1,pelvis,200,0.001,0.2489323,0.060173477,0.271183,-0.391173443,0.56147278,-0.341308248,0.644391446,1.44505206,0.0888451544,-0.183978208,-1.4,-0.681377528,-0.429297024,0.037319053,1,1,0.0469975775,0.464815791,18,0.161261,,0.530305641,-0.33,-0.402320997,-1.4,-0.949068058,0.0182253561,0.414715632
1781693883.801673,2026-06-17T18:58:03.801,1781693883.689946,right,base,1,pelvis,200,0.001,0.198267165,-0.233629968,0.2561195,0.433441294,0.614031744,-0.210846621,0.625009892,0.744906272,0.202592227,0.378822734,-1.4,1.08165037,0.52,-0.487652521,1,1,0.120795175,0.742434384,400,4.285418,using best approximate IK outside the usable position/orientation threshold,0.637420166,0.259651707,0.228254677,-1.4,1.19248412,0.52,-0.355693459
1781693883.814031,2026-06-17T18:58:03.814,1781693883.773465,left,base,1,pelvis,200,0.001,0.24884565,0.059245147,0.2704565,-0.392515116,0.561615121,-0.342133144,0.643012637,1.44505206,0.0888451544,-0.183978208,-1.4,-0.681377528,-0.429297024,0.037319053,1,1,0.0452730535,0.457137348,18,0.173887,,0.529491136,-0.33,-0.403376577,-1.4,-0.948101361,0.0152588633,0.419613052
1781693883.818822,2026-06-17T18:58:03.818,1781693883.756606,right,base,1,pelvis,200,0.001,0.201721875,-0.238188418,0.248464,0.441871713,0.600247665,-0.222381125,0.628489273,0.729738752,0.20650412,0.361188753,-1.4,1.09214802,0.52,-0.469938228,1,1,0.0528049651,0.407235163,400,4.254078,using best approximate IK outside the usable position/orientation threshold,0.613228057,0.33,0.132816039,-1.4,1.21620861,0.52,-0.757345988
1781693883.830794,2026-06-17T18:58:03.830,1781693883.773465,left,base,1,pelvis,200,0.001,0.24884565,0.059245147,0.2704565,-0.392515116,0.561615121,-0.342133144,0.643012637,1.44505206,0.0888451544,-0.183978208,-1.4,-0.681377528,-0.429297024,0.037319053,1,1,0.0452730535,0.457137348,18,0.158527,,0.529491136,-0.33,-0.403376577,-1.4,-0.948101361,0.0152588633,0.419613052
1781693883.835225,2026-06-17T18:58:03.835,1781693883.756606,right,base,1,pelvis,200,0.001,0.201721875,-0.238188418,0.248464,0.441871713,0.600247665,-0.222381125,0.628489273,0.714705868,0.215158515,0.339542164,-1.4,1.10848645,0.52,-0.451334951,1,1,0.0527722145,0.407041127,400,4.216816,using best approximate IK outside the usable position/orientation threshold,0.613197168,0.33,0.132811911,-1.4,1.21610688,0.52,-0.757587588
1781693883.847670,2026-06-17T18:58:03.847,1781693883.773465,left,base,1,pelvis,200,0.001,0.24884565,0.059245147,0.2704565,-0.392515116,0.561615121,-0.342133144,0.643012637,1.44505206,0.0888451544,-0.183978208,-1.4,-0.681377528,-0.429297024,0.037319053,1,1,0.0452730535,0.457137348,18,0.156893,,0.529491136,-0.33,-0.403376577,-1.4,-0.948101361,0.0152588633,0.419613052
1781693883.852221,2026-06-17T18:58:03.852,1781693883.756606,right,base,1,pelvis,200,0.001,0.201721875,-0.238188418,0.248464,0.441871713,0.600247665,-0.222381125,0.628489273,0.705553407,0.22551627,0.320897173,-1.4,1.1182021,0.52,-0.478934622,1,1,0.05277971,0.407068964,400,4.24761,using best approximate IK outside the usable position/orientation threshold,0.613201553,0.33,0.13281733,-1.4,1.21610321,0.52,-0.757542629
1781693883.864418,2026-06-17T18:58:03.864,1781693883.823498,left,base,1,pelvis,200,0.001,0.24876215,0.058361022,0.2696195,-0.394306878,0.562318949,-0.342550731,0.641076035,1.44505206,0.0888451544,-0.183978208,-1.4,-0.681377528,-0.429297024,0.037319053,1,1,0.0488966357,0.478105486,17,0.163156,,0.531468894,-0.33,-0.397295737,-1.4,-0.941560042,0.0213135315,0.39641877
1781693883.865123,2026-06-17T18:58:03.865,1781693883.789947,right,base,1,pelvis,200,0.001,0.201209505,-0.238453268,0.245814,0.446867328,0.595354812,-0.226707484,0.628065248,0.696323053,0.235962174,0.302093504,-1.4,1.12800043,0.52,-0.50676918,1,1,0.049719572,0.431602665,58,0.459816,,0.608813916,0.33,0.116823773,-1.4,1.23903661,0.52,-0.741014037
1781693883.881239,2026-06-17T18:58:03.881,1781693883.823498,left,base,1,pelvis,200,0.001,0.24876215,0.058361022,0.2696195,-0.394306878,0.562318949,-0.342550731,0.641076035,1.44505206,0.0888451544,-0.183978208,-1.4,-0.681377528,-0.429297024,0.037319053,1,1,0.0488966357,0.478105486,17,0.147153,,0.531468894,-0.33,-0.397295737,-1.4,-0.941560042,0.0213135315,0.39641877
1781693883.882065,2026-06-17T18:58:03.882,1781693883.789947,right,base,1,pelvis,200,0.001,0.201209505,-0.238453268,0.245814,0.446867328,0.595354812,-0.226707484,0.628065248,0.689535874,0.243643161,0.28826696,-1.4,1.13520526,0.52,-0.527236234,1,1,0.0496868283,0.429592972,56,0.429609,,0.608586397,0.33,0.117617579,-1.4,1.23583268,0.52,-0.742542465
1781693883.898069,2026-06-17T18:58:03.898,1781693883.823498,left,base,1,pelvis,200,0.001,0.24876215,0.058361022,0.2696195,-0.394306878,0.562318949,-0.342550731,0.641076035,1.44505206,0.0888451544,-0.183978208,-1.4,-0.681377528,-0.429297024,0.037319053,1,1,0.0488966357,0.478105486,17,0.170494,,0.531468894,-0.33,-0.397295737,-1.4,-0.941560042,0.0213135315,0.39641877
1781693883.898508,2026-06-17T18:58:03.898,1781693883.806611,right,base,1,pelvis,200,0.001,0.200169605,-0.238442818,0.241875,0.452519454,0.590266028,-0.230936274,0.627280318,0.680441323,0.253372567,0.268951289,-1.4,1.14690343,0.52,-0.551321541,1,1,0.0490950355,0.432112361,28,0.215049,,0.601231476,0.33,0.120206582,-1.4,1.19034152,0.52,-0.729446724
1781693883.914844,2026-06-17T18:58:03.914,1781693883.823498,left,base,1,pelvis,200,0.001,0.24876215,0.058361022,0.2696195,-0.394306878,0.562318949,-0.342550731,0.641076035,1.44505206,0.0888451544,-0.183978208,-1.4,-0.681377528,-0.429297024,0.037319053,1,1,0.0488966357,0.478105486,17,0.15254,,0.531468894,-0.33,-0.397295737,-1.4,-0.941560042,0.0213135315,0.39641877
1781693883.915601,2026-06-17T18:58:03.915,1781693883.806611,right,base,1,pelvis,200,0.001,0.200169605,-0.238442818,0.241875,0.452519454,0.590266028,-0.230936274,0.627280318,0.672040091,0.262331797,0.251257448,-1.4,1.15730098,0.52,-0.573678969,1,1,0.0496156703,0.43380939,25,0.202487,,0.601421722,0.33,0.121971207,-1.4,1.18783503,0.52,-0.726963745
1781693883.931571,2026-06-17T18:58:03.931,1781693883.856797,left,base,1,pelvis,200,0.001,0.24869595,0.057683522,0.268945,-0.395887911,0.563559609,-0.342693833,0.638932129,1.44505206,0.0888451544,-0.183978208,-1.4,-0.681377528,-0.429297024,0.037319053,1,1,0.048220844,0.474255661,17,0.157256,,0.531004835,-0.33,-0.397993116,-1.4,-0.940319985,0.022716611,0.396637834
1781693883.931877,2026-06-17T18:58:03.931,1781693883.856612,right,base,1,pelvis,200,0.001,0.200029715,-0.239265718,0.236941,0.460718396,0.583240319,-0.235661471,0.626125355,0.662816202,0.2711466,0.234186099,-1.4,1.16160501,0.52,-0.593970066,1,1,0.0490969581,0.465995019,12,0.100869,,0.592627494,0.33,0.133119222,-1.4,1.15346974,0.52,-0.698058602
1781693883.948298,2026-06-17T18:58:03.948,1781693883.856797,left,base,1,pelvis,200,0.001,0.24869595,0.057683522,0.268945,-0.395887911,0.563559609,-0.342693833,0.638932129,1.44505206,0.0888451544,-0.183978208,-1.4,-0.681377528,-0.429297024,0.037319053,1,1,0.048220844,0.474255661,17,0.156142,,0.531004835,-0.33,-0.397993116,-1.4,-0.940319985,0.022716611,0.396637834
1781693883.948843,2026-06-17T18:58:03.948,1781693883.856612,right,base,1,pelvis,200,0.001,0.200029715,-0.239265718,0.236941,0.460718396,0.583240319,-0.235661471,0.626125355,0.654666292,0.27895919,0.219289951,-1.4,1.16508696,0.52,-0.611624527,1,1,0.0479312599,0.46072002,11,0.114003,,0.593075537,0.33,0.133084053,-1.4,1.15495854,0.52,-0.706698325
1781693883.964990,2026-06-17T18:58:03.964,1781693883.856797,left,base,1,pelvis,200,0.001,0.24869595,0.057683522,0.268945,-0.395887911,0.563559609,-0.342693833,0.638932129,1.44505206,0.0888451544,-0.183978208,-1.4,-0.681377528,-0.429297024,0.037319053,1,1,0.048220844,0.474255661,17,0.155483,,0.531004835,-0.33,-0.397993116,-1.4,-0.940319985,0.022716611,0.396637834
1781693883.965263,2026-06-17T18:58:03.965,1781693883.889949,right,base,1,pelvis,200,0.001,0.201094275,-0.240453118,0.2343655,0.473813708,0.573260109,-0.23971351,0.624027924,0.645441439,0.286548699,0.206476803,-1.4,1.16335954,0.52,-0.624476834,1,1,0.0475807378,0.498105468,7,0.061306,,0.589774746,0.33,0.140913141,-1.4,1.14552172,0.52,-0.696273665
1781693883.981737,2026-06-17T18:58:03.981,1781693883.923545,left,base,1,pelvis,200,0.001,0.248092,0.057365857,0.2682705,-0.397152121,0.567442051,-0.34167569,0.635245964,1.44505206,0.0888451544,-0.183978208,-1.4,-0.681377528,-0.429297024,0.037319053,1,1,0.0495549975,0.477253265,17,0.143753,,0.533094341,-0.33,-0.398522294,-1.4,-0.939344838,0.0310253963,0.388185674
1781693883.982139,2026-06-17T18:58:03.982,1781693883.923286,right,base,1,pelvis,200,0.001,0.201331595,-0.240300668,0.23462,0.477761134,0.570670474,-0.239783987,0.623364379,0.637394005,0.293226164,0.195198026,-1.4,1.1620685,0.52,-0.637112385,1,1,0.0446037404,0.487679136,7,0.078774,,0.586471563,0.33,0.134966593,-1.4,1.14266209,0.52,-0.713960817
1781693883.998468,2026-06-17T18:58:03.998,1781693883.923545,left,base,1,pelvis,200,0.001,0.248092,0.057365857,0.2682705,-0.397152121,0.567442051,-0.34167569,0.635245964,1.44505206,0.0888451544,-0.183978208,-1.4,-0.681377528,-0.429297024,0.037319053,1,1,0.0495549975,0.477253265,17,0.154784,,0.533094341,-0.33,-0.398522294,-1.4,-0.939344838,0.0310253963,0.388185674
1781693883.998768,2026-06-17T18:58:03.998,1781693883.923286,right,base,1,pelvis,200,0.001,0.201331595,-0.240300668,0.23462,0.477761134,0.570670474,-0.239783987,0.623364379,0.629300807,0.299476112,0.185971963,-1.4,1.15925627,0.52,-0.647167223,1,1,0.0454123033,0.49152166,6,0.065944,,0.588327083,0.33,0.137216576,-1.4,1.14319227,0.52,-0.7118243
1781693884.015185,2026-06-17T18:58:04.015,1781693883.956760,left,base,1,pelvis,200,0.001,0.24724775,0.057424467,0.2677515,-0.397065166,0.569620456,-0.340636096,0.633907595,1.44505206,0.0888451544,-0.183978208,-1.4,-0.681377528,-0.429297024,0.037319053,1,1,0.0453072554,0.452269317,18,0.142136,,0.533041033,-0.33,-0.405630473,-1.4,-0.94482036,0.0276752205,0.410363705
1781693884.015526,2026-06-17T18:58:04.015,1781693883.923286,right,base,1,pelvis,200,0.001,0.201331595,-0.240300668,0.23462,0.477761134,0.570670474,-0.239783987,0.623364379,0.621573022,0.304983612,0.176768939,-1.4,1.15626214,0.52,-0.659218954,1,1,0.0459838159,0.493910789,5,0.055011,,0.590123518,0.33,0.139303834,-1.4,1.14342128,0.52,-0.711583359
1781693884.031932,2026-06-17T18:58:04.031,1781693883.956760,left,base,1,pelvis,200,0.001,0.24724775,0.057424467,0.2677515,-0.397065166,0.569620456,-0.340636096,0.633907595,1.44505206,0.0888451544,-0.183978208,-1.4,-0.681377528,-0.429297024,0.037319053,1,1,0.0453072554,0.452269317,18,0.15382,,0.533041033,-0.33,-0.405630473,-1.4,-0.94482036,0.0276752205,0.410363705
1781693884.032213,2026-06-17T18:58:04.032,1781693883.923286,right,base,1,pelvis,200,0.001,0.201331595,-0.240300668,0.23462,0.477761134,0.570670474,-0.239783987,0.623364379,0.61505594,0.309887484,0.169015632,-1.4,1.1537001,0.52,-0.66953099,1,1,0.0469222659,0.498219466,4,0.052129,,0.592241272,0.33,0.141763653,-1.4,1.14410271,0.52,-0.709206046
1781693884.048720,2026-06-17T18:58:04.048,1781693883.956760,left,base,1,pelvis,200,0.001,0.24724775,0.057424467,0.2677515,-0.397065166,0.569620456,-0.340636096,0.633907595,1.44505206,0.0888451544,-0.183978208,-1.4,-0.681377528,-0.429297024,0.037319053,1,1,0.0453072554,0.452269317,18,0.15446,,0.533041033,-0.33,-0.405630473,-1.4,-0.94482036,0.0276752205,0.410363705
1781693884.049089,2026-06-17T18:58:04.049,1781693883.923286,right,base,1,pelvis,200,0.001,0.201331595,-0.240300668,0.23462,0.477761134,0.570670474,-0.239783987,0.623364379,0.609789012,0.314136217,0.162739069,-1.4,1.15152872,0.52,-0.678414477,1,1,0.0447844208,0.486780207,4,0.050269,,0.58928894,0.33,0.137238418,-1.4,1.14200567,0.52,-0.719300755
1781693884.065348,2026-06-17T18:58:04.065,1781693883.989965,left,base,1,pelvis,200,0.001,0.2463356,0.057552817,0.2675895,-0.396809083,0.571359389,-0.339330846,0.633202635,1.44505206,0.0888451544,-0.183978208,-1.4,-0.681377528,-0.429297024,0.037319053,1,1,0.0465657098,0.457020403,18,0.151057,,0.536250637,-0.33,-0.406125185,-1.4,-0.946043921,0.0321933583,0.40617479
1781693884.065612,2026-06-17T18:58:04.065,1781693883.973293,right,base,1,pelvis,200,0.001,0.201523815,-0.239627818,0.2341385,0.4843543,0.566886687,-0.237805965,0.622485919,0.605725112,0.317810127,0.15788135,-1.4,1.14980892,0.52,-0.685545528,1,1,0.0418996549,0.484331994,4,0.050414,,0.585604008,0.33,0.13321613,-1.4,1.13814496,0.52,-0.730699537
1781693884.082168,2026-06-17T18:58:04.082,1781693883.989965,left,base,1,pelvis,200,0.001,0.2463356,0.057552817,0.2675895,-0.396809083,0.571359389,-0.339330846,0.633202635,1.44505206,0.0888451544,-0.183978208,-1.4,-0.681377528,-0.429297024,0.037319053,1,1,0.0465657098,0.457020403,18,0.158747,,0.536250637,-0.33,-0.406125185,-1.4,-0.946043921,0.0321933583,0.40617479
1781693884.082553,2026-06-17T18:58:04.082,1781693884.006626,right,base,1,pelvis,200,0.001,0.20136708,-0.239277368,0.233957,0.487236048,0.565516403,-0.236090186,0.622136364,0.601662948,0.320822828,0.152779494,-1.4,1.14788036,0.52,-0.69388806,1,1,0.0430695494,0.495195357,3,0.047297,,0.588366216,0.33,0.136515485,-1.4,1.13942917,0.52,-0.724919034
1781693884.098923,2026-06-17T18:58:04.098,1781693883.989965,left,base,1,pelvis,200,0.001,0.2463356,0.057552817,0.2675895,-0.396809083,0.571359389,-0.339330846,0.633202635,1.44505206,0.0888451544,-0.183978208,-1.4,-0.681377528,-0.429297024,0.037319053,1,1,0.0465657098,0.457020403,18,0.172929,,0.536250637,-0.33,-0.406125185,-1.4,-0.946043921,0.0321933583,0.40617479
1781693884.099206,2026-06-17T18:58:04.099,1781693884.006626,right,base,1,pelvis,200,0.001,0.20136708,-0.239277368,0.233957,0.487236048,0.565516403,-0.236090186,0.622136364,0.597225356,0.32335877,0.14737352,-1.4,1.14519016,0.52,-0.704060232,1,1,0.0409269208,0.483448373,3,0.038818,,0.585231179,0.33,0.132270421,-1.4,1.13674188,0.52,-0.735832833
1781693884.115679,2026-06-17T18:58:04.115,1781693883.989965,left,base,1,pelvis,200,0.001,0.2463356,0.057552817,0.2675895,-0.396809083,0.571359389,-0.339330846,0.633202635,1.44505206,0.0888451544,-0.183978208,-1.4,-0.681377528,-0.429297024,0.037319053,1,1,0.0465657098,0.457020403,18,0.158179,,0.536250637,-0.33,-0.406125185,-1.4,-0.946043921,0.0321933583,0.40617479
1781693884.116234,2026-06-17T18:58:04.116,1781693884.039961,right,base,1,pelvis,200,0.001,0.201352895,-0.238546718,0.2345735,0.489767767,0.564141232,-0.234018035,0.622179848,0.594663171,0.325279505,0.144233227,-1.4,1.143524,0.52,-0.710092884,1,1,0.0434363544,0.497991315,2,0.039496,,0.588927201,0.33,0.137015566,-1.4,1.13925269,0.52,-0.726139644
1781693884.132402,2026-06-17T18:58:04.132,1781693884.040202,left,base,1,pelvis,200,0.001,0.24531435,0.057092632,0.268278,-0.396396106,0.573256982,-0.337115724,0.632929339,1.44505206,0.0888451544,-0.183978208,-1.4,-0.681377528,-0.429297024,0.037319053,1,1,0.0488665879,0.466352269,18,0.176728,,0.539753385,-0.33,-0.40933378,-1.4,-0.949488994,0.0430319191,0.401200235
1781693884.132662,2026-06-17T18:58:04.132,1781693884.056627,right,base,1,pelvis,200,0.001,0.201576,-0.237804368,0.2355435,0.491418149,0.563015231,-0.23243338,0.622492391,0.591869947,0.326677449,0.140690518,-1.4,1.14151552,0.52,-0.717715605,1,1,0.0427480037,0.492218307,2,0.027849,,0.586856634,0.33,0.134292784,-1.4,1.13737733,0.52,-0.733924058
1781693884.149168,2026-06-17T18:58:04.149,1781693884.040202,left,base,1,pelvis,200,0.001,0.24531435,0.057092632,0.268278,-0.396396106,0.573256982,-0.337115724,0.632929339,1.44505206,0.0888451544,-0.183978208,-1.4,-0.681377528,-0.429297024,0.037319053,1,1,0.0488665879,0.466352269,18,0.163487,,0.539753385,-0.33,-0.40933378,-1.4,-0.949488994,0.0430319191,0.401200235
1781693884.149693,2026-06-17T18:58:04.149,1781693884.056627,right,base,1,pelvis,200,0.001,0.201576,-0.237804368,0.2355435,0.491418149,0.563015231,-0.23243338,0.622492391,0.591026275,0.32763001,0.139636926,-1.4,1.14086678,0.52,-0.72013074,1,1,0.0422818139,0.489555575,2,0.038927,,0.586119363,0.33,0.133313073,-1.4,1.13672238,0.52,-0.736377699
1781693884.165913,2026-06-17T18:58:04.165,1781693884.040202,left,base,1,pelvis,200,0.001,0.24531435,0.057092632,0.268278,-0.396396106,0.573256982,-0.337115724,0.632929339,1.44505206,0.0888451544,-0.183978208,-1.4,-0.681377528,-0.429297024,0.037319053,1,1,0.0488665879,0.466352269,18,0.156366,,0.539753385,-0.33,-0.40933378,-1.4,-0.949488994,0.0430319191,0.401200235
1781693884.166174,2026-06-17T18:58:04.166,1781693884.073296,right,base,1,pelvis,200,0.001,0.201746565,-0.237305518,0.2356965,0.492761694,0.561874201,-0.231240535,0.622905378,0.58978356,0.328336359,0.138044165,-1.4,1.13982679,0.52,-0.724241683,1,1,0.0415668162,0.487436924,2,0.034672,,0.584953079,0.33,0.131988195,-1.4,1.13558227,0.52,-0.740884103
1781693884.182762,2026-06-17T18:58:04.182,1781693884.090157,left,base,1,pelvis,200,0.001,0.24467165,0.056609622,0.26888,-0.395853068,0.575016856,-0.335032718,0.632778826,1.44505206,0.0888451544,-0.183978208,-1.4,-0.681377528,-0.429297024,0.037319053,1,1,0.0459618905,0.44807558,19,0.173274,,0.539390589,-0.33,-0.418768503,-1.4,-0.956985514,0.0466089687,0.421685453
1781693884.183287,2026-06-17T18:58:04.183,1781693884.073296,right,base,1,pelvis,200,0.001,0.201746565,-0.237305518,0.2356965,0.492761694,0.561874201,-0.231240535,0.622905378,0.588727802,0.328815701,0.136681004,-1.4,1.13893232,0.52,-0.727738411,1,1,0.0409446489,0.483802863,2,0.040636,,0.584029325,0.33,0.130767264,-1.4,1.13467599,0.52,-0.744454477
1781693884.199522,2026-06-17T18:58:04.199,1781693884.090157,left,base,1,pelvis,200,0.001,0.24467165,0.056609622,0.26888,-0.395853068,0.575016856,-0.335032718,0.632778826,1.44505206,0.0888451544,-0.183978208,-1.4,-0.681377528,-0.429297024,0.037319053,1,1,0.0459618905,0.44807558,19,0.233817,,0.539390589,-0.33,-0.418768503,-1.4,-0.956985514,0.0466089687,0.421685453
1781693884.199958,2026-06-17T18:58:04.199,1781693884.089962,right,base,1,pelvis,200,0.001,0.20168941,-0.237445268,0.2346525,0.493701983,0.561055915,-0.23069766,0.623099673,0.587596713,0.329170574,0.135274812,-1.4,1.13792849,0.52,-0.731677495,1,1,0.0391036747,0.480647662,2,0.04919,,0.582510035,0.33,0.129075334,-1.4,1.13321652,0.52,-0.749127527
1781693884.216441,2026-06-17T18:58:04.216,1781693884.090157,left,base,1,pelvis,200,0.001,0.24467165,0.056609622,0.26888,-0.395853068,0.575016856,-0.335032718,0.632778826,1.44505206,0.0888451544,-0.183978208,-1.4,-0.681377528,-0.429297024,0.037319053,1,1,0.0459618905,0.44807558,19,0.279582,,0.539390589,-0.33,-0.418768503,-1.4,-0.956985514,0.0466089687,0.421685453
1781693884.217045,2026-06-17T18:58:04.217,1781693884.106631,right,base,1,pelvis,200,0.001,0.201493385,-0.237952618,0.2327835,0.494760699,0.560191529,-0.230276145,0.623193548,0.586548354,0.32941432,0.133950166,-1.4,1.13697267,0.52,-0.735432303,1,1,0.0364554201,0.477333779,2,0.054076,,0.580734718,0.33,0.127085134,-1.4,1.13151986,0.52,-0.753912262
1781693884.233100,2026-06-17T18:58:04.233,1781693884.173512,left,base,1,pelvis,200,0.001,0.2441129,0.056259822,0.2693885,-0.395116965,0.577263932,-0.333741435,0.631874665,1.44505206,0.0888451544,-0.183978208,-1.4,-0.681377528,-0.429297024,0.037319053,1,1,0.0480386697,0.456370461,19,0.292695,,0.541325708,-0.33,-0.420892951,-1.4,-0.95906708,0.0564051989,0.414113181
1781693884.233406,2026-06-17T18:58:04.233,1781693884.173304,right,base,1,pelvis,200,0.001,0.20151184,-0.238280768,0.2322515,0.498070934,0.55856214,-0.229997811,0.622121119,0.585337574,0.32958992,0.13248858,-1.4,1.13584649,0.52,-0.739538444,1,1,0.0352142429,0.478062267,2,0.033348,,0.579285614,0.33,0.125389705,-1.4,1.12987656,0.52,-0.758423249
1781693884.249807,2026-06-17T18:58:04.249,1781693884.173512,left,base,1,pelvis,200,0.001,0.2441129,0.056259822,0.2693885,-0.395116965,0.577263932,-0.333741435,0.631874665,1.44505206,0.0888451544,-0.183978208,-1.4,-0.681377528,-0.429297024,0.037319053,1,1,0.0480386697,0.456370461,19,0.259747,,0.541325708,-0.33,-0.420892951,-1.4,-0.95906708,0.0564051989,0.414113181
1781693884.250186,2026-06-17T18:58:04.250,1781693884.173304,right,base,1,pelvis,200,0.001,0.20151184,-0.238280768,0.2322515,0.498070934,0.55856214,-0.229997811,0.622121119,0.584009797,0.329708215,0.130929859,-1.4,1.13459839,0.52,-0.74368483,1,1,0.0344914273,0.47378976,2,0.043824,,0.578122401,0.33,0.124017719,-1.4,1.12861997,0.52,-0.762674576
1781693884.266366,2026-06-17T18:58:04.266,1781693884.173512,left,base,1,pelvis,200,0.001,0.2441129,0.056259822,0.2693885,-0.395116965,0.577263932,-0.333741435,0.631874665,1.44505206,0.0888451544,-0.183978208,-1.4,-0.681377528,-0.429297024,0.037319053,1,1,0.0480386697,0.456370461,19,0.181664,,0.541325708,-0.33,-0.420892951,-1.4,-0.95906708,0.0564051989,0.414113181
1781693884.266657,2026-06-17T18:58:04.266,1781693884.173304,right,base,1,pelvis,200,0.001,0.20151184,-0.238280768,0.2322515,0.498070934,0.55856214,-0.229997811,0.622121119,0.582607691,0.329794815,0.129285578,-1.4,1.13319698,0.52,-0.748059096,1,1,0.0337482631,0.469266235,2,0.034904,,0.576889728,0.33,0.122574007,-1.4,1.12721482,0.52,-0.767160045
1781693884.283524,2026-06-17T18:58:04.283,1781693884.173512,left,base,1,pelvis,200,0.001,0.2441129,0.056259822,0.2693885,-0.395116965,0.577263932,-0.333741435,0.631874665,1.44505206,0.0888451544,-0.183978208,-1.4,-0.681377528,-0.429297024,0.037319053,1,1,0.0480386697,0.456370461,19,0.256797,,0.541325708,-0.33,-0.420892951,-1.4,-0.95906708,0.0564051989,0.414113181
1781693884.283926,2026-06-17T18:58:04.283,1781693884.206646,right,base,1,pelvis,200,0.001,0.201438365,-0.238500368,0.2322045,0.499841034,0.55833275,-0.230334817,0.620781245,0.581300427,0.329854617,0.12775023,-1.4,1.13186299,0.52,-0.752318861,1,1,0.0330500506,0.467270729,2,0.043315,,0.57575231,0.33,0.121116821,-1.4,1.12571426,0.52,-0.771376713
1781693884.299883,2026-06-17T18:58:04.299,1781693884.223331,left,base,1,pelvis,200,0.001,0.2434075,0.055842862,0.270028,-0.39477043,0.578947749,-0.33395595,0.63043575,1.44505206,0.0888451544,-0.183978208,-1.4,-0.681377528,-0.429297024,0.037319053,1,1,0.0461576668,0.442703101,20,0.219438,,0.541909802,-0.33,-0.429105282,-1.4,-0.963318655,0.0580677538,0.427663164
1781693884.300204,2026-06-17T18:58:04.300,1781693884.206646,right,base,1,pelvis,200,0.001,0.201438365,-0.238500368,0.2322045,0.499841034,0.55833275,-0.230334817,0.620781245,0.579952003,0.329899063,0.126167773,-1.4,1.13044196,0.52,-0.756856058,1,1,0.0323207041,0.462759672,2,0.04028,,0.574549164,0.33,0.119726563,-1.4,1.12428291,0.52,-0.776015876
1781693884.316802,2026-06-17T18:58:04.316,1781693884.240244,left,base,1,pelvis,200,0.001,0.2424851,0.055131662,0.271054,-0.394659173,0.580008181,-0.334732105,0.629117688,1.44505206,0.0888451544,-0.183978208,-1.4,-0.681377528,-0.429297024,0.037319053,1,1,0.0489614092,0.454883202,20,0.279126,,0.54525799,-0.33,-0.432435305,-1.4,-0.964216744,0.066276467,0.418387546
1781693884.317397,2026-06-17T18:58:04.317,1781693884.239987,right,base,1,pelvis,200,0.001,0.201366155,-0.238710618,0.231459,0.500902336,0.558366615,-0.2308314,0.619709963,0.578737916,0.329928243,0.124707596,-1.4,1.12907524,0.52,-0.761053827,1,1,0.0308861672,0.459403767,2,0.049751,,0.573143474,0.33,0.11812043,-1.4,1.12262561,0.52,-0.78051409
1781693884.333449,2026-06-17T18:58:04.333,1781693884.240244,left,base,1,pelvis,200,0.001,0.2424851,0.055131662,0.271054,-0.394659173,0.580008181,-0.334732105,0.629117688,1.44505206,0.0888451544,-0.183978208,-1.4,-0.681377528,-0.429297024,0.037319053,1,1,0.0489614092,0.454883202,20,0.300153,,0.54525799,-0.33,-0.432435305,-1.4,-0.964216744,0.066276467,0.418387546
1781693884.333782,2026-06-17T18:58:04.333,1781693884.239987,right,base,1,pelvis,200,0.001,0.201366155,-0.238710618,0.231459,0.500902336,0.558366615,-0.2308314,0.619709963,0.577462136,0.329950098,0.123190509,-1.4,1.12761562,0.52,-0.765610859,1,1,0.0301976012,0.454986691,2,0.044416,,0.57198795,0.33,0.11678767,-1.4,1.1211556,0.52,-0.785162079
1781693884.350231,2026-06-17T18:58:04.350,1781693884.256684,left,base,1,pelvis,200,0.001,0.24150635,0.054119927,0.2721065,-0.394828766,0.580158914,-0.335390352,0.628521433,1.44505206,0.0888451544,-0.183978208,-1.4,-0.681377528,-0.429297024,0.037319053,1,1,0.0469954485,0.441915007,21,0.289751,,0.546780006,-0.33,-0.442326191,-1.4,-0.968785652,0.0662795285,0.435476436
1781693884.350659,2026-06-17T18:58:04.350,1781693884.273321,right,base,1,pelvis,200,0.001,0.201370565,-0.239000868,0.2308355,0.502068246,0.557990316,-0.231341618,0.618914647,0.576200454,0.329964677,0.121709303,-1.4,1.12615781,0.52,-0.769964786,1,1,0.0288928817,0.452319252,2,0.056857,,0.570490345,0.33,0.115146453,-1.4,1.11940626,0.52,-0.7898121
1781693884.366762,2026-06-17T18:58:04.366,1781693884.290334,left,base,1,pelvis,200,0.001,0.24065015,0.053659957,0.273238,-0.394864365,0.580239066,-0.335635341,0.62829426,1.44505206,0.0888451544,-0.183978208,-1.4,-0.681377528,-0.429297024,0.037319053,1,1,0.0495584285,0.453829077,21,0.177097,,0.549930073,-0.33,-0.445518738,-1.4,-0.970217007,0.0736586503,0.428985247
1781693884.367004,2026-06-17T18:58:04.367,1781693884.273321,right,base,1,pelvis,200,0.001,0.201370565,-0.239000868,0.2308355,0.502068246,0.557990316,-0.231341618,0.618914647,0.574926952,0.329975356,0.120221421,-1.4,1.12464557,0.52,-0.774559153,1,1,0.0282311893,0.447930705,2,0.025083,,0.56932621,0.33,0.113837984,-1.4,1.11788327,0.52,-0.794493581
1781693884.383872,2026-06-17T18:58:04.383,1781693884.290334,left,base,1,pelvis,200,0.001,0.24065015,0.053659957,0.273238,-0.394864365,0.580239066,-0.335635341,0.62829426,1.44505206,0.0888451544,-0.183978208,-1.4,-0.681377528,-0.429297024,0.037319053,1,1,0.0495584285,0.453829077,21,0.275258,,0.549930073,-0.33,-0.445518738,-1.4,-0.970217007,0.0736586503,0.428985247
1781693884.384261,2026-06-17T18:58:04.384,1781693884.289987,right,base,1,pelvis,200,0.001,0.20161442,-0.239073268,0.2307135,0.503233671,0.557217316,-0.231810392,0.618489028,0.573641538,0.329982496,0.118751055,-1.4,1.12312759,0.52,-0.778978373,1,1,0.0274825484,0.446113039,2,0.040065,,0.56784304,0.33,0.112389869,-1.4,1.11622744,0.52,-0.799117887
1781693884.400267,2026-06-17T18:58:04.400,1781693884.290334,left,base,1,pelvis,200,0.001,0.24065015,0.053659957,0.273238,-0.394864365,0.580239066,-0.335635341,0.62829426,1.44505206,0.0888451544,-0.183978208,-1.4,-0.681377528,-0.429297024,0.037319053,1,1,0.0495584285,0.453829077,21,0.179306,,0.549930073,-0.33,-0.445518738,-1.4,-0.970217007,0.0736586503,0.428985247
1781693884.400522,2026-06-17T18:58:04.400,1781693884.323322,right,base,1,pelvis,200,0.001,0.20189756,-0.239198818,0.230553,0.504501571,0.556323174,-0.232443088,0.618023383,0.572315569,0.329987874,0.117241418,-1.4,1.12151617,0.52,-0.783745724,1,1,0.0266698044,0.444417364,2,0.027578,,0.566247292,0.33,0.110862339,-1.4,1.11445124,0.52,-0.8041043
1781693884.417093,2026-06-17T18:58:04.417,1781693884.290334,left,base,1,pelvis,200,0.001,0.24065015,0.053659957,0.273238,-0.394864365,0.580239066,-0.335635341,0.62829426,1.44505206,0.0888451544,-0.183978208,-1.4,-0.681377528,-0.429297024,0.037319053,1,1,0.0495584285,0.453829077,21,0.210731,,0.549930073,-0.33,-0.445518738,-1.4,-0.970217007,0.0736586503,0.428985247
1781693884.417476,2026-06-17T18:58:04.417,1781693884.323322,right,base,1,pelvis,200,0.001,0.20189756,-0.239198818,0.230553,0.504501571,0.556323174,-0.232443088,0.618023383,0.571011618,0.329991409,0.115826965,-1.4,1.11997426,0.52,-0.788227429,1,1,0.0260671948,0.440182819,2,0.031269,,0.565049755,0.33,0.109614471,-1.4,1.11289687,0.52,-0.808672828
1781693884.433746,2026-06-17T18:58:04.433,1781693884.290334,left,base,1,pelvis,200,0.001,0.24065015,0.053659957,0.273238,-0.394864365,0.580239066,-0.335635341,0.62829426,1.44505206,0.0888451544,-0.183978208,-1.4,-0.681377528,-0.429297024,0.037319053,1,1,0.0495584285,0.453829077,21,0.176752,,0.549930073,-0.33,-0.445518738,-1.4,-0.970217007,0.0736586503,0.428985247
1781693884.434041,2026-06-17T18:58:04.434,1781693884.323322,right,base,1,pelvis,200,0.001,0.20189756,-0.239198818,0.230553,0.504501571,0.556323174,-0.232443088,0.618023383,0.569567524,0.329994013,0.114322159,-1.4,1.1183002,0.52,-0.793039796,1,1,0.0254329831,0.435640342,2,0.036514,,0.563723895,0.33,0.108284722,-1.4,1.11120763,0.52,-0.813581191
1781693884.450560,2026-06-17T18:58:04.450,1781693884.290334,left,base,1,pelvis,200,0.001,0.24065015,0.053659957,0.273238,-0.394864365,0.580239066,-0.335635341,0.62829426,1.44505206,0.0888451544,-0.183978208,-1.4,-0.681377528,-0.429297024,0.037319053,1,1,0.0495584285,0.453829077,21,0.19841,,0.549930073,-0.33,-0.445518738,-1.4,-0.970217007,0.0736586503,0.428985247
1781693884.450850,2026-06-17T18:58:04.450,1781693884.323322,right,base,1,pelvis,200,0.001,0.20189756,-0.239198818,0.230553,0.504501571,0.556323174,-0.232443088,0.618023383,0.568224627,0.329995793,0.112922809,-1.4,1.11669407,0.52,-0.797686681,1,1,0.0248504621,0.431331952,2,0.030145,,0.562480233,0.33,0.107046944,-1.4,1.10958476,0.52,-0.818312783
1781693884.467453,2026-06-17T18:58:04.467,1781693884.290334,left,base,1,pelvis,200,0.001,0.24065015,0.053659957,0.273238,-0.394864365,0.580239066,-0.335635341,0.62829426,1.44505206,0.0888451544,-0.183978208,-1.4,-0.681377528,-0.429297024,0.037319053,1,1,0.0495584285,0.453829077,21,0.284811,,0.549930073,-0.33,-0.445518738,-1.4,-0.970217007,0.0736586503,0.428985247
1781693884.467932,2026-06-17T18:58:04.467,1781693884.323322,right,base,1,pelvis,200,0.001,0.20189756,-0.239198818,0.230553,0.504501571,0.556323174,-0.232443088,0.618023383,0.566868318,0.329997061,0.111525108,-1.4,1.11504072,0.52,-0.802476538,1,1,0.0242767279,0.426951996,2,0.053359,,0.561216018,0.33,0.105809168,-1.4,1.10791216,0.52,-0.823184491
1781693884.484224,2026-06-17T18:58:04.484,1781693884.423573,left,base,1,pelvis,200,0.001,0.2402148,0.053190287,0.2735705,-0.396572436,0.581003522,-0.335204343,0.626740184,1.44505206,0.0888451544,-0.183978208,-1.4,-0.681377528,-0.429297024,0.037319053,1,1,0.0472561386,0.439043885,22,0.285371,,0.549848761,-0.33,-0.453016993,-1.4,-0.97203233,0.0748357947,0.445100895
1781693884.484658,2026-06-17T18:58:04.484,1781693884.323322,right,base,1,pelvis,200,0.001,0.20189756,-0.239198818,0.230553,0.504501571,0.556323174,-0.232443088,0.618023383,0.565521291,0.329997963,0.110150429,-1.4,1.11336588,0.52,-0.807337851,1,1,0.0237228901,0.42257004,2,0.048583,,0.55995188,0.33,0.104590282,-1.4,1.10621586,0.52,-0.828123255
1781693884.500883,2026-06-17T18:58:04.500,1781693884.423573,left,base,1,pelvis,200,0.001,0.2402148,0.053190287,0.2735705,-0.396572436,0.581003522,-0.335204343,0.626740184,1.44505206,0.0888451544,-0.183978208,-1.4,-0.681377528,-0.429297024,0.037319053,1,1,0.0472561386,0.439043885,22,0.276449,,0.549848761,-0.33,-0.453016993,-1.4,-0.97203233,0.0748357947,0.445100895
1781693884.501333,2026-06-17T18:58:04.501,1781693884.323322,right,base,1,pelvis,200,0.001,0.20189756,-0.239198818,0.230553,0.504501571,0.556323174,-0.232443088,0.618023383,0.564228093,0.329998575,0.108846421,-1.4,1.11172772,0.52,-0.812097791,1,1,0.0232082621,0.418339609,2,0.048643,,0.558730268,0.33,0.103432577,-1.4,1.10455482,0.52,-0.832953809
1781693884.517621,2026-06-17T18:58:04.517,1781693884.440233,left,base,1,pelvis,200,0.001,0.2401807,0.052923622,0.2726805,-0.397448295,0.581484545,-0.334942494,0.625878664,1.44505206,0.0888451544,-0.183978208,-1.4,-0.681377528,-0.429297024,0.037319053,1,1,0.0492441301,0.452016979,21,0.253176,,0.550666053,-0.33,-0.447293774,-1.4,-0.968887707,0.0778571066,0.42998727
1781693884.518038,2026-06-17T18:58:04.518,1781693884.373324,right,base,1,pelvis,200,0.001,0.20203761,-0.239265018,0.230351,0.506031976,0.555081388,-0.233366106,0.61754073,0.562944111,0.329999003,0.107568466,-1.4,1.11007272,0.52,-0.816909623,1,1,0.0224928167,0.417942058,2,0.05713,,0.557192702,0.33,0.102074567,-1.4,1.10268302,0.52,-0.838114843
1781693884.534305,2026-06-17T18:58:04.534,1781693884.440233,left,base,1,pelvis,200,0.001,0.2401807,0.052923622,0.2726805,-0.397448295,0.581484545,-0.334942494,0.625878664,1.44505206,0.0888451544,-0.183978208,-1.4,-0.681377528,-0.429297024,0.037319053,1,1,0.0492441301,0.452016979,21,0.251613,,0.550666053,-0.33,-0.447293774,-1.4,-0.968887707,0.0778571066,0.42998727
1781693884.534706,2026-06-17T18:58:04.534,1781693884.423332,right,base,1,pelvis,200,0.001,0.20129803,-0.238764768,0.2295425,0.508603703,0.552092696,-0.235553159,0.617276792,0.561675734,0.329999303,0.106323554,-1.4,1.10841182,0.52,-0.822022867,1,1,0.0212037667,0.421410505,2,0.04465,,0.555859932,0.33,0.100577313,-1.4,1.1005348,0.52,-0.844704406
1781693884.551320,2026-06-17T18:58:04.551,1781693884.440233,left,base,1,pelvis,200,0.001,0.2401807,0.052923622,0.2726805,-0.397448295,0.581484545,-0.334942494,0.625878664,1.44505206,0.0888451544,-0.183978208,-1.4,-0.681377528,-0.429297024,0.037319053,1,1,0.0492441301,0.452016979,21,0.275516,,0.550666053,-0.33,-0.447293774,-1.4,-0.968887707,0.0778571066,0.42998727
1781693884.551762,2026-06-17T18:58:04.551,1781693884.439996,right,base,1,pelvis,200,0.001,0.200972225,-0.238429018,0.2294175,0.509230012,0.550805635,-0.236225548,0.61765317,0.560321942,0.329999513,0.10504044,-1.4,1.10668183,0.52,-0.829250428,1,1,0.0205138852,0.418822194,2,0.04727,,0.554558253,0.33,0.0993625928,-1.4,1.09860526,0.52,-0.852543702
1781693884.568053,2026-06-17T18:58:04.568,1781693884.490197,left,base,1,pelvis,200,0.001,0.24020805,0.052935957,0.271997,-0.397569587,0.582023663,-0.335077263,0.625228043,1.44505206,0.0888451544,-0.183978208,-1.4,-0.681377528,-0.429297024,0.037319053,1,1,0.048273942,0.447233226,21,0.27782,,0.550285099,-0.33,-0.44621974,-1.4,-0.967996275,0.0749345748,0.431540978
1781693884.568508,2026-06-17T18:58:04.568,1781693884.473327,right,base,1,pelvis,200,0.001,0.20171817,-0.238304718,0.229882,0.510125937,0.548281483,-0.236877009,0.6189089,0.558957564,0.329999662,0.10367572,-1.4,1.10480221,0.52,-0.837696542,1,1,0.0203545973,0.417508545,2,0.047478,,0.552582174,0.33,0.098059781,-1.4,1.09661148,0.52,-0.861325846
1781693884.584700,2026-06-17T18:58:04.584,1781693884.490197,left,base,1,pelvis,200,0.001,0.24020805,0.052935957,0.271997,-0.397569587,0.582023663,-0.335077263,0.625228043,1.44505206,0.0888451544,-0.183978208,-1.4,-0.681377528,-0.429297024,0.037319053,1,1,0.048273942,0.447233226,21,0.205394,,0.550285099,-0.33,-0.44621974,-1.4,-0.967996275,0.0749345748,0.431540978
1781693884.584985,2026-06-17T18:58:04.584,1781693884.489995,right,base,1,pelvis,200,0.001,0.202187885,-0.238664718,0.2293075,0.510652617,0.547418406,-0.237025116,0.619181789,0.557626915,0.329999764,0.102371139,-1.4,1.10292783,0.52,-0.84704165,1,1,0.0192302365,0.41290393,2,0.042274,,0.550404106,0.33,0.0964564977,-1.39948079,1.09432118,0.52,-0.870877384
1781693884.601362,2026-06-17T18:58:04.601,1781693884.490197,left,base,1,pelvis,200,0.001,0.24020805,0.052935957,0.271997,-0.397569587,0.582023663,-0.335077263,0.625228043,1.44505206,0.0888451544,-0.183978208,-1.4,-0.681377528,-0.429297024,0.037319053,1,1,0.048273942,0.447233226,21,0.18968,,0.550285099,-0.33,-0.44621974,-1.4,-0.967996275,0.0749345748,0.431540978
1781693884.601635,2026-06-17T18:58:04.601,1781693884.489995,right,base,1,pelvis,200,0.001,0.202187885,-0.238664718,0.2293075,0.510652617,0.547418406,-0.237025116,0.619181789,0.556124654,0.329999835,0.10108727,-1.39948372,1.1010469,0.52,-0.857114026,1,1,0.0188703723,0.407429031,2,0.035444,,0.548761202,0.33,0.0952520626,-1.39817452,1.09225944,0.52,-0.880840214
1781693884.618334,2026-06-17T18:58:04.618,1781693884.490197,left,base,1,pelvis,200,0.001,0.24020805,0.052935957,0.271997,-0.397569587,0.582023663,-0.335077263,0.625228043,1.44505206,0.0888451544,-0.183978208,-1.4,-0.681377528,-0.429297024,0.037319053,1,1,0.048273942,0.447233226,21,0.265496,,0.550285099,-0.33,-0.44621974,-1.4,-0.967996275,0.0749345748,0.431540978
1781693884.618782,2026-06-17T18:58:04.618,1781693884.489995,right,base,1,pelvis,200,0.001,0.202187885,-0.238664718,0.2293075,0.510652617,0.547418406,-0.237025116,0.619181789,0.554401276,0.329999884,0.0996921994,-1.39818439,1.09902071,0.52,-0.867577851,1,1,0.0186706023,0.402209256,2,0.049532,,0.546907729,0.33,0.0939565412,-1.39621788,1.09007444,0.52,-0.891100049
1781693884.635026,2026-06-17T18:58:04.635,1781693884.490197,left,base,1,pelvis,200,0.001,0.24020805,0.052935957,0.271997,-0.397569587,0.582023663,-0.335077263,0.625228043,1.44505206,0.0888451544,-0.183978208,-1.4,-0.681377528,-0.429297024,0.037319053,1,1,0.048273942,0.447233226,21,0.289247,,0.550285099,-0.33,-0.44621974,-1.4,-0.967996275,0.0749345748,0.431540978
1781693884.635485,2026-06-17T18:58:04.635,1781693884.506662,right,base,1,pelvis,200,0.001,0.20248936,-0.239284918,0.22798,0.511188206,0.547068434,-0.237059765,0.619035874,0.552649894,0.32999992,0.0983134268,-1.3962375,1.09692117,0.52,-0.878331587,1,1,0.0176075731,0.398339063,2,0.050393,,0.544077119,0.33,0.0920149698,-1.39237324,1.08735872,0.52,-0.901914737
1781693884.651828,2026-06-17T18:58:04.651,1781693884.540224,left,base,1,pelvis,200,0.001,0.2401632,0.053240492,0.271691,-0.397226328,0.582803664,-0.335118043,0.624697551,1.44505206,0.0888451544,-0.183978208,-1.4,-0.681377528,-0.429297024,0.037319053,1,1,0.0485323389,0.447944876,21,0.268493,,0.550576403,-0.33,-0.445059416,-1.4,-0.967405793,0.0749674631,0.428543047
1781693884.652280,2026-06-17T18:58:04.652,1781693884.506662,right,base,1,pelvis,200,0.001,0.20248936,-0.239284918,0.22798,0.511188206,0.547068434,-0.237059765,0.619035874,0.55091117,0.329999944,0.0969941648,-1.39241124,1.09484798,0.52,-0.88959894,1,1,0.0177827732,0.394609389,2,0.049419,,0.542155218,0.33,0.0908243633,-1.3883801,1.08519245,0.52,-0.912604849
1781693884.668419,2026-06-17T18:58:04.668,1781693884.556690,left,base,1,pelvis,200,0.001,0.2400604,0.053114822,0.272066,-0.396743163,0.583427221,-0.335024434,0.624472713,1.44505206,0.0888451544,-0.183978208,-1.4,-0.681377528,-0.429297024,0.037319053,1,1,0.0495202724,0.452211114,21,0.256497,,0.551007042,-0.33,-0.445924233,-1.4,-0.968138474,0.0787279743,0.424646602
1781693884.668831,2026-06-17T18:58:04.668,1781693884.539997,right,base,1,pelvis,200,0.001,0.2025123,-0.239642918,0.2282205,0.512171572,0.546285724,-0.236740539,0.619036433,0.548829795,0.329999961,0.0954777036,-1.38843571,1.09256706,0.52,-0.900724468,1,1,0.0179089367,0.392821157,2,0.046896,,0.540011305,0.33,0.0894014082,-1.38458563,1.08274804,0.52,-0.923014295
1781693884.685315,2026-06-17T18:58:04.685,1781693884.556690,left,base,1,pelvis,200,0.001,0.2400604,0.053114822,0.272066,-0.396743163,0.583427221,-0.335024434,0.624472713,1.44505206,0.0888451544,-0.183978208,-1.4,-0.681377528,-0.429297024,0.037319053,1,1,0.0495202724,0.452211114,21,0.27436,,0.551007042,-0.33,-0.445924233,-1.4,-0.968138474,0.0787279743,0.424646602
1781693884.685803,2026-06-17T18:58:04.685,1781693884.573335,right,base,1,pelvis,200,0.001,0.2023624,-0.239744018,0.2286995,0.51262928,0.545898478,-0.23625079,0.619186271,0.546822805,0.329999973,0.0940784831,-1.38465655,1.09034957,0.52,-0.911543902,1,1,0.0182251815,0.390047336,2,0.050106,,0.538222043,0.33,0.0882756401,-1.38124616,1.08049986,0.52,-0.933102282
1781693884.701928,2026-06-17T18:58:04.701,1781693884.556690,left,base,1,pelvis,200,0.001,0.2400604,0.053114822,0.272066,-0.396743163,0.583427221,-0.335024434,0.624472713,1.44505206,0.0888451544,-0.183978208,-1.4,-0.681377528,-0.429297024,0.037319053,1,1,0.0495202724,0.452211114,21,0.26448,,0.551007042,-0.33,-0.445924233,-1.4,-0.968138474,0.0787279743,0.424646602
1781693884.702379,2026-06-17T18:58:04.702,1781693884.573335,right,base,1,pelvis,200,0.001,0.2023624,-0.239744018,0.2286995,0.51262928,0.545898478,-0.23625079,0.619186271,0.544696083,0.329999981,0.092618182,-1.38132902,1.08797618,0.52,-0.922043657,1,1,0.0183836015,0.386323022,2,0.049551,,0.53599901,0.33,0.0869553041,-1.37769711,1.07805188,0.52,-0.943144772
1781693884.718698,2026-06-17T18:58:04.718,1781693884.556690,left,base,1,pelvis,200,0.001,0.2400604,0.053114822,0.272066,-0.396743163,0.583427221,-0.335024434,0.624472713,1.44505206,0.0888451544,-0.183978208,-1.4,-0.681377528,-0.429297024,0.037319053,1,1,0.0495202724,0.452211114,21,0.254831,,0.551007042,-0.33,-0.445924233,-1.4,-0.968138474,0.0787279743,0.424646602
1781693884.719128,2026-06-17T18:58:04.719,1781693884.623334,right,base,1,pelvis,200,0.001,0.20214455,-0.239476868,0.229117,0.512474624,0.545868103,-0.235221814,0.619732581,0.542771265,0.329999987,0.0913270867,-1.37779197,1.0853333,0.52,-0.932455618,1,1,0.018900478,0.382049391,2,0.048481,,0.534341519,0.33,0.086059007,-1.37446401,1.07547496,0.52,-0.952999866
1781693884.735505,2026-06-17T18:58:04.735,1781693884.556690,left,base,1,pelvis,200,0.001,0.2400604,0.053114822,0.272066,-0.396743163,0.583427221,-0.335024434,0.624472713,1.44505206,0.0888451544,-0.183978208,-1.4,-0.681377528,-0.429297024,0.037319053,1,1,0.0495202724,0.452211114,21,0.282714,,0.551007042,-0.33,-0.445924233,-1.4,-0.968138474,0.0787279743,0.424646602
1781693884.735961,2026-06-17T18:58:04.735,1781693884.673337,right,base,1,pelvis,200,0.001,0.202015485,-0.238685218,0.2292135,0.510425657,0.547588213,-0.232308808,0.621003555,0.540707724,0.329999991,0.0899949819,-1.37456851,1.08249076,0.52,-0.942675807,1,1,0.0196024934,0.371959343,2,0.048241,,0.532508668,0.33,0.0853225475,-1.37111785,1.07284047,0.52,-0.962736054
1781693884.752311,2026-06-17T18:58:04.752,1781693884.556690,left,base,1,pelvis,200,0.001,0.2400604,0.053114822,0.272066,-0.396743163,0.583427221,-0.335024434,0.624472713,1.44505206,0.0888451544,-0.183978208,-1.4,-0.681377528,-0.429297024,0.037319053,1,1,0.0495202724,0.452211114,21,0.267451,,0.551007042,-0.33,-0.445924233,-1.4,-0.968138474,0.0787279743,0.424646602
1781693884.752733,2026-06-17T18:58:04.752,1781693884.673337,right,base,1,pelvis,200,0.001,0.202015485,-0.238685218,0.2292135,0.510425657,0.547588213,-0.232308808,0.621003555,0.538758247,0.329999994,0.0887896967,-1.37123157,1.07960174,0.52,-0.95276346,1,1,0.0198148492,0.368565698,2,0.0475,,0.530429031,0.33,0.0842526232,-1.36761321,1.06992075,0.52,-0.972330275
1781693884.769043,2026-06-17T18:58:04.769,1781693884.690222,left,base,1,pelvis,200,0.001,0.24151035,0.053389982,0.273206,-0.39456511,0.583361999,-0.3332564,0.626855106,1.44505206,0.0888451544,-0.183978208,-1.4,-0.681377528,-0.429297024,0.037319053,1,1,0.0464168304,0.434049144,22,0.293247,,0.54517793,-0.33,-0.451549228,-1.4,-0.973715961,0.0790134567,0.443297363
1781693884.769498,2026-06-17T18:58:04.769,1781693884.706674,right,base,1,pelvis,200,0.001,0.20254996,-0.237836618,0.231367,0.506910679,0.550742652,-0.229767048,0.622037939,0.536837747,0.329999996,0.0877242396,-1.36773595,1.07643936,0.52,-0.962695559,1,1,0.0215168838,0.35557169,2,0.048112,,0.529390096,0.33,0.0845779297,-1.36610097,1.0677886,0.52,-0.98037271
1781693884.785825,2026-06-17T18:58:04.785,1781693884.690222,left,base,1,pelvis,200,0.001,0.24151035,0.053389982,0.273206,-0.39456511,0.583361999,-0.3332564,0.626855106,1.44505206,0.0888451544,-0.183978208,-1.4,-0.681377528,-0.429297024,0.037319053,1,1,0.0464168304,0.434049144,22,0.281299,,0.54517793,-0.33,-0.451549228,-1.4,-0.973715961,0.0790134567,0.443297363
1781693884.786291,2026-06-17T18:58:04.786,1781693884.706674,right,base,1,pelvis,200,0.001,0.20254996,-0.237836618,0.231367,0.506910679,0.550742652,-0.229767048,0.622037939,0.53489187,0.329999997,0.0866701532,-1.36622473,1.07407604,0.52,-0.971061829,1,1,0.0215317569,0.352252201,2,0.04891,,0.527374419,0.33,0.0835960304,-1.36413485,1.06533597,0.52,-0.988531342
1781693884.802405,2026-06-17T18:58:04.802,1781693884.690222,left,base,1,pelvis,200,0.001,0.24151035,0.053389982,0.273206,-0.39456511,0.583361999,-0.3332564,0.626855106,1.44505206,0.0888451544,-0.183978208,-1.4,-0.681377528,-0.429297024,0.037319053,1,1,0.0464168304,0.434049144,22,0.261115,,0.54517793,-0.33,-0.451549228,-1.4,-0.973715961,0.0790134567,0.443297363
1781693884.802799,2026-06-17T18:58:04.802,1781693884.706674,right,base,1,pelvis,200,0.001,0.20254996,-0.237836618,0.231367,0.506910679,0.550742652,-0.229767048,0.622037939,0.533206749,0.329999998,0.0860293328,-1.36426098,1.07140154,0.52,-0.979533094,1,1,0.0215473877,0.349255815,2,0.046584,,0.525576323,0.33,0.083008362,-1.36184586,1.06259585,0.52,-0.996676711
1781693884.819248,2026-06-17T18:58:04.819,1781693884.756888,left,base,1,pelvis,200,0.001,0.2429144,0.053838262,0.2731935,-0.393886234,0.582710052,-0.332638401,0.62821519,1.44505206,0.0888451544,-0.183978208,-1.4,-0.681377528,-0.429297024,0.037319053,1,1,0.0487206427,0.448748344,21,0.271571,,0.542014958,-0.33,-0.444370451,-1.4,-0.971416536,0.0829834939,0.427119271
1781693884.819978,2026-06-17T18:58:04.819,1781693884.756674,right,base,1,pelvis,200,0.001,0.202745655,-0.237807718,0.2318025,0.50221334,0.554259448,-0.227221712,0.623657373,0.531446915,0.329999999,0.0852951135,-1.36197526,1.06845417,0.52,-0.987972095,1,1,0.021734966,0.333961063,2,0.050264,,0.524098087,0.33,0.0828922665,-1.36000036,1.0601998,0.52,-1.00385858
1781693884.835972,2026-06-17T18:58:04.835,1781693884.756888,left,base,1,pelvis,200,0.001,0.2429144,0.053838262,0.2731935,-0.393886234,0.582710052,-0.332638401,0.62821519,1.44505206,0.0888451544,-0.183978208,-1.4,-0.681377528,-0.429297024,0.037319053,1,1,0.0487206427,0.448748344,21,0.280078,,0.542014958,-0.33,-0.444370451,-1.4,-0.971416536,0.0829834939,0.427119271
1781693884.836416,2026-06-17T18:58:04.836,1781693884.756674,right,base,1,pelvis,200,0.001,0.202745655,-0.237807718,0.2318025,0.50221334,0.554259448,-0.227221712,0.623657373,0.529609064,0.329999999,0.0845792216,-1.36013101,1.06585003,0.52,-0.995451312,1,1,0.0217751972,0.331220064,2,0.050224,,0.522214452,0.33,0.0822428643,-1.3578859,1.05755234,0.52,-1.0110712
1781693884.852679,2026-06-17T18:58:04.852,1781693884.806687,left,base,1,pelvis,200,0.001,0.2433288,0.053570877,0.2730925,-0.394019462,0.582024342,-0.33337805,0.62837521,1.44505206,0.0888451544,-0.183978208,-1.4,-0.681377528,-0.429297024,0.037319053,1,1,0.047574638,0.443662869,21,0.250747,,0.540431201,-0.33,-0.444269344,-1.4,-0.970815525,0.0792407203,0.431033639
1781693884.853092,2026-06-17T18:58:04.853,1781693884.756674,right,base,1,pelvis,200,0.001,0.202745655,-0.237807718,0.2318025,0.50221334,0.554259448,-0.227221712,0.623657373,0.52795118,0.329999999,0.0840717298,-1.35801866,1.0630137,0.52,-1.00293464,1,1,0.0218278836,0.328633909,2,0.047761,,0.520483812,0.33,0.0817996905,-1.35558858,1.05469498,0.52,-1.0182187
1781693884.869397,2026-06-17T18:58:04.869,1781693884.806687,left,base,1,pelvis,200,0.001,0.2433288,0.053570877,0.2730925,-0.394019462,0.582024342,-0.33337805,0.62837521,1.44505206,0.0888451544,-0.183978208,-1.4,-0.681377528,-0.429297024,0.037319053,1,1,0.047574638,0.443662869,21,0.264094,,0.540431201,-0.33,-0.444269344,-1.4,-0.970815525,0.0792407203,0.431033639
1781693884.869814,2026-06-17T18:58:04.869,1781693884.773341,right,base,1,pelvis,200,0.001,0.202881205,-0.238067368,0.2316145,0.499462791,0.55643168,-0.225693358,0.62448636,0.526200728,0.33,0.0835136867,-1.35572367,1.05997314,0.52,-1.01034629,1,1,0.0216123417,0.318682163,2,0.046711,,0.518675159,0.33,0.0814309285,-1.35320413,1.05185622,0.52,-1.02478934
1781693884.886205,2026-06-17T18:58:04.886,1781693884.806687,left,base,1,pelvis,200,0.001,0.2433288,0.053570877,0.2730925,-0.394019462,0.582024342,-0.33337805,0.62837521,1.44505206,0.0888451544,-0.183978208,-1.4,-0.681377528,-0.429297024,0.037319053,1,1,0.047574638,0.443662869,21,0.264049,,0.540431201,-0.33,-0.444269344,-1.4,-0.970815525,0.0792407203,0.431033639
1781693884.886621,2026-06-17T18:58:04.886,1781693884.790010,right,base,1,pelvis,200,0.001,0.202814745,-0.238654268,0.2310175,0.496016396,0.559443297,-0.223541905,0.625315879,0.524450186,0.33,0.0829888544,-1.35334149,1.05695825,0.52,-1.01717277,1,1,0.0209574201,0.306762628,2,0.047716,,0.516918767,0.33,0.0809916596,-1.35068493,1.04898922,0.52,-1.03064843
1781693884.902855,2026-06-17T18:58:04.902,1781693884.806687,left,base,1,pelvis,200,0.001,0.2433288,0.053570877,0.2730925,-0.394019462,0.582024342,-0.33337805,0.62837521,1.44505206,0.0888451544,-0.183978208,-1.4,-0.681377528,-0.429297024,0.037319053,1,1,0.047574638,0.443662869,21,0.253947,,0.540431201,-0.33,-0.444269344,-1.4,-0.970815525,0.0792407203,0.431033639
1781693884.903280,2026-06-17T18:58:04.903,1781693884.823347,right,base,1,pelvis,200,0.001,0.20228814,-0.239564118,0.2297865,0.492674119,0.562611044,-0.221207482,0.625945904,0.522675605,0.33,0.0825101267,-1.35082466,1.05392201,0.52,-1.02328004,1,1,0.019763462,0.295031671,2,0.048026,,0.515212537,0.33,0.0803681217,-1.34780496,1.04590516,0.52,-1.03595379
1781693884.919694,2026-06-17T18:58:04.919,1781693884.806687,left,base,1,pelvis,200,0.001,0.2433288,0.053570877,0.2730925,-0.394019462,0.582024342,-0.33337805,0.62837521,1.44505206,0.0888451544,-0.183978208,-1.4,-0.681377528,-0.429297024,0.037319053,1,1,0.047574638,0.443662869,21,0.263309,,0.540431201,-0.33,-0.444269344,-1.4,-0.970815525,0.0792407203,0.431033639
1781693884.920151,2026-06-17T18:58:04.920,1781693884.823347,right,base,1,pelvis,200,0.001,0.20228814,-0.239564118,0.2297865,0.492674119,0.562611044,-0.221207482,0.625945904,0.520917803,0.33,0.0820464755,-1.34794778,1.05067767,0.52,-1.02882289,1,1,0.0199178872,0.292883699,2,0.049065,,0.513514968,0.33,0.0800389179,-1.34514111,1.04276027,0.52,-1.04111185
1781693884.936365,2026-06-17T18:58:04.936,1781693884.873556,left,base,1,pelvis,200,0.001,0.24347545,0.053269442,0.2730115,-0.394173679,0.581384801,-0.335454959,0.62776492,1.44505206,0.0888451544,-0.183978208,-1.4,-0.681377528,-0.429297024,0.037319053,1,1,0.0469837024,0.440906905,21,0.25183,,0.539954911,-0.33,-0.443971399,-1.4,-0.969001464,0.0742081445,0.431678511
1781693884.936771,2026-06-17T18:58:04.936,1781693884.856678,right,base,1,pelvis,200,0.001,0.201589975,-0.240001418,0.2292135,0.488654791,0.566428085,-0.218134276,0.626732126,0.519155096,0.33,0.0815279289,-1.34528607,1.04737719,0.52,-1.03421223,1,1,0.0192769118,0.279490292,2,0.047244,,0.512385293,0.33,0.0798428613,-1.34290946,1.03974616,0.52,-1.045498
1781693884.953255,2026-06-17T18:58:04.953,1781693884.873556,left,base,1,pelvis,200,0.001,0.24347545,0.053269442,0.2730115,-0.394173679,0.581384801,-0.335454959,0.62776492,1.44505206,0.0888451544,-0.183978208,-1.4,-0.681377528,-0.429297024,0.037319053,1,1,0.0469837024,0.440906905,21,0.271671,,0.539954911,-0.33,-0.443971399,-1.4,-0.969001464,0.0742081445,0.431678511
1781693884.953866,2026-06-17T18:58:04.953,1781693884.856678,right,base,1,pelvis,200,0.001,0.201589975,-0.240001418,0.2292135,0.488654791,0.566428085,-0.218134276,0.626732126,0.517435023,0.33,0.0810738243,-1.34305526,1.04421591,0.52,-1.0388186,1,1,0.0194115634,0.277262328,2,0.050078,,0.510754432,0.33,0.079518693,-1.34082352,1.03668607,0.52,-1.0498279
1781693884.969918,2026-06-17T18:58:04.969,1781693884.873556,left,base,1,pelvis,200,0.001,0.24347545,0.053269442,0.2730115,-0.394173679,0.581384801,-0.335454959,0.62776492,1.44505206,0.0888451544,-0.183978208,-1.4,-0.681377528,-0.429297024,0.037319053,1,1,0.0469837024,0.440906905,21,0.266797,,0.539954911,-0.33,-0.443971399,-1.4,-0.969001464,0.0742081445,0.431678511
1781693884.970366,2026-06-17T18:58:04.970,1781693884.856678,right,base,1,pelvis,200,0.001,0.201589975,-0.240001418,0.2292135,0.488654791,0.566428085,-0.218134276,0.626732126,0.515854621,0.33,0.0806885727,-1.34096947,1.04101038,0.52,-1.04336645,1,1,0.0195445449,0.275014272,2,0.04864,,0.509238984,0.33,0.0792583827,-1.33886111,1.03358246,0.52,-1.05410213
1781693884.986554,2026-06-17T18:58:04.986,1781693884.873556,left,base,1,pelvis,200,0.001,0.24347545,0.053269442,0.2730115,-0.394173679,0.581384801,-0.335454959,0.62776492,1.44505206,0.0888451544,-0.183978208,-1.4,-0.681377528,-0.429297024,0.037319053,1,1,0.0469837024,0.440906905,21,0.207888,,0.539954911,-0.33,-0.443971399,-1.4,-0.969001464,0.0742081445,0.431678511
1781693884.986791,2026-06-17T18:58:04.986,1781693884.873346,right,base,1,pelvis,200,0.001,0.201140825,-0.240055368,0.229231,0.484717649,0.570232619,-0.214958955,0.627436218,0.514307813,0.33,0.0803337664,-1.33900696,1.03777259,0.52,-1.04784205,1,1,0.0193960122,0.262115126,2,0.028286,,0.508452583,0.33,0.0794862993,-1.33765503,1.03082634,0.52,-1.05751833
1781693885.003306,2026-06-17T18:58:05.003,1781693884.890259,left,base,1,pelvis,200,0.001,0.2435277,0.052796232,0.2723765,-0.393961229,0.581088753,-0.338036866,0.626786637,1.44505206,0.0888451544,-0.183978208,-1.4,-0.681377528,-0.429297024,0.037319053,1,1,0.0493335544,0.455415803,20,0.172742,,0.541063548,-0.33,-0.43739884,-1.4,-0.964046025,0.0716504724,0.413031118
1781693885.003542,2026-06-17T18:58:05.003,1781693884.873346,right,base,1,pelvis,200,0.001,0.201140825,-0.240055368,0.229231,0.484717649,0.570232619,-0.214958955,0.627436218,0.512751493,0.33,0.0800035834,-1.33779886,1.03488491,0.52,-1.0514564,1,1,0.0194692958,0.259861154,2,0.02809,,0.506987808,0.33,0.0792517139,-1.33643485,1.02801314,0.52,-1.06100005
1781693885.020288,2026-06-17T18:58:05.020,1781693884.923616,left,base,1,pelvis,200,0.001,0.24437195,0.053010197,0.27145,-0.393171785,0.580842806,-0.340793048,0.626017317,1.44505206,0.0888451544,-0.183978208,-1.4,-0.681377528,-0.429297024,0.037319053,1,1,0.0472868116,0.445704205,20,0.18087,,0.538242972,-0.33,-0.433938958,-1.4,-0.960621828,0.0606433348,0.414339166
1781693885.020567,2026-06-17T18:58:05.020,1781693884.923350,right,base,1,pelvis,200,0.001,0.200949145,-0.239350068,0.230373,0.478313626,0.576443616,-0.209699528,0.628454406,0.51145198,0.33,0.0798472142,-1.3365768,1.03194786,0.52,-1.05512471,1,1,0.0201601563,0.241128966,2,0.034668,,0.507056716,0.33,0.0804549023,-1.33697406,1.02615905,0.52,-1.06294776
1781693885.037045,2026-06-17T18:58:05.037,1781693884.940203,left,base,1,pelvis,200,0.001,0.24525725,0.053237217,0.270487,-0.392109156,0.580647271,-0.342706473,0.625820605,1.44505206,0.0888451544,-0.183978208,-1.4,-0.681377528,-0.429297024,0.037319053,1,1,0.0491554785,0.458007074,19,0.183477,,0.537034423,-0.33,-0.424550785,-1.4,-0.954845227,0.0565964116,0.395117436
1781693885.037311,2026-06-17T18:58:05.037,1781693884.956686,right,base,1,pelvis,200,0.001,0.20040597,-0.238300868,0.231506,0.472403972,0.581615891,-0.20514251,0.629661809,0.51005765,0.33,0.0796612169,-1.33653246,1.029968,0.52,-1.05726201,1,1,0.0210029182,0.224871962,2,0.034839,,0.507210289,0.33,0.0815704275,-1.33834317,1.02515111,0.52,-1.06408086
1781693885.053879,2026-06-17T18:58:05.053,1781693884.940203,left,base,1,pelvis,200,0.001,0.24525725,0.053237217,0.270487,-0.392109156,0.580647271,-0.342706473,0.625820605,1.44505206,0.0888451544,-0.183978208,-1.4,-0.681377528,-0.429297024,0.037319053,1,1,0.0491554785,0.458007074,19,0.179794,,0.537034423,-0.33,-0.424550785,-1.4,-0.954845227,0.0565964116,0.395117436
1781693885.054148,2026-06-17T18:58:05.054,1781693884.956686,right,base,1,pelvis,200,0.001,0.20040597,-0.238300868,0.231506,0.472403972,0.581615891,-0.20514251,0.629661809,0.509132777,0.33,0.0799058269,-1.33666856,1.0287941,0.52,-1.05901433,1,1,0.0208480633,0.223855379,2,0.027971,,0.506354506,0.33,0.0817797404,-1.338293,1.02393975,0.52,-1.06586229
1781693885.070502,2026-06-17T18:58:05.070,1781693884.940203,left,base,1,pelvis,200,0.001,0.24525725,0.053237217,0.270487,-0.392109156,0.580647271,-0.342706473,0.625820605,1.44505206,0.0888451544,-0.183978208,-1.4,-0.681377528,-0.429297024,0.037319053,1,1,0.0491554785,0.458007074,19,0.178422,,0.537034423,-0.33,-0.424550785,-1.4,-0.954845227,0.0565964116,0.395117436
1781693885.070790,2026-06-17T18:58:05.070,1781693884.973353,right,base,1,pelvis,200,0.001,0.20056017,-0.238024818,0.232027,0.469681109,0.583645582,-0.203140744,0.630469133,0.508538052,0.33,0.0804207736,-1.3371866,1.02751227,0.52,-1.06058167,1,1,0.0209761166,0.216262905,2,0.036667,,0.506132971,0.33,0.0827213235,-1.33918318,1.02304087,0.52,-1.0668932
1781693885.087570,2026-06-17T18:58:05.087,1781693884.940203,left,base,1,pelvis,200,0.001,0.24525725,0.053237217,0.270487,-0.392109156,0.580647271,-0.342706473,0.625820605,1.44505206,0.0888451544,-0.183978208,-1.4,-0.681377528,-0.429297024,0.037319053,1,1,0.0491554785,0.458007074,19,0.175297,,0.537034423,-0.33,-0.424550785,-1.4,-0.954845227,0.0565964116,0.395117436
1781693885.087841,2026-06-17T18:58:05.087,1781693885.006691,right,base,1,pelvis,200,0.001,0.200608735,-0.238064618,0.232098,0.466320338,0.586025717,-0.200860867,0.63148564,0.50786849,0.33,0.080837487,-1.33752587,1.02641679,0.52,-1.06220092,1,1,0.0206939462,0.207457775,2,0.034529,,0.505731115,0.33,0.0834023396,-1.339622,1.02223062,0.52,-1.06797578
1781693885.104114,2026-06-17T18:58:05.104,1781693884.990191,left,base,1,pelvis,200,0.001,0.24770335,0.054139727,0.268716,-0.389751654,0.580460951,-0.345335988,0.626020597,1.44505206,0.0888451544,-0.183978208,-1.4,-0.681377528,-0.429297024,0.037319053,1,1,0.0491601062,0.462104401,18,0.17278,,0.53084644,-0.33,-0.410749509,-1.4,-0.946333361,0.0458956159,0.376326616
1781693885.104395,2026-06-17T18:58:05.104,1781693885.040037,right,base,1,pelvis,200,0.001,0.200871095,-0.238935318,0.231665,0.462402497,0.588945588,-0.198254285,0.632473132,0.507324784,0.33,0.0814276577,-1.33804507,1.02535918,0.52,-1.06367092,1,1,0.0195728221,0.197276198,2,0.0361,,0.505138775,0.33,0.0839342523,-1.33999344,1.02130361,0.52,-1.06858321
1781693885.120862,2026-06-17T18:58:05.120,1781693885.040308,left,base,1,pelvis,200,0.001,0.2511278,0.054510902,0.2658965,-0.385420137,0.579995648,-0.349776794,0.626667824,1.44505206,0.0888451544,-0.183978208,-1.4,-0.681377528,-0.429297024,0.037319053,1,1,0.0460086116,0.454149172,17,0.168774,,0.52003968,-0.33,-0.395073843,-1.4,-0.936338702,0.0258505323,0.362144636
1781693885.121381,2026-06-17T18:58:05.121,1781693885.040037,right,base,1,pelvis,200,0.001,0.200871095,-0.238935318,0.231665,0.462402497,0.588945588,-0.198254285,0.632473132,0.506837687,0.33,0.0820312098,-1.33852705,1.02440295,0.52,-1.06498668,1,1,0.0193546083,0.196498446,2,0.029444,,0.504671178,0.33,0.0844621122,-1.34027008,1.02029418,0.52,-1.06992642
1781693885.137494,2026-06-17T18:58:05.137,1781693885.040308,left,base,1,pelvis,200,0.001,0.2511278,0.054510902,0.2658965,-0.385420137,0.579995648,-0.349776794,0.626667824,1.44505206,0.0888451544,-0.183978208,-1.4,-0.681377528,-0.429297024,0.037319053,1,1,0.0460086116,0.454149172,17,0.147271,,0.52003968,-0.33,-0.395073843,-1.4,-0.936338702,0.0258505323,0.362144636
1781693885.137761,2026-06-17T18:58:05.137,1781693885.056695,right,base,1,pelvis,200,0.001,0.20126316,-0.240160818,0.2310465,0.458518021,0.59187797,-0.195683975,0.633363621,0.506306817,0.33,0.0826258654,-1.33898527,1.02343448,0.52,-1.06611051,1,1,0.0179307755,0.186579879,2,0.03571,,0.503958678,0.33,0.0848550428,-1.34053274,1.01938373,0.52,-1.07007201
1781693885.154413,2026-06-17T18:58:05.154,1781693885.056927,left,base,1,pelvis,200,0.001,0.25094715,0.054144787,0.26621,-0.384317516,0.579420005,-0.351725689,0.626786682,1.44505206,0.0888451544,-0.183978208,-1.4,-0.681377528,-0.429297024,0.037319053,1,1,0.0460158418,0.45453687,17,0.169996,,0.520597648,-0.33,-0.395655345,-1.4,-0.936227924,0.0223153355,0.361489005
1781693885.154870,2026-06-17T18:58:05.154,1781693885.073360,right,base,1,pelvis,200,0.001,0.201510395,-0.241100318,0.230425,0.45547326,0.594387808,-0.193884524,0.633763389,0.505811552,0.33,0.083181874,-1.3393743,1.02244126,0.52,-1.06726595,1,1,0.0167680529,0.178863278,2,0.030248,,0.503303634,0.33,0.0852111195,-1.34064068,1.01840717,0.52,-1.07048992
1781693885.171042,2026-06-17T18:58:05.171,1781693885.106927,left,base,1,pelvis,200,0.001,0.2501991,0.053487082,0.266948,-0.38194078,0.578174277,-0.354891573,0.627604746,1.44505206,0.0888451544,-0.183978208,-1.4,-0.681377528,-0.429297024,0.037319053,1,1,0.0463664088,0.456954266,17,0.182775,,0.523072358,-0.33,-0.397314419,-1.4,-0.937171554,0.0160787799,0.360959773
1781693885.171321,2026-06-17T18:58:05.171,1781693885.073360,right,base,1,pelvis,200,0.001,0.201510395,-0.241100318,0.230425,0.45547326,0.594387808,-0.193884524,0.633763389,0.505226373,0.33,0.0837102985,-1.33974016,1.02137078,0.52,-1.06815217,1,1,0.0165829209,0.177959574,2,0.034436,,0.502779752,0.33,0.0856859663,-1.34087179,1.01730938,0.52,-1.07141494
1781693885.187934,2026-06-17T18:58:05.187,1781693885.106927,left,base,1,pelvis,200,0.001,0.2501991,0.053487082,0.266948,-0.38194078,0.578174277,-0.354891573,0.627604746,1.44505206,0.0888451544,-0.183978208,-1.4,-0.681377528,-0.429297024,0.037319053,1,1,0.0463664088,0.456954266,17,0.195742,,0.523072358,-0.33,-0.397314419,-1.4,-0.937171554,0.0160787799,0.360959773
1781693885.188457,2026-06-17T18:58:05.188,1781693885.106695,right,base,1,pelvis,200,0.001,0.20084681,-0.241182368,0.229586,0.453367093,0.596473868,-0.193175024,0.633530279,0.504642882,0.33,0.0841657505,-1.34001344,1.02018695,0.52,-1.0688616,1,1,0.015990536,0.172567017,2,0.04979,,0.502450985,0.33,0.086049792,-1.34063813,1.01609908,0.52,-1.07218715
1781693885.204767,2026-06-17T18:58:05.204,1781693885.106927,left,base,1,pelvis,200,0.001,0.2501991,0.053487082,0.266948,-0.38194078,0.578174277,-0.354891573,0.627604746,1.44505206,0.0888451544,-0.183978208,-1.4,-0.681377528,-0.429297024,0.037319053,1,1,0.0463664088,0.456954266,17,0.257154,,0.523072358,-0.33,-0.397314419,-1.4,-0.937171554,0.0160787799,0.360959773
1781693885.205300,2026-06-17T18:58:05.205,1781693885.106695,right,base,1,pelvis,200,0.001,0.20084681,-0.241182368,0.229586,0.453367093,0.596473868,-0.193175024,0.633530279,0.504051749,0.33,0.0846480839,-1.34028578,1.01888959,0.52,-1.06967173,1,1,0.0158529155,0.171490935,2,0.055286,,0.501926683,0.33,0.086498692,-1.34081377,1.01479797,0.52,-1.07302656
1781693885.221659,2026-06-17T18:58:05.221,1781693885.106927,left,base,1,pelvis,200,0.001,0.2501991,0.053487082,0.266948,-0.38194078,0.578174277,-0.354891573,0.627604746,1.44505206,0.0888451544,-0.183978208,-1.4,-0.681377528,-0.429297024,0.037319053,1,1,0.0463664088,0.456954266,17,0.267829,,0.523072358,-0.33,-0.397314419,-1.4,-0.937171554,0.0160787799,0.360959773
1781693885.222305,2026-06-17T18:58:05.222,1781693885.140030,right,base,1,pelvis,200,0.001,0.200078635,-0.240668368,0.2292725,0.450667545,0.599260999,-0.19251573,0.633026629,0.503555658,0.33,0.0850824857,-1.34039498,1.01750713,0.52,-1.07045128,1,1,0.0159282213,0.165151,2,0.057915,,0.502020903,0.33,0.0872278543,-1.34089471,1.01367469,0.52,-1.07375585
1781693885.238263,2026-06-17T18:58:05.238,1781693885.156720,left,base,1,pelvis,200,0.001,0.2502248,0.053283912,0.267557,-0.379090666,0.576931193,-0.355384459,0.630192472,1.44505206,0.0888451544,-0.183978208,-1.4,-0.681377528,-0.429297024,0.037319053,1,1,0.0458943047,0.456193363,17,0.27203,,0.522782301,-0.33,-0.398147775,-1.4,-0.940085868,0.012058893,0.36454139
1781693885.238777,2026-06-17T18:58:05.238,1781693885.173368,right,base,1,pelvis,200,0.001,0.199789345,-0.240483968,0.228916,0.447789288,0.602046251,-0.191297728,0.632795579,0.503044603,0.33,0.0855267893,-1.34052636,1.01630412,0.52,-1.07125922,1,1,0.0157833804,0.158674515,2,0.057586,,0.50178864,0.33,0.0878611866,-1.34089969,1.012692,0.52,-1.07426827
1781693885.255159,2026-06-17T18:58:05.255,1781693885.156720,left,base,1,pelvis,200,0.001,0.2502248,0.053283912,0.267557,-0.379090666,0.576931193,-0.355384459,0.630192472,1.44505206,0.0888451544,-0.183978208,-1.4,-0.681377528,-0.429297024,0.037319053,1,1,0.0458943047,0.456193363,17,0.293998,,0.522782301,-0.33,-0.398147775,-1.4,-0.940085868,0.012058893,0.36454139
1781693885.255792,2026-06-17T18:58:05.255,1781693885.173368,right,base,1,pelvis,200,0.001,0.199789345,-0.240483968,0.228916,0.447789288,0.602046251,-0.191297728,0.632795579,0.502730519,0.33,0.0860486972,-1.34063938,1.0152464,0.52,-1.07202522,1,1,0.0156590386,0.157924221,2,0.055394,,0.501502389,0.33,0.088348355,-1.34096506,1.01163185,0.52,-1.07501676
1781693885.271761,2026-06-17T18:58:05.271,1781693885.190047,left,base,1,pelvis,200,0.001,0.25044775,0.053501977,0.2680695,-0.377650211,0.576356647,-0.355031456,0.631780024,1.44505206,0.0888451544,-0.183978208,-1.4,-0.681377528,-0.429297024,0.037319053,1,1,0.0461455876,0.457835023,17,0.279577,,0.522324179,-0.33,-0.398169817,-1.4,-0.941647427,0.0119489775,0.364998137
1781693885.272324,2026-06-17T18:58:05.272,1781693885.206709,right,base,1,pelvis,200,0.001,0.20004846,-0.240428568,0.2291495,0.445201225,0.604426845,-0.189784329,0.632808002,0.502435893,0.33,0.0866156565,-1.3407208,1.01411241,0.52,-1.07272686,1,1,0.0155544601,0.15217662,2,0.061435,,0.50140174,0.33,0.0892160823,-1.34142472,1.01083754,0.52,-1.07502529
1781693885.288866,2026-06-17T18:58:05.288,1781693885.207034,left,base,1,pelvis,200,0.001,0.25075005,0.053558602,0.268101,-0.376462075,0.575679451,-0.355037557,0.633101736,1.44505206,0.0888451544,-0.183978208,-1.4,-0.681377528,-0.429297024,0.037319053,1,1,0.0453477862,0.455150209,17,0.303676,,0.521059685,-0.33,-0.3978125,-1.4,-0.942623556,0.00912440572,0.367956835
1781693885.289527,2026-06-17T18:58:05.289,1781693885.206709,right,base,1,pelvis,200,0.001,0.20004846,-0.240428568,0.2291495,0.445201225,0.604426845,-0.189784329,0.632808002,0.502150164,0.33,0.0871460051,-1.34079557,1.01324836,0.52,-1.07342776,1,1,0.0154173037,0.151608667,2,0.06556,,0.501144784,0.33,0.0897051239,-1.34146197,1.00996247,0.52,-1.07570519
1781693885.305352,2026-06-17T18:58:05.305,1781693885.207034,left,base,1,pelvis,200,0.001,0.25075005,0.053558602,0.268101,-0.376462075,0.575679451,-0.355037557,0.633101736,1.44505206,0.0888451544,-0.183978208,-1.4,-0.681377528,-0.429297024,0.037319053,1,1,0.0453477862,0.455150209,17,0.276595,,0.521059685,-0.33,-0.3978125,-1.4,-0.942623556,0.00912440572,0.367956835
1781693885.305904,2026-06-17T18:58:05.305,1781693885.223374,right,base,1,pelvis,200,0.001,0.200204585,-0.240643168,0.2289345,0.44319666,0.60626073,-0.188184336,0.632938625,0.501911639,0.33,0.0878057447,-1.34099608,1.01230294,0.52,-1.0739369,1,1,0.0149768547,0.147185775,2,0.064307,,0.500918112,0.33,0.0904001491,-1.34164156,1.00912902,0.52,-1.07573335
1781693885.322138,2026-06-17T18:58:05.322,1781693885.257001,left,base,1,pelvis,200,0.001,0.25105055,0.053643657,0.267917,-0.375659628,0.574621523,-0.355457868,0.634302493,1.44505206,0.0888451544,-0.183978208,-1.4,-0.681377528,-0.429297024,0.037319053,1,1,0.0494793248,0.479809099,16,0.272736,,0.522675092,-0.33,-0.389409224,-1.4,-0.93648622,0.0116158924,0.344921265
1781693885.322677,2026-06-17T18:58:05.322,1781693885.256708,right,base,1,pelvis,200,0.001,0.20028445,-0.240650218,0.228778,0.441265737,0.608201538,-0.186746809,0.632851537,0.501679635,0.33,0.0883803822,-1.34113703,1.0114056,0.52,-1.07447187,1,1,0.014743067,0.143285014,2,0.058392,,0.500761234,0.33,0.0910855177,-1.34178917,1.00837971,0.52,-1.07584211
1781693885.338823,2026-06-17T18:58:05.338,1781693885.257001,left,base,1,pelvis,200,0.001,0.25105055,0.053643657,0.267917,-0.375659628,0.574621523,-0.355457868,0.634302493,1.44505206,0.0888451544,-0.183978208,-1.4,-0.681377528,-0.429297024,0.037319053,1,1,0.0494793248,0.479809099,16,0.258546,,0.522675092,-0.33,-0.389409224,-1.4,-0.93648622,0.0116158924,0.344921265
1781693885.339413,2026-06-17T18:58:05.339,1781693885.256708,right,base,1,pelvis,200,0.001,0.20028445,-0.240650218,0.228778,0.441265737,0.608201538,-0.186746809,0.632851537,0.501443352,0.33,0.0890070687,-1.34129357,1.01059268,0.52,-1.07486328,1,1,0.0145806586,0.142651865,2,0.059579,,0.500564879,0.33,0.0916618571,-1.34192455,1.00755538,0.52,-1.07622422
1781693885.355526,2026-06-17T18:58:05.355,1781693885.273406,left,base,1,pelvis,200,0.001,0.25142835,0.053841872,0.2674165,-0.375273303,0.573125688,-0.356268917,0.635428479,1.44505206,0.0888451544,-0.183978208,-1.4,-0.681377528,-0.429297024,0.037319053,1,1,0.0476612201,0.473898673,16,0.243148,,0.520607394,-0.33,-0.387896051,-1.4,-0.935699234,0.00492464844,0.349935247
1781693885.356041,2026-06-17T18:58:05.356,1781693885.290047,right,base,1,pelvis,200,0.001,0.20029098,-0.240576268,0.228638,0.439470207,0.609959609,-0.185340952,0.632822206,0.501231846,0.33,0.0896515384,-1.34144725,1.00970712,0.52,-1.07516679,1,1,0.0143983841,0.139078706,2,0.064219,,0.500478337,0.33,0.0924259783,-1.34209955,1.0068138,0.52,-1.07619244
1781693885.372145,2026-06-17T18:58:05.372,1781693885.290326,left,base,1,pelvis,200,0.001,0.25131245,0.054133377,0.2672795,-0.375045861,0.571359196,-0.357121839,0.636673593,1.44505206,0.0888451544,-0.183978208,-1.4,-0.681377528,-0.429297024,0.037319053,1,1,0.0467787235,0.471833014,16,0.185184,,0.520701405,-0.33,-0.38702376,-1.4,-0.935276614,-0.000978407025,0.353851704
1781693885.372509,2026-06-17T18:58:05.372,1781693885.306712,right,base,1,pelvis,200,0.001,0.20024741,-0.240427568,0.228576,0.437797039,0.611477604,-0.183945451,0.632924138,0.501026135,0.33,0.0902715754,-1.34159446,1.00890671,0.52,-1.07549293,1,1,0.0142971427,0.135903949,2,0.038816,,0.500445893,0.33,0.093193905,-1.34230416,1.00616123,0.52,-1.07625097
1781693885.388842,2026-06-17T18:58:05.388,1781693885.290326,left,base,1,pelvis,200,0.001,0.25131245,0.054133377,0.2672795,-0.375045861,0.571359196,-0.357121839,0.636673593,1.44505206,0.0888451544,-0.183978208,-1.4,-0.681377528,-0.429297024,0.037319053,1,1,0.0467787235,0.471833014,16,0.16846,,0.520701405,-0.33,-0.38702376,-1.4,-0.935276614,-0.000978407025,0.353851704
1781693885.389251,2026-06-17T18:58:05.389,1781693885.306712,right,base,1,pelvis,200,0.001,0.20024741,-0.240427568,0.228576,0.437797039,0.611477604,-0.183945451,0.632924138,0.500859057,0.33,0.0909286671,-1.34174851,1.00819796,0.52,-1.07570628,1,1,0.014126154,0.135291292,2,0.035331,,0.500319038,0.33,0.0937975976,-1.34245685,1.00544103,0.52,-1.07645335
1781693885.405500,2026-06-17T18:58:05.405,1781693885.290326,left,base,1,pelvis,200,0.001,0.25131245,0.054133377,0.2672795,-0.375045861,0.571359196,-0.357121839,0.636673593,1.44505206,0.0888451544,-0.183978208,-1.4,-0.681377528,-0.429297024,0.037319053,1,1,0.0467787235,0.471833014,16,0.161759,,0.520701405,-0.33,-0.38702376,-1.4,-0.935276614,-0.000978407025,0.353851704
1781693885.405808,2026-06-17T18:58:05.405,1781693885.306712,right,base,1,pelvis,200,0.001,0.20024741,-0.240427568,0.228576,0.437797039,0.611477604,-0.183945451,0.632924138,0.500730773,0.33,0.0916320036,-1.34192103,1.00742243,0.52,-1.0758754,1,1,0.0139478143,0.13459361,2,0.031942,,0.500228172,0.33,0.0944465733,-1.34263528,1.00465802,0.52,-1.0766081
1781693885.422268,2026-06-17T18:58:05.422,1781693885.290326,left,base,1,pelvis,200,0.001,0.25131245,0.054133377,0.2672795,-0.375045861,0.571359196,-0.357121839,0.636673593,1.44505206,0.0888451544,-0.183978208,-1.4,-0.681377528,-0.429297024,0.037319053,1,1,0.0467787235,0.471833014,16,0.150682,,0.520701405,-0.33,-0.38702376,-1.4,-0.935276614,-0.000978407025,0.353851704
1781693885.422733,2026-06-17T18:58:05.422,1781693885.340062,right,base,1,pelvis,200,0.001,0.20017996,-0.240210468,0.2288255,0.436217996,0.612697305,-0.182521864,0.633246904,0.500604194,0.33,0.0922977709,-1.34208576,1.00658667,0.52,-1.07605308,1,1,0.0139475851,0.131455448,2,0.029916,,0.500432321,0.33,0.09536914,-1.343157,1.00404619,0.52,-1.07648773
1781693885.438981,2026-06-17T18:58:05.438,1781693885.356729,left,base,1,pelvis,200,0.001,0.25106325,0.054737642,0.267324,-0.375226403,0.567529509,-0.357506129,0.63976931,1.44505206,0.0888451544,-0.183978208,-1.4,-0.681377528,-0.429297024,0.037319053,1,1,0.0454592094,0.469541634,16,0.162443,,0.521158455,-0.33,-0.386114555,-1.4,-0.935609904,-0.00963339506,0.363084024
1781693885.439253,2026-06-17T18:58:05.439,1781693885.373403,right,base,1,pelvis,200,0.001,0.200153135,-0.240015718,0.2288095,0.434598906,0.613854612,-0.181124734,0.633640384,0.500486252,0.33,0.0929717582,-1.34225812,1.00592248,0.52,-1.07622717,1,1,0.0138842996,0.128459665,2,0.03835,,0.500463588,0.33,0.0961848155,-1.34337151,1.0035257,0.52,-1.07648115
1781693885.455964,2026-06-17T18:58:05.455,1781693885.356729,left,base,1,pelvis,200,0.001,0.25106325,0.054737642,0.267324,-0.375226403,0.567529509,-0.357506129,0.63976931,1.44505206,0.0888451544,-0.183978208,-1.4,-0.681377528,-0.429297024,0.037319053,1,1,0.0454592094,0.469541634,16,0.216435,,0.521158455,-0.33,-0.386114555,-1.4,-0.935609904,-0.00963339506,0.363084024
1781693885.456411,2026-06-17T18:58:05.456,1781693885.373403,right,base,1,pelvis,200,0.001,0.200153135,-0.240015718,0.2288095,0.434598906,0.613854612,-0.181124734,0.633640384,0.500469668,0.33,0.0937089444,-1.34253452,1.00534552,0.52,-1.07630729,1,1,0.0136961861,0.127879951,2,0.048213,,0.500468227,0.33,0.096855292,-1.34363431,1.00292945,0.52,-1.0765525
1781693885.472584,2026-06-17T18:58:05.472,1781693885.373694,left,base,1,pelvis,200,0.001,0.2510673,0.054857442,0.2674815,-0.375857793,0.565069973,-0.356607555,0.642073125,1.44505206,0.0888451544,-0.183978208,-1.4,-0.681377528,-0.429297024,0.037319053,1,1,0.0445372654,0.467671094,16,0.219712,,0.520645247,-0.33,-0.386486101,-1.4,-0.93695263,-0.0122080198,0.370929731
1781693885.473023,2026-06-17T18:58:05.473,1781693885.373403,right,base,1,pelvis,200,0.001,0.200153135,-0.240015718,0.2288095,0.434598906,0.613854612,-0.181124734,0.633640384,0.500467735,0.33,0.0944961667,-1.34280065,1.00470654,0.52,-1.07636257,1,1,0.013496498,0.127227098,2,0.055843,,0.500489091,0.33,0.0975742568,-1.34389862,1.00227416,0.52,-1.07659367
1781693885.489488,2026-06-17T18:58:05.489,1781693885.406729,left,base,1,pelvis,200,0.001,0.25104575,0.055101062,0.2674335,-0.376975365,0.562446247,-0.354951837,0.644633995,1.44505206,0.0888451544,-0.183978208,-1.4,-0.681377528,-0.429297024,0.037319053,1,1,0.0492383531,0.497266034,15,0.199569,,0.523304488,-0.33,-0.378202558,-1.4,-0.930854624,-0.00646020148,0.3499583
1781693885.489896,2026-06-17T18:58:05.489,1781693885.373403,right,base,1,pelvis,200,0.001,0.200153135,-0.240015718,0.2288095,0.434598906,0.613854612,-0.181124734,0.633640384,0.500467887,0.33,0.0952250503,-1.34305822,1.00400488,0.52,-1.07642125,1,1,0.0133181206,0.126527786,2,0.046988,,0.50050877,0.33,0.0982444888,-1.34415548,1.00156387,0.52,-1.07663903
1781693885.506211,2026-06-17T18:58:05.506,1781693885.423589,left,base,1,pelvis,200,0.001,0.25103875,0.055332477,0.2672005,-0.378080628,0.560737149,-0.353264014,0.64640036,1.44505206,0.0888451544,-0.183978208,-1.4,-0.681377528,-0.429297024,0.037319053,1,1,0.0482425212,0.494971223,15,0.230713,,0.522576014,-0.33,-0.378045604,-1.4,-0.931895682,-0.00738655959,0.35682833
1781693885.506658,2026-06-17T18:58:05.506,1781693885.373403,right,base,1,pelvis,200,0.001,0.200153135,-0.240015718,0.2288095,0.434598906,0.613854612,-0.181124734,0.633640384,0.500474529,0.33,0.095960904,-1.34332146,1.0032491,0.52,-1.07647526,1,1,0.0131410953,0.125777422,2,0.047337,,0.500533996,0.33,0.0989234009,-1.34441999,1.00080274,0.52,-1.07667894
1781693885.522966,2026-06-17T18:58:05.522,1781693885.423589,left,base,1,pelvis,200,0.001,0.25103875,0.055332477,0.2672005,-0.378080628,0.560737149,-0.353264014,0.64640036,1.44505206,0.0888451544,-0.183978208,-1.4,-0.681377528,-0.429297024,0.037319053,1,1,0.0482425212,0.494971223,15,0.208998,,0.522576014,-0.33,-0.378045604,-1.4,-0.931895682,-0.00738655959,0.35682833
1781693885.523487,2026-06-17T18:58:05.523,1781693885.473390,right,base,1,pelvis,200,0.001,0.20000036,-0.239407668,0.229199,0.431547159,0.615891253,-0.178032038,0.634625565,0.500485186,0.33,0.0966716634,-1.34358105,1.00244434,0.52,-1.07652623,1,1,0.01344544,0.120797309,2,0.048968,,0.501060387,0.33,0.100171906,-1.34514971,1.00040864,0.52,-1.07636674
1781693885.539630,2026-06-17T18:58:05.539,1781693885.456731,left,base,1,pelvis,200,0.001,0.25028775,0.055559192,0.2678135,-0.379391668,0.559266535,-0.350872879,0.648206085,1.44505206,0.0888451544,-0.183978208,-1.4,-0.681377528,-0.429297024,0.037319053,1,1,0.0492443561,0.499703126,15,0.21467,,0.525810994,-0.33,-0.379791822,-1.4,-0.934424363,-0.00436416303,0.361582869
1781693885.540080,2026-06-17T18:58:05.540,1781693885.473390,right,base,1,pelvis,200,0.001,0.20000036,-0.239407668,0.229199,0.431547159,0.615891253,-0.178032038,0.634625565,0.500500519,0.33,0.0975901489,-1.34384458,1.00192866,0.52,-1.0765742,1,1,0.013200339,0.12021298,2,0.047967,,0.50110264,0.33,0.101002472,-1.34541637,0.999862069,0.52,-1.07639389
1781693885.556460,2026-06-17T18:58:05.556,1781693885.456731,left,base,1,pelvis,200,0.001,0.25028775,0.055559192,0.2678135,-0.379391668,0.559266535,-0.350872879,0.648206085,1.44505206,0.0888451544,-0.183978208,-1.4,-0.681377528,-0.429297024,0.037319053,1,1,0.0492443561,0.499703126,15,0.200594,,0.525810994,-0.33,-0.379791822,-1.4,-0.934424363,-0.00436416303,0.361582869
1781693885.556953,2026-06-17T18:58:05.556,1781693885.473390,right,base,1,pelvis,200,0.001,0.20000036,-0.239407668,0.229199,0.431547159,0.615891253,-0.178032038,0.634625565,0.500672669,0.33,0.0984860552,-1.34424589,1.00142026,0.52,-1.07651041,1,1,0.0129754514,0.119574644,2,0.047774,,0.501274408,0.33,0.101813127,-1.34580177,0.999327884,0.52,-1.07631535
1781693885.573091,2026-06-17T18:58:05.573,1781693885.473598,left,base,1,pelvis,200,0.001,0.2495995,0.055714052,0.268625,-0.380872811,0.557615869,-0.348487686,0.650043673,1.44505206,0.0888451544,-0.183978208,-1.4,-0.681377528,-0.429297024,0.037319053,1,1,0.0444529659,0.472566019,16,0.225697,,0.525429727,-0.33,-0.390407011,-1.4,-0.944681499,-0.00810726034,0.397170531
1781693885.573507,2026-06-17T18:58:05.573,1781693885.473390,right,base,1,pelvis,200,0.001,0.20000036,-0.239407668,0.229199,0.431547159,0.615891253,-0.178032038,0.634625565,0.500807509,0.33,0.0993614302,-1.34461295,1.00084603,0.52,-1.07647387,1,1,0.0127571498,0.118899125,2,0.045603,,0.501413817,0.33,0.102608364,-1.34615886,0.998732279,0.52,-1.07626298
1781693885.589896,2026-06-17T18:58:05.589,1781693885.490067,left,base,1,pelvis,200,0.001,0.24898745,0.055856382,0.2694735,-0.382457965,0.555882873,-0.346141518,0.651848285,1.44505206,0.0888451544,-0.183978208,-1.4,-0.681377528,-0.429297024,0.037319053,1,1,0.0456161126,0.478153012,16,0.212491,,0.52821729,-0.33,-0.392537468,-1.4,-0.947144782,-0.00388965113,0.401784117
1781693885.590511,2026-06-17T18:58:05.590,1781693885.473390,right,base,1,pelvis,200,0.001,0.20000036,-0.239407668,0.229199,0.431547159,0.615891253,-0.178032038,0.634625565,0.500951459,0.33,0.100218098,-1.34497948,1.00021247,0.52,-1.076425,1,1,0.0125481159,0.11816807,2,0.052557,,0.501560363,0.33,0.10339006,-1.34651865,0.998083008,0.52,-1.07619789
1781693885.606421,2026-06-17T18:58:05.606,1781693885.540070,left,base,1,pelvis,200,0.001,0.2491697,0.056165022,0.2697215,-0.385323239,0.55284426,-0.343824189,0.653968006,1.44505206,0.0888451544,-0.183978208,-1.4,-0.681377528,-0.429297024,0.037319053,1,1,0.0450109345,0.477636906,16,0.138481,,0.52725352,-0.33,-0.393050228,-1.4,-0.947883941,-0.00266435934,0.410980651
1781693885.606658,2026-06-17T18:58:05.606,1781693885.523391,right,base,1,pelvis,200,0.001,0.199729355,-0.238807218,0.229898,0.430446844,0.616679512,-0.176654502,0.634992189,0.501097293,0.33,0.101060872,-1.34535147,0.999525506,0.52,-1.07637389,1,1,0.0129263183,0.116184751,2,0.026988,,0.502315771,0.33,0.10468223,-1.34759046,0.997704973,0.52,-1.07596174
1781693885.623432,2026-06-17T18:58:05.623,1781693885.540070,left,base,1,pelvis,200,0.001,0.2491697,0.056165022,0.2697215,-0.385323239,0.55284426,-0.343824189,0.653968006,1.44505206,0.0888451544,-0.183978208,-1.4,-0.681377528,-0.429297024,0.037319053,1,1,0.0450109345,0.477636906,16,0.206272,,0.52725352,-0.33,-0.393050228,-1.4,-0.947883941,-0.00266435934,0.410980651
1781693885.623855,2026-06-17T18:58:05.623,1781693885.573393,right,base,1,pelvis,200,0.001,0.198983915,-0.237729868,0.230521,0.429415282,0.617311216,-0.175157356,0.635491368,0.501236912,0.33,0.102408785,-1.34632788,0.999090582,0.52,-1.07632083,1,1,0.0135837935,0.114691761,2,0.046287,,0.50328434,0.33,0.106495215,-1.34898129,0.997510075,0.52,-1.07617478
1781693885.640013,2026-06-17T18:58:05.640,1781693885.590070,left,base,1,pelvis,200,0.001,0.24931365,0.056325757,0.27047,-0.389706767,0.548783975,-0.342679551,0.655389586,1.44505206,0.0888451544,-0.183978208,-1.4,-0.681377528,-0.429297024,0.037319053,1,1,0.0451284773,0.480226584,16,0.153997,,0.526956227,-0.33,-0.394327542,-1.4,-0.947114032,-0.00109052023,0.419083347
1781693885.640281,2026-06-17T18:58:05.640,1781693885.573393,right,base,1,pelvis,200,0.001,0.198983915,-0.237729868,0.230521,0.429415282,0.617311216,-0.175157356,0.635491368,0.501582288,0.33,0.1042793,-1.34775037,0.998647006,0.52,-1.07620587,1,1,0.0131160038,0.113920878,2,0.027858,,0.503606285,0.33,0.108136858,-1.35018202,0.996947214,0.52,-1.07611467
1781693885.656727,2026-06-17T18:58:05.656,1781693885.590070,left,base,1,pelvis,200,0.001,0.24931365,0.056325757,0.27047,-0.389706767,0.548783975,-0.342679551,0.655389586,1.44505206,0.0888451544,-0.183978208,-1.4,-0.681377528,-0.429297024,0.037319053,1,1,0.0451284773,0.480226584,16,0.133956,,0.526956227,-0.33,-0.394327542,-1.4,-0.947114032,-0.00109052023,0.419083347
1781693885.657064,2026-06-17T18:58:05.657,1781693885.573393,right,base,1,pelvis,200,0.001,0.198983915,-0.237729868,0.230521,0.429415282,0.617311216,-0.175157356,0.635491368,0.502102599,0.33,0.105973851,-1.34898027,0.998285448,0.52,-1.07619637,1,1,0.01269783,0.113309134,2,0.033638,,0.504066033,0.33,0.109626724,-1.35122609,0.996482862,0.52,-1.07612181
1781693885.673419,2026-06-17T18:58:05.673,1781693885.590070,left,base,1,pelvis,200,0.001,0.24931365,0.056325757,0.27047,-0.389706767,0.548783975,-0.342679551,0.655389586,1.44505206,0.0888451544,-0.183978208,-1.4,-0.681377528,-0.429297024,0.037319053,1,1,0.0451284773,0.480226584,16,0.137893,,0.526956227,-0.33,-0.394327542,-1.4,-0.947114032,-0.00109052023,0.419083347
1781693885.673640,2026-06-17T18:58:05.673,1781693885.573393,right,base,1,pelvis,200,0.001,0.198983915,-0.237729868,0.230521,0.429415282,0.617311216,-0.175157356,0.635491368,0.502573619,0.33,0.107516609,-1.35005357,0.99778804,0.52,-1.07617078,1,1,0.0123256572,0.112600178,2,0.024958,,0.504484572,0.33,0.110992417,-1.35215164,0.99590501,0.52,-1.07610405
1781693885.690396,2026-06-17T18:58:05.690,1781693885.590070,left,base,1,pelvis,200,0.001,0.24931365,0.056325757,0.27047,-0.389706767,0.548783975,-0.342679551,0.655389586,1.44505206,0.0888451544,-0.183978208,-1.4,-0.681377528,-0.429297024,0.037319053,1,1,0.0451284773,0.480226584,16,0.15756,,0.526956227,-0.33,-0.394327542,-1.4,-0.947114032,-0.00109052023,0.419083347
1781693885.691012,2026-06-17T18:58:05.691,1781693885.573393,right,base,1,pelvis,200,0.001,0.198983915,-0.237729868,0.230521,0.429415282,0.617311216,-0.175157356,0.635491368,0.503034133,0.33,0.108932765,-1.35100704,0.997178784,0.52,-1.07615567,1,1,0.0119916279,0.111820635,2,0.046277,,0.504892231,0.33,0.112254399,-1.3529852,0.995233936,0.52,-1.07608677
1781693885.707097,2026-06-17T18:58:05.707,1781693885.640271,left,base,1,pelvis,200,0.001,0.24927855,0.056371862,0.2712765,-0.392700235,0.546132805,-0.341852904,0.656248487,1.44505206,0.0888451544,-0.183978208,-1.4,-0.681377528,-0.429297024,0.037319053,1,1,0.0458037094,0.484237617,16,0.146417,,0.527587055,-0.33,-0.395823265,-1.4,-0.946915851,0.00141696318,0.423443231
1781693885.707337,2026-06-17T18:58:05.707,1781693885.573393,right,base,1,pelvis,200,0.001,0.198983915,-0.237729868,0.230521,0.429415282,0.617311216,-0.175157356,0.635491368,0.503502915,0.33,0.110246457,-1.35186925,0.996475655,0.52,-1.07613898,1,1,0.0116881548,0.110972425,2,0.03084,,0.505305336,0.33,0.113432955,-1.35375053,0.994485062,0.52,-1.07605906
1781693885.723973,2026-06-17T18:58:05.723,1781693885.640271,left,base,1,pelvis,200,0.001,0.24927855,0.056371862,0.2712765,-0.392700235,0.546132805,-0.341852904,0.656248487,1.44505206,0.0888451544,-0.183978208,-1.4,-0.681377528,-0.429297024,0.037319053,1,1,0.0458037094,0.484237617,16,0.176575,,0.527587055,-0.33,-0.395823265,-1.4,-0.946915851,0.00141696318,0.423443231
1781693885.724596,2026-06-17T18:58:05.724,1781693885.640079,right,base,1,pelvis,200,0.001,0.19875296,-0.237761668,0.230028,0.429692546,0.617109727,-0.174910168,0.635567726,0.503925755,0.33,0.111471783,-1.3526605,0.995697873,0.52,-1.07612309,1,1,0.011349549,0.110585234,2,0.070853,,0.505566921,0.33,0.114369267,-1.35401097,0.993503613,0.52,-1.07630704
1781693885.740737,2026-06-17T18:58:05.740,1781693885.640271,left,base,1,pelvis,200,0.001,0.24927855,0.056371862,0.2712765,-0.392700235,0.546132805,-0.341852904,0.656248487,1.44505206,0.0888451544,-0.183978208,-1.4,-0.681377528,-0.429297024,0.037319053,1,1,0.0458037094,0.484237617,16,0.222151,,0.527587055,-0.33,-0.395823265,-1.4,-0.946915851,0.00141696318,0.423443231
1781693885.741198,2026-06-17T18:58:05.741,1781693885.640079,right,base,1,pelvis,200,0.001,0.19875296,-0.237761668,0.230028,0.429692546,0.617109727,-0.174910168,0.635567726,0.504370205,0.33,0.112456731,-1.35301167,0.994686611,0.52,-1.07610246,1,1,0.0111221299,0.109484268,2,0.052259,,0.505964984,0.33,0.115288139,-1.3543956,0.992505709,0.52,-1.076224
1781693885.757512,2026-06-17T18:58:05.757,1781693885.673405,left,base,1,pelvis,200,0.001,0.249287,0.056389637,0.2722345,-0.395446917,0.54377812,-0.341026992,0.656983776,1.44505206,0.0888451544,-0.183978208,-1.4,-0.681377528,-0.429297024,0.037319053,1,1,0.0467845154,0.489257869,16,0.210449,,0.528290247,-0.33,-0.397514171,-1.4,-0.946885337,0.00489979528,0.426580169
1781693885.758044,2026-06-17T18:58:05.758,1781693885.640079,right,base,1,pelvis,200,0.001,0.19875296,-0.237761668,0.230028,0.429692546,0.617109727,-0.174910168,0.635567726,0.504740472,0.33,0.11342059,-1.35335785,0.993661157,0.52,-1.07616576,1,1,0.0109021817,0.108429786,2,0.053461,,0.506295682,0.33,0.116185828,-1.35476323,0.991490183,0.52,-1.0762303
1781693885.774196,2026-06-17T18:58:05.774,1781693885.706736,left,base,1,pelvis,200,0.001,0.2494423,0.056497827,0.2732265,-0.398081634,0.541814105,-0.340284212,0.657400291,1.44505206,0.0888451544,-0.183978208,-1.4,-0.681377528,-0.429297024,0.037319053,1,1,0.047994398,0.49490381,16,0.220806,,0.528738534,-0.33,-0.398924994,-1.4,-0.946503633,0.00910965843,0.428009947
1781693885.774611,2026-06-17T18:58:05.774,1781693885.723402,right,base,1,pelvis,200,0.001,0.19866233,-0.237933418,0.229279,0.430847649,0.616218786,-0.175962049,0.635359795,0.505125368,0.33,0.114362746,-1.35375027,0.992618407,0.52,-1.07618407,1,1,0.0105302449,0.108890219,2,0.046382,,0.506209331,0.33,0.116649291,-1.35435509,0.990147171,0.52,-1.07667254
1781693885.791038,2026-06-17T18:58:05.791,1781693885.723847,left,base,1,pelvis,200,0.001,0.24988775,0.056680112,0.2737455,-0.400222388,0.540685189,-0.340174285,0.657086769,1.44505206,0.0888451544,-0.183978208,-1.4,-0.681377528,-0.429297024,0.037319053,1,1,0.0486752102,0.497959928,16,0.231859,,0.527926889,-0.33,-0.39912043,-1.4,-0.945021397,0.0118587162,0.427648979
1781693885.791669,2026-06-17T18:58:05.791,1781693885.723402,right,base,1,pelvis,200,0.001,0.19866233,-0.237933418,0.229279,0.430847649,0.616218786,-0.175962049,0.635359795,0.505487197,0.33,0.114926392,-1.35406345,0.991249687,0.52,-1.07619836,1,1,0.0104362499,0.107554021,2,0.051471,,0.506517948,0.33,0.11720945,-1.35469362,0.988836288,0.52,-1.07664377
1781693885.807650,2026-06-17T18:58:05.807,1781693885.723847,left,base,1,pelvis,200,0.001,0.24988775,0.056680112,0.2737455,-0.400222388,0.540685189,-0.340174285,0.657086769,1.44505206,0.0888451544,-0.183978208,-1.4,-0.681377528,-0.429297024,0.037319053,1,1,0.0486752102,0.497959928,16,0.206499,,0.527926889,-0.33,-0.39912043,-1.4,-0.945021397,0.0118587162,0.427648979
1781693885.808095,2026-06-17T18:58:05.808,1781693885.740068,right,base,1,pelvis,200,0.001,0.19884021,-0.238329718,0.2284035,0.43245326,0.615140339,-0.177826971,0.634794542,0.505717397,0.33,0.115475614,-1.35415642,0.989912906,0.52,-1.07634952,1,1,0.00999566386,0.108651252,2,0.051913,,0.506016549,0.33,0.117172043,-1.35386813,0.987167807,0.52,-1.07715266
1781693885.824598,2026-06-17T18:58:05.824,1781693885.773412,left,base,1,pelvis,200,0.001,0.25172295,0.056674132,0.27519,-0.404276127,0.538388038,-0.341145997,0.655986694,1.44505206,0.0888451544,-0.183978208,-1.4,-0.681377528,-0.429297024,0.037319053,1,1,0.0441154136,0.471614748,17,0.238735,,0.51956596,-0.33,-0.407717875,-1.4,-0.947003869,0.0109041612,0.455681182
1781693885.825566,2026-06-17T18:58:05.825,1781693885.740068,right,base,1,pelvis,200,0.001,0.19884021,-0.238329718,0.2284035,0.43245326,0.615140339,-0.177826971,0.634794542,0.505962807,0.33,0.116007124,-1.35389507,0.988220633,0.52,-1.07643972,1,1,0.00987029953,0.107070824,2,0.062296,,0.506244883,0.33,0.117735639,-1.35378369,0.985572473,0.52,-1.07713333
1781693885.841227,2026-06-17T18:58:05.841,1781693885.773412,left,base,1,pelvis,200,0.001,0.25172295,0.056674132,0.27519,-0.404276127,0.538388038,-0.341145997,0.655986694,1.44505206,0.0888451544,-0.183978208,-1.4,-0.681377528,-0.429297024,0.037319053,1,1,0.0441154136,0.471614748,17,0.216472,,0.51956596,-0.33,-0.407717875,-1.4,-0.947003869,0.0109041612,0.455681182
1781693885.841633,2026-06-17T18:58:05.841,1781693885.740068,right,base,1,pelvis,200,0.001,0.19884021,-0.238329718,0.2284035,0.43245326,0.615140339,-0.177826971,0.634794542,0.505980242,0.33,0.116385058,-1.35381002,0.986600529,0.52,-1.07667102,1,1,0.00981110375,0.105663576,2,0.048025,,0.506262552,0.33,0.118145679,-1.35378981,0.984032316,0.52,-1.07730612
1781693885.858070,2026-06-17T18:58:05.858,1781693885.773412,left,base,1,pelvis,200,0.001,0.25172295,0.056674132,0.27519,-0.404276127,0.538388038,-0.341145997,0.655986694,1.44505206,0.0888451544,-0.183978208,-1.4,-0.681377528,-0.429297024,0.037319053,1,1,0.0441154136,0.471614748,17,0.235655,,0.51956596,-0.33,-0.407717875,-1.4,-0.947003869,0.0109041612,0.455681182
1781693885.858530,2026-06-17T18:58:05.858,1781693885.790074,right,base,1,pelvis,200,0.001,0.198913885,-0.238365568,0.2278235,0.434128476,0.613634974,-0.180794763,0.634269532,0.506060008,0.33,0.116792138,-1.35380208,0.985038311,0.52,-1.07681037,1,1,0.00977772348,0.10673116,2,0.050491,,0.505749613,0.33,0.118110372,-1.35298434,0.982269882,0.52,-1.07803193
1781693885.874738,2026-06-17T18:58:05.874,1781693885.790262,left,base,1,pelvis,200,0.001,0.2527791,0.056567532,0.27612,-0.405732739,0.537451879,-0.341797707,0.655515637,1.44505206,0.0888451544,-0.183978208,-1.4,-0.681377528,-0.429297024,0.037319053,1,1,0.044913005,0.475003577,17,0.224166,,0.516734163,-0.33,-0.408254014,-1.4,-0.945340831,0.0148722004,0.453313361
1781693885.875179,2026-06-17T18:58:05.875,1781693885.790074,right,base,1,pelvis,200,0.001,0.198913885,-0.238365568,0.2278235,0.434128476,0.613634974,-0.180794763,0.634269532,0.506124309,0.33,0.11722184,-1.35300991,0.983253186,0.52,-1.07696775,1,1,0.00964389033,0.105145935,2,0.048894,,0.505839691,0.33,0.11860153,-1.35249189,0.980604841,0.52,-1.07803348
1781693885.891500,2026-06-17T18:58:05.891,1781693885.790262,left,base,1,pelvis,200,0.001,0.2527791,0.056567532,0.27612,-0.405732739,0.537451879,-0.341797707,0.655515637,1.44505206,0.0888451544,-0.183978208,-1.4,-0.681377528,-0.429297024,0.037319053,1,1,0.044913005,0.475003577,17,0.216586,,0.516734163,-0.33,-0.408254014,-1.4,-0.945340831,0.0148722004,0.453313361
1781693885.891910,2026-06-17T18:58:05.891,1781693885.823413,right,base,1,pelvis,200,0.001,0.19881286,-0.238010668,0.227829,0.435242046,0.612425847,-0.183663266,0.63385073,0.506008434,0.33,0.117496618,-1.35251715,0.981566729,0.52,-1.07729685,1,1,0.00996643018,0.105738069,2,0.046847,,0.50558778,0.33,0.118803173,-1.35184468,0.9789745,0.52,-1.0788293
1781693885.908331,2026-06-17T18:58:05.908,1781693885.790262,left,base,1,pelvis,200,0.001,0.2527791,0.056567532,0.27612,-0.405732739,0.537451879,-0.341797707,0.655515637,1.44505206,0.0888451544,-0.183978208,-1.4,-0.681377528,-0.429297024,0.037319053,1,1,0.044913005,0.475003577,17,0.236478,,0.516734163,-0.33,-0.408254014,-1.4,-0.945340831,0.0148722004,0.453313361
1781693885.908798,2026-06-17T18:58:05.908,1781693885.823413,right,base,1,pelvis,200,0.001,0.19881286,-0.238010668,0.227829,0.435242046,0.612425847,-0.183663266,0.63385073,0.505955644,0.33,0.117842286,-1.3518697,0.979915261,0.52,-1.0775273,1,1,0.00987904291,0.104339671,2,0.047458,,0.505567294,0.33,0.119204013,-1.35143414,0.977425775,0.52,-1.07893879
1781693885.925063,2026-06-17T18:58:05.925,1781693885.840079,left,base,1,pelvis,200,0.001,0.25397735,0.056572112,0.276967,-0.407954622,0.535689583,-0.343242692,0.654823756,1.44505206,0.0888451544,-0.183978208,-1.4,-0.681377528,-0.429297024,0.037319053,1,1,0.0454004385,0.477532567,17,0.225393,,0.513383614,-0.33,-0.408200651,-1.4,-0.942252904,0.0166260513,0.451750926
1781693885.925492,2026-06-17T18:58:05.925,1781693885.856745,right,base,1,pelvis,200,0.001,0.19879215,-0.237681018,0.228018,0.436096655,0.611369496,-0.186521023,0.633448463,0.505839705,0.33,0.118145127,-1.35145879,0.978345777,0.52,-1.07793765,1,1,0.0101873687,0.104970807,2,0.04786,,0.505368829,0.33,0.119488284,-1.35102877,0.975967809,0.52,-1.07969069
1781693885.941835,2026-06-17T18:58:05.941,1781693885.840079,left,base,1,pelvis,200,0.001,0.25397735,0.056572112,0.276967,-0.407954622,0.535689583,-0.343242692,0.654823756,1.44505206,0.0888451544,-0.183978208,-1.4,-0.681377528,-0.429297024,0.037319053,1,1,0.0454004385,0.477532567,17,0.243891,,0.513383614,-0.33,-0.408200651,-1.4,-0.942252904,0.0166260513,0.451750926
1781693885.942328,2026-06-17T18:58:05.942,1781693885.856745,right,base,1,pelvis,200,0.001,0.19879215,-0.237681018,0.228018,0.436096655,0.611369496,-0.186521023,0.633448463,0.505754605,0.33,0.11847592,-1.35105307,0.976867797,0.52,-1.0783761,1,1,0.010126611,0.10382799,2,0.04989,,0.505299447,0.33,0.119854624,-1.35076423,0.974564271,0.52,-1.08003851
1781693885.958802,2026-06-17T18:58:05.958,1781693885.840079,left,base,1,pelvis,200,0.001,0.25397735,0.056572112,0.276967,-0.407954622,0.535689583,-0.343242692,0.654823756,1.44505206,0.0888451544,-0.183978208,-1.4,-0.681377528,-0.429297024,0.037319053,1,1,0.0454004385,0.477532567,17,0.212897,,0.513383614,-0.33,-0.408200651,-1.4,-0.942252904,0.0166260513,0.451750926
1781693885.959228,2026-06-17T18:58:05.959,1781693885.856745,right,base,1,pelvis,200,0.001,0.19879215,-0.237681018,0.228018,0.436096655,0.611369496,-0.186521023,0.633448463,0.505633242,0.33,0.118794405,-1.3507881,0.975444612,0.52,-1.07878967,1,1,0.0100764223,0.102721233,2,0.048207,,0.505195735,0.33,0.120202177,-1.35060067,0.973206428,0.52,-1.08038541
1781693885.975344,2026-06-17T18:58:05.975,1781693885.840079,left,base,1,pelvis,200,0.001,0.25397735,0.056572112,0.276967,-0.407954622,0.535689583,-0.343242692,0.654823756,1.44505206,0.0888451544,-0.183978208,-1.4,-0.681377528,-0.429297024,0.037319053,1,1,0.0454004385,0.477532567,17,0.216194,,0.513383614,-0.33,-0.408200651,-1.4,-0.942252904,0.0166260513,0.451750926
1781693885.975765,2026-06-17T18:58:05.975,1781693885.890076,right,base,1,pelvis,200,0.001,0.1989189,-0.237581668,0.2280015,0.436839942,0.610732911,-0.188951051,0.632829896,0.505527841,0.33,0.119129186,-1.35062408,0.974067559,0.52,-1.07918401,1,1,0.0101607228,0.103698923,2,0.046535,,0.504857464,0.33,0.120407628,-1.35026892,0.971859236,0.52,-1.08097706
1781693885.992326,2026-06-17T18:58:05.992,1781693885.840079,left,base,1,pelvis,200,0.001,0.25397735,0.056572112,0.276967,-0.407954622,0.535689583,-0.343242692,0.654823756,1.44505206,0.0888451544,-0.183978208,-1.4,-0.681377528,-0.429297024,0.037319053,1,1,0.0454004385,0.477532567,17,0.236585,,0.513383614,-0.33,-0.408200651,-1.4,-0.942252904,0.0166260513,0.451750926
1781693885.992770,2026-06-17T18:58:05.992,1781693885.890076,right,base,1,pelvis,200,0.001,0.1989189,-0.237581668,0.2280015,0.436839942,0.610732911,-0.188951051,0.632829896,0.505424955,0.33,0.119461595,-1.35029197,0.972702099,0.52,-1.07974811,1,1,0.0101045565,0.102717734,2,0.047759,,0.504763263,0.33,0.120764813,-1.3500398,0.970552809,0.52,-1.08145916
1781693886.009012,2026-06-17T18:58:06.009,1781693885.840079,left,base,1,pelvis,200,0.001,0.25397735,0.056572112,0.276967,-0.407954622,0.535689583,-0.343242692,0.654823756,1.44505206,0.0888451544,-0.183978208,-1.4,-0.681377528,-0.429297024,0.037319053,1,1,0.0454004385,0.477532567,17,0.236586,,0.513383614,-0.33,-0.408200651,-1.4,-0.942252904,0.0166260513,0.451750926
1781693886.009453,2026-06-17T18:58:06.009,1781693885.906746,right,base,1,pelvis,200,0.001,0.19915721,-0.237903768,0.2274305,0.437746447,0.610301629,-0.190983131,0.63200903,0.505241799,0.33,0.119766925,-1.35006243,0.971376999,0.52,-1.08025808,1,1,0.00977056131,0.104223833,2,0.054444,,0.504048438,0.33,0.12067178,-1.34922786,0.969058249,0.52,-1.08209693
1781693886.025805,2026-06-17T18:58:06.025,1781693885.973625,left,base,1,pelvis,200,0.001,0.2562425,0.055866232,0.277602,-0.414082424,0.530184534,-0.34742875,0.653248322,1.44505206,0.0888451544,-0.183978208,-1.4,-0.681377528,-0.429297024,0.037319053,1,1,0.043582896,0.472476449,17,0.218693,,0.50488894,-0.33,-0.408009941,-1.4,-0.934522146,0.0119905093,0.45845163
1781693886.026522,2026-06-17T18:58:06.026,1781693885.906746,right,base,1,pelvis,200,0.001,0.19915721,-0.237903768,0.2274305,0.437746447,0.610301629,-0.190983131,0.63200903,0.505061677,0.33,0.120073838,-1.34925037,0.969865373,0.52,-1.0809214,1,1,0.00970030413,0.103180928,2,0.050973,,0.503901547,0.33,0.121026433,-1.34863702,0.96762834,0.52,-1.08262235
1781693886.042570,2026-06-17T18:58:06.042,1781693885.973625,left,base,1,pelvis,200,0.001,0.2562425,0.055866232,0.277602,-0.414082424,0.530184534,-0.34742875,0.653248322,1.44505206,0.0888451544,-0.183978208,-1.4,-0.681377528,-0.429297024,0.037319053,1,1,0.043582896,0.472476449,17,0.243772,,0.50488894,-0.33,-0.408009941,-1.4,-0.934522146,0.0119905093,0.45845163
1781693886.043051,2026-06-17T18:58:06.043,1781693885.906746,right,base,1,pelvis,200,0.001,0.19915721,-0.237903768,0.2274305,0.437746447,0.610301629,-0.190983131,0.63200903,0.504738848,0.33,0.120264349,-1.34865928,0.968418113,0.52,-1.08147277,1,1,0.0096699298,0.102140704,2,0.048333,,0.503630084,0.33,0.121266057,-1.34820334,0.966254627,0.52,-1.08308937
1781693886.059466,2026-06-17T18:58:06.059,1781693885.973625,left,base,1,pelvis,200,0.001,0.2562425,0.055866232,0.277602,-0.414082424,0.530184534,-0.34742875,0.653248322,1.44505206,0.0888451544,-0.183978208,-1.4,-0.681377528,-0.429297024,0.037319053,1,1,0.043582896,0.472476449,17,0.271533,,0.50488894,-0.33,-0.408009941,-1.4,-0.934522146,0.0119905093,0.45845163
1781693886.060120,2026-06-17T18:58:06.060,1781693885.973413,right,base,1,pelvis,200,0.001,0.198732825,-0.237504218,0.2274115,0.440747039,0.608492723,-0.195052026,0.63042316,0.504479423,0.33,0.12050047,-1.34822531,0.967028045,0.52,-1.08196424,1,1,0.0100720354,0.108975047,2,0.049031,,0.503381605,0.33,0.12130979,-1.34760947,0.964727986,0.52,-1.08425516
1781693886.076209,2026-06-17T18:58:06.076,1781693885.973625,left,base,1,pelvis,200,0.001,0.2562425,0.055866232,0.277602,-0.414082424,0.530184534,-0.34742875,0.653248322,1.44505206,0.0888451544,-0.183978208,-1.4,-0.681377528,-0.429297024,0.037319053,1,1,0.043582896,0.472476449,17,0.24147,,0.50488894,-0.33,-0.408009941,-1.4,-0.934522146,0.0119905093,0.45845163
1781693886.076645,2026-06-17T18:58:06.076,1781693886.006751,right,base,1,pelvis,200,0.001,0.19835735,-0.237023168,0.2277565,0.442634268,0.606906754,-0.19682542,0.630078448,0.504208582,0.33,0.120744604,-1.34763119,0.965484993,0.52,-1.08315434,1,1,0.0105604772,0.112569742,2,0.047112,,0.503347937,0.33,0.121635306,-1.34723446,0.963200481,0.52,-1.08585826
1781693886.092920,2026-06-17T18:58:06.092,1781693885.973625,left,base,1,pelvis,200,0.001,0.2562425,0.055866232,0.277602,-0.414082424,0.530184534,-0.34742875,0.653248322,1.44505206,0.0888451544,-0.183978208,-1.4,-0.681377528,-0.429297024,0.037319053,1,1,0.043582896,0.472476449,17,0.222642,,0.50488894,-0.33,-0.408009941,-1.4,-0.934522146,0.0119905093,0.45845163
1781693886.093365,2026-06-17T18:58:06.093,1781693886.006751,right,base,1,pelvis,200,0.001,0.19835735,-0.237023168,0.2277565,0.442634268,0.606906754,-0.19682542,0.630078448,0.503952253,0.33,0.120919788,-1.34725588,0.963942047,0.52,-1.08478015,1,1,0.010562964,0.11175442,2,0.047174,,0.503057941,0.33,0.121840969,-1.34685486,0.961697618,0.52,-1.08738357
1781693886.109619,2026-06-17T18:58:06.109,1781693885.973625,left,base,1,pelvis,200,0.001,0.2562425,0.055866232,0.277602,-0.414082424,0.530184534,-0.34742875,0.653248322,1.44505206,0.0888451544,-0.183978208,-1.4,-0.681377528,-0.429297024,0.037319053,1,1,0.043582896,0.472476449,17,0.235903,,0.50488894,-0.33,-0.408009941,-1.4,-0.934522146,0.0119905093,0.45845163
1781693886.110076,2026-06-17T18:58:06.110,1781693886.006751,right,base,1,pelvis,200,0.001,0.19835735,-0.237023168,0.2277565,0.442634268,0.606906754,-0.19682542,0.630078448,0.50376291,0.33,0.121143973,-1.34687598,0.962423942,0.52,-1.08632788,1,1,0.0105517748,0.110950903,2,0.048135,,0.502830155,0.33,0.122091887,-1.34648506,0.960220419,0.52,-1.08882373
1781693886.126424,2026-06-17T18:58:06.126,1781693885.973625,left,base,1,pelvis,200,0.001,0.2562425,0.055866232,0.277602,-0.414082424,0.530184534,-0.34742875,0.653248322,1.44505206,0.0888451544,-0.183978208,-1.4,-0.681377528,-0.429297024,0.037319053,1,1,0.043582896,0.472476449,17,0.234719,,0.50488894,-0.33,-0.408009941,-1.4,-0.934522146,0.0119905093,0.45845163
1781693886.126952,2026-06-17T18:58:06.126,1781693886.056753,right,base,1,pelvis,200,0.001,0.19803895,-0.236305768,0.227675,0.447278319,0.602644529,-0.199881221,0.629927912,0.50354183,0.33,0.121362553,-1.34650587,0.960931872,0.52,-1.08778993,1,1,0.0113155365,0.120302524,2,0.050024,,0.502286947,0.33,0.121996935,-1.34538589,0.958369446,0.52,-1.09155539
1781693886.143045,2026-06-17T18:58:06.143,1781693886.057032,left,base,1,pelvis,200,0.001,0.2568378,0.055575917,0.277595,-0.416113986,0.527635837,-0.34886271,0.653256752,1.44505206,0.0888451544,-0.183978208,-1.4,-0.681377528,-0.429297024,0.037319053,1,1,0.0423450418,0.468893393,17,0.178512,,0.501909208,-0.33,-0.407825128,-1.4,-0.932187376,0.00816674099,0.463517289
1781693886.143272,2026-06-17T18:58:06.143,1781693886.056753,right,base,1,pelvis,200,0.001,0.19803895,-0.236305768,0.227675,0.447278319,0.602644529,-0.199881221,0.629927912,0.503157033,0.33,0.12159775,-1.34540666,0.95906607,0.52,-1.09054312,1,1,0.0112829143,0.119548556,2,0.028244,,0.501850766,0.33,0.122272551,-1.34436653,0.95654611,0.52,-1.09408628
1781693886.159788,2026-06-17T18:58:06.159,1781693886.057032,left,base,1,pelvis,200,0.001,0.2568378,0.055575917,0.277595,-0.416113986,0.527635837,-0.34886271,0.653256752,1.44505206,0.0888451544,-0.183978208,-1.4,-0.681377528,-0.429297024,0.037319053,1,1,0.0423450418,0.468893393,17,0.16525,,0.501909208,-0.33,-0.407825128,-1.4,-0.932187376,0.00816674099,0.463517289
1781693886.160385,2026-06-17T18:58:06.160,1781693886.090091,right,base,1,pelvis,200,0.001,0.19823057,-0.235905268,0.2277145,0.450087901,0.60025982,-0.201453158,0.62970283,0.502703669,0.33,0.121717176,-1.34438727,0.957229526,0.52,-1.09309324,1,1,0.0117469145,0.125018864,2,0.049532,,0.500998563,0.33,0.122247564,-1.34298743,0.954543359,0.52,-1.0970701
1781693886.176677,2026-06-17T18:58:06.176,1781693886.106767,left,base,1,pelvis,200,0.001,0.25707735,0.055874147,0.2775395,-0.417182012,0.525909862,-0.349867147,0.653430153,1.44505206,0.0888451544,-0.183978208,-1.4,-0.681377528,-0.429297024,0.037319053,1,1,0.0418464308,0.467947711,17,0.174312,,0.500969421,-0.33,-0.406766627,-1.4,-0.930258118,0.00449359383,0.465428276
1781693886.176951,2026-06-17T18:58:06.176,1781693886.090091,right,base,1,pelvis,200,0.001,0.19823057,-0.235905268,0.2277145,0.450087901,0.60025982,-0.201453158,0.62970283,0.501833503,0.33,0.121895009,-1.34300822,0.955212864,0.52,-1.09609725,1,1,0.0117103882,0.12422182,2,0.030109,,0.500153093,0.33,0.122473231,-1.34171469,0.952564706,0.52,-1.09985983
1781693886.193357,2026-06-17T18:58:06.193,1781693886.106767,left,base,1,pelvis,200,0.001,0.25707735,0.055874147,0.2775395,-0.417182012,0.525909862,-0.349867147,0.653430153,1.44505206,0.0888451544,-0.183978208,-1.4,-0.681377528,-0.429297024,0.037319053,1,1,0.0418464308,0.467947711,17,0.15945,,0.500969421,-0.33,-0.406766627,-1.4,-0.930258118,0.00449359383,0.465428276
1781693886.193703,2026-06-17T18:58:06.193,1781693886.123422,right,base,1,pelvis,200,0.001,0.19833608,-0.235518718,0.2278,0.452881935,0.597941976,-0.203037801,0.62939574,0.500971139,0.33,0.122004594,-1.34173551,0.953221128,0.52,-1.09890602,1,1,0.012148283,0.12972352,2,0.028726,,0.499047118,0.33,0.12246545,-1.34020182,0.95041209,0.52,-1.10307923
1781693886.210103,2026-06-17T18:58:06.210,1781693886.106767,left,base,1,pelvis,200,0.001,0.25707735,0.055874147,0.2775395,-0.417182012,0.525909862,-0.349867147,0.653430153,1.44505206,0.0888451544,-0.183978208,-1.4,-0.681377528,-0.429297024,0.037319053,1,1,0.0418464308,0.467947711,17,0.187273,,0.500969421,-0.33,-0.406766627,-1.4,-0.930258118,0.00449359383,0.465428276
1781693886.210369,2026-06-17T18:58:06.210,1781693886.123422,right,base,1,pelvis,200,0.001,0.19833608,-0.235518718,0.2278,0.452881935,0.597941976,-0.203037801,0.62939574,0.499848596,0.33,0.122151742,-1.34022274,0.95105566,0.52,-1.10214407,1,1,0.0121124993,0.128859869,2,0.029722,,0.497981331,0.33,0.122665134,-1.33879788,0.948282706,0.52,-1.1061045
1781693886.226894,2026-06-17T18:58:06.226,1781693886.156769,left,base,1,pelvis,200,0.001,0.25723665,0.055940037,0.277369,-0.417798836,0.524905201,-0.350847276,0.653318338,1.44505206,0.0888451544,-0.183978208,-1.4,-0.681377528,-0.429297024,0.037319053,1,1,0.0471056419,0.499241777,16,0.148688,,0.503282728,-0.33,-0.397755309,-1.4,-0.923626547,0.010454394,0.434455213
1781693886.227145,2026-06-17T18:58:06.227,1781693886.140088,right,base,1,pelvis,200,0.001,0.198335305,-0.235069218,0.227984,0.455493045,0.595777239,-0.204574883,0.629066519,0.498766722,0.33,0.122249874,-1.33881885,0.948913795,0.52,-1.10518749,1,1,0.0126026979,0.133994797,2,0.028232,,0.496817534,0.33,0.122720448,-1.33729118,0.94602361,0.52,-1.10953628
1781693886.243587,2026-06-17T18:58:06.243,1781693886.156769,left,base,1,pelvis,200,0.001,0.25723665,0.055940037,0.277369,-0.417798836,0.524905201,-0.350847276,0.653318338,1.44505206,0.0888451544,-0.183978208,-1.4,-0.681377528,-0.429297024,0.037319053,1,1,0.0471056419,0.499241777,16,0.149154,,0.503282728,-0.33,-0.397755309,-1.4,-0.923626547,0.010454394,0.434455213
1781693886.243819,2026-06-17T18:58:06.243,1781693886.173426,right,base,1,pelvis,200,0.001,0.19825195,-0.234638118,0.2282285,0.457794652,0.593710552,-0.206002576,0.628883754,0.497587173,0.33,0.122380528,-1.33731223,0.946642487,0.52,-1.10863697,1,1,0.0130629842,0.13844782,2,0.028645,,0.495654766,0.33,0.122847265,-1.33577177,0.94366508,0.52,-1.11332809
1781693886.260431,2026-06-17T18:58:06.260,1781693886.156769,left,base,1,pelvis,200,0.001,0.25723665,0.055940037,0.277369,-0.417798836,0.524905201,-0.350847276,0.653318338,1.44505206,0.0888451544,-0.183978208,-1.4,-0.681377528,-0.429297024,0.037319053,1,1,0.0471056419,0.499241777,16,0.147847,,0.503282728,-0.33,-0.397755309,-1.4,-0.923626547,0.010454394,0.434455213
1781693886.261082,2026-06-17T18:58:06.261,1781693886.206783,right,base,1,pelvis,200,0.001,0.198296895,-0.234445118,0.228395,0.459908336,0.591874829,-0.207291025,0.628648503,0.496409143,0.33,0.122486936,-1.33579288,0.944272152,0.52,-1.11244582,1,1,0.0133187054,0.142407372,2,0.04958,,0.49438225,0.33,0.122887519,-1.33420446,0.941183024,0.52,-1.11730665
1781693886.277219,2026-06-17T18:58:06.277,1781693886.156769,left,base,1,pelvis,200,0.001,0.25723665,0.055940037,0.277369,-0.417798836,0.524905201,-0.350847276,0.653318338,1.44505206,0.0888451544,-0.183978208,-1.4,-0.681377528,-0.429297024,0.037319053,1,1,0.0471056419,0.499241777,16,0.147309,,0.503282728,-0.33,-0.397755309,-1.4,-0.923626547,0.010454394,0.434455213
1781693886.277445,2026-06-17T18:58:06.277,1781693886.206783,right,base,1,pelvis,200,0.001,0.198296895,-0.234445118,0.228395,0.459908336,0.591874829,-0.207291025,0.628648503,0.49512122,0.33,0.122603361,-1.33422564,0.941778168,0.52,-1.1164416,1,1,0.0133034183,0.141386682,2,0.028519,,0.493130541,0.33,0.123058445,-1.33268354,0.938716889,0.52,-1.12107272
1781693886.294130,2026-06-17T18:58:06.294,1781693886.156769,left,base,1,pelvis,200,0.001,0.25723665,0.055940037,0.277369,-0.417798836,0.524905201,-0.350847276,0.653318338,1.44505206,0.0888451544,-0.183978208,-1.4,-0.681377528,-0.429297024,0.037319053,1,1,0.0471056419,0.499241777,16,0.161496,,0.503282728,-0.33,-0.397755309,-1.4,-0.923626547,0.010454394,0.434455213
1781693886.294400,2026-06-17T18:58:06.294,1781693886.223426,right,base,1,pelvis,200,0.001,0.19844536,-0.234423718,0.2285215,0.461990565,0.590188468,-0.20846857,0.628317711,0.493855339,0.33,0.122690757,-1.33270478,0.939301079,0.52,-1.12022352,1,1,0.0134124899,0.145102279,2,0.03365,,0.491723031,0.33,0.123040591,-1.33113226,0.936113067,0.52,-1.12490717
1781693886.310907,2026-06-17T18:58:06.310,1781693886.156769,left,base,1,pelvis,200,0.001,0.25723665,0.055940037,0.277369,-0.417798836,0.524905201,-0.350847276,0.653318338,1.44505206,0.0888451544,-0.183978208,-1.4,-0.681377528,-0.429297024,0.037319053,1,1,0.0471056419,0.499241777,16,0.154274,,0.503282728,-0.33,-0.397755309,-1.4,-0.923626547,0.010454394,0.434455213
1781693886.311148,2026-06-17T18:58:06.311,1781693886.223426,right,base,1,pelvis,200,0.001,0.19844536,-0.234423718,0.2285215,0.461990565,0.590188468,-0.20846857,0.628317711,0.492433501,0.33,0.12280767,-1.33115355,0.936686162,0.52,-1.12407409,1,1,0.0133954389,0.143977584,2,0.028987,,0.490367715,0.33,0.123216389,-1.329637,0.933532071,0.52,-1.1285471
1781693886.327751,2026-06-17T18:58:06.327,1781693886.156769,left,base,1,pelvis,200,0.001,0.25723665,0.055940037,0.277369,-0.417798836,0.524905201,-0.350847276,0.653318338,1.44505206,0.0888451544,-0.183978208,-1.4,-0.681377528,-0.429297024,0.037319053,1,1,0.0471056419,0.499241777,16,0.143555,,0.503282728,-0.33,-0.397755309,-1.4,-0.923626547,0.010454394,0.434455213
1781693886.328097,2026-06-17T18:58:06.328,1781693886.223426,right,base,1,pelvis,200,0.001,0.19844536,-0.234423718,0.2285215,0.461990565,0.590188468,-0.20846857,0.628317711,0.491064392,0.33,0.122880861,-1.32965832,0.93409449,0.52,-1.12772957,1,1,0.0133945804,0.142843636,2,0.034886,,0.48906373,0.33,0.123355213,-1.32820243,0.930981403,0.52,-1.13200302
1781693886.344466,2026-06-17T18:58:06.344,1781693886.256991,left,base,1,pelvis,200,0.001,0.25579855,0.054985247,0.2779905,-0.417393053,0.524513549,-0.351931721,0.653308992,1.44505206,0.0888451544,-0.183978208,-1.4,-0.681377528,-0.429297024,0.037319053,1,1,0.0422005861,0.470389587,17,0.165273,,0.505029999,-0.33,-0.409675206,-1.4,-0.930980623,0.000706328124,0.467610191
1781693886.344738,2026-06-17T18:58:06.344,1781693886.290098,right,base,1,pelvis,200,0.001,0.19877991,-0.234537918,0.2287005,0.466664204,0.586718133,-0.211003718,0.627266917,0.489746758,0.33,0.122987487,-1.32822375,0.931533249,0.52,-1.13120093,1,1,0.0134841502,0.152322699,2,0.035512,,0.487385016,0.33,0.123105851,-1.32664784,0.928065179,0.52,-1.13576472
1781693886.361323,2026-06-17T18:58:06.361,1781693886.256991,left,base,1,pelvis,200,0.001,0.25579855,0.054985247,0.2779905,-0.417393053,0.524513549,-0.351931721,0.653308992,1.44505206,0.0888451544,-0.183978208,-1.4,-0.681377528,-0.429297024,0.037319053,1,1,0.0422005861,0.470389587,17,0.158473,,0.505029999,-0.33,-0.409675206,-1.4,-0.930980623,0.000706328124,0.467610191
1781693886.361687,2026-06-17T18:58:06.361,1781693886.290098,right,base,1,pelvis,200,0.001,0.19877991,-0.234537918,0.2287005,0.466664204,0.586718133,-0.211003718,0.627266917,0.488055077,0.33,0.123102599,-1.32666918,0.928607002,0.52,-1.13497735,1,1,0.0134667024,0.150933958,2,0.031969,,0.485809197,0.33,0.123289248,-1.32515852,0.925183958,0.52,-1.13935628
1781693886.378017,2026-06-17T18:58:06.378,1781693886.256991,left,base,1,pelvis,200,0.001,0.25579855,0.054985247,0.2779905,-0.417393053,0.524513549,-0.351931721,0.653308992,1.44505206,0.0888451544,-0.183978208,-1.4,-0.681377528,-0.429297024,0.037319053,1,1,0.0422005861,0.470389587,17,0.163936,,0.505029999,-0.33,-0.409675206,-1.4,-0.930980623,0.000706328124,0.467610191
1781693886.378262,2026-06-17T18:58:06.378,1781693886.290098,right,base,1,pelvis,200,0.001,0.19877991,-0.234537918,0.2287005,0.466664204,0.586718133,-0.211003718,0.627266917,0.48646635,0.33,0.123103632,-1.32517986,0.925715802,0.52,-1.13858358,1,1,0.0134904347,0.149526051,2,0.028721,,0.484321474,0.33,0.123372978,-1.32373196,0.922348685,0.52,-1.14278817
1781693886.395010,2026-06-17T18:58:06.395,1781693886.256991,left,base,1,pelvis,200,0.001,0.25579855,0.054985247,0.2779905,-0.417393053,0.524513549,-0.351931721,0.653308992,1.44505206,0.0888451544,-0.183978208,-1.4,-0.681377528,-0.429297024,0.037319053,1,1,0.0422005861,0.470389587,17,0.176963,,0.505029999,-0.33,-0.409675206,-1.4,-0.930980623,0.000706328124,0.467610191
1781693886.395743,2026-06-17T18:58:06.395,1781693886.323432,right,base,1,pelvis,200,0.001,0.19885816,-0.234269168,0.228834,0.469366709,0.584530261,-0.212928821,0.626642309,0.484966288,0.33,0.123161497,-1.32375329,0.922870999,0.52,-1.1420295,1,1,0.0138559083,0.154621099,2,0.053855,,0.482700903,0.33,0.12331869,-1.32215829,0.919365357,0.52,-1.14657206
1781693886.411543,2026-06-17T18:58:06.411,1781693886.340356,left,base,1,pelvis,200,0.001,0.2553675,0.054858582,0.276777,-0.414734765,0.524248448,-0.351825054,0.655269235,1.44505206,0.0888451544,-0.183978208,-1.4,-0.681377528,-0.429297024,0.037319053,1,1,0.0454793941,0.494104739,16,0.14616,,0.507180155,-0.33,-0.399972421,-1.4,-0.927810131,0.00161099154,0.442048175
1781693886.411804,2026-06-17T18:58:06.411,1781693886.340101,right,base,1,pelvis,200,0.001,0.198700235,-0.233770768,0.228889,0.47219212,0.581989575,-0.215499488,0.626005357,0.483333002,0.33,0.123230684,-1.32217962,0.919877829,0.52,-1.14582784,1,1,0.0144078382,0.160410131,2,0.036007,,0.481001849,0.33,0.123262135,-1.32027666,0.916215708,0.52,-1.15098205
1781693886.428397,2026-06-17T18:58:06.428,1781693886.340356,left,base,1,pelvis,200,0.001,0.2553675,0.054858582,0.276777,-0.414734765,0.524248448,-0.351825054,0.655269235,1.44505206,0.0888451544,-0.183978208,-1.4,-0.681377528,-0.429297024,0.037319053,1,1,0.0454793941,0.494104739,16,0.152717,,0.507180155,-0.33,-0.399972421,-1.4,-0.927810131,0.00161099154,0.442048175
1781693886.428972,2026-06-17T18:58:06.428,1781693886.340101,right,base,1,pelvis,200,0.001,0.198700235,-0.233770768,0.228889,0.47219212,0.581989575,-0.215499488,0.626005357,0.481622642,0.33,0.12325736,-1.3202981,0.916719491,0.52,-1.1502505,1,1,0.0144219878,0.158998586,2,0.041885,,0.479373999,0.33,0.123374966,-1.31847887,0.913109032,0.52,-1.15516385
1781693886.445186,2026-06-17T18:58:06.445,1781693886.373665,left,base,1,pelvis,200,0.001,0.25546665,0.054777342,0.276191,-0.41349021,0.524084268,-0.351780523,0.656210325,1.44505206,0.0888451544,-0.183978208,-1.4,-0.681377528,-0.429297024,0.037319053,1,1,0.0448395762,0.491786549,16,0.14267,,0.50513396,-0.33,-0.398935054,-1.39774128,-0.928494498,-0.00136749389,0.444562042
1781693886.445436,2026-06-17T18:58:06.445,1781693886.340101,right,base,1,pelvis,200,0.001,0.198700235,-0.233770768,0.228889,0.47219212,0.581989575,-0.215499488,0.626005357,0.479982916,0.33,0.123258897,-1.31850035,0.913603648,0.52,-1.15444569,1,1,0.0144469949,0.157593333,2,0.026226,,0.47781422,0.33,0.123466609,-1.31676684,0.910050433,0.52,-1.15913131
1781693886.462101,2026-06-17T18:58:06.462,1781693886.373665,left,base,1,pelvis,200,0.001,0.25546665,0.054777342,0.276191,-0.41349021,0.524084268,-0.351780523,0.656210325,1.44505206,0.0888451544,-0.183978208,-1.4,-0.681377528,-0.429297024,0.037319053,1,1,0.0448395762,0.491786549,16,0.170716,,0.50513396,-0.33,-0.398935054,-1.39774128,-0.928494498,-0.00136749389,0.444562042
1781693886.462602,2026-06-17T18:58:06.462,1781693886.340101,right,base,1,pelvis,200,0.001,0.198700235,-0.233770768,0.228889,0.47219212,0.581989575,-0.215499488,0.626005357,0.478412041,0.33,0.123294852,-1.31678836,0.910536498,0.52,-1.15842568,1,1,0.0144644755,0.156214259,2,0.040675,,0.476322759,0.33,0.123589486,-1.31514375,0.907041983,0.52,-1.16289339
1781693886.478895,2026-06-17T18:58:06.478,1781693886.373665,left,base,1,pelvis,200,0.001,0.25546665,0.054777342,0.276191,-0.41349021,0.524084268,-0.351780523,0.656210325,1.44505206,0.0888451544,-0.183978208,-1.4,-0.681377528,-0.429297024,0.037319053,1,1,0.0448395762,0.491786549,16,0.218212,,0.50513396,-0.33,-0.398935054,-1.39774128,-0.928494498,-0.00136749389,0.444562042
1781693886.479342,2026-06-17T18:58:06.479,1781693886.340101,right,base,1,pelvis,200,0.001,0.198700235,-0.233770768,0.228889,0.47219212,0.581989575,-0.215499488,0.626005357,0.476909189,0.33,0.123350262,-1.31516526,0.907519242,0.52,-1.1622007,1,1,0.0144791079,0.15485373,2,0.049775,,0.474897654,0.33,0.123729905,-1.31361001,0.904085157,0.52,-1.16646127
1781693886.495780,2026-06-17T18:58:06.495,1781693886.406779,left,base,1,pelvis,200,0.001,0.25506925,0.055018797,0.2760785,-0.412266052,0.524202123,-0.351686439,0.656936439,1.44505206,0.0888451544,-0.183978208,-1.4,-0.681377528,-0.429297024,0.037319053,1,1,0.0445068327,0.490711647,16,0.230748,,0.506636427,-0.33,-0.398630739,-1.39861099,-0.929450185,-0.00363484469,0.445020113
1781693886.496723,2026-06-17T18:58:06.496,1781693886.423438,right,base,1,pelvis,200,0.001,0.198671525,-0.233464218,0.229194,0.478579365,0.573948788,-0.22320993,0.62587691,0.475473275,0.33,0.123425543,-1.31363149,0.904554066,0.52,-1.16578089,1,1,0.0150939581,0.169785313,2,0.055056,,0.472873384,0.33,0.123081926,-1.31135053,0.90065028,0.52,-1.17178008
1781693886.512363,2026-06-17T18:58:06.512,1781693886.406779,left,base,1,pelvis,200,0.001,0.25506925,0.055018797,0.2760785,-0.412266052,0.524202123,-0.351686439,0.656936439,1.44505206,0.0888451544,-0.183978208,-1.4,-0.681377528,-0.429297024,0.037319053,1,1,0.0445068327,0.490711647,16,0.206635,,0.506636427,-0.33,-0.398630739,-1.39861099,-0.929450185,-0.00363484469,0.445020113
1781693886.512774,2026-06-17T18:58:06.512,1781693886.423438,right,base,1,pelvis,200,0.001,0.198671525,-0.233464218,0.229194,0.478579365,0.573948788,-0.22320993,0.62587691,0.473438165,0.33,0.1235246,-1.31137214,0.901110794,0.52,-1.17111179,1,1,0.0150742742,0.168340176,2,0.047458,,0.470930266,0.33,0.123259132,-1.30917374,0.897240297,0.52,-1.17681882
1781693886.529293,2026-06-17T18:58:06.529,1781693886.456786,left,base,1,pelvis,200,0.001,0.25428425,0.055054132,0.27631,-0.411141648,0.524817356,-0.351585976,0.657203614,1.44505206,0.0888451544,-0.183978208,-1.4,-0.681377528,-0.429297024,0.037319053,1,1,0.0448578144,0.491739645,16,0.223517,,0.510301377,-0.33,-0.399651069,-1.4,-0.931006005,-0.00420338101,0.444229195
1781693886.530077,2026-06-17T18:58:06.530,1781693886.440104,right,base,1,pelvis,200,0.001,0.198748765,-0.233541118,0.2291745,0.479958691,0.571879081,-0.225117383,0.626032056,0.471485305,0.33,0.123390349,-1.30919548,0.897693304,0.52,-1.17616141,1,1,0.015133298,0.170455529,2,0.052022,,0.468790626,0.33,0.122962668,-1.30678331,0.893723967,0.52,-1.18205899
1781693886.545926,2026-06-17T18:58:06.545,1781693886.456786,left,base,1,pelvis,200,0.001,0.25428425,0.055054132,0.27631,-0.411141648,0.524817356,-0.351585976,0.657203614,1.44505206,0.0888451544,-0.183978208,-1.4,-0.681377528,-0.429297024,0.037319053,1,1,0.0448578144,0.491739645,16,0.222273,,0.510301377,-0.33,-0.399651069,-1.4,-0.931006005,-0.00420338101,0.444229195
1781693886.546366,2026-06-17T18:58:06.546,1781693886.473441,right,base,1,pelvis,200,0.001,0.19886614,-0.233901668,0.2288155,0.481515359,0.569587463,-0.227113079,0.626205023,0.469335389,0.33,0.123347792,-1.30680518,0.894169002,0.52,-1.18141311,1,1,0.0148735525,0.172865186,2,0.050793,,0.466275701,0.33,0.122554917,-1.30391804,0.889970918,0.52,-1.18751632
1781693886.562678,2026-06-17T18:58:06.562,1781693886.456786,left,base,1,pelvis,200,0.001,0.25428425,0.055054132,0.27631,-0.411141648,0.524817356,-0.351585976,0.657203614,1.44505206,0.0888451544,-0.183978208,-1.4,-0.681377528,-0.429297024,0.037319053,1,1,0.0448578144,0.491739645,16,0.204068,,0.510301377,-0.33,-0.399651069,-1.4,-0.931006005,-0.00420338101,0.444229195
1781693886.563186,2026-06-17T18:58:06.563,1781693886.473441,right,base,1,pelvis,200,0.001,0.19886614,-0.233901668,0.2288155,0.481515359,0.569587463,-0.227113079,0.626205023,0.466811145,0.33,0.123169563,-1.30394018,0.890408732,0.52,-1.18688092,1,1,0.0149023306,0.171198293,2,0.048052,,0.463926289,0.33,0.122505013,-1.30125205,0.886275197,0.52,-1.19267543
1781693886.579411,2026-06-17T18:58:06.579,1781693886.456786,left,base,1,pelvis,200,0.001,0.25428425,0.055054132,0.27631,-0.411141648,0.524817356,-0.351585976,0.657203614,1.44505206,0.0888451544,-0.183978208,-1.4,-0.681377528,-0.429297024,0.037319053,1,1,0.0448578144,0.491739645,16,0.212569,,0.510301377,-0.33,-0.399651069,-1.4,-0.931006005,-0.00420338101,0.444229195
1781693886.579848,2026-06-17T18:58:06.579,1781693886.473441,right,base,1,pelvis,200,0.001,0.19886614,-0.233901668,0.2288155,0.481515359,0.569587463,-0.227113079,0.626205023,0.464452253,0.33,0.122975088,-1.30127437,0.886705661,0.52,-1.19205074,1,1,0.0149473793,0.169536441,2,0.051457,,0.461724196,0.33,0.122441071,-1.29876915,0.882642756,0.52,-1.19755664
1781693886.596255,2026-06-17T18:58:06.596,1781693886.456786,left,base,1,pelvis,200,0.001,0.25428425,0.055054132,0.27631,-0.411141648,0.524817356,-0.351585976,0.657203614,1.44505206,0.0888451544,-0.183978208,-1.4,-0.681377528,-0.429297024,0.037319053,1,1,0.0448578144,0.491739645,16,0.225552,,0.510301377,-0.33,-0.399651069,-1.4,-0.931006005,-0.00420338101,0.444229195
1781693886.596923,2026-06-17T18:58:06.596,1781693886.506777,right,base,1,pelvis,200,0.001,0.19907278,-0.234501068,0.2283075,0.482976389,0.567487568,-0.228764838,0.626385118,0.462240942,0.33,0.122827414,-1.29879161,0.883066082,0.52,-1.1969424,1,1,0.0144878848,0.171206588,2,0.052029,,0.459081843,0.33,0.121878897,-1.29580485,0.878754044,0.52,-1.20253516
1781693886.612867,2026-06-17T18:58:06.612,1781693886.523453,left,base,1,pelvis,200,0.001,0.2532591,0.055184432,0.2766625,-0.409945307,0.525863015,-0.351526042,0.65714715,1.44505206,0.0888451544,-0.183978208,-1.4,-0.681377528,-0.429297024,0.037319053,1,1,0.0462989225,0.496492017,16,0.204982,,0.515199791,-0.33,-0.400803751,-1.4,-0.932533914,-0.00374763655,0.441249924
1781693886.613277,2026-06-17T18:58:06.613,1781693886.556776,right,base,1,pelvis,200,0.001,0.199773825,-0.235570118,0.2278105,0.485899708,0.563391773,-0.231594959,0.626781429,0.459589455,0.33,0.122459943,-1.29582754,0.879170263,0.52,-1.20193137,1,1,0.0137522849,0.17592552,2,0.046458,,0.455602346,0.33,0.120800427,-1.29224124,0.874448318,0.52,-1.20772295
1781693886.629817,2026-06-17T18:58:06.629,1781693886.523453,left,base,1,pelvis,200,0.001,0.2532591,0.055184432,0.2766625,-0.409945307,0.525863015,-0.351526042,0.65714715,1.44505206,0.0888451544,-0.183978208,-1.4,-0.681377528,-0.429297024,0.037319053,1,1,0.0462989225,0.496492017,16,0.257712,,0.515199791,-0.33,-0.400803751,-1.4,-0.932533914,-0.00374763655,0.441249924
1781693886.630482,2026-06-17T18:58:06.630,1781693886.556776,right,base,1,pelvis,200,0.001,0.199773825,-0.235570118,0.2278105,0.485899708,0.563391773,-0.231594959,0.626781429,0.456101616,0.33,0.121371302,-1.29226429,0.874858007,0.52,-1.20712886,1,1,0.0139858984,0.173539765,2,0.05242,,0.452458074,0.33,0.119969094,-1.28901437,0.870279691,0.52,-1.21267685
1781693886.646481,2026-06-17T18:58:06.646,1781693886.523453,left,base,1,pelvis,200,0.001,0.2532591,0.055184432,0.2766625,-0.409945307,0.525863015,-0.351526042,0.65714715,1.44505206,0.0888451544,-0.183978208,-1.4,-0.681377528,-0.429297024,0.037319053,1,1,0.0462989225,0.496492017,16,0.221248,,0.515199791,-0.33,-0.400803751,-1.4,-0.932533914,-0.00374763655,0.441249924
1781693886.646910,2026-06-17T18:58:06.646,1781693886.556776,right,base,1,pelvis,200,0.001,0.199773825,-0.235570118,0.2278105,0.485899708,0.563391773,-0.231594959,0.626781429,0.452948627,0.33,0.120529423,-1.28903766,0.870682561,0.52,-1.21209288,1,1,0.0141723379,0.171308175,2,0.047323,,0.449602867,0.33,0.119352871,-1.28608421,0.866234402,0.52,-1.21740092
1781693886.663384,2026-06-17T18:58:06.663,1781693886.523453,left,base,1,pelvis,200,0.001,0.2532591,0.055184432,0.2766625,-0.409945307,0.525863015,-0.351526042,0.65714715,1.44505206,0.0888451544,-0.183978208,-1.4,-0.681377528,-0.429297024,0.037319053,1,1,0.0462989225,0.496492017,16,0.220956,,0.515199791,-0.33,-0.400803751,-1.4,-0.932533914,-0.00374763655,0.441249924
1781693886.664014,2026-06-17T18:58:06.664,1781693886.556776,right,base,1,pelvis,200,0.001,0.199773825,-0.235570118,0.2278105,0.485899708,0.563391773,-0.231594959,0.626781429,0.450085257,0.33,0.119903331,-1.28610768,0.866630919,0.52,-1.21682639,1,1,0.014315961,0.169207275,2,0.056812,,0.446999621,0.33,0.118925121,-1.28341787,0.862301565,0.52,-1.22189927
1781693886.680076,2026-06-17T18:58:06.680,1781693886.607047,left,base,1,pelvis,200,0.001,0.25222425,0.055011367,0.277092,-0.408451369,0.526911198,-0.351514114,0.657244168,1.44505206,0.0888451544,-0.183978208,-1.4,-0.681377528,-0.429297024,0.037319053,1,1,0.0417644127,0.468160641,17,0.216301,,0.516273654,-0.33,-0.410693822,-1.4,-0.94040411,-0.0114139639,0.470408135
1781693886.680484,2026-06-17T18:58:06.680,1781693886.590111,right,base,1,pelvis,200,0.001,0.19982824,-0.235595968,0.2275245,0.487382733,0.56172247,-0.232795307,0.626683559,0.447473617,0.33,0.119465488,-1.28344145,0.862691545,0.52,-1.22133446,1,1,0.014440948,0.170605584,2,0.047132,,0.444260294,0.33,0.118357774,-1.28046948,0.858252414,0.52,-1.22661786
1781693886.696970,2026-06-17T18:58:06.696,1781693886.640340,left,base,1,pelvis,200,0.001,0.25103405,0.054991982,0.277365,-0.40685387,0.527487473,-0.351392862,0.657837329,1.44505206,0.0888451544,-0.183978208,-1.4,-0.681377528,-0.429297024,0.037319053,1,1,0.0428133858,0.472493678,17,0.205627,,0.520795717,-0.33,-0.41194135,-1.4,-0.942738049,-0.0116068294,0.468752253
1781693886.697847,2026-06-17T18:58:06.697,1781693886.606779,right,base,1,pelvis,200,0.001,0.199694325,-0.235415868,0.2273335,0.488772008,0.560394733,-0.233846421,0.626398849,0.444726431,0.33,0.118888674,-1.28049324,0.858636285,0.52,-1.22606212,1,1,0.0147690843,0.171887988,2,0.049705,,0.441591966,0.33,0.117788166,-1.27741631,0.854149208,0.52,-1.23154577
1781693886.713738,2026-06-17T18:58:06.713,1781693886.640340,left,base,1,pelvis,200,0.001,0.25103405,0.054991982,0.277365,-0.40685387,0.527487473,-0.351392862,0.657837329,1.44505206,0.0888451544,-0.183978208,-1.4,-0.681377528,-0.429297024,0.037319053,1,1,0.0428133858,0.472493678,17,0.239348,,0.520795717,-0.33,-0.41194135,-1.4,-0.942738049,-0.0116068294,0.468752253
1781693886.714199,2026-06-17T18:58:06.714,1781693886.640113,right,base,1,pelvis,200,0.001,0.19969335,-0.235162518,0.2280355,0.490769689,0.558655679,-0.235110026,0.625917104,0.442049953,0.33,0.118309302,-1.27744022,0.854526738,0.52,-1.23099941,1,1,0.015263033,0.174620424,2,0.048399,,0.439347482,0.33,0.117476498,-1.27516463,0.850151238,0.52,-1.23639819
1781693886.730664,2026-06-17T18:58:06.730,1781693886.640340,left,base,1,pelvis,200,0.001,0.25103405,0.054991982,0.277365,-0.40685387,0.527487473,-0.351392862,0.657837329,1.44505206,0.0888451544,-0.183978208,-1.4,-0.681377528,-0.429297024,0.037319053,1,1,0.0428133858,0.472493678,17,0.241002,,0.520795717,-0.33,-0.41194135,-1.4,-0.942738049,-0.0116068294,0.468752253
1781693886.731324,2026-06-17T18:58:06.731,1781693886.640113,right,base,1,pelvis,200,0.001,0.19969335,-0.235162518,0.2280355,0.490769689,0.558655679,-0.235110026,0.625917104,0.43979792,0.33,0.117988615,-1.27518855,0.850522958,0.52,-1.23586042,1,1,0.0153768648,0.172623461,2,0.051197,,0.437224569,0.33,0.117307821,-1.27302688,0.846239147,0.52,-1.24102451
1781693886.747424,2026-06-17T18:58:06.747,1781693886.640340,left,base,1,pelvis,200,0.001,0.25103405,0.054991982,0.277365,-0.40685387,0.527487473,-0.351392862,0.657837329,1.44505206,0.0888451544,-0.183978208,-1.4,-0.681377528,-0.429297024,0.037319053,1,1,0.0428133858,0.472493678,17,0.233024,,0.520795717,-0.33,-0.41194135,-1.4,-0.942738049,-0.0116068294,0.468752253
1781693886.747861,2026-06-17T18:58:06.747,1781693886.640113,right,base,1,pelvis,200,0.001,0.19969335,-0.235162518,0.2280355,0.490769689,0.558655679,-0.235110026,0.625917104,0.437667213,0.33,0.117810653,-1.27305077,0.846604841,0.52,-1.24049565,1,1,0.0154525889,0.170725356,2,0.046817,,0.43521831,0.33,0.117266547,-1.27100745,0.842407768,0.52,-1.245428
1781693886.764319,2026-06-17T18:58:06.764,1781693886.640340,left,base,1,pelvis,200,0.001,0.25103405,0.054991982,0.277365,-0.40685387,0.527487473,-0.351392862,0.657837329,1.44505206,0.0888451544,-0.183978208,-1.4,-0.681377528,-0.429297024,0.037319053,1,1,0.0428133858,0.472493678,17,0.23529,,0.520795717,-0.33,-0.41194135,-1.4,-0.942738049,-0.0116068294,0.468752253
1781693886.764768,2026-06-17T18:58:06.764,1781693886.690118,right,base,1,pelvis,200,0.001,0.1996478,-0.235223118,0.2271585,0.493233409,0.556306047,-0.236723052,0.625465093,0.43565359,0.33,0.117653759,-1.27103129,0.842767779,0.52,-1.24490757,1,1,0.0154940001,0.174298031,2,0.046979,,0.432641611,0.33,0.116648605,-1.26792326,0.838205184,0.52,-1.25038167
1781693886.781087,2026-06-17T18:58:06.781,1781693886.706794,left,base,1,pelvis,200,0.001,0.25037175,0.055347542,0.2774895,-0.405591152,0.527837162,-0.351101208,0.658491981,1.44505206,0.0888451544,-0.183978208,-1.4,-0.681377528,-0.429297024,0.037319053,1,1,0.0435652385,0.47562879,17,0.312206,,0.523594996,-0.33,-0.41188367,-1.4,-0.944030684,-0.012124704,0.467073623
1781693886.781557,2026-06-17T18:58:06.781,1781693886.690118,right,base,1,pelvis,200,0.001,0.1996478,-0.235223118,0.2271585,0.493233409,0.556306047,-0.236723052,0.625465093,0.433069617,0.33,0.117133983,-1.26794724,0.838559555,0.52,-1.2498696,1,1,0.0156132274,0.172270829,2,0.04886,,0.430255732,0.33,0.116327853,-1.26513622,0.834121854,0.52,-1.25505428
1781693886.797781,2026-06-17T18:58:06.797,1781693886.706794,left,base,1,pelvis,200,0.001,0.25037175,0.055347542,0.2774895,-0.405591152,0.527837162,-0.351101208,0.658491981,1.44505206,0.0888451544,-0.183978208,-1.4,-0.681377528,-0.429297024,0.037319053,1,1,0.0435652385,0.47562879,17,0.229913,,0.523594996,-0.33,-0.41188367,-1.4,-0.944030684,-0.012124704,0.467073623
1781693886.798230,2026-06-17T18:58:06.798,1781693886.690118,right,base,1,pelvis,200,0.001,0.1996478,-0.235223118,0.2271585,0.493233409,0.556306047,-0.236723052,0.625465093,0.430676633,0.33,0.116804749,-1.26516027,0.834470719,0.52,-1.25455039,1,1,0.0156923089,0.170337656,2,0.046766,,0.428043712,0.33,0.116172753,-1.2626144,0.830146878,0.52,-1.25946216
1781693886.814610,2026-06-17T18:58:06.814,1781693886.706794,left,base,1,pelvis,200,0.001,0.25037175,0.055347542,0.2774895,-0.405591152,0.527837162,-0.351101208,0.658491981,1.44505206,0.0888451544,-0.183978208,-1.4,-0.681377528,-0.429297024,0.037319053,1,1,0.0435652385,0.47562879,17,0.24988,,0.523594996,-0.33,-0.41188367,-1.4,-0.944030684,-0.012124704,0.467073623
1781693886.815081,2026-06-17T18:58:06.815,1781693886.740121,right,base,1,pelvis,200,0.001,0.199478075,-0.234883168,0.227064,0.494868298,0.554256615,-0.237750231,0.625603549,0.428457678,0.33,0.116641379,-1.26263848,0.83049037,0.52,-1.25896625,1,1,0.0160960704,0.171795841,2,0.048987,,0.425834969,0.33,0.115986346,-1.25991549,0.826107219,0.52,-1.26425779
1781693886.831405,2026-06-17T18:58:06.831,1781693886.706794,left,base,1,pelvis,200,0.001,0.25037175,0.055347542,0.2774895,-0.405591152,0.527837162,-0.351101208,0.658491981,1.44505206,0.0888451544,-0.183978208,-1.4,-0.681377528,-0.429297024,0.037319053,1,1,0.0435652385,0.47562879,17,0.228391,,0.523594996,-0.33,-0.41188367,-1.4,-0.944030684,-0.012124704,0.467073623
1781693886.832002,2026-06-17T18:58:06.832,1781693886.756787,right,base,1,pelvis,200,0.001,0.199346785,-0.234630768,0.227321,0.496248725,0.552171973,-0.238714876,0.62598604,0.426242072,0.33,0.116446803,-1.25993962,0.826445396,0.52,-1.26376974,1,1,0.0164491769,0.172660838,2,0.047772,,0.423789119,0.33,0.115885546,-1.25744716,0.822096906,0.52,-1.26925267
1781693886.848266,2026-06-17T18:58:06.848,1781693886.757052,left,base,1,pelvis,200,0.001,0.24987485,0.055456262,0.2772945,-0.405160799,0.528285579,-0.350850307,0.658531044,1.44505206,0.0888451544,-0.183978208,-1.4,-0.681377528,-0.429297024,0.037319053,1,1,0.0437279442,0.476187763,17,0.278316,,0.525326513,-0.33,-0.411834988,-1.4,-0.944598212,-0.0126933045,0.466700956
1781693886.848574,2026-06-17T18:58:06.848,1781693886.756787,right,base,1,pelvis,200,0.001,0.199346785,-0.234630768,0.227321,0.496248725,0.552171973,-0.238714876,0.62598604,0.424189443,0.33,0.116300094,-1.25747127,0.822429842,0.52,-1.26877232,1,1,0.0165032234,0.170890646,2,0.039741,,0.421829358,0.33,0.115881603,-1.25514538,0.818169857,0.52,-1.2739661
1781693886.864866,2026-06-17T18:58:06.864,1781693886.757052,left,base,1,pelvis,200,0.001,0.24987485,0.055456262,0.2772945,-0.405160799,0.528285579,-0.350850307,0.658531044,1.44505206,0.0888451544,-0.183978208,-1.4,-0.681377528,-0.429297024,0.037319053,1,1,0.0437279442,0.476187763,17,0.148707,,0.525326513,-0.33,-0.411834988,-1.4,-0.944598212,-0.0126933045,0.466700956
1781693886.865328,2026-06-17T18:58:06.865,1781693886.790123,right,base,1,pelvis,200,0.001,0.19940087,-0.234539368,0.227423,0.497498155,0.550168737,-0.239811918,0.626338719,0.422223197,0.33,0.116170732,-1.25516947,0.818497783,0.52,-1.27349314,1,1,0.0167095753,0.171588701,2,0.033969,,0.419780918,0.33,0.115729963,-1.25281155,0.814222978,0.52,-1.27884661
1781693886.881551,2026-06-17T18:58:06.881,1781693886.757052,left,base,1,pelvis,200,0.001,0.24987485,0.055456262,0.2772945,-0.405160799,0.528285579,-0.350850307,0.658531044,1.44505206,0.0888451544,-0.183978208,-1.4,-0.681377528,-0.429297024,0.037319053,1,1,0.0437279442,0.476187763,17,0.148562,,0.525326513,-0.33,-0.411834988,-1.4,-0.944598212,-0.0126933045,0.466700956
1781693886.881798,2026-06-17T18:58:06.881,1781693886.790123,right,base,1,pelvis,200,0.001,0.19940087,-0.234539368,0.227423,0.497498155,0.550168737,-0.239811918,0.626338719,0.420168323,0.33,0.116079341,-1.25283561,0.814545912,0.52,-1.27838098,1,1,0.0167501337,0.169882118,2,0.031775,,0.417822811,0.33,0.115770644,-1.25062112,0.810351703,0.52,-1.28346138
1781693886.898261,2026-06-17T18:58:06.898,1781693886.823465,left,base,1,pelvis,200,0.001,0.25011215,0.055747232,0.276977,-0.405192298,0.529064893,-0.350828957,0.657897092,1.44505206,0.0888451544,-0.183978208,-1.4,-0.681377528,-0.429297024,0.037319053,1,1,0.0437213899,0.475653789,17,0.151349,,0.524724419,-0.33,-0.410638012,-1.4,-0.943537783,-0.0124196565,0.464406354
1781693886.898507,2026-06-17T18:58:06.898,1781693886.840128,right,base,1,pelvis,200,0.001,0.19943543,-0.234638018,0.2272405,0.498641193,0.548007566,-0.241720773,0.626590565,0.41820402,0.33,0.115970669,-1.25064513,0.810669833,0.52,-1.28300283,1,1,0.0167655023,0.170796513,2,0.031515,,0.415605994,0.33,0.115458049,-1.24809016,0.806381327,0.52,-1.28835612
1781693886.914998,2026-06-17T18:58:06.914,1781693886.823465,left,base,1,pelvis,200,0.001,0.25011215,0.055747232,0.276977,-0.405192298,0.529064893,-0.350828957,0.657897092,1.44505206,0.0888451544,-0.183978208,-1.4,-0.681377528,-0.429297024,0.037319053,1,1,0.0437213899,0.475653789,17,0.161047,,0.524724419,-0.33,-0.410638012,-1.4,-0.943537783,-0.0124196565,0.464406354
1781693886.915251,2026-06-17T18:58:06.915,1781693886.840128,right,base,1,pelvis,200,0.001,0.19943543,-0.234638018,0.2272405,0.498641193,0.548007566,-0.241720773,0.626590565,0.415981077,0.33,0.115880547,-1.24811416,0.806694679,0.52,-1.28790459,1,1,0.0167887383,0.169125751,2,0.029096,,0.413513598,0.33,0.115503385,-1.24574383,0.802487428,0.52,-1.29297746
1781693886.931771,2026-06-17T18:58:06.931,1781693886.823465,left,base,1,pelvis,200,0.001,0.25011215,0.055747232,0.276977,-0.405192298,0.529064893,-0.350828957,0.657897092,1.44505206,0.0888451544,-0.183978208,-1.4,-0.681377528,-0.429297024,0.037319053,1,1,0.0437213899,0.475653789,17,0.150108,,0.524724419,-0.33,-0.410638012,-1.4,-0.943537783,-0.0124196565,0.464406354
1781693886.932100,2026-06-17T18:58:06.932,1781693886.840128,right,base,1,pelvis,200,0.001,0.19943543,-0.234638018,0.2272405,0.498641193,0.548007566,-0.241720773,0.626590565,0.413882648,0.33,0.115747101,-1.24576778,0.802796074,0.52,-1.29253286,1,1,0.0168329438,0.167450108,2,0.035184,,0.411533602,0.33,0.115508152,-1.24356428,0.798674678,0.52,-1.29734808
1781693886.948651,2026-06-17T18:58:06.948,1781693886.823465,left,base,1,pelvis,200,0.001,0.25011215,0.055747232,0.276977,-0.405192298,0.529064893,-0.350828957,0.657897092,1.44505206,0.0888451544,-0.183978208,-1.4,-0.681377528,-0.429297024,0.037319053,1,1,0.0437213899,0.475653789,17,0.171896,,0.524724419,-0.33,-0.410638012,-1.4,-0.943537783,-0.0124196565,0.464406354
1781693886.948902,2026-06-17T18:58:06.948,1781693886.890127,right,base,1,pelvis,200,0.001,0.19923879,-0.234322618,0.2269145,0.500489021,0.542918464,-0.246695336,0.627607914,0.411896679,0.33,0.115669624,-1.24358816,0.798978657,0.52,-1.29691037,1,1,0.0172733632,0.17060816,2,0.029841,,0.40900238,0.33,0.114914208,-1.24033086,0.794657772,0.52,-1.30306393
1781693886.965434,2026-06-17T18:58:06.965,1781693886.823465,left,base,1,pelvis,200,0.001,0.25011215,0.055747232,0.276977,-0.405192298,0.529064893,-0.350828957,0.657897092,1.44505206,0.0888451544,-0.183978208,-1.4,-0.681377528,-0.429297024,0.037319053,1,1,0.0437213899,0.475653789,17,0.158588,,0.524724419,-0.33,-0.410638012,-1.4,-0.943537783,-0.0124196565,0.464406354
1781693886.965663,2026-06-17T18:58:06.965,1781693886.890127,right,base,1,pelvis,200,0.001,0.19923879,-0.234322618,0.2269145,0.500489021,0.542918464,-0.246695336,0.627607914,0.409359716,0.33,0.11531568,-1.24035483,0.79495723,0.52,-1.30263274,1,1,0.0173292516,0.169083921,2,0.027236,,0.40660265,0.33,0.114722313,-1.237337,0.790714168,0.52,-1.30844302
1781693886.982203,2026-06-17T18:58:06.982,1781693886.823465,left,base,1,pelvis,200,0.001,0.25011215,0.055747232,0.276977,-0.405192298,0.529064893,-0.350828957,0.657897092,1.44505206,0.0888451544,-0.183978208,-1.4,-0.681377528,-0.429297024,0.037319053,1,1,0.0437213899,0.475653789,17,0.153021,,0.524724419,-0.33,-0.410638012,-1.4,-0.943537783,-0.0124196565,0.464406354
1781693886.982453,2026-06-17T18:58:06.982,1781693886.890127,right,base,1,pelvis,200,0.001,0.19923879,-0.234322618,0.2269145,0.500489021,0.542918464,-0.246695336,0.627607914,0.406954351,0.33,0.115117085,-1.237361,0.791009188,0.52,-1.30801827,1,1,0.0173512987,0.167612619,2,0.034186,,0.404333059,0.33,0.114669095,-1.23457038,0.786840043,0.52,-1.31350394
1781693886.998983,2026-06-17T18:58:06.998,1781693886.823465,left,base,1,pelvis,200,0.001,0.25011215,0.055747232,0.276977,-0.405192298,0.529064893,-0.350828957,0.657897092,1.44505206,0.0888451544,-0.183978208,-1.4,-0.681377528,-0.429297024,0.037319053,1,1,0.0437213899,0.475653789,17,0.168771,,0.524724419,-0.33,-0.410638012,-1.4,-0.943537783,-0.0124196565,0.464406354
1781693886.999243,2026-06-17T18:58:06.999,1781693886.890127,right,base,1,pelvis,200,0.001,0.19923879,-0.234322618,0.2269145,0.500489021,0.542918464,-0.246695336,0.627607914,0.404679215,0.33,0.114992112,-1.23459439,0.787130697,0.52,-1.31308555,1,1,0.0173629244,0.166157978,2,0.03383,,0.402187946,0.33,0.114680988,-1.23201525,0.78303545,0.52,-1.31826811
1781693887.015755,2026-06-17T18:58:07.015,1781693886.823465,left,base,1,pelvis,200,0.001,0.25011215,0.055747232,0.276977,-0.405192298,0.529064893,-0.350828957,0.657897092,1.44505206,0.0888451544,-0.183978208,-1.4,-0.681377528,-0.429297024,0.037319053,1,1,0.0437213899,0.475653789,17,0.157189,,0.524724419,-0.33,-0.410638012,-1.4,-0.943537783,-0.0124196565,0.464406354
1781693887.015990,2026-06-17T18:58:07.015,1781693886.923462,right,base,1,pelvis,200,0.001,0.19953292,-0.234554268,0.226694,0.500973727,0.540341381,-0.248555313,0.628710405,0.402528643,0.33,0.114889741,-1.23203922,0.783321807,0.52,-1.31785601,1,1,0.0172211271,0.165290854,2,0.034612,,0.399584944,0.33,0.114313769,-1.2289876,0.779156539,0.52,-1.3233247
1781693887.032558,2026-06-17T18:58:07.032,1781693886.957027,left,base,1,pelvis,200,0.001,0.24974765,0.055570057,0.277027,-0.405946369,0.529781693,-0.351202203,0.656655097,1.44505206,0.0888451544,-0.183978208,-1.4,-0.681377528,-0.429297024,0.037319053,1,1,0.0445180423,0.478418582,17,0.152783,,0.526373119,-0.33,-0.411315461,-1.4,-0.942787915,-0.0104661952,0.461355867
1781693887.032855,2026-06-17T18:58:07.032,1781693886.973465,right,base,1,pelvis,200,0.001,0.20008482,-0.235372318,0.225467,0.502163244,0.534764589,-0.250908015,0.631588536,0.399920376,0.33,0.114689231,-1.2290116,0.779438708,0.52,-1.32291869,1,1,0.016545109,0.164526977,2,0.034846,,0.395652969,0.33,0.113197367,-1.22414336,0.774841982,0.52,-1.32933349
1781693887.049438,2026-06-17T18:58:07.049,1781693886.957027,left,base,1,pelvis,200,0.001,0.24974765,0.055570057,0.277027,-0.405946369,0.529781693,-0.351202203,0.656655097,1.44505206,0.0888451544,-0.183978208,-1.4,-0.681377528,-0.429297024,0.037319053,1,1,0.0445180423,0.478418582,17,0.233901,,0.526373119,-0.33,-0.411315461,-1.4,-0.942787915,-0.0104661952,0.461355867
1781693887.049883,2026-06-17T18:58:07.049,1781693886.973465,right,base,1,pelvis,200,0.001,0.20008482,-0.235372318,0.225467,0.502163244,0.534764589,-0.250908015,0.631588536,0.39598338,0.33,0.113566757,-1.22416762,0.775120066,0.52,-1.3289334,1,1,0.0166806896,0.162823624,2,0.047043,,0.39209248,0.33,0.112342496,-1.21981616,0.770650513,0.52,-1.3349832
1781693887.066240,2026-06-17T18:58:07.066,1781693886.957027,left,base,1,pelvis,200,0.001,0.24974765,0.055570057,0.277027,-0.405946369,0.529781693,-0.351202203,0.656655097,1.44505206,0.0888451544,-0.183978208,-1.4,-0.681377528,-0.429297024,0.037319053,1,1,0.0445180423,0.478418582,17,0.218945,,0.526373119,-0.33,-0.411315461,-1.4,-0.942787915,-0.0104661952,0.461355867
1781693887.066674,2026-06-17T18:58:07.066,1781693887.006802,right,base,1,pelvis,200,0.001,0.20021659,-0.235635768,0.224887,0.503055159,0.532581715,-0.251835709,0.63235354,0.392417847,0.33,0.112705822,-1.21984061,0.770924514,0.52,-1.33458903,1,1,0.0165684823,0.162582557,2,0.047413,,0.388261413,0.33,0.111270091,-1.21504596,0.766317664,0.52,-1.34082524
1781693887.082893,2026-06-17T18:58:07.082,1781693886.957027,left,base,1,pelvis,200,0.001,0.24974765,0.055570057,0.277027,-0.405946369,0.529781693,-0.351202203,0.656655097,1.44505206,0.0888451544,-0.183978208,-1.4,-0.681377528,-0.429297024,0.037319053,1,1,0.0445180423,0.478418582,17,0.213574,,0.526373119,-0.33,-0.411315461,-1.4,-0.942787915,-0.0104661952,0.461355867
1781693887.083351,2026-06-17T18:58:07.083,1781693887.006802,right,base,1,pelvis,200,0.001,0.20021659,-0.235635768,0.224887,0.503055159,0.532581715,-0.251835709,0.63235354,0.388581968,0.33,0.111627616,-1.21507064,0.766587761,0.52,-1.34043673,1,1,0.016694809,0.160891365,2,0.051784,,0.384792953,0.33,0.110458691,-1.21079709,0.762113091,0.52,-1.34631148
1781693887.100045,2026-06-17T18:58:07.100,1781693886.957027,left,base,1,pelvis,200,0.001,0.24974765,0.055570057,0.277027,-0.405946369,0.529781693,-0.351202203,0.656655097,1.44505206,0.0888451544,-0.183978208,-1.4,-0.681377528,-0.429297024,0.037319053,1,1,0.0445180423,0.478418582,17,0.238444,,0.526373119,-0.33,-0.411315461,-1.4,-0.942787915,-0.0104661952,0.461355867
1781693887.100526,2026-06-17T18:58:07.100,1781693887.006802,right,base,1,pelvis,200,0.001,0.20021659,-0.235635768,0.224887,0.503055159,0.532581715,-0.251835709,0.63235354,0.385108772,0.33,0.110810531,-1.21082194,0.762379365,0.52,-1.34592855,1,1,0.0167833503,0.159284687,2,0.047824,,0.381642501,0.33,0.10987545,-1.20700221,0.758024169,0.52,-1.35146541
1781693887.116402,2026-06-17T18:58:07.116,1781693887.023475,left,base,1,pelvis,200,0.001,0.24942955,0.055807172,0.2773855,-0.40691512,0.530090702,-0.35179912,0.655485555,1.44505206,0.0888451544,-0.183978208,-1.4,-0.681377528,-0.429297024,0.037319053,1,1,0.0460795948,0.484649543,17,0.213606,,0.528512277,-0.33,-0.411451936,-1.4,-0.941276425,-0.00793213645,0.455941009
1781693887.116809,2026-06-17T18:58:07.116,1781693887.006802,right,base,1,pelvis,200,0.001,0.20021659,-0.235635768,0.224887,0.503055159,0.532581715,-0.251835709,0.63235354,0.381953481,0.33,0.110221521,-1.20702713,0.758286548,0.52,-1.35108817,1,1,0.0168374992,0.157742885,2,0.045985,,0.378772434,0.33,0.109492041,-1.2036053,0.754040297,0.52,-1.35630842
1781693887.133419,2026-06-17T18:58:07.133,1781693887.040141,left,base,1,pelvis,200,0.001,0.24843795,0.055956177,0.27845,-0.408085097,0.529899797,-0.352702081,0.654426468,1.44505206,0.0888451544,-0.183978208,-1.4,-0.681377528,-0.429297024,0.037319053,1,1,0.0490859824,0.497048897,17,0.240678,,0.533592799,-0.33,-0.413153734,-1.4,-0.940437768,-0.00364001831,0.448625131
1781693887.133867,2026-06-17T18:58:07.133,1781693887.056804,right,base,1,pelvis,200,0.001,0.20029695,-0.235856868,0.2244475,0.504224304,0.531030411,-0.253082998,0.632229033,0.3790789,0.33,0.109832732,-1.20363026,0.754299067,0.52,-1.35593649,1,1,0.0166907424,0.15873425,2,0.047399,,0.375707731,0.33,0.108901155,-1.19992637,0.749913993,0.52,-1.36122209
1781693887.150198,2026-06-17T18:58:07.150,1781693887.073480,left,base,1,pelvis,200,0.001,0.2474895,0.056182522,0.2795935,-0.409098811,0.529169871,-0.353937588,0.653716754,1.44505206,0.0888451544,-0.183978208,-1.4,-0.681377528,-0.429297024,0.037319053,1,1,0.0467935051,0.481016801,18,0.250226,,0.535264352,-0.33,-0.421898198,-1.4,-0.944195343,-0.00771460221,0.469183324
1781693887.150641,2026-06-17T18:58:07.150,1781693887.056804,right,base,1,pelvis,200,0.001,0.20029695,-0.235856868,0.2244475,0.504224304,0.531030411,-0.253082998,0.632229033,0.37600947,0.33,0.109236239,-1.19995137,0.750168963,0.52,-1.36085574,1,1,0.0167537912,0.157113989,2,0.047228,,0.37291951,0.33,0.108515262,-1.19664654,0.745901904,0.52,-1.36584003
1781693887.167020,2026-06-17T18:58:07.167,1781693887.073480,left,base,1,pelvis,200,0.001,0.2474895,0.056182522,0.2795935,-0.409098811,0.529169871,-0.353937588,0.653716754,1.44505206,0.0888451544,-0.183978208,-1.4,-0.681377528,-0.429297024,0.037319053,1,1,0.0467935051,0.481016801,18,0.249479,,0.535264352,-0.33,-0.421898198,-1.4,-0.944195343,-0.00771460221,0.469183324
1781693887.167465,2026-06-17T18:58:07.167,1781693887.090137,right,base,1,pelvis,200,0.001,0.200313715,-0.236045418,0.224473,0.505364166,0.530344609,-0.254530233,0.63131293,0.37321685,0.33,0.108845127,-1.19667156,0.746153361,0.52,-1.36547888,1,1,0.0166668846,0.15869094,2,0.047856,,0.370309061,0.33,0.108126925,-1.19375897,0.741867143,0.52,-1.37023196
1781693887.183632,2026-06-17T18:58:07.183,1781693887.073480,left,base,1,pelvis,200,0.001,0.2474895,0.056182522,0.2795935,-0.409098811,0.529169871,-0.353937588,0.653716754,1.44505206,0.0888451544,-0.183978208,-1.4,-0.681377528,-0.429297024,0.037319053,1,1,0.0467935051,0.481016801,18,0.232973,,0.535264352,-0.33,-0.421898198,-1.4,-0.944195343,-0.00771460221,0.469183324
1781693887.184072,2026-06-17T18:58:07.184,1781693887.090137,right,base,1,pelvis,200,0.001,0.200313715,-0.236045418,0.224473,0.505364166,0.530344609,-0.254530233,0.63131293,0.370601955,0.33,0.108451555,-1.19378393,0.742115062,0.52,-1.36987606,1,1,0.0167260995,0.156985798,2,0.048355,,0.367913807,0.33,0.107914825,-1.19115652,0.737938841,0.52,-1.37438081
1781693887.200510,2026-06-17T18:58:07.200,1781693887.073480,left,base,1,pelvis,200,0.001,0.2474895,0.056182522,0.2795935,-0.409098811,0.529169871,-0.353937588,0.653716754,1.44505206,0.0888451544,-0.183978208,-1.4,-0.681377528,-0.429297024,0.037319053,1,1,0.0467935051,0.481016801,18,0.248314,,0.535264352,-0.33,-0.421898198,-1.4,-0.944195343,-0.00771460221,0.469183324
1781693887.200973,2026-06-17T18:58:07.200,1781693887.123486,right,base,1,pelvis,200,0.001,0.199850865,-0.235867968,0.224531,0.506655286,0.529846566,-0.256110302,0.63005599,0.368202373,0.33,0.108234367,-1.1911814,0.738183323,0.52,-1.37403002,1,1,0.0169563488,0.159199909,2,0.048108,,0.365961729,0.33,0.107784523,-1.18895438,0.734007526,0.52,-1.378529
1781693887.217166,2026-06-17T18:58:07.217,1781693887.123679,left,base,1,pelvis,200,0.001,0.2421407,0.057251512,0.292816,-0.410762617,0.521701155,-0.364918534,0.652638062,1.44505206,0.0888451544,-0.183978208,-1.4,-0.681377528,-0.429297024,0.037319053,1,1,0.0481705934,0.4455921,26,0.310187,,0.552102126,-0.33,-0.478466795,-1.4,-0.958316231,-0.0121488039,0.548093033
1781693887.217570,2026-06-17T18:58:07.217,1781693887.123486,right,base,1,pelvis,200,0.001,0.199850865,-0.235867968,0.224531,0.506655286,0.529846566,-0.256110302,0.63005599,0.366245918,0.33,0.108098981,-1.18897913,0.734248566,0.52,-1.37818332,1,1,0.0169959505,0.157517311,2,0.046616,,0.364114298,0.33,0.107797181,-1.18692921,0.730169969,0.52,-1.38244767
1781693887.239867,2026-06-17T18:58:07.239,1781693887.156816,left,base,1,pelvis,200,0.001,0.22800445,0.063076432,0.330716,-0.412581494,0.495052091,-0.401382506,0.650839474,1.44505206,0.0888451544,-0.183978208,-1.4,-0.681377528,-0.429297024,0.037319053,1,1,0.124013654,0.757167245,400,6.024311,using best approximate IK outside the usable position/orientation threshold,0.607628021,-0.329936368,-0.555492095,-1.4,-0.927630748,0.10239408,0.3655573
1781693887.240208,2026-06-17T18:58:07.240,1781693887.123486,right,base,1,pelvis,200,0.001,0.199850865,-0.235867968,0.224531,0.506655286,0.529846566,-0.256110302,0.63005599,0.364394266,0.33,0.108000279,-1.1869538,0.730407692,0.52,-1.38210693,1,1,0.0170326615,0.155863257,2,0.048134,,0.362364986,0.33,0.107839766,-1.18506463,0.726424521,0.52,-1.38615356
1781693887.256508,2026-06-17T18:58:07.256,1781693887.156816,left,base,1,pelvis,200,0.001,0.22800445,0.063076432,0.330716,-0.412581494,0.495052091,-0.401382506,0.650839474,1.44505206,0.0888451544,-0.183978208,-1.4,-0.681377528,-0.429297024,0.037319053,1,1,0.124013654,0.757167245,400,6.11162,using best approximate IK outside the usable position/orientation threshold,0.607628021,-0.329936368,-0.555492095,-1.4,-0.927630748,0.10239408,0.3655573
1781693887.256997,2026-06-17T18:58:07.256,1781693887.190142,right,base,1,pelvis,200,0.001,0.198622525,-0.234315518,0.226058,0.509922112,0.529390634,-0.258788681,0.626700419,0.362639246,0.33,0.107917571,-1.18508891,0.726657651,0.52,-1.38581959,1,1,0.0187633634,0.164208937,2,0.057608,,0.362150853,0.33,0.108430453,-1.18501118,0.722897711,0.52,-1.39007969
1781693887.272938,2026-06-17T18:58:07.272,1781693887.156816,left,base,1,pelvis,200,0.001,0.22800445,0.063076432,0.330716,-0.412581494,0.495052091,-0.401382506,0.650839474,1.44505206,0.0888451544,-0.183978208,-1.4,-0.681377528,-0.429297024,0.037319053,1,1,0.124013654,0.757167245,400,5.543432,using best approximate IK outside the usable position/orientation threshold,0.607628021,-0.329936368,-0.555492095,-1.4,-0.927630748,0.10239408,0.3655573
1781693887.273423,2026-06-17T18:58:07.273,1781693887.206812,right,base,1,pelvis,200,0.001,0.19779058,-0.233457868,0.2278935,0.511389867,0.529766674,-0.259801829,0.624764504,0.362420833,0.33,0.108108144,-1.18503508,0.723127576,0.52,-1.38975052,1,1,0.0199592421,0.167732259,2,0.054404,,0.36325519,0.33,0.10940952,-1.18692699,0.719744973,0.52,-1.3936338
1781693887.288151,2026-06-17T18:58:07.288,1781693887.156816,left,base,1,pelvis,200,0.001,0.22800445,0.063076432,0.330716,-0.412581494,0.495052091,-0.401382506,0.650839474,1.44505206,0.0888451544,-0.183978208,-1.4,-0.681377528,-0.429297024,0.037319053,1,1,0.124013654,0.757167245,400,4.271782,using best approximate IK outside the usable position/orientation threshold,0.607628021,-0.329936368,-0.555492095,-1.4,-0.927630748,0.10239408,0.3655573
1781693887.288419,2026-06-17T18:58:07.288,1781693887.206812,right,base,1,pelvis,200,0.001,0.19779058,-0.233457868,0.2278935,0.511389867,0.529766674,-0.259801829,0.624764504,0.36290988,0.33,0.109092008,-1.18676854,0.719971685,0.52,-1.39330926,1,1,0.0198722805,0.166545364,2,0.032366,,0.363372008,0.33,0.110340773,-1.18802925,0.716562097,0.52,-1.39711781
1781693887.304918,2026-06-17T18:58:07.304,1781693887.207255,left,base,1,pelvis,200,0.001,0.20330665,0.086677877,0.372024,-0.401972374,0.41628679,-0.502101565,0.642664405,1.44505206,0.0888451544,-0.183978208,-1.4,-0.681377528,-0.429297024,0.037319053,1,1,0.222700344,1.26178682,400,4.126689,using best approximate IK outside the usable position/orientation threshold,0.659934852,-0.33,-0.423963095,-1.4,-0.801319989,0.121071787,-0.0385473377
1781693887.305177,2026-06-17T18:58:07.305,1781693887.223484,right,base,1,pelvis,200,0.001,0.196711735,-0.232832418,0.2301725,0.51237469,0.530624246,-0.260625563,0.62288394,0.363031474,0.33,0.110027563,-1.18787287,0.716786009,0.52,-1.39679739,1,1,0.0208163979,0.169676076,2,0.029268,,0.365294529,0.33,0.112166473,-1.1916727,0.713825155,0.52,-1.39999549
1781693887.321600,2026-06-17T18:58:07.321,1781693887.223732,left,base,1,pelvis,200,0.001,0.1943361,0.090019497,0.38222,-0.397618638,0.391575569,-0.534633471,0.634614091,1.44505206,0.0888451544,-0.183978208,-1.4,-0.681377528,-0.429297024,0.037319053,1,1,0.244430346,1.32565171,400,4.123906,using best approximate IK outside the usable position/orientation threshold,0.729610675,-0.33,-0.408734796,-1.4,-0.767248518,0.0506419535,-0.0668411627
1781693887.321861,2026-06-17T18:58:07.321,1781693887.223484,right,base,1,pelvis,200,0.001,0.196711735,-0.232832418,0.2301725,0.51237469,0.530624246,-0.260625563,0.62288394,0.36495905,0.33,0.111857908,-1.19151836,0.714045899,0.52,-1.39967971,1,1,0.0205610127,0.168701278,2,0.033924,,0.366616517,0.33,0.11383153,-1.1943666,0.711002729,0.52,-1.40286062
1781693887.338413,2026-06-17T18:58:07.338,1781693887.223732,left,base,1,pelvis,200,0.001,0.1943361,0.090019497,0.38222,-0.397618638,0.391575569,-0.534633471,0.634614091,1.44505206,0.0888451544,-0.183978208,-1.4,-0.681377528,-0.429297024,0.037319053,1,1,0.244430346,1.32565171,400,4.12945,using best approximate IK outside the usable position/orientation threshold,0.729610675,-0.33,-0.408734796,-1.4,-0.767248518,0.0506419535,-0.0668411627
1781693887.338702,2026-06-17T18:58:07.338,1781693887.256814,right,base,1,pelvis,200,0.001,0.19607193,-0.232643868,0.2321845,0.513636283,0.532887042,-0.262880726,0.618953062,0.366286041,0.33,0.113527519,-1.19421434,0.711220385,0.52,-1.40254939,1,1,0.0209798859,0.17562483,2,0.035024,,0.369216014,0.33,0.116065146,-1.19920623,0.708435819,0.52,-1.40478358
1781693887.355205,2026-06-17T18:58:07.355,1781693887.240325,left,base,1,pelvis,200,0.001,0.18104755,0.093458687,0.3991885,-0.392695008,0.368106191,-0.564567567,0.625741101,1.44505206,0.0888451544,-0.183978208,-1.4,-0.681377528,-0.429297024,0.037319053,1,1,0.274237849,1.41879932,400,4.119932,using best approximate IK outside the usable position/orientation threshold,0.812859243,-0.33,-0.411484739,-1.4,-0.752095915,0.0141041446,-0.0929293694
1781693887.355488,2026-06-17T18:58:07.355,1781693887.256814,right,base,1,pelvis,200,0.001,0.19607193,-0.232643868,0.2321845,0.513636283,0.532887042,-0.262880726,0.618953062,0.368890365,0.33,0.115765592,-1.19905582,0.708650385,0.52,-1.40447695,1,1,0.0206586486,0.174578563,2,0.0277,,0.371137497,0.33,0.118086926,-1.20294859,0.705772563,0.52,-1.40677161
1781693887.372363,2026-06-17T18:58:07.372,1781693887.257012,left,base,1,pelvis,200,0.001,0.15730855,0.098273617,0.431374,-0.384294938,0.339364534,-0.600608415,0.613529661,1.44505206,0.0888451544,-0.183978208,-1.4,-0.681377528,-0.429297024,0.037319053,1,1,0.327745433,1.55612334,400,4.130582,using best approximate IK outside the usable position/orientation threshold,0.994034106,-0.328664903,-0.405634864,-1.4,-0.747057032,-0.057963371,-0.0874339174
1781693887.372723,2026-06-17T18:58:07.372,1781693887.256814,right,base,1,pelvis,200,0.001,0.19607193,-0.232643868,0.2321845,0.513636283,0.532887042,-0.262880726,0.618953062,0.370816625,0.33,0.117791739,-1.20280009,0.705984123,0.52,-1.40646945,1,1,0.0203684297,0.173528306,2,0.03615,,0.372528486,0.33,0.119938115,-1.20583775,0.703039052,0.52,-1.40877712
1781693887.388881,2026-06-17T18:58:07.388,1781693887.273650,left,base,1,pelvis,200,0.001,0.128797,0.099748632,0.468134,-0.377598575,0.313491071,-0.630131229,0.601728592,1.44505206,0.0888451544,-0.183978208,-1.4,-0.681377528,-0.429297024,0.037319053,1,1,0.362259738,1.6992036,400,4.17881,using best approximate IK outside the usable position/orientation threshold,1.07448133,-0.33,-0.447633693,-1.4,-0.761346071,-0.0254475854,-0.117883988
1781693887.389233,2026-06-17T18:58:07.389,1781693887.290148,right,base,1,pelvis,200,0.001,0.196363095,-0.232901368,0.232075,0.51329691,0.532342405,-0.267564741,0.617694872,0.372212494,0.33,0.119647362,-1.20569129,0.703247576,0.52,-1.40847949,1,1,0.0199226065,0.175264567,2,0.030651,,0.37305795,0.33,0.121232148,-1.20769677,0.700169638,0.52,-1.41104935
1781693887.405691,2026-06-17T18:58:07.405,1781693887.290329,left,base,1,pelvis,200,0.001,0.10018115,0.098543682,0.5028205,-0.371017667,0.288911986,-0.656283749,0.590057113,1.44503838,0.0888324932,-0.18398493,-1.4,-0.681379519,-0.429285763,0.0373152698,1,1,0.3979244,1.81953974,400,4.264769,using best approximate IK outside the usable position/orientation threshold,1.19717901,-0.286247585,-0.450814216,-1.4,-0.771504003,-0.0644553725,-0.0960592786
1781693887.406049,2026-06-17T18:58:07.406,1781693887.290148,right,base,1,pelvis,200,0.001,0.196363095,-0.232901368,0.232075,0.51329691,0.532342405,-0.267564741,0.617694872,0.372746622,0.33,0.120945606,-1.20755231,0.700375332,0.52,-1.41075593,1,1,0.0197593135,0.174235122,2,0.034763,,0.373314208,0.33,0.122454169,-1.20906254,0.697280524,0.52,-1.41329093
1781693887.424562,2026-06-17T18:58:07.424,1781693887.340373,left,base,1,pelvis,200,0.001,0.05122415,0.094537122,0.536811,-0.354816663,0.268067161,-0.681907364,0.580730126,1.44487779,0.0886509802,-0.18409919,-1.4,-0.681414175,-0.429110748,0.0372480097,1,1,0.710466126,0.590723779,400,6.285257,using best approximate IK outside the usable position/orientation threshold,-0.333772074,1.26817829,-0.0116415032,0.26,1.45347317,-0.326543477,-1.57
1781693887.424987,2026-06-17T18:58:07.424,1781693887.306816,right,base,1,pelvis,200,0.001,0.196265055,-0.232859418,0.231961,0.512387252,0.530394335,-0.270184602,0.618984195,0.373007577,0.33,0.122171854,-1.20892014,0.697483379,0.52,-1.41300175,1,1,0.0196540989,0.171031629,2,0.049084,,0.373094592,0.33,0.123371457,-1.20952227,0.694406673,0.52,-1.41616184
1781693887.440781,2026-06-17T18:58:07.440,1781693887.340373,left,base,1,pelvis,200,0.001,0.05122415,0.094537122,0.536811,-0.354816663,0.268067161,-0.681907364,0.580730126,1.44435829,0.0878647014,-0.184658574,-1.4,-0.681603122,-0.428345952,0.0369684229,1,1,0.716989649,0.56119836,400,5.329228,using best approximate IK outside the usable position/orientation threshold,-0.298708366,1.31937674,0.0241065055,0.26,1.48838458,-0.268872971,-1.57
1781693887.441447,2026-06-17T18:58:07.441,1781693887.356822,right,base,1,pelvis,200,0.001,0.19463215,-0.228754318,0.242202,0.506351407,0.522622646,-0.26340498,0.63331796,0.373115643,0.33,0.123093854,-1.20938224,0.694606353,0.52,-1.4158773,1,1,0.025581258,0.141533205,2,0.0498,,0.379099021,0.33,0.128701779,-1.21921839,0.694651083,0.52,-1.41948152
1781693887.456154,2026-06-17T18:58:07.456,1781693887.357050,left,base,1,pelvis,200,0.001,0.0172664,0.097696522,0.557161,-0.331961939,0.243914791,-0.710061076,0.571069273,1.44323999,0.0861721184,-0.185862733,-1.4,-0.682009857,-0.426699615,0.0363665704,1,1,0.376581232,1.80270694,400,4.303207,using best approximate IK outside the usable position/orientation threshold,0.644233711,-0.155852621,-1.10328947,-1.4,-0.479627176,0.52,0.299572177
1781693887.456474,2026-06-17T18:58:07.456,1781693887.373490,right,base,1,pelvis,200,0.001,0.192111105,-0.222688818,0.257974,0.498839916,0.514189458,-0.252252399,0.65048956,0.378801486,0.33,0.128427754,-1.21907952,0.694544111,0.52,-1.41920085,1,1,0.0355306538,0.110201833,2,0.03709,,0.392878538,0.33,0.140230976,-1.24183163,0.698737103,0.52,-1.4225594
1781693887.472954,2026-06-17T18:58:07.472,1781693887.357050,left,base,1,pelvis,200,0.001,0.0172664,0.097696522,0.557161,-0.331961939,0.243914791,-0.710061076,0.571069273,1.44140491,0.0833946864,-0.187838688,-1.4,-0.682677287,-0.42399807,0.0353789648,1,1,0.376568784,1.8026619,400,4.298798,using best approximate IK outside the usable position/orientation threshold,0.643719656,-0.155350692,-1.10425921,-1.4,-0.48078363,0.52,0.298648886
1781693887.473275,2026-06-17T18:58:07.473,1781693887.390155,right,base,1,pelvis,200,0.001,0.187492445,-0.213589618,0.2833285,0.489886466,0.502696431,-0.235580727,0.67216759,0.392583706,0.33,0.139959547,-1.24169251,0.698413939,0.52,-1.4222822,1,1,0.0351157876,0.0982892311,2,0.037465,,0.471113752,0.33,0.203429983,-1.36891411,0.728951658,0.52,-1.42916618
1781693887.489806,2026-06-17T18:58:07.489,1781693887.373760,left,base,1,pelvis,200,0.001,-0.00794845,0.105570162,0.567156,-0.30387091,0.218474719,-0.73865481,0.560642792,1.43816131,0.0784854068,-0.191331309,-1.4,-0.683857009,-0.419222924,0.0336333119,1,1,0.454550115,2.0516136,400,4.39383,using best approximate IK outside the usable position/orientation threshold,1.43816131,0.0784854068,-0.191331309,-1.4,-0.683857009,-0.419222924,0.0336333119
1781693887.490144,2026-06-17T18:58:07.490,1781693887.390155,right,base,1,pelvis,200,0.001,0.187492445,-0.213589618,0.2833285,0.489886466,0.502696431,-0.235580727,0.67216759,0.442997792,0.33,0.190373633,-1.2921066,0.727277684,0.52,-1.42773947,1,1,0.0378746907,0.105677952,2,0.028952,,0.460144005,0.33,0.204950474,-1.3226835,0.733342155,0.52,-1.42859393
1781693887.506784,2026-06-17T18:58:07.506,1781693887.423777,left,base,1,pelvis,200,0.001,-0.0133494,0.118538837,0.593786,-0.241512863,0.165167347,-0.772445104,0.563666431,1.43338375,0.071254456,-0.196475643,-1.4,-0.685594639,-0.412189541,0.0310621139,1,1,0.606268495,0.63170761,400,4.465242,using best approximate IK outside the usable position/orientation threshold,-0.371392437,2.16505077,-1.76464873,-1.4,-2.79,-0.52,-1.57
1781693887.512250,2026-06-17T18:58:07.512,1781693887.406824,right,base,1,pelvis,200,0.001,0.179251715,-0.201654418,0.3206865,0.48189042,0.490864834,-0.21819729,0.692259547,0.461018445,0.33,0.203826411,-1.32271252,0.732019777,0.52,-1.42804053,1,1,0.0638918172,0.0729974854,400,4.430001,using best approximate IK outside the usable position/orientation threshold,0.496541722,0.33,0.232663829,-1.3822758,0.746728381,0.52,-1.42691803
1781693887.523474,2026-06-17T18:58:07.523,1781693887.423777,left,base,1,pelvis,200,0.001,-0.0133494,0.118538837,0.593786,-0.241512863,0.165167347,-0.772445104,0.563666431,1.43352307,0.0714653201,-0.196325627,-1.4,-0.685543967,-0.412394644,0.0311370935,1,1,0.606257093,0.6317971,400,4.43227,using best approximate IK outside the usable position/orientation threshold,-0.371408546,2.16464693,-1.76472361,-1.4,-2.79,-0.52,-1.57
1781693887.528262,2026-06-17T18:58:07.528,1781693887.440160,right,base,1,pelvis,200,0.001,0.16508675,-0.190010318,0.371184,0.46904341,0.468874507,-0.185129499,0.72517725,0.495664746,0.33,0.231857266,-1.38183757,0.745784645,0.52,-1.42695621,1,1,0.116272531,0.0926572396,400,4.560308,using best approximate IK outside the usable position/orientation threshold,0.495664746,0.33,0.231857266,-1.38183757,0.745784645,0.52,-1.42695621
1781693887.540339,2026-06-17T18:58:07.540,1781693887.423777,left,base,1,pelvis,200,0.001,-0.0133494,0.118538837,0.593786,-0.241512863,0.165167347,-0.772445104,0.563666431,1.43368329,0.0717078147,-0.196153109,-1.4,-0.685485695,-0.412630513,0.0312233203,1,1,0.606243968,0.631900131,400,4.436196,using best approximate IK outside the usable position/orientation threshold,-0.371427203,2.16418291,-1.76480969,-1.4,-2.79,-0.52,-1.57
1781693887.545106,2026-06-17T18:58:07.545,1781693887.440160,right,base,1,pelvis,200,0.001,0.16508675,-0.190010318,0.371184,0.46904341,0.468874507,-0.185129499,0.72517725,0.495864174,0.33,0.232040682,-1.38184132,0.745999255,0.52,-1.42694753,1,1,0.116238756,0.092761181,400,4.526812,using best approximate IK outside the usable position/orientation threshold,0.495864174,0.33,0.232040682,-1.38184132,0.745999255,0.52,-1.42694753
1781693887.557035,2026-06-17T18:58:07.557,1781693887.423777,left,base,1,pelvis,200,0.001,-0.0133494,0.118538837,0.593786,-0.241512863,0.165167347,-0.772445104,0.563666431,1.4338898,0.0720203764,-0.195930742,-1.4,-0.685410585,-0.412934535,0.0313344616,1,1,0.606227032,0.632033117,400,4.410579,using best approximate IK outside the usable position/orientation threshold,-0.371451457,2.16358544,-1.76492058,-1.4,-2.79,-0.52,-1.57
1781693887.561637,2026-06-17T18:58:07.561,1781693887.440160,right,base,1,pelvis,200,0.001,0.16508675,-0.190010318,0.371184,0.46904341,0.468874507,-0.185129499,0.72517725,0.495812669,0.33,0.231993312,-1.38184035,0.745943828,0.52,-1.42694977,1,1,0.116247476,0.0927342618,400,4.365311,using best approximate IK outside the usable position/orientation threshold,0.495812669,0.33,0.231993312,-1.38184035,0.745943828,0.52,-1.42694977
1781693887.573790,2026-06-17T18:58:07.573,1781693887.423777,left,base,1,pelvis,200,0.001,-0.0133494,0.118538837,0.593786,-0.241512863,0.165167347,-0.772445104,0.563666431,1.43412983,0.0723836648,-0.195672287,-1.4,-0.685323285,-0.413287897,0.0314636406,1,1,0.606207321,0.632187944,400,4.425109,using best approximate IK outside the usable position/orientation threshold,-0.371479938,2.16289189,-1.76504937,-1.4,-2.79,-0.52,-1.57
1781693887.578500,2026-06-17T18:58:07.578,1781693887.490164,right,base,1,pelvis,200,0.001,0.12384306,-0.164122418,0.4803085,0.43155612,0.401911826,-0.0889823974,0.802688191,0.495772356,0.33,0.231956236,-1.38183959,0.745900447,0.52,-1.42695153,1,1,0.234291827,0.366832982,400,4.47605,using best approximate IK outside the usable position/orientation threshold,0.495772356,0.33,0.231956236,-1.38183959,0.745900447,0.52,-1.42695153
1781693887.590512,2026-06-17T18:58:07.590,1781693887.457083,left,base,1,pelvis,200,0.001,-0.03288303,0.125710352,0.6147405,-0.223250679,0.145506609,-0.765085398,0.586200729,1.43440337,0.0727976765,-0.195377746,-1.4,-0.685223796,-0.413690597,0.0316108558,1,1,0.613858025,0.775850575,400,4.320861,using best approximate IK outside the usable position/orientation threshold,0.0437135304,2.37968388,-1.75303467,-1.4,-2.57415175,0.0356929753,-1.57
1781693887.595035,2026-06-17T18:58:07.595,1781693887.490164,right,base,1,pelvis,200,0.001,0.12384306,-0.164122418,0.4803085,0.43155612,0.401911826,-0.0889823974,0.802688191,0.495740213,0.33,0.231926673,-1.38183899,0.745865857,0.52,-1.42695293,1,1,0.234296933,0.366839415,400,4.274572,using best approximate IK outside the usable position/orientation threshold,0.495740213,0.33,0.231926673,-1.38183899,0.745865857,0.52,-1.42695293
1781693887.607470,2026-06-17T18:58:07.607,1781693887.473712,left,base,1,pelvis,200,0.001,-0.049378355,0.135621197,0.6233715,-0.214598748,0.131826115,-0.750375352,0.611151442,1.43470451,0.0732534507,-0.195053493,-1.4,-0.685114271,-0.414133918,0.031772921,1,1,0.596318702,0.852922853,400,4.425,using best approximate IK outside the usable position/orientation threshold,0.21035376,2.73124801,-1.83030442,-1.4,-2.5710679,0.0736319434,-1.57
1781693887.612879,2026-06-17T18:58:07.612,1781693887.490164,right,base,1,pelvis,200,0.001,0.12384306,-0.164122418,0.4803085,0.43155612,0.401911826,-0.0889823974,0.802688191,0.495716169,0.33,0.23190456,-1.38183854,0.745839982,0.52,-1.42695397,1,1,0.234300752,0.366844231,400,4.360487,using best approximate IK outside the usable position/orientation threshold,0.495716169,0.33,0.23190456,-1.38183854,0.745839982,0.52,-1.42695397
1781693887.624218,2026-06-17T18:58:07.624,1781693887.490398,left,base,1,pelvis,200,0.001,-0.06244765,0.145946632,0.6271625,-0.207801581,0.115977441,-0.733339363,0.636852506,1.43503166,0.073748605,-0.194701224,-1.4,-0.684995284,-0.414615544,0.0319489891,1,1,0.548454781,0.924436103,400,4.392089,using best approximate IK outside the usable position/orientation threshold,0.157905956,3.49,-1.415225,-1.4,-1.42188035,-0.52,-1.57
1781693887.628715,2026-06-17T18:58:07.628,1781693887.540169,right,base,1,pelvis,200,0.001,0.056752405,-0.124187868,0.564144,0.387836996,0.323113892,0.00216011486,0.863235317,0.495697113,0.33,0.231887034,-1.38183818,0.745819476,0.52,-1.4269548,1,1,0.343628362,0.648874664,400,4.274209,using best approximate IK outside the usable position/orientation threshold,0.495697113,0.33,0.231887034,-1.38183818,0.745819476,0.52,-1.4269548
1781693887.641077,2026-06-17T18:58:07.641,1781693887.557099,left,base,1,pelvis,200,0.001,-0.05319247,0.173009997,0.6224975,-0.243359181,0.129390977,-0.703100552,0.655502782,1.43536954,0.0742599972,-0.194337403,-1.4,-0.684872394,-0.415112963,0.0321308311,1,1,0.552415109,0.26641684,400,4.378596,using best approximate IK outside the usable position/orientation threshold,-0.839541126,2.44033891,-1.85506793,-1.4,-2.79,-0.409259699,-1.57
1781693887.646329,2026-06-17T18:58:07.646,1781693887.540169,right,base,1,pelvis,200,0.001,0.056752405,-0.124187868,0.564144,0.387836996,0.323113892,0.00216011486,0.863235317,0.495685162,0.33,0.231876042,-1.38183796,0.745806615,0.52,-1.42695532,1,1,0.343630605,0.648877912,400,4.470644,using best approximate IK outside the usable position/orientation threshold,0.495685162,0.33,0.231876042,-1.38183796,0.745806615,0.52,-1.42695532
1781693887.659744,2026-06-17T18:58:07.659,1781693887.573514,left,base,1,pelvis,200,0.001,-0.024823395,0.235031267,0.614684,-0.328030275,0.190192068,-0.635646609,0.672440707,1.435717,0.0747858812,-0.193963272,-1.4,-0.684746022,-0.415624479,0.0323178262,1,1,0.505214953,0.297029077,400,6.22205,using best approximate IK outside the usable position/orientation threshold,-0.610431668,2.46605388,-1.73945724,-1.4,-2.57217004,-0.52,-1.57
1781693887.666572,2026-06-17T18:58:07.666,1781693887.556836,right,base,1,pelvis,200,0.001,0.03485602,-0.116980368,0.5727785,0.37614685,0.307015218,0.0195300656,0.87399873,0.49567604,0.33,0.231867653,-1.38183779,0.745796799,0.52,-1.42695572,1,1,0.362136895,0.705208664,400,6.340283,using best approximate IK outside the usable position/orientation threshold,0.49567604,0.33,0.231867653,-1.38183779,0.745796799,0.52,-1.42695572
1781693887.677149,2026-06-17T18:58:07.677,1781693887.573514,left,base,1,pelvis,200,0.001,-0.024823395,0.235031267,0.614684,-0.328030275,0.190192068,-0.635646609,0.672440707,1.43610082,0.0753667982,-0.193549989,-1.4,-0.684606425,-0.416189524,0.03252439,1,1,0.505188305,0.296738441,400,6.246992,using best approximate IK outside the usable position/orientation threshold,-0.610222985,2.46643491,-1.73960112,-1.4,-2.57253591,-0.52,-1.57
1781693887.682265,2026-06-17T18:58:07.682,1781693887.556836,right,base,1,pelvis,200,0.001,0.03485602,-0.116980368,0.5727785,0.37614685,0.307015218,0.0195300656,0.87399873,0.495669771,0.33,0.231861888,-1.38183767,0.745790053,0.52,-1.42695599,1,1,0.36213813,0.705210455,400,4.669846,using best approximate IK outside the usable position/orientation threshold,0.495669771,0.33,0.231861888,-1.38183767,0.745790053,0.52,-1.42695599
1781693887.691358,2026-06-17T18:58:07.691,1781693887.573514,left,base,1,pelvis,200,0.001,-0.024823395,0.235031267,0.614684,-0.328030275,0.190192068,-0.635646609,0.672440707,1.43644552,0.0758885131,-0.193178824,-1.4,-0.684481054,-0.416696984,0.0327099025,1,1,0.505155234,0.296385627,400,4.256278,using best approximate IK outside the usable position/orientation threshold,-0.610101051,2.46677684,-1.73977841,-1.4,-2.57302074,-0.52,-1.57
1781693887.695853,2026-06-17T18:58:07.695,1781693887.556836,right,base,1,pelvis,200,0.001,0.03485602,-0.116980368,0.5727785,0.37614685,0.307015218,0.0195300656,0.87399873,0.495667058,0.33,0.231859392,-1.38183762,0.745787133,0.52,-1.42695611,1,1,0.362138664,0.70521123,400,4.261398,using best approximate IK outside the usable position/orientation threshold,0.495667058,0.33,0.231859392,-1.38183762,0.745787133,0.52,-1.42695611
1781693887.708296,2026-06-17T18:58:07.708,1781693887.573514,left,base,1,pelvis,200,0.001,-0.024823395,0.235031267,0.614684,-0.328030275,0.190192068,-0.635646609,0.672440707,1.43671107,0.0762904357,-0.192892883,-1.4,-0.68438447,-0.417087925,0.0328528191,1,1,0.505129657,0.296113293,400,4.363201,using best approximate IK outside the usable position/orientation threshold,-0.610006657,2.46704063,-1.73991546,-1.4,-2.57339582,-0.52,-1.57
1781693887.713132,2026-06-17T18:58:07.713,1781693887.556836,right,base,1,pelvis,200,0.001,0.03485602,-0.116980368,0.5727785,0.37614685,0.307015218,0.0195300656,0.87399873,0.495665782,0.33,0.231858218,-1.38183759,0.74578576,0.52,-1.42695617,1,1,0.362138916,0.705211594,400,4.434153,using best approximate IK outside the usable position/orientation threshold,0.495665782,0.33,0.231858218,-1.38183759,0.74578576,0.52,-1.42695617
1781693887.725005,2026-06-17T18:58:07.725,1781693887.573514,left,base,1,pelvis,200,0.001,-0.024823395,0.235031267,0.614684,-0.328030275,0.190192068,-0.635646609,0.672440707,1.43700673,0.0767379208,-0.192574528,-1.4,-0.684276938,-0.417523184,0.0330119369,1,1,0.505101083,0.295809572,400,4.283411,using best approximate IK outside the usable position/orientation threshold,-0.609901059,2.46733468,-1.74006849,-1.4,-2.57381497,-0.52,-1.57
1781693887.729497,2026-06-17T18:58:07.729,1781693887.556836,right,base,1,pelvis,200,0.001,0.03485602,-0.116980368,0.5727785,0.37614685,0.307015218,0.0195300656,0.87399873,0.495665011,0.33,0.231857509,-1.38183758,0.74578493,0.52,-1.4269562,1,1,0.362139067,0.705211815,400,4.247542,using best approximate IK outside the usable position/orientation threshold,0.495665011,0.33,0.231857509,-1.38183758,0.74578493,0.52,-1.4269562
