wall_time_s,wall_time_iso,target_timestamp_s,hand_side,frame_id,hand_command,reference_frame,max_iters,eps,target_x,target_y,target_z,target_qx,target_qy,target_qz,target_qw,current_q0,current_q1,current_q2,current_q3,current_q4,current_q5,current_q6,success,has_solution,position_error_m,orientation_error_rad,iterations,solve_time_ms,message,q_target0,q_target1,q_target2,q_target3,q_target4,q_target5,q_target6
1781682677.107198,2026-06-17T15:51:17.107,1781682677.050915,right,base,1,pelvis,1000,0.001,-0.00768,-0.270748118,-0.05335,0.707388045,0.706824957,0.000562863772,0.000563312174,0,0,0,0,0,0,0,1,1,0,5.50591514e-16,1,0.058361,,0,0,0,0,0,0,0
1781682677.123837,2026-06-17T15:51:17.123,1781682677.050915,right,base,1,pelvis,1000,0.001,-0.00768,-0.270748118,-0.05335,0.707388045,0.706824957,0.000562863772,0.000563312174,0,0,0,0,0,0,0,1,1,0,5.50591514e-16,1,0.03383,,0,0,0,0,0,0,0
1781682677.140650,2026-06-17T15:51:17.140,1781682677.050915,right,base,1,pelvis,1000,0.001,-0.00768,-0.270748118,-0.05335,0.707388045,0.706824957,0.000562863772,0.000563312174,0,0,0,0,0,0,0,1,1,0,5.50591514e-16,1,0.037344,,0,0,0,0,0,0,0
1781682677.157423,2026-06-17T15:51:17.157,1781682677.050915,right,base,1,pelvis,1000,0.001,-0.00768,-0.270748118,-0.05335,0.707388045,0.706824957,0.000562863772,0.000563312174,0,0,0,0,0,0,0,1,1,0,5.50591514e-16,1,0.053624,,0,0,0,0,0,0,0
1781682677.174288,2026-06-17T15:51:17.174,1781682677.100917,right,base,1,pelvis,1000,0.001,-0.00733285,-0.270478718,-0.053996,0.706705352,0.707506789,-0.00104988753,0.000766053066,0,0,0,0,0,0,0,1,1,0.000673285982,0.000607905486,3,0.134972,,0.00569550075,0.0010029148,0.000811798445,-0.0121873339,0.000809037848,0.00816562171,-0.00315855457
1781682677.191242,2026-06-17T15:51:17.191,1781682677.101179,left,base,1,pelvis,1000,0.001,-0.00768,0.270851882,-0.05335,0.707388045,-0.706824957,-0.000562863772,0.000563312174,0,0,0,0,0,0,0,1,1,0,4.90693626e-16,1,0.031806,,0,0,0,0,0,0,0
1781682677.191508,2026-06-17T15:51:17.191,1781682677.100917,right,base,1,pelvis,1000,0.001,-0.00733285,-0.270478718,-0.053996,0.706705352,0.707506789,-0.00104988753,0.000766053066,0,0,0,0,0,0,0,1,1,0.000673285982,0.000607905486,3,0.04923,,0.00569550075,0.0010029148,0.000811798445,-0.0121873339,0.000809037848,0.00816562171,-0.00315855457
1781682677.208178,2026-06-17T15:51:17.208,1781682677.134259,left,base,1,pelvis,1000,0.001,-0.0076105,0.271746632,-0.0534725,0.706521986,-0.707690783,-0.0003069895,0.000587995437,0,0,0,0,0,0,0,1,1,0.000188031242,0.000400334499,3,0.056132,,4.11710388e-05,0.00147030742,-0.00102841289,-0.000143965413,-0.00102830144,-0.000175156348,-0.0018048726
1781682677.208492,2026-06-17T15:51:17.208,1781682677.100917,right,base,1,pelvis,1000,0.001,-0.00733285,-0.270478718,-0.053996,0.706705352,0.707506789,-0.00104988753,0.000766053066,1.30809791e-05,2.30341601e-06,1.86447496e-06,-2.79909119e-05,1.85813464e-06,1.87541591e-05,-7.25432025e-06,1,1,0.000672299466,0.000606676465,3,0.041122,,0.00534725237,0.00100347575,0.000811875026,-0.0115522404,0.000809308617,0.00787939775,-0.00315986839
1781682677.224983,2026-06-17T15:51:17.224,1781682677.134259,left,base,1,pelvis,1000,0.001,-0.0076105,0.271746632,-0.0534725,0.706521986,-0.707690783,-0.0003069895,0.000587995437,0,0,0,0,0,0,0,1,1,0.000188031242,0.000400334499,3,0.057245,,4.11710388e-05,0.00147030742,-0.00102841289,-0.000143965413,-0.00102830144,-0.000175156348,-0.0018048726
1781682677.351058,2026-06-17T15:51:17.351,1781682677.150919,right,base,1,pelvis,1000,0.001,-0.00751355,-0.269771118,-0.054433,0.706002246,0.708204804,-0.00257677382,0.000379172312,0.000159843444,2.81466657e-05,2.27830115e-05,-0.000342035845,2.27055357e-05,0.000229167048,-8.86443986e-05,1,1,0.00112506079,9.71222049e-06,11000,125.151415,,-0.00171007996,0.00296765244,-0.0192915409,0.000344175027,0.0231705394,0.00607821918,-0.00713966898
1781682677.484701,2026-06-17T15:51:17.484,1781682677.184484,left,base,1,pelvis,1000,0.001,-0.00641015,0.273652332,-0.055063,-0.705891392,0.708318004,-0.00171017777,0.000152013508,8.64104146e-08,3.08590401e-06,-2.15844892e-06,-3.02156841e-07,-2.15821501e-06,-3.67620859e-07,-3.78809459e-06,1,1,0.0016916359,1.57073745e-05,11000,130.680688,,-0.0015251781,0.00576259138,-0.00211448229,0.000427684342,-0.00209430903,-0.00315886996,-0.00797925381
1781682677.622977,2026-06-17T15:51:17.622,1781682677.184257,right,base,1,pelvis,1000,0.001,-0.0080474,-0.268822518,-0.0545215,-0.705336822,-0.708862651,0.0036004517,0.000863465478,0.0052376892,0.000982875839,0.000795208628,-0.0113154698,0.000792694788,0.00771781737,-0.00309500113,1,1,0.00124432852,1.12832612e-05,11000,135.855468,,-0.00151497402,0.00479616273,-2.63315915,-0.000355341526,2.63887986,0.0091381947,-0.00846359761
1781682677.772725,2026-06-17T15:51:17.772,1781682677.367769,left,base,1,pelvis,1000,0.001,-0.00276445,0.274261832,-0.0557105,-0.708461341,0.70571676,-0.00681027479,4.77545926e-05,4.11710388e-05,0.00147030742,-0.00102841289,-0.000143965413,-0.00102830144,-0.000175156348,-0.0018048726,1,1,0.00232112245,3.45040193e-05,11000,145.452094,,-0.00643108689,0.00889035939,0.00141243323,0.000312691122,0.00178156619,-0.00513387646,-0.0184789934
1781682677.904761,2026-06-17T15:51:17.904,1781682677.484279,right,base,1,pelvis,1000,0.001,-0.00491495,-0.267412318,-0.058599,0.707449501,0.706741459,0.00514897394,0.00228072185,-0.00171007996,0.00296765244,-0.0192915409,0.000344175027,0.0231705394,0.00607821918,-0.00713966898,1,1,0.00526293021,0.000541900239,11000,129.913022,,-0.0203625105,0.00477463744,-0.0223886798,0.0319179211,0.0216142755,-0.0206512402,-0.00149661954
1781682678.031000,2026-06-17T15:51:18.031,1781682677.667632,left,base,1,pelvis,1000,0.001,0.00212155,0.270575632,-0.063636,-0.717226562,0.69670687,-0.0125796456,0.00522964927,-0.0015251781,0.00576259138,-0.00211448229,0.000427684342,-0.00209430903,-0.00315886996,-0.00797925381,1,1,0.010499649,8.03963164e-05,11000,123.131822,,0.0273898505,0.0018649071,0.0143344633,-0.0703996854,0.0142293719,0.0164369779,-0.0124223916
1781682678.165028,2026-06-17T15:51:18.165,1781682677.484279,right,base,1,pelvis,1000,0.001,-0.00491495,-0.267412318,-0.058599,0.707449501,0.706741459,0.00514897394,0.00228072185,-0.00170783617,0.00298868094,-0.0493519266,0.000336130344,0.0532521053,0.00611340996,-0.00715489462,1,1,0.00538666647,0.00110568199,11000,133.362703,,-0.0321260239,0.00366325039,-0.0535051256,0.0536213081,0.0521045072,-0.0303597814,-0.00244915147
1781682678.295400,2026-06-17T15:51:18.295,1781682677.734540,left,base,1,pelvis,1000,0.001,0.0026973,0.269707882,-0.064532,-0.717416459,0.696491709,-0.013091501,0.00644482434,-0.00643108689,0.00889035939,0.00141243323,0.000312691122,0.00178156619,-0.00513387646,-0.0184789934,1,1,0.0113137912,0.000126510263,11000,127.405104,,0.0223967796,6.9367213e-05,0.0142804454,-0.0620570389,0.0146043825,0.0106761995,-0.00961682795
1781682678.427501,2026-06-17T15:51:18.427,1781682677.717638,right,base,1,pelvis,1000,0.001,0.00066725,-0.268436718,-0.06093,0.713552864,0.700133878,0.0217666569,0.0134564069,-0.00351789471,0.00316197187,-0.0467356892,0.00340050386,0.0501822943,0.00351644243,-0.00660587356,1,1,0.00769537898,0.00205411455,11000,130.693301,,0.0343332701,0.00330693998,-0.0586155324,-0.0689553769,0.0382888586,-0.013083514,0.0119659722
1781682678.563978,2026-06-17T15:51:18.563,1781682677.917651,right,base,1,pelvis,1000,0.001,0.0030078,-0.269953368,-0.0597295,0.715877808,0.696885712,0.0374295684,0.0216401431,-0.0107481151,0.00328866153,-0.0484465497,0.0160929621,0.0506681011,-0.00504519972,-0.00555533241,1,1,0.00631890985,0.00133763697,11000,132.084237,,0.0186269525,-0.00320513542,-0.063971294,-0.0318737664,0.0351454801,-0.0682158574,0.0283547006
1781682678.692859,2026-06-17T15:51:18.692,1781682677.917931,left,base,1,pelvis,1000,0.001,0.0044052,0.268061932,-0.0636695,-0.717715839,0.696064072,-0.0164622843,0.0103814915,0.0273898505,0.0018649071,0.0143344633,-0.0703996854,0.0142293719,0.0164369779,-0.0124223916,1,1,0.0104967821,0.00018211555,11000,126.390322,,0.0264391218,-0.00329368036,0.0145563511,-0.0704204095,0.0154069065,0.00440660438,-0.00548929483
1781682678.693351,2026-06-17T15:51:18.693,1781682678.201000,right,base,1,pelvis,1000,0.001,-0.0031326,-0.290440718,-0.034023,0.725271337,0.686635016,0.0438922308,0.0242345771,-0.000426700815,0.00329284639,-0.0507747453,-0.00337891391,0.047833865,-0.00688557733,-0.00154381761,1,1,1.13760258e-06,0.000519040449,14,0.147298,,0.310037051,-0.022972097,-0.0828146398,-0.535674025,0.0125246722,0.133973062,0.0803966016
1781682678.826609,2026-06-17T15:51:18.826,1781682677.917931,left,base,1,pelvis,1000,0.001,0.0044052,0.268061932,-0.0636695,-0.717715839,0.696064072,-0.0164622843,0.0103814915,0.0223967796,6.9367213e-05,0.0142804454,-0.0620570389,0.0146043825,0.0106761995,-0.00961682795,1,1,0.0104967819,0.000170461752,11000,131.077591,,0.0264392603,-0.00328512987,0.0143334987,-0.0704204474,0.0156158346,0.00440652787,-0.00548230119
1781682678.828064,2026-06-17T15:51:18.828,1781682678.334344,right,base,1,pelvis,1000,0.001,-0.00380985,-0.313756918,-0.0220745,0.746618367,0.663239742,0.04607875,0.0234692955,0.00498475916,0.0014473437,-0.0545227192,-0.24268659,0.0442302155,-0.0243040928,0.00694771057,1,1,6.10277341e-07,0.00051961548,22,0.221748,,0.384440873,-0.0530123655,-0.12633889,-0.66626617,-0.0306577681,0.197026982,0.125429585
1781682678.960531,2026-06-17T15:51:18.960,1781682678.034498,left,base,1,pelvis,1000,0.001,0.00420185,0.269073182,-0.0608015,-0.718212981,0.695503492,-0.0180597632,0.0109018635,0.0261469184,-0.00305058024,0.0145364071,-0.0698158577,0.0153488955,0.00485980621,-0.00578765629,1,1,0.00730509204,0.000524132625,11000,127.680135,,-0.00348724442,-0.000696560581,0.0152917572,-0.0143180103,0.0161246226,-0.0241706019,-0.00945334428
1781682678.961111,2026-06-17T15:51:18.961,1781682678.634351,right,base,1,pelvis,1000,0.001,-0.00414535,-0.351265018,-0.0139615,0.782298563,0.619890259,0.0592394259,0.0153530372,0.118718182,-0.00765701854,-0.065070868,-0.452355164,0.0324093571,0.0347067816,0.0343318476,1,1,6.44705195e-07,0.000538779056,26,0.270145,,0.401615477,-0.112884619,-0.200846728,-0.689580118,-0.10807598,0.231752668,0.221047611
1781682678.962135,2026-06-17T15:51:18.962,1781682678.201519,left,base,1,pelvis,1000,0.001,0.00491375,0.292212932,-0.047533,-0.723587167,0.689651892,-0.027231692,0.007766219,0.0264391218,-0.00329368036,0.0145563511,-0.0704204095,0.0154069065,0.00440660438,-0.00548929483,1,1,1.70013415e-05,0.000492571033,9,0.074973,,0.145792498,0.0443178619,0.0274985986,-0.284846148,0.0292790621,0.0911733817,-0.0721530316
1781682678.963136,2026-06-17T15:51:18.963,1781682678.651019,right,base,1,pelvis,1000,0.001,-0.0047752,-0.353104218,-0.013091,0.783616527,0.618081513,0.0610277154,0.0140000424,0.241682997,-0.0579356733,-0.0934230232,-0.571765175,0.00322465569,0.138482289,0.0764878876,1,1,6.43953268e-07,0.000503484094,23,0.180764,,0.405787199,-0.117913751,-0.201048136,-0.693530831,-0.115663935,0.234009269,0.228390676
1781682678.979250,2026-06-17T15:51:18.979,1781682678.917903,left,base,1,pelvis,1000,0.001,0.0194888,0.377341482,-0.019016,0.798106408,-0.597106867,0.0786215082,0.0175558931,0.0264391049,-0.00329367889,0.0145563515,-0.0704203778,0.0154069069,0.00440658824,-0.00548929707,1,1,8.81200421e-07,0.000501878096,27,0.230268,,0.26260134,0.205292086,0.176766978,-0.515350813,0.185647985,0.255560919,-0.333349872
1781682678.979632,2026-06-17T15:51:18.979,1781682678.901048,right,base,1,pelvis,1000,0.001,-0.0021882,-0.371956118,-0.0103985,0.791353418,0.606022482,0.0806001603,0.000364391808,0.243446174,-0.0629535023,-0.0946073168,-0.576529977,0.00199762081,0.141490259,0.0780815876,1,1,8.26022026e-07,0.000509500688,25,0.166421,,0.386839899,-0.166826064,-0.220859793,-0.656386977,-0.145244847,0.236135644,0.317709112
1781682678.995957,2026-06-17T15:51:18.995,1781682678.917903,left,base,1,pelvis,1000,0.001,0.0194888,0.377341482,-0.019016,0.798106408,-0.597106867,0.0786215082,0.0175558931,0.0264635393,-0.0032839317,0.0145590011,-0.0704642757,0.0154097468,0.00442435141,-0.00550294468,1,1,8.81165054e-07,0.000501865844,27,0.191588,,0.262601338,0.205292088,0.176766977,-0.515350808,0.185647996,0.255560917,-0.333349878
1781682678.996463,2026-06-17T15:51:18.996,1781682678.917716,right,base,1,pelvis,1000,0.001,-0.0021706,-0.373248768,-0.0102295,-0.792006528,-0.605000611,-0.0818434106,0.00125524303,0.257671643,-0.111206055,-0.103934415,-0.58678242,-0.00831271749,0.151485755,0.10637882,1,1,9.6414698e-07,0.000529860119,25,0.271144,,0.385277269,-0.172180564,-0.217729572,-0.652506198,-0.152248175,0.236947253,0.323309202
1781682679.012626,2026-06-17T15:51:19.012,1781682678.951391,left,base,1,pelvis,1000,0.001,0.0197667,0.379002032,-0.0191685,0.799182247,-0.59548623,0.0796432944,0.0189955583,0.0265776908,-0.00318310385,0.0146374142,-0.0706793386,0.0154920418,0.00454575348,-0.00566142935,1,1,9.55421463e-07,0.000509624536,27,0.19323,,0.256026576,0.209737552,0.17806802,-0.504093958,0.187348282,0.254336961,-0.340626864
1781682679.013105,2026-06-17T15:51:19.013,1781682678.934396,right,base,1,pelvis,1000,0.001,-0.00226595,-0.374130718,-0.0097295,-0.792701835,-0.603919335,-0.0830448049,0.00296594543,0.269703716,-0.121197979,-0.114826059,-0.593266111,-0.0210679982,0.160100138,0.131095874,1,1,9.93145309e-07,0.000533488032,24,0.184625,,0.386085556,-0.17455188,-0.219772751,-0.653392684,-0.153910187,0.239970398,0.329694833
1781682679.029579,2026-06-17T15:51:19.029,1781682678.951391,left,base,1,pelvis,1000,0.001,0.0197667,0.379002032,-0.0191685,0.799182247,-0.59548623,0.0796432944,0.0189955583,0.0269910465,-0.00281799465,0.0149213568,-0.0714581058,0.0157900413,0.00498536429,-0.00623532049,1,1,9.53466132e-07,0.000508617122,27,0.204133,,0.256026305,0.209737117,0.178069961,-0.504093658,0.187347094,0.254337418,-0.340627481
1781682679.030197,2026-06-17T15:51:19.030,1781682678.967730,right,base,1,pelvis,1000,0.001,-0.00313985,-0.375432018,-0.0087055,-0.79411609,-0.60175602,-0.0850120401,0.0065024501,0.280757971,-0.128227907,-0.124668463,-0.598932243,-0.0336149783,0.170195912,0.15527984,1,1,8.97704394e-07,0.000496876022,24,0.194925,,0.389663403,-0.178367163,-0.22323245,-0.656629611,-0.157731261,0.246025959,0.341065888
1781682679.046667,2026-06-17T15:51:19.046,1781682678.967912,left,base,1,pelvis,1000,0.001,0.02026305,0.381117482,-0.0195925,0.800001134,-0.594227558,0.0805443365,0.0201098094,0.0278206723,-0.00204806357,0.0155123161,-0.0730252246,0.0164114695,0.00588858017,-0.00744657303,1,1,1.04393125e-06,0.000512713824,27,0.459211,,0.245860886,0.215341897,0.178630511,-0.486989073,0.188163958,0.250476523,-0.348460009
1781682679.047346,2026-06-17T15:51:19.047,1781682678.967730,right,base,1,pelvis,1000,0.001,-0.00313985,-0.375432018,-0.0087055,-0.79411609,-0.60175602,-0.0850120401,0.0065024501,0.291521742,-0.136462696,-0.134387482,-0.604497734,-0.0459083402,0.182882799,0.183537624,1,1,9.35380502e-07,0.000516943544,22,0.159837,,0.389569863,-0.177975769,-0.224281369,-0.656630358,-0.156528581,0.246083299,0.341411255
1781682679.063301,2026-06-17T15:51:19.063,1781682678.984568,left,base,1,pelvis,1000,0.001,0.02119825,0.383484982,-0.020469,0.800640509,-0.593238145,0.0812549919,0.020997726,0.0293632436,-0.000616486169,0.016611121,-0.0759390592,0.017566927,0.0075679817,-0.00969872492,1,1,1.16951892e-06,0.000513325591,27,0.227772,,0.229967828,0.22187076,0.178177502,-0.46115489,0.187829868,0.24331541,-0.356542341
1781682679.064198,2026-06-17T15:51:19.064,1781682678.967730,right,base,1,pelvis,1000,0.001,-0.00313985,-0.375432018,-0.0087055,-0.79411609,-0.60175602,-0.0850120401,0.0065024501,0.302027727,-0.140948536,-0.143898264,-0.610078409,-0.0578788932,0.189695342,0.200720844,1,1,8.9228007e-07,0.000499804865,21,0.167676,,0.389558368,-0.17795061,-0.224357911,-0.656624915,-0.156452623,0.246101318,0.341443386
1781682679.080255,2026-06-17T15:51:19.080,1781682678.984568,left,base,1,pelvis,1000,0.001,0.02119825,0.383484982,-0.020469,0.800640509,-0.593238145,0.0812549919,0.020997726,0.0314904282,0.00150539998,0.0182030329,-0.0799778065,0.0192431179,0.00995466501,-0.0130272036,1,1,1.15645134e-06,0.00050767852,27,0.437395,,0.229966316,0.221869387,0.178185432,-0.461152906,0.187826336,0.243317832,-0.356545078
1781682679.080989,2026-06-17T15:51:19.080,1781682679.017733,right,base,1,pelvis,1000,0.001,-0.0043978,-0.377463868,-0.008238,-0.796146366,-0.598516163,-0.0883401414,0.0111975886,0.31164181,-0.145014953,-0.152726125,-0.615190854,-0.0687128334,0.195888,0.216171795,1,1,1.04861766e-06,0.000521031173,20,0.339025,,0.38811926,-0.184811384,-0.227956917,-0.648656262,-0.162253887,0.247831325,0.358710435
1781682679.096995,2026-06-17T15:51:19.096,1781682679.051276,left,base,1,pelvis,1000,0.001,0.02104665,0.385071482,-0.019835,0.80148793,-0.591837629,0.0828614194,0.0218930116,0.0343060973,0.0046315792,0.020472486,-0.0853853164,0.0216347479,0.0132652013,-0.0179004282,1,1,1.1930407e-06,0.000507681159,27,0.435407,,0.231064892,0.225550176,0.180265421,-0.46142379,0.190321438,0.244473255,-0.363557919
1781682679.097822,2026-06-17T15:51:19.097,1781682679.017733,right,base,1,pelvis,1000,0.001,-0.0043978,-0.377463868,-0.008238,-0.796146366,-0.598516163,-0.0883401414,0.0111975886,0.320572154,-0.154945455,-0.160926163,-0.619939709,-0.0787762804,0.203286863,0.246819494,1,1,1.02168808e-06,0.000537772906,18,0.290792,,0.388001106,-0.184348656,-0.229230533,-0.648642473,-0.160799686,0.247883618,0.359150658
1781682679.113568,2026-06-17T15:51:19.113,1781682679.051276,left,base,1,pelvis,1000,0.001,0.02104665,0.385071482,-0.019835,0.80148793,-0.591837629,0.0828614194,0.0218930116,0.0381962295,0.00895071271,0.0236079656,-0.0928563396,0.0249390271,0.0178390427,-0.0246332819,1,1,1.1666084e-06,0.000496599573,27,0.172211,,0.231061881,0.225547587,0.180280657,-0.461419756,0.190314816,0.244477923,-0.363563336
1781682679.113859,2026-06-17T15:51:19.113,1781682679.051071,right,base,1,pelvis,1000,0.001,-0.0046846,-0.378783968,-0.008044,-0.797373255,-0.5965094,-0.0904873682,0.0135817409,0.328627528,-0.158507136,-0.168919959,-0.62336432,-0.0887314566,0.208648663,0.260580851,1,1,9.53472361e-07,0.000497864193,18,0.121749,,0.385701039,-0.188619111,-0.231347578,-0.642591338,-0.164301628,0.248365757,0.369144731
1781682679.130735,2026-06-17T15:51:19.130,1781682679.051276,left,base,1,pelvis,1000,0.001,0.02104665,0.385071482,-0.019835,0.80148793,-0.591837629,0.0828614194,0.0218930116,0.0425860506,0.0138806629,0.0271735952,-0.101245184,0.0287032426,0.0229973905,-0.0323474357,1,1,1.27293989e-06,0.000525940642,26,0.395564,,0.231066324,0.225543643,0.18027954,-0.461433769,0.190290079,0.244484,-0.363549914
1781682679.131624,2026-06-17T15:51:19.131,1781682679.051071,right,base,1,pelvis,1000,0.001,-0.0046846,-0.378783968,-0.008044,-0.797373255,-0.5965094,-0.0904873682,0.0135817409,0.335693824,-0.165274039,-0.176097771,-0.626372778,-0.097308596,0.213778614,0.281856254,1,1,9.62729078e-07,0.000515708846,16,0.247672,,0.385633399,-0.188358406,-0.232073185,-0.642582606,-0.163465715,0.248390138,0.369396631
1781682679.147128,2026-06-17T15:51:19.147,1781682679.068092,left,base,1,pelvis,1000,0.001,0.02022315,0.386111932,-0.018361,0.802252538,-0.590531258,0.0845697046,0.0226199907,0.0483931606,0.0204022869,0.0318904168,-0.112342434,0.0336827651,0.0298211522,-0.0425521658,1,1,1.21792588e-06,0.000516894113,26,0.248317,,0.242337313,0.227207881,0.183555424,-0.477490898,0.19400385,0.250682696,-0.368769275
1781682679.147881,2026-06-17T15:51:19.147,1781682679.084405,right,base,1,pelvis,1000,0.001,-0.0049908,-0.380891718,-0.007497,-0.799198927,-0.593516519,-0.0935155659,0.0165546216,0.342591112,-0.168493928,-0.183718147,-0.628609736,-0.106548667,0.21857251,0.294137715,1,1,1.11060258e-06,0.000529041638,15,0.287317,,0.383717757,-0.194432502,-0.235578868,-0.636486293,-0.168713013,0.249891201,0.383121661
1781682679.163908,2026-06-17T15:51:19.163,1781682679.084585,left,base,1,pelvis,1000,0.001,0.0192624,0.386525482,-0.0167375,0.803024463,-0.589184957,0.0863688405,0.0235206617,0.0548497728,0.0276533288,0.0371347961,-0.124680867,0.0392192275,0.0374081246,-0.0538982545,1,1,1.15130436e-06,0.000506428544,26,0.175143,,0.255972531,0.227501553,0.187022244,-0.497409323,0.198022283,0.258240069,-0.373033087
1781682679.164304,2026-06-17T15:51:19.164,1781682679.084405,right,base,1,pelvis,1000,0.001,-0.0049908,-0.380891718,-0.007497,-0.799198927,-0.593516519,-0.0935155659,0.0165546216,0.348313111,-0.176787141,-0.190146418,-0.630467276,-0.114115163,0.223986993,0.317405792,1,1,8.99160693e-07,0.000497190395,14,0.112291,,0.383616997,-0.194117569,-0.2364995,-0.636449017,-0.16769113,0.24994295,0.383470904
1781682679.180636,2026-06-17T15:51:19.180,1781682679.117904,left,base,1,pelvis,1000,0.001,0.0191282,0.387151632,-0.016295,0.803454345,-0.588435102,0.0872752322,0.0242544711,0.0616632091,0.0349052893,0.0424558304,-0.137502245,0.0448442155,0.0451586809,-0.0653409011,1,1,1.26896485e-06,0.000533901765,25,0.173656,,0.257645754,0.229065895,0.188175991,-0.499419598,0.199465676,0.259939581,-0.376725146
1781682679.180992,2026-06-17T15:51:19.180,1781682679.117739,right,base,1,pelvis,1000,0.001,-0.0052928,-0.381802518,-0.0069245,-0.800058909,-0.5920989,-0.0948381562,0.0181757976,0.353339805,-0.179292401,-0.196596844,-0.631321846,-0.121866878,0.227715085,0.327075185,1,1,9.44528021e-07,0.000489658631,13,0.105947,,0.384976289,-0.196655023,-0.238305083,-0.637234793,-0.170422787,0.252571579,0.389813447
1781682679.197760,2026-06-17T15:51:19.197,1781682679.151299,left,base,1,pelvis,1000,0.001,0.0192896,0.388116382,-0.0162245,0.804001159,-0.587497848,0.0882893499,0.0251675634,0.0692594124,0.0424345234,0.0481074165,-0.15157222,0.05083246,0.0534887471,-0.0773696209,1,1,1.27860084e-06,0.000517128511,25,0.40201,,0.254607393,0.231804928,0.188949502,-0.493959803,0.200576709,0.259372963,-0.381856057
1781682679.198697,2026-06-17T15:51:19.198,1781682679.117739,right,base,1,pelvis,1000,0.001,-0.0052928,-0.381802518,-0.0069245,-0.800058909,-0.5920989,-0.0948381562,0.0181757976,0.357819835,-0.18370049,-0.202501125,-0.632080499,-0.12864736,0.233568049,0.341606428,1,1,1.25006955e-06,0.000541336147,12,0.204167,,0.384924976,-0.196462773,-0.238837708,-0.637235091,-0.169766844,0.252590854,0.389995341
1781682679.214286,2026-06-17T15:51:19.214,1781682679.151299,left,base,1,pelvis,1000,0.001,0.0192896,0.388116382,-0.0162245,0.804001159,-0.587497848,0.0882893499,0.0251675634,0.0779165951,0.0510110575,0.0545441848,-0.16755734,0.0576628114,0.0629760729,-0.0911263266,1,1,1.35820404e-06,0.000533710635,24,0.177444,,0.254608248,0.23179574,0.188972089,-0.493969903,0.20053853,0.259385099,-0.381849306
1781682679.214559,2026-06-17T15:51:19.214,1781682679.167751,right,base,1,pelvis,1000,0.001,-0.00556735,-0.383894818,-0.005503,-0.802007931,-0.588922931,-0.097309218,0.0219994653,0.362361905,-0.185867209,-0.20848954,-0.632942584,-0.135634537,0.236765377,0.349847493,1,1,1.30092174e-06,0.000527458109,12,0.09711,,0.38783444,-0.202103266,-0.242900633,-0.640652408,-0.175578399,0.26117684,0.403319169
1781682679.231383,2026-06-17T15:51:19.231,1781682679.151299,left,base,1,pelvis,1000,0.001,0.0192896,0.388116382,-0.0162245,0.804001159,-0.587497848,0.0882893499,0.0251675634,0.0865982905,0.0598943572,0.0611481848,-0.183595112,0.0646848802,0.0726260263,-0.10541132,1,1,1.28055401e-06,0.000504965388,24,0.39896,,0.254600452,0.231787294,0.18901604,-0.493958523,0.200516664,0.25939381,-0.381866944
1781682679.232315,2026-06-17T15:51:19.232,1781682679.167751,right,base,1,pelvis,1000,0.001,-0.00556735,-0.383894818,-0.005503,-0.802007931,-0.588922931,-0.097309218,0.0219994653,0.365939301,-0.192931965,-0.213301271,-0.633623165,-0.141046247,0.247712521,0.369307152,1,1,1.65983345e-06,0.000562784509,11,0.203541,,0.387707022,-0.201742056,-0.243942367,-0.640619645,-0.174327113,0.261269997,0.403718868
1781682679.247919,2026-06-17T15:51:19.247,1781682679.168168,left,base,1,pelvis,1000,0.001,0.01922205,0.389200532,-0.015924,0.804588381,-0.586494572,0.0894199441,0.0258016972,0.0967374822,0.0702689989,0.0688608744,-0.20232533,0.0728858246,0.0838960288,-0.122094501,1,1,1.39601341e-06,0.000520613946,23,0.167204,,0.253931906,0.234440331,0.190310555,-0.491664986,0.202061796,0.259248453,-0.386880418
1781682679.248267,2026-06-17T15:51:19.248,1781682679.167751,right,base,1,pelvis,1000,0.001,-0.00556735,-0.383894818,-0.005503,-0.802007931,-0.588922931,-0.097309218,0.0219994653,0.370031044,-0.194645888,-0.218832771,-0.634936783,-0.147499581,0.25032057,0.376057381,1,1,2.87397834e-06,0.000600196214,10,0.080255,,0.387719076,-0.201791878,-0.243793683,-0.640624667,-0.17445528,0.261256699,0.403668987
1781682679.264925,2026-06-17T15:51:19.264,1781682679.168168,left,base,1,pelvis,1000,0.001,0.01922205,0.389200532,-0.015924,0.804588381,-0.586494572,0.0894199441,0.0258016972,0.10676974,0.0805342239,0.0764922217,-0.220858009,0.0810002774,0.0950471717,-0.138601732,1,1,1.45035475e-06,0.000527516806,22,0.197475,,0.25393073,0.234430263,0.190341009,-0.491671217,0.202024295,0.25926224,-0.386878188
1781682679.266046,2026-06-17T15:51:19.266,1781682679.167751,right,base,1,pelvis,1000,0.001,-0.00556735,-0.383894818,-0.005503,-0.802007931,-0.588922931,-0.097309218,0.0219994653,0.373190948,-0.195914458,-0.22332157,-0.635952698,-0.152295494,0.252277981,0.381002378,1,1,2.28392226e-06,0.000493454126,10,0.11126,,0.387700194,-0.201776798,-0.243871469,-0.640595766,-0.174464599,0.261290431,0.403713882
1781682679.281506,2026-06-17T15:51:19.281,1781682679.201312,left,base,1,pelvis,1000,0.001,0.01879305,0.390140532,-0.0152875,0.805186889,-0.585483464,0.0905097363,0.0262902059,0.117819817,0.0920906874,0.0850385844,-0.241192296,0.0900905145,0.107376677,-0.15724442,1,1,1.35936097e-06,0.000493730562,22,0.15724,,0.257296592,0.236347948,0.192257146,-0.495286564,0.204114244,0.260822046,-0.391114321
1781682679.281881,2026-06-17T15:51:19.281,1781682679.234429,right,base,1,pelvis,1000,0.001,-0.0050742,-0.386848318,-0.005277,-0.803984693,-0.585699198,-0.0998080134,0.0245646694,0.37624189,-0.197139284,-0.227655582,-0.636933582,-0.156926028,0.254167893,0.385776856,1,1,2.59940694e-06,0.000510946308,10,0.092922,,0.380728397,-0.209654111,-0.24727827,-0.628243798,-0.179208752,0.262434642,0.417097005
1781682679.298449,2026-06-17T15:51:19.298,1781682679.234645,left,base,1,pelvis,1000,0.001,0.0182026,0.390856132,-0.0145455,0.805777552,-0.584506919,0.0914523211,0.0266584104,0.128063968,0.102804294,0.0929616281,-0.260043525,0.0985177657,0.118806943,-0.174527425,1,1,1.40713004e-06,0.000503192373,21,0.153781,,0.262503257,0.237543623,0.194353247,-0.501726987,0.206325582,0.26317431,-0.394329891
1781682679.298756,2026-06-17T15:51:19.298,1781682679.234429,right,base,1,pelvis,1000,0.001,-0.0050742,-0.386848318,-0.005277,-0.803984693,-0.585699198,-0.0998080134,0.0245646694,0.378545487,-0.205734071,-0.230927955,-0.633849824,-0.160422288,0.256751047,0.402662759,1,1,2.9342463e-06,0.000565033281,9,0.079824,,0.38064054,-0.209485169,-0.247820981,-0.628190437,-0.178502412,0.262473621,0.417372162
1781682679.315389,2026-06-17T15:51:19.315,1781682679.234645,left,base,1,pelvis,1000,0.001,0.0182026,0.390856132,-0.0145455,0.805777552,-0.584506919,0.0914523211,0.0266584104,0.139296865,0.114411905,0.101592392,-0.280490845,0.107696209,0.131150893,-0.193353153,1,1,1.41730227e-06,0.000497537047,20,0.341646,,0.262498948,0.2375307,0.194399954,-0.501726907,0.206281669,0.263187316,-0.39433736
1781682679.315933,2026-06-17T15:51:19.315,1781682679.234429,right,base,1,pelvis,1000,0.001,-0.0050742,-0.386848318,-0.005277,-0.803984693,-0.585699198,-0.0998080134,0.0245646694,0.379041932,-0.20662558,-0.2346464,-0.632521821,-0.16469477,0.25808239,0.406219057,1,1,5.32629158e-06,0.000574855615,8,0.152137,,0.380644879,-0.209519413,-0.247715172,-0.628188239,-0.178606616,0.262469576,0.41734097
1781682679.332221,2026-06-17T15:51:19.332,1781682679.251296,left,base,1,pelvis,1000,0.001,0.0178185,0.391762482,-0.014027,0.806342615,-0.583604808,0.0921353633,0.0269831637,0.150946476,0.126054455,0.110363267,-0.301409524,0.117021974,0.143634186,-0.212356232,1,1,1.43991662e-06,0.000495772856,19,0.319877,,0.265045904,0.239257148,0.19609226,-0.504284498,0.207994198,0.264539798,-0.397536677
1781682679.333091,2026-06-17T15:51:19.333,1781682679.267764,right,base,1,pelvis,1000,0.001,-0.00511095,-0.388633818,-0.005579,-0.804771558,-0.584408311,-0.100974381,0.0247757855,0.379438903,-0.207335682,-0.237917952,-0.631446238,-0.168123525,0.259172834,0.40898863,1,1,6.80255209e-06,0.000510382587,8,0.150688,,0.375124525,-0.213927564,-0.249177017,-0.616814039,-0.180361397,0.25824098,0.423407044
1781682679.348763,2026-06-17T15:51:19.348,1781682679.251296,left,base,1,pelvis,1000,0.001,0.0178185,0.391762482,-0.014027,0.806342615,-0.583604808,0.0921353633,0.0269831637,0.162610098,0.137711008,0.119144691,-0.322353362,0.126358955,0.156132492,-0.231382166,1,1,1.5897385e-06,0.000523831173,17,0.129997,,0.265048622,0.239248642,0.196105155,-0.504301092,0.207958289,0.264558216,-0.397520213
1781682679.349081,2026-06-17T15:51:19.349,1781682679.267764,right,base,1,pelvis,1000,0.001,-0.00511095,-0.388633818,-0.005579,-0.804771558,-0.584408311,-0.100974381,0.0247757855,0.379759356,-0.212244958,-0.240558893,-0.619236775,-0.171172772,0.259050715,0.417240565,1,1,1.47169535e-05,0.00053967299,7,0.083276,,0.375071657,-0.213958174,-0.249151417,-0.616772415,-0.180343659,0.258503573,0.42341926
1781682679.365592,2026-06-17T15:51:19.365,1781682679.251296,left,base,1,pelvis,1000,0.001,0.0178185,0.391762482,-0.014027,0.806342615,-0.583604808,0.0921353633,0.0269831637,0.17391611,0.148918827,0.127637524,-0.342433408,0.135369174,0.168097589,-0.24972092,1,1,1.55045699e-06,0.000504917944,16,0.147711,,0.265042585,0.239241657,0.196138787,-0.50429294,0.207939493,0.264565765,-0.397533095
1781682679.366117,2026-06-17T15:51:19.366,1781682679.284429,right,base,1,pelvis,1000,0.001,-0.0047267,-0.390941318,-0.006083,-0.805551102,-0.583137873,-0.102082568,0.0248352984,0.378504957,-0.212700349,-0.242891355,-0.618581071,-0.173659639,0.258831563,0.418909499,1,1,1.86971062e-05,0.000497369246,7,0.07225,,0.366457087,-0.219703985,-0.250311149,-0.6011862,-0.181827736,0.253229098,0.430085882
1781682679.382529,2026-06-17T15:51:19.382,1781682679.251296,left,base,1,pelvis,1000,0.001,0.0178185,0.391762482,-0.014027,0.806342615,-0.583604808,0.0921353633,0.0269831637,0.185421021,0.160323816,0.136279765,-0.362866707,0.144537903,0.180273179,-0.268382292,1,1,2.33547132e-06,0.000629540245,14,0.256497,,0.265061355,0.239228779,0.196109858,-0.50436074,0.207869146,0.26461653,-0.397452092
1781682679.383106,2026-06-17T15:51:19.383,1781682679.301095,right,base,1,pelvis,1000,0.001,-0.0040351,-0.393576418,-0.006884,-0.806199863,-0.582101589,-0.1029096,0.0246806533,0.371616125,-0.21853382,-0.244849456,-0.602886649,-0.175747362,0.253796978,0.425828264,1,1,5.76684577e-05,0.000621894787,6,0.158187,,0.354582957,-0.226404427,-0.250762545,-0.580886046,-0.182498528,0.246552321,0.436616975
1781682679.399264,2026-06-17T15:51:19.399,1781682679.251296,left,base,1,pelvis,1000,0.001,0.0178185,0.391762482,-0.014027,0.806342615,-0.583604808,0.0921353633,0.0269831637,0.196305235,0.171113499,0.144455752,-0.382197618,0.153211974,0.191791889,-0.286036874,1,1,1.60267703e-06,0.000492262596,13,0.133849,,0.265038142,0.239253996,0.196104687,-0.504284063,0.207986533,0.264576156,-0.397531218
1781682679.399761,2026-06-17T15:51:19.399,1781682679.301095,right,base,1,pelvis,1000,0.001,-0.0040351,-0.393576418,-0.006884,-0.806199863,-0.582101589,-0.1029096,0.0246806533,0.359598803,-0.225258488,-0.246551572,-0.582573046,-0.177642287,0.247115498,0.432484261,1,1,8.54721718e-05,0.000583992944,5,0.054957,,0.354521292,-0.226445187,-0.250778179,-0.580629907,-0.182534795,0.246412578,0.436660125
1781682679.416249,2026-06-17T15:51:19.416,1781682679.317847,left,base,1,pelvis,1000,0.001,0.0179576,0.392891132,-0.014112,0.807184187,-0.582338068,0.0928340264,0.0267937776,0.206509908,0.181229544,0.152121282,-0.40032163,0.161344492,0.202591444,-0.302589215,1,1,2.28927355e-06,0.000569009792,12,0.176852,,0.261512431,0.241580338,0.19750702,-0.497564336,0.209292654,0.262117791,-0.400583796
1781682679.416740,2026-06-17T15:51:19.416,1781682679.351106,right,base,1,pelvis,1000,0.001,-0.0036168,-0.395760568,-0.007206,-0.80769484,-0.579843886,-0.104089791,0.0239880809,0.35806369,-0.225609205,-0.247840351,-0.582056736,-0.179128553,0.246943137,0.433749089,1,1,4.01790743e-05,0.000528382181,6,0.081314,,0.347269926,-0.231025299,-0.253422166,-0.567455816,-0.185196944,0.241522867,0.441756046
1781682679.433021,2026-06-17T15:51:19.433,1781682679.351344,left,base,1,pelvis,1000,0.001,0.0185167,0.394366882,-0.014742,0.808088859,-0.581009929,0.0934159375,0.0263309924,0.216239941,0.19087507,0.159430273,-0.417602656,0.169098749,0.212888689,-0.318371674,1,1,1.98970001e-06,0.000495081222,12,0.170577,,0.251867208,0.245015483,0.198228613,-0.481253711,0.209937263,0.256012941,-0.404184313
1781682679.433784,2026-06-17T15:51:19.433,1781682679.351106,right,base,1,pelvis,1000,0.001,-0.0036168,-0.395760568,-0.007206,-0.80769484,-0.579843886,-0.104089791,0.0239880809,0.351986102,-0.229942127,-0.248835917,-0.569063208,-0.180276674,0.242060522,0.437871951,1,1,8.20085471e-05,0.000586282786,5,0.076869,,0.347279599,-0.231072684,-0.253308105,-0.567312945,-0.18529519,0.241452353,0.441719577
1781682679.449659,2026-06-17T15:51:19.449,1781682679.367786,left,base,1,pelvis,1000,0.001,0.01861335,0.395468082,-0.0149345,0.809014293,-0.579651599,0.094010536,0.0257277351,0.224501232,0.200127731,0.16637849,-0.432194006,0.176433304,0.22187198,-0.333373682,1,1,3.24427049e-06,0.000564249729,11,0.143698,,0.247815836,0.247109827,0.199711988,-0.473335024,0.211259731,0.252355154,-0.40645855
1781682679.450126,2026-06-17T15:51:19.450,1781682679.351106,right,base,1,pelvis,1000,0.001,-0.0036168,-0.395760568,-0.007206,-0.80769484,-0.579843886,-0.104089791,0.0239880809,0.350504187,-0.230282481,-0.250277007,-0.568558134,-0.18182272,0.241891581,0.43909241,1,1,0.000141454476,0.000539411,4,0.071044,,0.347374886,-0.231019679,-0.253365207,-0.567274562,-0.185286581,0.241295567,0.441748761
1781682679.466421,2026-06-17T15:51:19.466,1781682679.367786,left,base,1,pelvis,1000,0.001,0.01861335,0.395468082,-0.0149345,0.809014293,-0.579651599,0.094010536,0.0257277351,0.229772197,0.208773568,0.172513147,-0.441643404,0.182886507,0.228447876,-0.347012529,1,1,5.88825439e-06,0.000606222245,10,0.13201,,0.247816604,0.247101237,0.199704176,-0.473351417,0.211231501,0.252379016,-0.406430002
1781682679.466761,2026-06-17T15:51:19.466,1781682679.384442,right,base,1,pelvis,1000,0.001,-0.0034599,-0.396408168,-0.007091,-0.808652681,-0.578347275,-0.105128972,0.0233060344,0.349436023,-0.230527808,-0.251315744,-0.568194076,-0.182937109,0.241769807,0.439972116,1,1,4.94882523e-05,0.000491237647,5,0.073894,,0.34670746,-0.231845625,-0.255594741,-0.565643666,-0.187444628,0.239829029,0.443524328
1781682679.483125,2026-06-17T15:51:19.483,1781682679.367786,left,base,1,pelvis,1000,0.001,0.01861335,0.395468082,-0.0149345,0.809014293,-0.579651599,0.094010536,0.0257277351,0.233673189,0.217061776,0.178393472,-0.448495057,0.18902073,0.233616573,-0.359864618,1,1,1.12304641e-05,0.000626106386,9,0.135224,,0.247812531,0.247088417,0.199702717,-0.47335228,0.211215213,0.252389302,-0.40640641
1781682679.483486,2026-06-17T15:51:19.483,1781682679.384442,right,base,1,pelvis,1000,0.001,-0.0034599,-0.396408168,-0.007091,-0.808652681,-0.578347275,-0.105128972,0.0233060344,0.34863683,-0.230858551,-0.25209292,-0.567109498,-0.183770887,0.240321245,0.440630307,1,1,9.58492855e-05,0.000517458933,4,0.070135,,0.346774434,-0.231800203,-0.255546721,-0.56562313,-0.187457894,0.239686625,0.443477621
1781682679.499844,2026-06-17T15:51:19.499,1781682679.367786,left,base,1,pelvis,1000,0.001,0.01861335,0.395468082,-0.0149345,0.809014293,-0.579651599,0.094010536,0.0257277351,0.237035286,0.224205026,0.183461471,-0.454400201,0.194307554,0.23807125,-0.37094128,1,1,2.1436478e-05,0.000629987004,8,0.091016,,0.247800732,0.247069881,0.199699986,-0.473331564,0.211209348,0.252380609,-0.406385836
1781682679.500580,2026-06-17T15:51:19.500,1781682679.384442,right,base,1,pelvis,1000,0.001,-0.0034599,-0.396408168,-0.007091,-0.808652681,-0.578347275,-0.105128972,0.0233060344,0.348042087,-0.231162824,-0.253172382,-0.566657644,-0.184903345,0.240169516,0.44152241,1,1,0.000168368166,0.000919479142,3,0.057787,,0.346872228,-0.231748801,-0.255373477,-0.565708438,-0.187252419,0.239729617,0.443329708
1781682679.516620,2026-06-17T15:51:19.516,1781682679.417992,left,base,1,pelvis,1000,0.001,0.0187794,0.396474032,-0.0150065,0.809745889,-0.578570623,0.0944346256,0.0254898161,0.23992751,0.230349965,0.187821187,-0.459480068,0.198855513,0.24190336,-0.380469913,1,1,1.72818926e-05,0.000516384032,8,0.095622,,0.244436124,0.249147334,0.200855091,-0.467174518,0.212339481,0.250302629,-0.408766841
1781682679.516962,2026-06-17T15:51:19.516,1781682679.384442,right,base,1,pelvis,1000,0.001,-0.0034599,-0.396408168,-0.007091,-0.808652681,-0.578347275,-0.105128972,0.0233060344,0.347583347,-0.231397517,-0.254005,-0.566309118,-0.18577684,0.240052483,0.442210514,1,1,0.000113285208,0.000630551006,3,0.047351,,0.346796196,-0.231785619,-0.255512672,-0.565647861,-0.187385198,0.23971031,0.443442201
1781682679.533388,2026-06-17T15:51:19.533,1781682679.417992,left,base,1,pelvis,1000,0.001,0.0187794,0.396474032,-0.0150065,0.809745889,-0.578570623,0.0944346256,0.0254898161,0.242186969,0.235150504,0.191227077,-0.463448552,0.202408461,0.244897075,-0.387913857,1,1,3.20367763e-05,0.000509236048,7,0.090657,,0.244427029,0.249124972,0.200845857,-0.467148614,0.21234273,0.250276674,-0.408756152
1781682679.533841,2026-06-17T15:51:19.533,1781682679.467778,right,base,1,pelvis,1000,0.001,-0.0033038,-0.399541868,-0.008116,-0.810604843,-0.574672104,-0.110609044,0.020914137,0.34726329,-0.23156126,-0.254585906,-0.566065956,-0.186386265,0.239970831,0.442690594,1,1,3.95269856e-05,0.000632912164,6,0.090423,,0.332445089,-0.239649671,-0.259780266,-0.534444502,-0.19250725,0.219089854,0.457070441
1781682679.550093,2026-06-17T15:51:19.550,1781682679.467991,left,base,1,pelvis,1000,0.001,0.0187669,0.397047782,-0.0150005,0.810569828,-0.577332403,0.094947605,0.0254715972,0.242816583,0.239068685,0.193922281,-0.464491575,0.205188486,0.24641027,-0.393751305,1,1,6.32511759e-05,0.000597383006,6,0.086505,,0.242929968,0.250183189,0.202202539,-0.463863314,0.213733898,0.249295258,-0.410513347
1781682679.550490,2026-06-17T15:51:19.550,1781682679.467778,right,base,1,pelvis,1000,0.001,-0.0033038,-0.399541868,-0.008116,-0.810604843,-0.574672104,-0.110609044,0.020914137,0.336262574,-0.238764796,-0.255042837,-0.535789027,-0.187874321,0.219557278,0.453921657,1,1,6.96287681e-05,0.00055561565,5,0.054465,,0.332360932,-0.239783451,-0.259549211,-0.533988192,-0.192749756,0.218663964,0.457209696
1781682679.567005,2026-06-17T15:51:19.567,1781682679.501119,left,base,1,pelvis,1000,0.001,0.01881405,0.397642382,-0.015034,0.811260485,-0.576251405,0.095581687,0.0255906937,0.243312219,0.242153103,0.196043963,-0.465312649,0.207376941,0.247601468,-0.398346583,1,1,5.15077781e-05,0.000558666455,6,0.062343,,0.240704119,0.251601436,0.20328158,-0.459434414,0.214949684,0.247922983,-0.4129917
1781682679.567317,2026-06-17T15:51:19.567,1781682679.467778,right,base,1,pelvis,1000,0.001,-0.0033038,-0.399541868,-0.008116,-0.810604843,-0.574672104,-0.110609044,0.020914137,0.335087759,-0.239037113,-0.256500761,-0.535375255,-0.189300085,0.21941343,0.454890682,1,1,0.000120942903,0.000518254106,4,0.059382,,0.332441059,-0.239719113,-0.259637238,-0.533964989,-0.19269973,0.218540635,0.457233102
1781682679.583875,2026-06-17T15:51:19.583,1781682679.501119,left,base,1,pelvis,1000,0.001,0.01881405,0.397642382,-0.015034,0.811260485,-0.576251405,0.095581687,0.0255906937,0.24320435,0.244419144,0.197781875,-0.464903656,0.209170834,0.248079445,-0.401779969,1,1,9.69286879e-05,0.000574750707,5,0.122862,,0.24073527,0.251511699,0.203265996,-0.45947569,0.214938875,0.247895101,-0.41290724
1781682679.584393,2026-06-17T15:51:19.584,1781682679.467778,right,base,1,pelvis,1000,0.001,-0.0033038,-0.399541868,-0.008116,-0.810604843,-0.574672104,-0.110609044,0.020914137,0.334191736,-0.239244807,-0.257612709,-0.535059674,-0.190387506,0.218981625,0.455629751,1,1,0.000194456557,0.000875004986,3,0.088328,,0.332569589,-0.239670035,-0.259531703,-0.534065683,-0.192484366,0.21856542,0.457119993
1781682679.600576,2026-06-17T15:51:19.600,1781682679.501119,left,base,1,pelvis,1000,0.001,0.01881405,0.397642382,-0.015034,0.811260485,-0.576251405,0.095581687,0.0255906937,0.24249428,0.246458928,0.199343801,-0.463350381,0.210812039,0.24803501,-0.404964121,1,1,0.000174290975,0.000551628292,4,0.069262,,0.240763261,0.251362251,0.203259294,-0.459489141,0.214940539,0.247824763,-0.412788103
1781682679.600880,2026-06-17T15:51:19.600,1781682679.534447,right,base,1,pelvis,1000,0.001,-0.00399065,-0.400709518,-0.0076225,-0.811920058,-0.57230715,-0.11318534,0.0209624461,0.333639147,-0.239394518,-0.258251737,-0.534714144,-0.191117343,0.21884243,0.456135837,1,1,4.08771323e-05,0.000547805324,5,0.057779,,0.33358169,-0.242139099,-0.263155302,-0.531487292,-0.196641824,0.215578593,0.464306434
1781682679.617372,2026-06-17T15:51:19.617,1781682679.534670,left,base,1,pelvis,1000,0.001,0.018619,0.398040182,-0.014792,0.811845302,-0.575308669,0.0962031194,0.0259249142,0.241938887,0.248054379,0.200565488,-0.462135461,0.212095733,0.248000254,-0.407454659,1,1,0.000148511478,0.000556563715,4,0.053509,,0.241633732,0.252239843,0.204550049,-0.459958364,0.2163562,0.24845859,-0.414987623
1781682679.617652,2026-06-17T15:51:19.617,1781682679.534447,right,base,1,pelvis,1000,0.001,-0.00399065,-0.400709518,-0.0076225,-0.811920058,-0.57230715,-0.11318534,0.0209624461,0.333232591,-0.241350812,-0.258948701,-0.532683919,-0.192526865,0.215998021,0.46150359,1,1,5.93423424e-05,0.000535233305,4,0.042505,,0.333531756,-0.242175979,-0.263039706,-0.531356271,-0.196698967,0.215395535,0.464446994
1781682679.634347,2026-06-17T15:51:19.634,1781682679.534670,left,base,1,pelvis,1000,0.001,0.018619,0.398040182,-0.014792,0.811845302,-0.575308669,0.0962031194,0.0259249142,0.241508742,0.249290035,0.201511668,-0.461194522,0.213089938,0.247973336,-0.409383547,1,1,0.000107953237,0.00043318959,4,0.130266,,0.241598199,0.252320684,0.204609453,-0.45988125,0.216417795,0.248451475,-0.415113073
1781682679.634813,2026-06-17T15:51:19.634,1781682679.534447,right,base,1,pelvis,1000,0.001,-0.00399065,-0.400709518,-0.0076225,-0.811920058,-0.57230715,-0.11318534,0.0209624461,0.333339081,-0.241591273,-0.260231891,-0.532318897,-0.1937821,0.215870078,0.462358575,1,1,0.000105218175,0.000955185656,3,0.074823,,0.333518571,-0.24212406,-0.262843113,-0.531438119,-0.196453193,0.215438963,0.464285542
1781682679.650965,2026-06-17T15:51:19.650,1781682679.534670,left,base,1,pelvis,1000,0.001,0.018619,0.398040182,-0.014792,0.811845302,-0.575308669,0.0962031194,0.0259249142,0.241544785,0.250140659,0.202387833,-0.460838056,0.214031816,0.248113266,-0.410999571,1,1,0.000199050568,0.00079670399,3,0.09093,,0.241599367,0.252144704,0.204432716,-0.459968406,0.216227918,0.24842804,-0.414782591
1781682679.651434,2026-06-17T15:51:19.651,1781682679.584450,right,base,1,pelvis,1000,0.001,-0.004115,-0.401144018,-0.0072335,-0.812610251,-0.571152479,-0.114010749,0.0212361655,0.333424412,-0.241783956,-0.261260126,-0.532026402,-0.194787934,0.215767555,0.463043684,1,1,6.4959498e-05,0.000458778148,4,0.080077,,0.335056975,-0.242847088,-0.2648313,-0.532969805,-0.198585054,0.21654527,0.46686901
1781682679.667715,2026-06-17T15:51:19.667,1781682679.601121,left,base,1,pelvis,1000,0.001,0.01818635,0.399175832,-0.014166,0.812790549,-0.573759784,0.0971814399,0.0269629695,0.241572643,0.250798129,0.203065045,-0.460562534,0.214759819,0.248221423,-0.41224864,1,1,0.000142862756,0.000516888777,4,0.043941,,0.243534844,0.254801011,0.206734335,-0.461295075,0.218814866,0.250853784,-0.420119045
1781682679.668007,2026-06-17T15:51:19.668,1781682679.617784,right,base,1,pelvis,1000,0.001,-0.00369485,-0.401644618,-0.0072075,-0.813239161,-0.570062507,-0.115037438,0.0209091661,0.333481757,-0.24212377,-0.261951122,-0.531968544,-0.195463877,0.215698658,0.464297113,1,1,8.16921941e-05,0.000573296883,4,0.048065,,0.333382561,-0.243796012,-0.266185253,-0.530347662,-0.199962588,0.215350602,0.468893802
1781682679.684591,2026-06-17T15:51:19.684,1781682679.601121,left,base,1,pelvis,1000,0.001,0.01818635,0.399175832,-0.014166,0.812790549,-0.573759784,0.0971814399,0.0269629695,0.241593972,0.251301503,0.203583534,-0.460351588,0.215317195,0.24830423,-0.413204954,1,1,0.000126543212,0.000450659253,4,0.117366,,0.243532827,0.25483389,0.206766793,-0.461274156,0.218849949,0.250856844,-0.420180919
1781682679.685128,2026-06-17T15:51:19.685,1781682679.617784,right,base,1,pelvis,1000,0.001,-0.00369485,-0.401644618,-0.0072075,-0.813239161,-0.570062507,-0.115037438,0.0209091661,0.333965256,-0.243091721,-0.262835167,-0.531415094,-0.196421894,0.215724536,0.466391213,1,1,5.90782697e-05,0.000473879744,4,0.104892,,0.333408777,-0.24385304,-0.266260463,-0.53030481,-0.200002285,0.215351699,0.469033605
1781682679.701358,2026-06-17T15:51:19.701,1781682679.601121,left,base,1,pelvis,1000,0.001,0.01818635,0.399175832,-0.014166,0.812790549,-0.573759784,0.0971814399,0.0269629695,0.242156808,0.252316329,0.204497238,-0.460625191,0.216331488,0.249043578,-0.415209979,1,1,0.000231355118,0.000823778246,3,0.086739,,0.243423867,0.254633556,0.206586669,-0.461224661,0.218649868,0.250712915,-0.419785913
1781682679.701815,2026-06-17T15:51:19.701,1781682679.617784,right,base,1,pelvis,1000,0.001,-0.00369485,-0.401644618,-0.0072075,-0.813239161,-0.570062507,-0.115037438,0.0209091661,0.333780402,-0.24331515,-0.263897949,-0.531076462,-0.197545145,0.215605909,0.467185135,1,1,0.000104807858,0.000838012916,3,0.077221,,0.333438431,-0.243811671,-0.266073974,-0.530368054,-0.199820918,0.215371826,0.468887649
1781682679.717992,2026-06-17T15:51:19.717,1781682679.601121,left,base,1,pelvis,1000,0.001,0.01818635,0.399175832,-0.014166,0.812790549,-0.573759784,0.0971814399,0.0269629695,0.242594192,0.253104958,0.205207285,-0.46083781,0.217119704,0.249618131,-0.416768099,1,1,0.00016523789,0.000588504364,3,0.043641,,0.243489195,0.254760726,0.206699292,-0.461247531,0.218775025,0.250801832,-0.420036152
1781682679.718226,2026-06-17T15:51:19.718,1781682679.617784,right,base,1,pelvis,1000,0.001,-0.00369485,-0.401644618,-0.0072075,-0.813239161,-0.570062507,-0.115037438,0.0209091661,0.333645853,-0.243477776,-0.264671508,-0.530829984,-0.198362717,0.215519565,0.467763001,1,1,7.35185384e-05,0.000585560414,3,0.035704,,0.333415722,-0.243839532,-0.26619352,-0.530325045,-0.199955891,0.21535724,0.468979637
1781682679.734970,2026-06-17T15:51:19.734,1781682679.651124,left,base,1,pelvis,1000,0.001,0.01858475,0.400003882,-0.014433,0.813349934,-0.572869477,0.0976874298,0.0271958418,0.242923167,0.253698121,0.205741342,-0.46099773,0.217712555,0.250050277,-0.417940029,1,1,0.000239705672,0.000786097569,3,0.088327,,0.238682733,0.256793617,0.206995303,-0.453367049,0.219278294,0.248766303,-0.422769918
1781682679.735608,2026-06-17T15:51:19.735,1781682679.617784,right,base,1,pelvis,1000,0.001,-0.00369485,-0.401644618,-0.0072075,-0.813239161,-0.570062507,-0.115037438,0.0209091661,0.33354934,-0.24359443,-0.26522639,-0.530653183,-0.19894917,0.21545763,0.46817751,1,1,5.10866563e-05,0.000404448596,3,0.082065,,0.333399573,-0.243859441,-0.266279281,-0.530294604,-0.200052746,0.215346745,0.469045563
1781682679.751597,2026-06-17T15:51:19.751,1781682679.651124,left,base,1,pelvis,1000,0.001,0.01858475,0.400003882,-0.014433,0.813349934,-0.572869477,0.0976874298,0.0271958418,0.24316855,0.25414056,0.206139695,-0.461117014,0.218154762,0.250372615,-0.418814172,1,1,0.000209861369,0.000655251146,3,0.082239,,0.238719739,0.256865393,0.207057693,-0.453380777,0.219348223,0.248816688,-0.422910509
1781682679.752046,2026-06-17T15:51:19.752,1781682679.617784,right,base,1,pelvis,1000,0.001,-0.00369485,-0.401644618,-0.0072075,-0.813239161,-0.570062507,-0.115037438,0.0209091661,0.333478098,-0.243680538,-0.265635981,-0.530522675,-0.199382065,0.215411911,0.468483483,1,1,8.64926849e-05,0.000676935734,2,0.08318,,0.333415447,-0.243818094,-0.26614096,-0.530347685,-0.199912406,0.215361249,0.468919048
1781682679.768488,2026-06-17T15:51:19.768,1781682679.651124,left,base,1,pelvis,1000,0.001,0.01858475,0.400003882,-0.014433,0.813349934,-0.572869477,0.0976874298,0.0271958418,0.241878303,0.254903654,0.206385792,-0.458887906,0.218477922,0.249910595,-0.419951956,1,1,0.000160468049,0.000503804744,3,0.056754,,0.238490349,0.256992312,0.207092206,-0.452982242,0.219394931,0.248725454,-0.423097667
1781682679.768744,2026-06-17T15:51:19.768,1781682679.617784,right,base,1,pelvis,1000,0.001,-0.00369485,-0.401644618,-0.0072075,-0.813239161,-0.570062507,-0.115037438,0.0209091661,0.333434213,-0.243733581,-0.265888288,-0.530442283,-0.199648728,0.215383749,0.468671963,1,1,6.13264828e-05,0.000471135957,2,0.033251,,0.333397158,-0.243839895,-0.266240828,-0.530313837,-0.200020007,0.215349393,0.468994479
1781682679.785312,2026-06-17T15:51:19.785,1781682679.651124,left,base,1,pelvis,1000,0.001,0.01858475,0.400003882,-0.014433,0.813349934,-0.572869477,0.0976874298,0.0271958418,0.240852073,0.2555106,0.206581531,-0.45711493,0.218734954,0.249543115,-0.42085692,1,1,0.000121264888,0.000382846357,3,0.101642,,0.238309892,0.257092825,0.207120119,-0.452668983,0.219432781,0.248654352,-0.423246064
1781682679.785963,2026-06-17T15:51:19.785,1781682679.701121,right,base,1,pelvis,1000,0.001,-0.00343945,-0.401350218,-0.0072755,-0.813962421,-0.56880373,-0.116303867,0.0200226137,0.333407107,-0.243766343,-0.266044126,-0.530392629,-0.199813432,0.215366354,0.468788377,1,1,5.51230312e-05,0.000807765201,3,0.075593,,0.333373927,-0.242931617,-0.267848933,-0.529930146,-0.201722837,0.213348834,0.469286424
1781682679.802123,2026-06-17T15:51:19.802,1781682679.717792,left,base,1,pelvis,1000,0.001,0.01906115,0.400176782,-0.014825,0.813751548,-0.572137889,0.0986412706,0.0271395028,0.240076154,0.255969503,0.206729527,-0.455774406,0.218929293,0.249265269,-0.421541152,1,1,0.000170270087,0.000676048007,3,0.068247,,0.233752846,0.257979308,0.207221874,-0.445250399,0.219810348,0.24544921,-0.425231913
1781682679.802453,2026-06-17T15:51:19.802,1781682679.734456,right,base,1,pelvis,1000,0.001,-0.00336675,-0.400687468,-0.00744,-0.814578081,-0.567816804,-0.116982002,0.0190220713,0.333391924,-0.243784695,-0.266131422,-0.530364814,-0.199905695,0.213658127,0.468853589,1,1,6.32308533e-05,0.000490173166,4,0.047728,,0.334060397,-0.240836976,-0.269317705,-0.530656871,-0.203202079,0.211077401,0.46773188
1781682679.818707,2026-06-17T15:51:19.818,1781682679.717792,left,base,1,pelvis,1000,0.001,0.01906115,0.400176782,-0.014825,0.813751548,-0.572137889,0.0986412706,0.0271395028,0.239560762,0.256297286,0.206843501,-0.45486825,0.21907621,0.249087005,-0.422038642,1,1,0.000153253419,0.000612376298,3,0.05158,,0.233659904,0.258033984,0.207238029,-0.445086438,0.219831643,0.245412826,-0.425313899
1781682679.819001,2026-06-17T15:51:19.819,1781682679.734456,right,base,1,pelvis,1000,0.001,-0.00336675,-0.400687468,-0.00744,-0.814578081,-0.567816804,-0.116982002,0.0190220713,0.333386417,-0.243523687,-0.266656912,-0.530231822,-0.200461668,0.211380806,0.46881446,1,1,6.5101197e-05,0.00041110929,4,0.064893,,0.334061937,-0.240835856,-0.269299437,-0.530644378,-0.203292773,0.210927125,0.467718195
1781682679.835571,2026-06-17T15:51:19.835,1781682679.751134,left,base,1,pelvis,1000,0.001,0.0191535,0.399525282,-0.0147705,0.813892073,-0.571741766,0.0997261104,0.0273084301,0.237878182,0.256784576,0.206953117,-0.452081915,0.219288893,0.248033119,-0.422963747,1,1,9.93855854e-05,0.000818874964,3,0.064167,,0.234578758,0.257143887,0.207709784,-0.446484055,0.220583538,0.245090903,-0.426162524
1781682679.836012,2026-06-17T15:51:19.836,1781682679.767794,right,base,1,pelvis,1000,0.001,-0.00488285,-0.397972568,-0.0068165,-0.814664605,-0.567714382,-0.116948879,0.0185720781,0.333594218,-0.242695322,-0.267477286,-0.530362873,-0.201306589,0.211287261,0.46848068,1,1,0.000615972363,0.000780512093,3,0.060142,,0.345577492,-0.234501567,-0.270400108,-0.547271119,-0.204090731,0.213782492,0.462783535
1781682679.852267,2026-06-17T15:51:19.852,1781682679.751134,left,base,1,pelvis,1000,0.001,0.0191535,0.399525282,-0.0147705,0.813892073,-0.571741766,0.0997261104,0.0273084301,0.236540727,0.257171914,0.20704025,-0.449867103,0.219457951,0.247195403,-0.423699098,1,1,8.72099206e-05,0.000705633296,3,0.064062,,0.234346634,0.257209624,0.207721379,-0.446097114,0.220607292,0.244943429,-0.426284557
1781682679.852600,2026-06-17T15:51:19.852,1781682679.801127,right,base,1,pelvis,1000,0.001,-0.00802555,-0.392392718,-0.005413,-0.813874918,-0.568967706,-0.116230464,0.0193351108,0.34265936,-0.237531303,-0.268110764,-0.546519831,-0.201959023,0.213099596,0.463813968,1,1,0.000582975208,0.000569517575,4,0.06471,,0.372356132,-0.21986976,-0.270706739,-0.586431856,-0.204548917,0.222189617,0.452025349
1781682679.869010,2026-06-17T15:51:19.869,1781682679.784633,left,base,1,pelvis,1000,0.001,0.01869045,0.398394432,-0.0148785,0.813548551,-0.571985522,0.100870551,0.0282214506,0.235966877,0.257163716,0.20723608,-0.448877606,0.219787171,0.246579864,-0.424419618,1,1,0.000221180672,0.000901229525,3,0.055167,,0.235544665,0.256000536,0.207234388,-0.44665024,0.220662642,0.243796434,-0.428001564
1781682679.869420,2026-06-17T15:51:19.869,1781682679.834462,right,base,1,pelvis,1000,0.001,-0.0076748,-0.391713868,-0.0053615,-0.813249501,-0.569795562,-0.116401011,0.0202255332,0.369489362,-0.222834231,-0.268816146,-0.58566454,-0.202615835,0.2215168,0.453038826,1,1,0.000452461221,0.000841206009,3,0.051641,,0.373759888,-0.218848928,-0.269231946,-0.590368717,-0.203641601,0.224495769,0.451729719
1781682679.885693,2026-06-17T15:51:19.885,1781682679.817801,left,base,1,pelvis,1000,0.001,0.01813865,0.397247732,-0.0148185,0.812911384,-0.572696167,0.101610781,0.0294861154,0.235517919,0.257157303,0.20738929,-0.448103462,0.220044739,0.246098291,-0.424983324,1,1,0.000163980969,0.000485952934,4,0.069051,,0.238278496,0.254518362,0.206242974,-0.44977497,0.2203457,0.244146087,-0.429957605
1781682679.886069,2026-06-17T15:51:19.886,1781682679.834462,right,base,1,pelvis,1000,0.001,-0.0076748,-0.391713868,-0.0053615,-0.813249501,-0.569795562,-0.116401011,0.0202255332,0.370966893,-0.221736729,-0.26940709,-0.589618004,-0.20322006,0.223838522,0.452716938,1,1,0.000441149973,0.000737539352,3,0.051844,,0.373999245,-0.218647625,-0.269392015,-0.591020291,-0.203665885,0.224878926,0.45169369
1781682679.902528,2026-06-17T15:51:19.902,1781682679.851368,left,base,1,pelvis,1000,0.001,0.0179046,0.396155732,-0.0153355,0.812005587,-0.573783017,0.102341407,0.0307605731,0.235525756,0.256818361,0.207343902,-0.447677656,0.22022579,0.245423829,-0.425867693,1,1,8.73295533e-05,0.000491767419,5,0.086036,,0.235484357,0.253774353,0.203814821,-0.44411829,0.218712712,0.240918778,-0.432268432
1781682679.902958,2026-06-17T15:51:19.902,1781682679.834462,right,base,1,pelvis,1000,0.001,-0.0076748,-0.391713868,-0.0053615,-0.813249501,-0.569795562,-0.116401011,0.0202255332,0.371832888,-0.220841339,-0.269352785,-0.59028835,-0.203350763,0.224238275,0.452410841,1,1,0.000345090861,0.000582967558,3,0.05466,,0.374142087,-0.218508729,-0.269366568,-0.591133017,-0.203705077,0.224944148,0.451639249
1781682679.919158,2026-06-17T15:51:19.919,1781682679.851368,left,base,1,pelvis,1000,0.001,0.0179046,0.396155732,-0.0153355,0.812005587,-0.573783017,0.102341407,0.0307605731,0.236343373,0.256135217,0.207016905,-0.448300599,0.220261405,0.245044315,-0.427082476,1,1,0.000179167948,0.000535491851,4,0.062523,,0.235425138,0.253936882,0.20385182,-0.444075539,0.218737236,0.240993397,-0.432376274
1781682679.919493,2026-06-17T15:51:19.919,1781682679.867795,right,base,1,pelvis,1000,0.001,-0.008072,-0.387642168,-0.0043315,-0.811165173,-0.572610621,-0.116651425,0.0228162866,0.372512457,-0.220153188,-0.269365091,-0.590517954,-0.203449614,0.224439242,0.452185877,1,1,0.000141584264,0.00045828136,5,0.073012,,0.38746448,-0.210651205,-0.265759223,-0.614987786,-0.201226843,0.234354631,0.447970408
1781682679.936096,2026-06-17T15:51:19.936,1781682679.851368,left,base,1,pelvis,1000,0.001,0.0179046,0.396155732,-0.0153355,0.812005587,-0.573783017,0.102341407,0.0307605731,0.236091529,0.255443065,0.206078126,-0.44707444,0.219807363,0.2438348,-0.428602881,1,1,0.000128243917,0.000387966137,4,0.055655,,0.235406325,0.253892502,0.203792872,-0.443991698,0.218706388,0.240913025,-0.432473889
1781682679.936360,2026-06-17T15:51:19.936,1781682679.867795,right,base,1,pelvis,1000,0.001,-0.008072,-0.387642168,-0.0043315,-0.811165173,-0.572610621,-0.116651425,0.0228162866,0.384869646,-0.213329241,-0.267820611,-0.614273239,-0.20334093,0.233738598,0.448886698,1,1,0.000430157096,0.000900089371,3,0.037128,,0.387348535,-0.211025053,-0.265673405,-0.615347395,-0.201731035,0.234543041,0.448070311
1781682679.952928,2026-06-17T15:51:19.952,1781682679.851368,left,base,1,pelvis,1000,0.001,0.0179046,0.396155732,-0.0153355,0.812005587,-0.573783017,0.102341407,0.0307605731,0.235892301,0.254895521,0.205335483,-0.446104457,0.219448183,0.242877985,-0.429805635,1,1,0.00021993569,0.000677839728,3,0.045795,,0.235452081,0.253962574,0.203909808,-0.444166126,0.218762619,0.241065744,-0.432267824
1781682679.953179,2026-06-17T15:51:19.953,1781682679.884473,right,base,1,pelvis,1000,0.001,-0.0089502,-0.385096568,-0.003606,-0.810135673,-0.574066545,-0.116456046,0.0237862021,0.38568291,-0.212489901,-0.267174538,-0.614650821,-0.202678341,0.233942599,0.448599518,1,1,0.000291336415,0.00050232095,4,0.037156,,0.397172941,-0.205555396,-0.26396852,-0.630736096,-0.200182521,0.239183516,0.444663927
1781682679.969694,2026-06-17T15:51:19.969,1781682679.851368,left,base,1,pelvis,1000,0.001,0.0179046,0.396155732,-0.0153355,0.812005587,-0.573783017,0.102341407,0.0307605731,0.235744781,0.254490086,0.204785584,-0.445386223,0.219182223,0.2421695,-0.430696227,1,1,0.000145426087,0.000461302443,3,0.052493,,0.235424169,0.253898357,0.203821181,-0.444043005,0.218719563,0.240948308,-0.4324109
1781682679.970108,2026-06-17T15:51:19.970,1781682679.901132,right,base,1,pelvis,1000,0.001,-0.00914645,-0.383976718,-0.003352,-0.809298662,-0.575271621,-0.116198194,0.0244175665,0.394700908,-0.208102874,-0.265927758,-0.630045224,-0.202191233,0.238594679,0.44553676,1,1,0.000237779626,0.00052656998,4,0.05229,,0.401076465,-0.203511653,-0.262127852,-0.637680149,-0.199148091,0.241646197,0.442981868
1781682679.986403,2026-06-17T15:51:19.986,1781682679.851368,left,base,1,pelvis,1000,0.001,0.0179046,0.396155732,-0.0153355,0.812005587,-0.573783017,0.102341407,0.0307605731,0.235639483,0.254200691,0.204393071,-0.444873554,0.218992384,0.241663791,-0.431331923,1,1,0.000230624039,0.000766661481,2,0.041848,,0.235484042,0.253949786,0.203941197,-0.444240507,0.21877747,0.241103293,-0.432172916
1781682679.986627,2026-06-17T15:51:19.986,1781682679.917799,right,base,1,pelvis,1000,0.001,-0.0091995,-0.382672818,-0.0031955,-0.808367347,-0.576598489,-0.115993081,0.0249403469,0.398665392,-0.205994815,-0.264037829,-0.637001891,-0.201105653,0.241070722,0.443833405,1,1,0.000236207408,0.000521554032,4,0.04267,,0.404158316,-0.201330978,-0.259989325,-0.643649046,-0.197845327,0.24355284,0.440998996
1781682680.003398,2026-06-17T15:51:20.003,1781682679.934679,left,base,1,pelvis,1000,0.001,0.01820185,0.394115182,-0.0166915,0.809456776,-0.577036165,0.103993081,0.0315346209,0.235569625,0.254008697,0.204132667,-0.444533435,0.218866439,0.241328288,-0.431753662,1,1,7.33238449e-05,0.000485301543,5,0.076443,,0.226197775,0.252622037,0.197780074,-0.428040433,0.213949059,0.229607028,-0.435541958
1781682680.003743,2026-06-17T15:51:20.003,1781682679.934467,right,base,1,pelvis,1000,0.001,-0.0090606,-0.380476168,-0.003129,-0.80696727,-0.578561134,-0.115856648,0.0254573253,0.401803051,-0.203755932,-0.26185487,-0.642982726,-0.199756695,0.242989822,0.441831483,1,1,0.000112197844,0.000445577592,5,0.055103,,0.407939287,-0.197324517,-0.256702393,-0.651600633,-0.195569468,0.245383435,0.437337148
1781682680.020160,2026-06-17T15:51:20.020,1781682679.951314,left,base,1,pelvis,1000,0.001,0.0183633,0.392640682,-0.01719,0.808079229,-0.578851923,0.10465949,0.0313815736,0.235525012,0.253886086,0.203966368,-0.439031246,0.218786008,0.232890761,-0.432022993,1,1,4.67236576e-05,0.00052111795,6,0.067259,,0.224876601,0.250434553,0.195003666,-0.42592607,0.211857684,0.225174057,-0.434586727
1781682680.020457,2026-06-17T15:51:20.020,1781682679.934467,right,base,1,pelvis,1000,0.001,-0.0090606,-0.380476168,-0.003129,-0.80696727,-0.578561134,-0.115856648,0.0254573253,0.405640924,-0.199690968,-0.258523077,-0.650945464,-0.197434089,0.244833353,0.438151194,1,1,0.000377597661,0.000785880872,3,0.039058,,0.407698449,-0.197698548,-0.256558803,-0.651666422,-0.195955752,0.245411797,0.43734477
1781682680.037077,2026-06-17T15:51:20.037,1781682679.951314,left,base,1,pelvis,1000,0.001,0.0183633,0.392640682,-0.01719,0.808079229,-0.578851923,0.10465949,0.0313815736,0.232744156,0.253509218,0.202121964,-0.435754405,0.217343903,0.228348275,-0.43307215,1,1,9.42735062e-05,0.000540056131,5,0.080411,,0.224961151,0.250508139,0.195024944,-0.425994877,0.211905808,0.22505002,-0.434658875
1781682680.037346,2026-06-17T15:51:20.037,1781682679.951134,right,base,1,pelvis,1000,0.001,-0.0089646,-0.377514018,-0.003559,-0.805433662,-0.580690302,-0.115807133,0.025770072,0.406356403,-0.198954293,-0.257956299,-0.651149418,-0.196853634,0.245004593,0.437897782,1,1,0.000279083038,0.000506019717,4,0.048566,,0.409541182,-0.192561911,-0.252821288,-0.655860676,-0.192642208,0.244681704,0.432858159
1781682680.053999,2026-06-17T15:51:20.053,1781682679.951314,left,base,1,pelvis,1000,0.001,0.0183633,0.392640682,-0.01719,0.808079229,-0.578851923,0.10465949,0.0313815736,0.230374576,0.252583179,0.199978048,-0.43279427,0.215691543,0.227392252,-0.433528316,1,1,0.000164134162,0.000505994531,4,0.079272,,0.22502208,0.250640665,0.195042439,-0.426043335,0.211903434,0.225098174,-0.434808533
1781682680.054289,2026-06-17T15:51:20.054,1781682679.984468,right,base,1,pelvis,1000,0.001,-0.0092458,-0.370877868,-0.0055,-0.802606767,-0.584588384,-0.115761509,0.0260398253,0.407353501,-0.194816528,-0.254556079,-0.655234458,-0.194418147,0.244869952,0.433635677,1,1,9.15413661e-05,0.000473747669,6,0.066026,,0.408036495,-0.181056579,-0.244227015,-0.654099023,-0.18591683,0.236453888,0.422092307
1781682680.070704,2026-06-17T15:51:20.070,1781682679.967980,left,base,1,pelvis,1000,0.001,0.0182071,0.390834432,-0.017232,0.807039985,-0.580249351,0.104986626,0.031224368,0.22855446,0.251871872,0.198331269,-0.430520538,0.214422336,0.226657914,-0.433878705,1,1,0.000220563598,0.000548171888,4,0.067991,,0.2294061,0.24712089,0.193748859,-0.43350236,0.210758113,0.225339647,-0.432071869
1781682680.071218,2026-06-17T15:51:20.071,1781682679.984468,right,base,1,pelvis,1000,0.001,-0.0092458,-0.370877868,-0.0055,-0.802606767,-0.584588384,-0.115761509,0.0260398253,0.408043453,-0.18326343,-0.245924881,-0.654596491,-0.187653585,0.236642995,0.422857887,1,1,0.000277752782,0.00053545411,3,0.061479,,0.408041383,-0.181463565,-0.243990773,-0.654140724,-0.186285576,0.236405452,0.42209116
1781682680.087455,2026-06-17T15:51:20.087,1781682680.001317,left,base,1,pelvis,1000,0.001,0.01615135,0.386683682,-0.0154065,0.805452222,-0.582435778,0.105100691,0.0311308086,0.22721437,0.251348161,0.1971188,-0.428846466,0.213487862,0.226117245,-0.434136685,1,1,0.000190254682,0.00060435646,5,0.078682,,0.259705736,0.236377112,0.194805868,-0.481438151,0.211551169,0.238571337,-0.422812021
1781682680.087826,2026-06-17T15:51:20.087,1781682680.001136,right,base,1,pelvis,1000,0.001,-0.0099222,-0.367880318,-0.006284,-0.801328109,-0.586361341,-0.11563566,0.0261157755,0.408041256,-0.182566524,-0.245388709,-0.654439394,-0.187105132,0.236583277,0.422616123,1,1,0.000281104142,0.000408822153,4,0.053229,,0.408618358,-0.17630667,-0.240494625,-0.653738417,-0.183097162,0.232282383,0.417640455
1781682680.104414,2026-06-17T15:51:20.104,1781682680.001317,left,base,1,pelvis,1000,0.001,0.01615135,0.386683682,-0.0154065,0.805452222,-0.582435778,0.105100691,0.0311308086,0.232594193,0.250086313,0.196112867,-0.474846848,0.212673027,0.231827723,-0.433010394,1,1,1.15995358e-05,0.000508299625,9,0.085996,,0.260611867,0.236030968,0.194606925,-0.482698788,0.211450251,0.238163732,-0.42271107
1781682680.104736,2026-06-17T15:51:20.104,1781682680.001136,right,base,1,pelvis,1000,0.001,-0.0099222,-0.367880318,-0.006284,-0.801328109,-0.586361341,-0.11563566,0.0261157755,0.408039645,-0.178411334,-0.242113922,-0.654212399,-0.184752915,0.232465124,0.418372366,1,1,0.000315764978,0.000550057283,3,0.035464,,0.408571466,-0.176375093,-0.24023257,-0.653751801,-0.183394645,0.232043148,0.417396275
1781682680.121433,2026-06-17T15:51:20.121,1781682680.001317,left,base,1,pelvis,1000,0.001,0.01615135,0.386683682,-0.0154065,0.805452222,-0.582435778,0.105100691,0.0311308086,0.240816744,0.245928505,0.195716473,-0.476845898,0.212332783,0.233872967,-0.42991737,1,1,5.13700932e-05,0.000612401445,7,0.099658,,0.260549841,0.236057179,0.19462627,-0.482665585,0.211446421,0.23809993,-0.422743042
1781682680.121784,2026-06-17T15:51:20.121,1781682680.067808,right,base,1,pelvis,1000,0.001,-0.0113687,-0.359498968,-0.007553,-0.796344844,-0.593573616,-0.113369205,0.0255474877,0.408221976,-0.177748231,-0.241603741,-0.654063065,-0.184231247,0.232407549,0.418141768,1,1,4.13147545e-05,0.000559132022,7,0.083807,,0.415878894,-0.160492704,-0.228499616,-0.664970686,-0.1717495,0.226045273,0.39902077
1781682680.138335,2026-06-17T15:51:20.138,1781682680.051363,left,base,1,pelvis,1000,0.001,0.01506335,0.384002732,-0.0150205,0.803692649,-0.584994849,0.104450501,0.0308098258,0.246845464,0.242914152,0.195378553,-0.47862843,0.212064003,0.235179744,-0.427722649,1,1,0.000113342423,0.00060611416,6,0.065148,,0.272356976,0.230093609,0.192761796,-0.50109911,0.209386543,0.241250117,-0.4162948
1781682680.138623,2026-06-17T15:51:20.138,1781682680.067808,right,base,1,pelvis,1000,0.001,-0.0113687,-0.359498968,-0.007553,-0.796344844,-0.593573616,-0.113369205,0.0255474877,0.413939859,-0.162506514,-0.230048907,-0.664411229,-0.173333114,0.226223068,0.399729021,1,1,0.000298080374,0.000587652373,3,0.037062,,0.415617536,-0.160883619,-0.228324914,-0.66496357,-0.171964106,0.226041622,0.39895898
1781682680.155248,2026-06-17T15:51:20.155,1781682680.084655,left,base,1,pelvis,1000,0.001,0.0151715,0.379756582,-0.016301,0.800130167,-0.590249869,0.102571358,0.0295960275,0.251418951,0.240627414,0.195122202,-0.495210847,0.211860102,0.236171087,-0.425220471,1,1,2.66463007e-05,0.000622780887,8,0.168128,,0.272650567,0.221961241,0.185396655,-0.503761024,0.202028296,0.236346136,-0.404550052
1781682680.155921,2026-06-17T15:51:20.155,1781682680.067808,right,base,1,pelvis,1000,0.001,-0.0113687,-0.359498968,-0.007553,-0.796344844,-0.593573616,-0.113369205,0.0255474877,0.414548395,-0.161874511,-0.229562686,-0.664586806,-0.172836122,0.22616727,0.399506748,1,1,0.000206391017,0.000424251043,3,0.095657,,0.415710234,-0.160760571,-0.228306056,-0.664991524,-0.171819004,0.226036044,0.398942364
1781682680.172227,2026-06-17T15:51:20.172,1781682680.084655,left,base,1,pelvis,1000,0.001,0.0151715,0.379756582,-0.016301,0.800130167,-0.590249869,0.102571358,0.0295960275,0.257798364,0.237417967,0.194403032,-0.49811431,0.211106456,0.23771857,-0.413166572,1,1,5.36214545e-05,0.00062701269,7,0.126459,,0.272750903,0.222185297,0.184524589,-0.503947707,0.203062702,0.23646615,-0.40404287
1781682680.172638,2026-06-17T15:51:20.172,1781682680.101143,right,base,1,pelvis,1000,0.001,-0.0103038,-0.351527868,-0.0089475,-0.792565669,-0.599190099,-0.1104508,0.0247286415,0.415016253,-0.161388611,-0.229188867,-0.664721794,-0.172454021,0.226124371,0.399335858,1,1,9.04121525e-05,0.00060298361,6,0.080749,,0.416737446,-0.145452628,-0.21784907,-0.67413836,-0.16133229,0.226232409,0.378114976
1781682680.188823,2026-06-17T15:51:20.188,1781682680.084655,left,base,1,pelvis,1000,0.001,0.0151715,0.379756582,-0.016301,0.800130167,-0.590249869,0.102571358,0.0295960275,0.262319705,0.232712596,0.191661291,-0.499833295,0.208342862,0.23730077,-0.410543512,1,1,9.29903524e-05,0.000577741964,6,0.063364,,0.272654867,0.222177671,0.184783735,-0.503908024,0.202740713,0.236568556,-0.404161889
1781682680.189081,2026-06-17T15:51:20.189,1781682680.117808,right,base,1,pelvis,1000,0.001,-0.008863,-0.345597468,-0.010133,-0.790756527,-0.60199258,-0.108205412,0.0245079062,0.415339804,-0.147334914,-0.219296657,-0.673612634,-0.162811683,0.226094704,0.37878576,1,1,0.000191982453,0.000517946079,5,0.053231,,0.414465736,-0.134301333,-0.210876952,-0.678228945,-0.155038637,0.228394145,0.362345713
1781682680.205777,2026-06-17T15:51:20.205,1781682680.101348,left,base,1,pelvis,1000,0.001,0.0155799,0.378083182,-0.01742,0.799385403,-0.591399326,0.101947528,0.0289225951,0.265434038,0.229569571,0.18953056,-0.501061692,0.20676642,0.237051586,-0.408602683,1,1,7.91856237e-05,0.000467223649,6,0.126135,,0.266939904,0.219212667,0.182080844,-0.495669024,0.200258356,0.231493952,-0.399657306
1781682680.206542,2026-06-17T15:51:20.206,1781682680.117808,right,base,1,pelvis,1000,0.001,-0.008863,-0.345597468,-0.010133,-0.790756527,-0.60199258,-0.108205412,0.0245079062,0.415769648,-0.136146956,-0.212295461,-0.677712923,-0.156487857,0.227982531,0.363009919,1,1,0.000269910502,0.000423041431,3,0.081047,,0.414660235,-0.134441478,-0.210549773,-0.678255678,-0.155295807,0.228442966,0.361941204
1781682680.222786,2026-06-17T15:51:20.222,1781682680.101348,left,base,1,pelvis,1000,0.001,0.0155799,0.378083182,-0.01742,0.799385403,-0.591399326,0.101947528,0.0289225951,0.267902188,0.227078682,0.187841929,-0.50152563,0.205517069,0.233362367,-0.407064551,1,1,0.00014964422,0.000522518522,5,0.079597,,0.266982765,0.219363591,0.18196475,-0.495773788,0.200424673,0.231492591,-0.399734762
1781682680.223053,2026-06-17T15:51:20.223,1781682680.117808,right,base,1,pelvis,1000,0.001,-0.008863,-0.345597468,-0.010133,-0.790756527,-0.60199258,-0.108205412,0.0245079062,0.415345581,-0.13554671,-0.211834124,-0.677880747,-0.156016532,0.228116398,0.362793902,1,1,0.000478067395,0.000754573793,2,0.027171,,0.414802251,-0.134664626,-0.210927699,-0.678167689,-0.15537737,0.22836779,0.362181706
1781682683.906247,2026-06-17T15:51:23.906,1781682683.834758,right,base,1,pelvis,1000,0.001,-0.00768,-0.270748118,-0.05335,0.707388045,0.706824957,0.000562863772,0.000563312174,0.415048468,-0.135126161,-0.211510898,-0.677998329,-0.155686309,0.22821019,0.362642554,1,1,3.69313508e-05,0.000528567119,28,0.364751,,0.0133033903,0.000396255197,-0.0363462775,-0.0242095497,0.0359539062,0.0106913594,0.000766658918
1781682683.922845,2026-06-17T15:51:23.922,1781682683.851433,left,base,1,pelvis,1000,0.001,-0.00768,0.270851882,-0.05335,0.707388045,-0.706824957,-0.000562863772,0.000563312174,0.267610143,0.224691411,0.186093487,-0.499748198,0.203921093,0.232795319,-0.404816513,1,1,3.52364798e-05,0.000520837872,29,0.291597,,0.0129791309,0.0001178291,-0.00296554205,-0.0236112808,0.00337951388,0.010452388,-0.00030580532
1781682683.923500,2026-06-17T15:51:23.923,1781682683.834758,right,base,1,pelvis,1000,0.001,-0.00768,-0.270748118,-0.05335,0.707388045,0.706824957,0.000562863772,0.000563312174,0.415048468,-0.135126161,-0.211510898,-0.677998329,-0.155686309,0.22821019,0.362642554,1,1,3.69313508e-05,0.000528567119,28,0.304353,,0.0133033903,0.000396255197,-0.0363462775,-0.0242095497,0.0359539062,0.0106913594,0.000766658918
1781682683.939597,2026-06-17T15:51:23.939,1781682683.851433,left,base,1,pelvis,1000,0.001,-0.00768,0.270851882,-0.05335,0.707388045,-0.706824957,-0.000562863772,0.000563312174,0.267610143,0.224691411,0.186093487,-0.499748198,0.203921093,0.232795319,-0.404816513,1,1,3.52364798e-05,0.000520837872,29,0.278209,,0.0129791309,0.0001178291,-0.00296554205,-0.0236112808,0.00337951388,0.010452388,-0.00030580532
1781682683.940093,2026-06-17T15:51:23.940,1781682683.868093,right,base,1,pelvis,1000,0.001,-0.00714185,-0.270274618,-0.0533915,0.708231174,0.705978475,0.000678270572,0.00159311762,0.415041611,-0.135123848,-0.211507909,-0.677987172,-0.155683038,0.228206478,0.362636378,1,1,4.64498211e-05,0.000526213096,28,0.273714,,0.00856163039,0.00144658448,-0.0376053741,-0.0166338375,0.0348363229,0.00624110902,-0.00184352209
1781682683.956345,2026-06-17T15:51:23.956,1781682683.851433,left,base,1,pelvis,1000,0.001,-0.00768,0.270851882,-0.05335,0.707388045,-0.706824957,-0.000562863772,0.000563312174,0.267602825,0.224684956,0.186088053,-0.499734513,0.203915329,0.232788928,-0.404804887,1,1,3.52361791e-05,0.000520825314,29,0.205223,,0.0129790637,0.000117827411,-0.0029656078,-0.0236111625,0.00337957302,0.0104523464,-0.000305794438
1781682683.956733,2026-06-17T15:51:23.956,1781682683.868093,right,base,1,pelvis,1000,0.001,-0.00714185,-0.270274618,-0.0533915,0.708231174,0.705978475,0.000678270572,0.00159311762,0.414952418,-0.13509376,-0.21146902,-0.67784202,-0.155640491,0.228158185,0.362556036,1,1,4.64475554e-05,0.00052612244,28,0.21465,,0.00856091787,0.00144657395,-0.0376050708,-0.0166325678,0.0348360576,0.0062406221,-0.00184362733
1781682683.973370,2026-06-17T15:51:23.973,1781682683.851433,left,base,1,pelvis,1000,0.001,-0.00768,0.270851882,-0.05335,0.707388045,-0.706824957,-0.000562863772,0.000563312174,0.267501958,0.224595996,0.186013161,-0.499545901,0.203835888,0.232700851,-0.404644648,1,1,3.52320338e-05,0.000520652229,29,0.234258,,0.0129781378,0.000117804141,-0.00296651416,-0.0236095328,0.0033803883,0.0104517736,-0.000305644463
1781682683.973807,2026-06-17T15:51:23.973,1781682683.901454,right,base,1,pelvis,1000,0.001,-0.0067955,-0.269508418,-0.0526945,0.709210571,0.704988066,0.000985862464,0.00334987646,0.414667372,-0.13499799,-0.21134707,-0.677378244,-0.155506889,0.228002531,0.362300443,1,1,4.62938557e-06,0.000523873721,28,0.226409,,0.0557090225,0.00527631258,-0.0395852343,-0.102581138,0.0343019022,0.0420462948,-0.00449124007
1781682683.990085,2026-06-17T15:51:23.990,1781682683.851433,left,base,1,pelvis,1000,0.001,-0.00768,0.270851882,-0.05335,0.707388045,-0.706824957,-0.000562863772,0.000563312174,0.267091353,0.224233861,0.185708294,-0.498778108,0.203512505,0.232342313,-0.403992355,1,1,3.52151441e-05,0.000519947411,29,0.19708,,0.0129743656,0.000117709454,-0.00297020745,-0.0236028932,0.00338371011,0.010449439,-0.000305034084
1781682683.990494,2026-06-17T15:51:23.990,1781682683.901454,right,base,1,pelvis,1000,0.001,-0.0067955,-0.269508418,-0.0526945,0.709210571,0.704988066,0.000985862464,0.00334987646,0.413922959,-0.13474788,-0.211028593,-0.676167065,-0.15515798,0.227596031,0.361632949,1,1,4.62035306e-06,0.000523127491,28,0.220271,,0.055708355,0.00527624745,-0.0395817991,-0.102580169,0.0342987822,0.0420465715,-0.00449209195
1781682684.007004,2026-06-17T15:51:24.007,1781682683.918136,left,base,1,pelvis,1000,0.001,-0.0082659,0.268406832,-0.0526515,-0.710225994,0.703969036,0.00245303107,0.000785639878,0.266108081,0.223366657,0.184978232,-0.496939478,0.202738103,0.231483723,-0.402430314,1,1,4.34668916e-06,0.000515384553,29,0.310126,,0.0570235467,-0.00570803966,0.00178540792,-0.102364607,0.00635418176,0.045863845,0.010206167
1781682684.007617,2026-06-17T15:51:24.007,1781682683.901454,right,base,1,pelvis,1000,0.001,-0.0067955,-0.269508418,-0.0526945,0.709210571,0.704988066,0.000985862464,0.00334987646,0.412707987,-0.134272953,-0.2104471,-0.674221605,-0.15451538,0.226966692,0.360391147,1,1,4.60463858e-06,0.000521711561,28,0.285825,,0.0557071633,0.00527621131,-0.0395769046,-0.102578456,0.0342945282,0.0420471074,-0.00449359563
1781682684.023722,2026-06-17T15:51:24.023,1781682683.918136,left,base,1,pelvis,1000,0.001,-0.0082659,0.268406832,-0.0526515,-0.710225994,0.703969036,0.00245303107,0.000785639878,0.264210973,0.221693489,0.183569663,-0.493392057,0.201243983,0.229827174,-0.399416539,1,1,4.31183872e-06,0.000512078769,29,0.324655,,0.0570207197,-0.00570736459,0.00176299051,-0.102360583,0.00637490381,0.0458650956,0.0102098102
1781682684.024287,2026-06-17T15:51:24.024,1781682683.901454,right,base,1,pelvis,1000,0.001,-0.0067955,-0.269508418,-0.0526945,0.709210571,0.704988066,0.000985862464,0.00334987646,0.410597212,-0.13344786,-0.20943687,-0.67084175,-0.153398987,0.225873341,0.35823376,1,1,4.57731329e-06,0.000519246821,28,0.296958,,0.0557050944,0.00527613692,-0.0395681995,-0.102575481,0.0342869483,0.0420480337,-0.00449621469
1781682684.040444,2026-06-17T15:51:24.040,1781682683.951445,left,base,1,pelvis,1000,0.001,-0.0091249,0.267240982,-0.0517315,-0.710985028,0.703197466,0.00364636209,0.000564210858,0.262290042,0.219585144,0.181884257,-0.48976666,0.19943707,0.228121565,-0.395618737,1,1,1.60703879e-06,0.000508431787,29,0.288595,,0.086960995,-0.00844328512,0.00331534572,-0.154987703,0.006616701,0.0705034155,0.0142834743
1781682684.041080,2026-06-17T15:51:24.041,1781682683.901454,right,base,1,pelvis,1000,0.001,-0.0067955,-0.269508418,-0.0526945,0.709210571,0.704988066,0.000985862464,0.00334987646,0.407495891,-0.132235568,-0.207952559,-0.665875796,-0.151758694,0.2242669,0.355063955,1,1,4.53710998e-06,0.00051561421,28,0.313276,,0.0557020583,0.00527600167,-0.039554958,-0.102571109,0.0342753883,0.0420493832,-0.00450007774
1781682684.057238,2026-06-17T15:51:24.057,1781682684.001483,left,base,1,pelvis,1000,0.001,-0.0108932,0.266206332,-0.0498705,0.712183619,-0.701963808,-0.00634963665,0.000993759787,0.259445764,0.216463366,0.179388714,-0.484398618,0.196761614,0.225596108,-0.389995418,1,1,9.38141537e-07,0.000503614057,29,0.335603,,0.127971157,-0.0112768677,0.00575202488,-0.226538602,0.00705668898,0.106986041,0.0185237192
1781682684.057811,2026-06-17T15:51:24.057,1781682683.968119,right,base,1,pelvis,1000,0.001,-0.00669445,-0.268495618,-0.0524075,0.710628864,0.703540499,0.000837984859,0.00605647709,0.403128954,-0.130528552,-0.205862516,-0.658883288,-0.149449014,0.222004889,0.350600585,1,1,2.98011759e-06,0.000507915097,28,0.263731,,0.0675271756,0.00879210891,-0.0419703341,-0.122830565,0.0329705027,0.0467931165,-0.0111630528
1781682684.074032,2026-06-17T15:51:24.074,1781682684.001483,left,base,1,pelvis,1000,0.001,-0.0108932,0.266206332,-0.0498705,0.712183619,-0.701963808,-0.00634963665,0.000993759787,0.256594631,0.212745711,0.176478263,-0.478953533,0.193618563,0.223032462,-0.383312782,1,1,9.11089399e-07,0.000496066314,29,0.315201,,0.127968556,-0.0112709967,0.00569481236,-0.226536248,0.00711034581,0.106991569,0.0185350325
1781682684.074640,2026-06-17T15:51:24.074,1781682683.968119,right,base,1,pelvis,1000,0.001,-0.00669445,-0.268495618,-0.0524075,0.710628864,0.703540499,0.000837984859,0.00605647709,0.397367649,-0.128276484,-0.203105121,-0.649658065,-0.146401852,0.219020615,0.344712056,1,1,2.92361864e-06,0.000501079809,28,0.331431,,0.0675229224,0.00879094539,-0.0419357323,-0.122824875,0.0329391644,0.0467966758,-0.0111709241
1781682684.090653,2026-06-17T15:51:24.090,1781682684.001483,left,base,1,pelvis,1000,0.001,-0.0108932,0.266206332,-0.0498705,0.712183619,-0.701963808,-0.00634963665,0.000993759787,0.253974998,0.208183115,0.173001136,-0.473812678,0.189818917,0.220668982,-0.375128707,1,1,1.02822167e-06,0.000528741643,28,0.286156,,0.127974064,-0.0112619255,0.00566084208,-0.226542371,0.00717232773,0.106983301,0.0185200422
1781682684.091142,2026-06-17T15:51:24.091,1781682683.968119,right,base,1,pelvis,1000,0.001,-0.00669445,-0.268495618,-0.0524075,0.710628864,0.703540499,0.000837984859,0.00605647709,0.391721426,-0.125930139,-0.200346809,-0.640639811,-0.143331348,0.216072417,0.338620171,1,1,3.2364537e-06,0.000536687951,27,0.242788,,0.0675387241,0.00878547509,-0.0419289206,-0.122849096,0.0329038036,0.0467947711,-0.0111474399
1781682684.107557,2026-06-17T15:51:24.107,1781682684.001483,left,base,1,pelvis,1000,0.001,-0.0108932,0.266206332,-0.0498705,0.712183619,-0.701963808,-0.00634963665,0.000993759787,0.250726371,0.202525006,0.168689126,-0.467437468,0.185106948,0.217738013,-0.364979575,1,1,9.81562968e-07,0.000516037486,28,0.188919,,0.12796977,-0.0112558902,0.00559591924,-0.226538495,0.007230453,0.106992395,0.0185354284
1781682684.107910,2026-06-17T15:51:24.107,1781682683.968119,right,base,1,pelvis,1000,0.001,-0.00669445,-0.268495618,-0.0524075,0.710628864,0.703540499,0.000837984859,0.00605647709,0.384913984,-0.123101236,-0.197021215,-0.629766835,-0.139629356,0.212517885,0.331275411,1,1,3.15834903e-06,0.000527446991,27,0.167926,,0.0675330746,0.00878422296,-0.0418867078,-0.122841458,0.0328662084,0.0467992037,-0.0111578555
1781682684.124461,2026-06-17T15:51:24.124,1781682684.001483,left,base,1,pelvis,1000,0.001,-0.0108932,0.266206332,-0.0498705,0.712183619,-0.701963808,-0.00634963665,0.000993759787,0.24672263,0.195551718,0.163374825,-0.459580393,0.179299722,0.214125765,-0.352471364,1,1,9.25495288e-07,0.000500327767,28,0.210949,,0.127964589,-0.0112489916,0.00552025612,-0.226533811,0.00729740279,0.107003339,0.0185538803
1781682684.124840,2026-06-17T15:51:24.124,1781682683.968119,right,base,1,pelvis,1000,0.001,-0.00669445,-0.268495618,-0.0524075,0.710628864,0.703540499,0.000837984859,0.00605647709,0.376643279,-0.11966426,-0.192980782,-0.616556707,-0.135131619,0.208199304,0.322351891,1,1,3.06363652e-06,0.000516119037,27,0.174983,,0.0675262652,0.00878258023,-0.0418336583,-0.122832219,0.0328190165,0.0468044864,-0.0111705615
1781682684.141335,2026-06-17T15:51:24.141,1781682684.001483,left,base,1,pelvis,1000,0.001,-0.0108932,0.266206332,-0.0498705,0.712183619,-0.701963808,-0.00634963665,0.000993759787,0.242002671,0.187330999,0.157109866,-0.45031779,0.172453659,0.209867332,-0.337725596,1,1,1.00924722e-06,0.000523388196,27,0.187037,,0.127966777,-0.0112378836,0.00545745276,-0.226537003,0.00738265944,0.107002235,0.018548402
1781682684.141669,2026-06-17T15:51:24.141,1781682684.068135,right,base,1,pelvis,1000,0.001,-0.00662535,-0.267579268,-0.0527785,0.712902327,0.701202153,-0.000417093586,0.00925413329,0.36690662,-0.115618091,-0.188224196,-0.601005129,-0.129836673,0.203115269,0.311846708,1,1,5.92521449e-06,0.000498740125,27,0.170817,,0.0539782367,0.0116396838,-0.0452296066,-0.0970737235,0.0298473062,0.0317143952,-0.021182852
1781682684.158072,2026-06-17T15:51:24.158,1781682684.068358,left,base,1,pelvis,1000,0.001,-0.01251005,0.265375882,-0.049403,0.713322801,-0.70077757,-0.00862473233,0.0026442919,0.236624524,0.177963919,0.149971272,-0.439763538,0.164652928,0.205015071,-0.320923564,1,1,9.24843714e-07,0.000499521322,27,0.269715,,0.136764989,-0.0132722433,0.00711683616,-0.239631738,0.00876353257,0.116771174,0.0214082744
1781682684.158685,2026-06-17T15:51:24.158,1781682684.068135,right,base,1,pelvis,1000,0.001,-0.00662535,-0.267579268,-0.0527785,0.712902327,0.701202153,-0.000417093586,0.00925413329,0.355531457,-0.110891026,-0.182667163,-0.582836501,-0.123650683,0.197175683,0.299573692,1,1,6.30573797e-06,0.000524359858,26,0.286271,,0.0539976394,0.011633303,-0.045169406,-0.0971075595,0.0297649035,0.0317255907,-0.0211680038
1781682684.174888,2026-06-17T15:51:24.174,1781682684.101478,left,base,1,pelvis,1000,0.001,-0.0131666,0.264792782,-0.049478,0.713639798,-0.700443197,-0.00928687792,0.00336444451,0.230650082,0.167558278,0.142041196,-0.428039098,0.155987301,0.199624822,-0.302258631,1,1,1.0124736e-06,0.000513993533,26,0.304034,,0.135688658,-0.014362468,0.00741170007,-0.236328768,0.00932286165,0.116464586,0.0224310897
1781682684.175568,2026-06-17T15:51:24.175,1781682684.068135,right,base,1,pelvis,1000,0.001,-0.00662535,-0.267579268,-0.0527785,0.712902327,0.701202153,-0.000417093586,0.00925413329,0.345588985,-0.106851082,-0.178135727,-0.56682048,-0.118589721,0.19172028,0.28899807,1,1,6.11091072e-06,0.000509889369,26,0.294574,,0.0539840402,0.0116307886,-0.0450797582,-0.097086319,0.0296830522,0.0317269127,-0.0211848543
1781682684.191498,2026-06-17T15:51:24.191,1781682684.101478,left,base,1,pelvis,1000,0.001,-0.0131666,0.264792782,-0.049478,0.713639798,-0.700443197,-0.00928687792,0.00336444451,0.225869916,0.158351278,0.135171512,-0.418446323,0.148491392,0.195406322,-0.285779105,1,1,1.08255023e-06,0.000531406276,25,0.239862,,0.135689523,-0.014351396,0.0073456188,-0.236330752,0.00940719463,0.116466284,0.0224295927
1781682684.191994,2026-06-17T15:51:24.191,1781682684.068135,right,base,1,pelvis,1000,0.001,-0.00662535,-0.267579268,-0.0527785,0.712902327,0.701202153,-0.000417093586,0.00925413329,0.334332749,-0.102277313,-0.173005523,-0.548688157,-0.112860021,0.18554402,0.277025022,1,1,6.4948851e-06,0.000535807029,25,0.256046,,0.0540034956,0.0116238268,-0.0450065315,-0.097120222,0.0295869674,0.031738194,-0.0211712175
1781682684.208291,2026-06-17T15:51:24.208,1781682684.101478,left,base,1,pelvis,1000,0.001,-0.0131666,0.264792782,-0.049478,0.713639798,-0.700443197,-0.00928687792,0.00336444451,0.22081348,0.148667271,0.128008058,-0.408235047,0.140688254,0.190980083,-0.268497853,1,1,9.78430577e-07,0.000503155597,25,0.249268,,0.135681175,-0.014344353,0.0072575013,-0.23632274,0.00947714733,0.116482582,0.0224570986
1781682684.208788,2026-06-17T15:51:24.208,1781682684.134800,right,base,1,pelvis,1000,0.001,-0.00693605,-0.266603368,-0.0532825,0.715616533,0.698383183,-0.00261093007,0.0121280789,0.322372736,-0.0974175777,-0.167554561,-0.529422141,-0.10677208,0.178981599,0.264303378,1,1,2.75262448e-05,0.000511509148,25,0.256725,,0.0235878876,0.0138730193,-0.0490391519,-0.0400986141,0.0256576381,0.0039331098,-0.0326609784
1781682684.225013,2026-06-17T15:51:24.225,1781682684.101478,left,base,1,pelvis,1000,0.001,-0.0131666,0.264792782,-0.049478,0.713639798,-0.700443197,-0.00928687792,0.00336444451,0.215338904,0.138182447,0.120252224,-0.397179352,0.132239839,0.186187817,-0.249787533,1,1,1.02229042e-06,0.000513230607,24,0.263929,,0.135680079,-0.0143346415,0.00719315352,-0.236322821,0.0095541051,0.116487984,0.0224598974
1781682684.225615,2026-06-17T15:51:24.225,1781682684.134800,right,base,1,pelvis,1000,0.001,-0.00693605,-0.266603368,-0.0532825,0.715616533,0.698383183,-0.00261093007,0.0121280789,0.309182557,-0.0920579864,-0.161542933,-0.508174488,-0.100057955,0.17174419,0.25027323,1,1,2.82433295e-05,0.000531857601,24,0.278443,,0.0236668741,0.0138713386,-0.0489427775,-0.0402428069,0.0255442555,0.00399786188,-0.0326464413
1781682684.241711,2026-06-17T15:51:24.241,1781682684.151474,left,base,1,pelvis,1000,0.001,-0.0138177,0.264313032,-0.049488,0.713913947,-0.700149125,-0.010026625,0.00418879902,0.20957539,0.127144256,0.112087053,-0.38554016,0.123345533,0.181142625,-0.230089719,1,1,1.07989368e-06,0.000518653986,23,0.230191,,0.13562061,-0.0152291781,0.00747875042,-0.235014678,0.0100174796,0.11742351,0.023248946
1781682684.242261,2026-06-17T15:51:24.242,1781682684.134800,right,base,1,pelvis,1000,0.001,-0.00693605,-0.266603368,-0.0532825,0.715616533,0.698383183,-0.00261093007,0.0121280789,0.296384056,-0.0873108457,-0.156501243,-0.487198363,-0.0944241979,0.164223985,0.237593954,1,1,2.76192669e-05,0.000511577742,24,0.251823,,0.0235875517,0.0138684161,-0.0487970326,-0.0401023564,0.0254092436,0.00394747006,-0.0326691665
1781682684.258494,2026-06-17T15:51:24.258,1781682684.151474,left,base,1,pelvis,1000,0.001,-0.0138177,0.264313032,-0.049488,0.713913947,-0.700149125,-0.010026625,0.00418879902,0.203647426,0.115791111,0.103688905,-0.373568867,0.114197446,0.175953479,-0.209829867,1,1,1.10023279e-06,0.000520146524,22,0.206674,,0.135617794,-0.0152231661,0.00743271829,-0.235012984,0.0100687529,0.117431828,0.0232546884
1781682684.258926,2026-06-17T15:51:24.258,1781682684.134800,right,base,1,pelvis,1000,0.001,-0.00693605,-0.266603368,-0.0532825,0.715616533,0.698383183,-0.00261093007,0.0121280789,0.282959978,-0.0823316699,-0.151213121,-0.465196948,-0.0885150683,0.156336202,0.224294928,1,1,2.82885525e-05,0.000532114257,23,0.21813,,0.0236612606,0.0138662146,-0.048679157,-0.0402367806,0.0252735235,0.00400755567,-0.0326563596
1781682684.275365,2026-06-17T15:51:24.275,1781682684.234812,left,base,1,pelvis,1000,0.001,-0.01511365,0.263425932,-0.0491855,0.714254328,-0.699773091,-0.0112943835,0.00555098586,0.197766959,0.104465275,0.0953721745,-0.361591775,0.105191778,0.17089395,-0.189681748,1,1,1.107362e-06,0.00051834451,21,0.241267,,0.14139601,-0.0169551327,0.00781230009,-0.242823162,0.0104908417,0.123133593,0.0248405638
1781682684.275963,2026-06-17T15:51:24.275,1781682684.201472,right,base,1,pelvis,1000,0.001,-0.00734305,-0.266004418,-0.053405,0.718023617,0.695866454,-0.00491116144,0.0137056142,0.268810342,-0.0770833745,-0.145639181,-0.442006377,-0.082286556,0.148022091,0.210277103,1,1,8.61077451e-05,0.000504457552,23,0.267947,,0.00200946656,0.0152282483,-0.0523549771,0.000174891511,0.0217668931,-0.014006457,-0.0409887146
1781682684.291995,2026-06-17T15:51:24.291,1781682684.234812,left,base,1,pelvis,1000,0.001,-0.01511365,0.263425932,-0.0491855,0.714254328,-0.699773091,-0.0112943835,0.00555098586,0.19178002,0.0929343749,0.0869048626,-0.349397828,0.0960230545,0.165742815,-0.16916883,1,1,1.10140048e-06,0.0005108526,20,0.18446,,0.141391903,-0.0169490929,0.00775775201,-0.242819885,0.0105430105,0.123143485,0.0248523682
1781682684.292347,2026-06-17T15:51:24.292,1781682684.201472,right,base,1,pelvis,1000,0.001,-0.00734305,-0.266004418,-0.053405,0.718023617,0.695866454,-0.00491116144,0.0137056142,0.253719086,-0.0714858192,-0.13969431,-0.417272537,-0.075643553,0.139154698,0.19532643,1,1,8.60812389e-05,0.000517883222,22,0.159365,,0.00222874505,0.0152373512,-0.052221283,-0.000226910613,0.0216239815,-0.0138225371,-0.0409748967
1781682684.308743,2026-06-17T15:51:24.308,1781682684.234812,left,base,1,pelvis,1000,0.001,-0.01511365,0.263425932,-0.0491855,0.714254328,-0.699773091,-0.0112943835,0.00555098586,0.186500896,0.0814203983,0.0786177209,-0.338231173,0.0870611807,0.161278316,-0.14884096,1,1,1.08175698e-06,0.0004988034,19,0.145096,,0.141386754,-0.0169446557,0.00771045104,-0.242815575,0.0105839812,0.123155286,0.0248657323
1781682684.309273,2026-06-17T15:51:24.309,1781682684.201472,right,base,1,pelvis,1000,0.001,-0.00734305,-0.266004418,-0.053405,0.718023617,0.695866454,-0.00491116144,0.0137056142,0.239423497,-0.0665609832,-0.134733963,-0.393564041,-0.0701112272,0.130456069,0.181905155,1,1,8.60688099e-05,0.000534376345,21,0.218356,,0.00246042591,0.0152466929,-0.0520744579,-0.000650905704,0.0214651723,-0.0136299607,-0.0409596931
1781682684.325608,2026-06-17T15:51:24.325,1781682684.234812,left,base,1,pelvis,1000,0.001,-0.01511365,0.263425932,-0.0491855,0.714254328,-0.699773091,-0.0112943835,0.00555098586,0.18125275,0.0699739839,0.0703792069,-0.327130042,0.0781518938,0.156840015,-0.12863237,1,1,1.24125532e-06,0.000522462738,17,0.132056,,0.141388222,-0.0169387563,0.00769236699,-0.24281931,0.0106249406,0.123158981,0.0248557354
1781682684.325938,2026-06-17T15:51:24.325,1781682684.268143,right,base,1,pelvis,1000,0.001,-0.007911,-0.265155868,-0.0532165,0.719188002,0.694643539,-0.00628523945,0.0141232796,0.224147922,-0.0612985412,-0.129433575,-0.368230286,-0.064199651,0.121161133,0.167563828,1,1,3.08452054e-05,0.00050083919,21,0.132111,,0.0237055131,0.0185672033,-0.0536182454,-0.038211929,0.0200482919,0.00380567279,-0.045346054
1781682684.342426,2026-06-17T15:51:24.342,1781682684.268404,left,base,1,pelvis,1000,0.001,-0.0167648,0.262285882,-0.0485625,0.714453332,-0.699533674,-0.0127343872,0.00684908884,0.176148036,0.058840402,0.0623658529,-0.316332307,0.0694860992,0.152523012,-0.108976086,1,1,1.15950948e-06,0.000499372881,16,0.1167,,0.152678377,-0.0192907981,0.00786029424,-0.259502277,0.0106717714,0.132365912,0.0273643588
1781682684.342776,2026-06-17T15:51:24.342,1781682684.268143,right,base,1,pelvis,1000,0.001,-0.007911,-0.265155868,-0.0532165,0.719188002,0.694643539,-0.00628523945,0.0141232796,0.208985521,-0.0560632007,-0.124142569,-0.343089554,-0.0583405727,0.111942044,0.153301783,1,1,3.11797961e-05,0.000510603025,20,0.127808,,0.0237427217,0.0185643175,-0.0534583776,-0.0382808492,0.0198793061,0.00383981382,-0.0453418542
1781682684.359364,2026-06-17T15:51:24.359,1781682684.268404,left,base,1,pelvis,1000,0.001,-0.0167648,0.262285882,-0.0485625,0.714453332,-0.699533674,-0.0127343872,0.00684908884,0.171268913,0.0481988427,0.0547066304,-0.306011753,0.0612032693,0.14839679,-0.0901884643,1,1,1.30975325e-06,0.000509936372,14,0.118315,,0.15267921,-0.0192879207,0.00785077289,-0.259504563,0.0106921356,0.132368341,0.0273610441
1781682684.359728,2026-06-17T15:51:24.359,1781682684.268143,right,base,1,pelvis,1000,0.001,-0.007911,-0.265155868,-0.0532165,0.719188002,0.694643539,-0.00628523945,0.0141232796,0.19507452,-0.0504598782,-0.118847535,-0.320199049,-0.0524550613,0.103823062,0.138387112,1,1,3.14487262e-05,0.000516785324,19,0.148216,,0.0237697986,0.0185621469,-0.0533222765,-0.0383319006,0.019736135,0.00386750671,-0.045340877
1781682684.376267,2026-06-17T15:51:24.376,1781682684.268404,left,base,1,pelvis,1000,0.001,-0.0167648,0.262285882,-0.0485625,0.714453332,-0.699533674,-0.0127343872,0.00684908884,0.168378863,0.0377070303,0.0474239872,-0.298781478,0.0533477378,0.14590466,-0.0719139238,1,1,2.39871024e-06,0.000618138161,12,0.112588,,0.152696134,-0.019275081,0.00787905402,-0.259529601,0.0107585799,0.13235914,0.0272996188
1781682684.377065,2026-06-17T15:51:24.377,1781682684.268143,right,base,1,pelvis,1000,0.001,-0.007911,-0.265155868,-0.0532165,0.719188002,0.694643539,-0.00628523945,0.0141232796,0.18101718,-0.0447976107,-0.113496799,-0.297067744,-0.0465076365,0.0956186701,0.123315544,1,1,3.16006225e-05,0.000519188964,18,0.182964,,0.0237818398,0.0185602241,-0.0532034826,-0.0383559151,0.0196129174,0.00388414909,-0.0453428695
1781682684.392936,2026-06-17T15:51:24.392,1781682684.318200,left,base,1,pelvis,1000,0.001,-0.0181281,0.260708132,-0.0478495,0.714255048,-0.699704218,-0.0138950269,0.00778855785,0.165661703,0.0278428642,0.0405770099,-0.291983735,0.0459621437,0.143561615,-0.0547326119,1,1,1.85810714e-06,0.000522822768,12,0.086922,,0.164424096,-0.0224488422,0.00732266458,-0.277556525,0.0101427596,0.141594489,0.0307795612
1781682684.393294,2026-06-17T15:51:24.393,1781682684.268143,right,base,1,pelvis,1000,0.001,-0.007911,-0.265155868,-0.0532165,0.719188002,0.694643539,-0.00628523945,0.0141232796,0.166721522,-0.0390393492,-0.10805535,-0.273544287,-0.0404593833,0.087275187,0.107988464,1,1,3.15962296e-05,0.000516697837,17,0.115383,,0.0237740845,0.0185585216,-0.0531028527,-0.038344251,0.0195113127,0.00388601666,-0.0453487609
1781682684.409971,2026-06-17T15:51:24.409,1781682684.351706,left,base,1,pelvis,1000,0.001,-0.01966805,0.257321532,-0.0461285,0.713111247,-0.700850117,-0.0147319985,0.00802687405,0.163310425,0.0193069665,0.0346520187,-0.286101349,0.0395710637,0.141534075,-0.0398648654,1,1,3.4083473e-06,0.000605589829,11,0.114495,,0.189476325,-0.0291742292,0.00499610433,-0.318430868,0.00772630279,0.158906418,0.0381796946
1781682684.410339,2026-06-17T15:51:24.410,1781682684.334811,right,base,1,pelvis,1000,0.001,-0.00812345,-0.264177018,-0.0535735,0.719597851,0.694211398,-0.00673314509,0.0142875327,0.153577973,-0.033745155,-0.103052437,-0.251916622,-0.0348985682,0.0796041184,0.0938966171,1,1,0.000328316305,0.000535560701,16,0.111363,,0.00980930768,0.0198365366,-0.0535817505,-0.0122980713,0.0185474552,-0.00789493595,-0.0484770791
1781682684.426764,2026-06-17T15:51:24.426,1781682684.351706,left,base,1,pelvis,1000,0.001,-0.01966805,0.257321532,-0.0461285,0.713111247,-0.700850117,-0.0147319985,0.00802687405,0.163540854,0.0106673091,0.0289973262,-0.284333347,0.0334820794,0.141546575,-0.0252478896,1,1,2.63238925e-06,0.000487541781,11,0.099215,,0.189455907,-0.0291785032,0.00492019302,-0.318407812,0.00770435439,0.158939797,0.038250502
1781682684.427115,2026-06-17T15:51:24.427,1781682684.351478,right,base,1,pelvis,1000,0.001,-0.00809015,-0.262760768,-0.0540215,0.719390437,0.694422215,-0.00658108127,0.0145559809,0.140090629,-0.0283105129,-0.0978623979,-0.229725268,-0.0292450799,0.0717365877,0.0794282502,1,1,0.000830888161,0.000554433845,15,0.138309,,-0.00976971766,0.0214886393,-0.0531706172,0.023653174,0.0183437318,-0.0249041151,-0.0516464349
1781682684.443603,2026-06-17T15:51:24.443,1781682684.351706,left,base,1,pelvis,1000,0.001,-0.01966805,0.257321532,-0.0461285,0.713111247,-0.700850117,-0.0147319985,0.00802687405,0.169360558,0.00172719945,0.0236116517,-0.291984547,0.0277026974,0.14544198,-0.0110152675,1,1,4.56049826e-06,0.000495297202,10,0.0912,,0.189451433,-0.0291738518,0.00492309056,-0.318403966,0.00770967824,0.158944426,0.0382408466
1781682684.443906,2026-06-17T15:51:24.443,1781682684.351478,right,base,1,pelvis,1000,0.001,-0.00809015,-0.262760768,-0.0540215,0.719390437,0.694422215,-0.00658108127,0.0145559809,0.125700407,-0.0229924309,-0.0929713792,-0.205709348,-0.0239661557,0.0629408882,0.0653004678,1,1,0.000824856581,0.000541324064,14,0.111405,,-0.00864815732,0.021552085,-0.0530651265,0.021599837,0.0182703451,-0.0239669134,-0.0516409254
1781682684.460597,2026-06-17T15:51:24.460,1781682684.351706,left,base,1,pelvis,1000,0.001,-0.01966805,0.257321532,-0.0461285,0.713111247,-0.700850117,-0.0147319985,0.00802687405,0.174363033,-0.00595750044,0.0189822575,-0.298561331,0.0227348819,0.148790374,0.00121874682,1,1,8.05094095e-06,0.000488834373,9,0.099867,,0.18944216,-0.0291680494,0.00492449291,-0.318393858,0.00770452673,0.158950268,0.0382357685
1781682684.580905,2026-06-17T15:51:24.580,1781682684.384816,right,base,1,pelvis,1000,0.001,-0.0077616,-0.261157818,-0.054391,0.718984629,0.694832061,-0.00627006116,0.0151722541,0.110533797,-0.0180125358,-0.0885154698,-0.18003098,-0.0192293362,0.0531061675,0.0522076329,1,1,0.00119903509,1.13530408e-05,11000,119.634226,,0.00308090453,0.0255316719,2.53108707,0.000465734363,-2.56392767,-0.0150273342,-0.0552709658
1781682684.581747,2026-06-17T15:51:24.581,1781682684.351706,left,base,1,pelvis,1000,0.001,-0.01966805,0.257321532,-0.0461285,0.713111247,-0.700850117,-0.0147319985,0.00802687405,0.178563407,-0.0124100278,0.015095145,-0.304083588,0.0185636109,0.151601883,0.0114911469,1,1,3.4744236e-05,0.00061248873,7,0.071711,,0.189413532,-0.0291116046,0.00498466185,-0.318360279,0.0077602309,0.158921803,0.0381181927
1781682684.709240,2026-06-17T15:51:24.709,1781682684.384816,right,base,1,pelvis,1000,0.001,-0.0077616,-0.261157818,-0.054391,0.718984629,0.694832061,-0.00627006116,0.0151722541,0.0199592758,0.0120553265,-0.0615743284,-0.026797927,0.00926923732,-0.00546693987,-0.0267139917,1,1,0.00119903184,1.13463658e-05,11000,125.547395,,0.00289932928,0.0253539126,0.85263364,-7.63556391e-05,-0.885476718,-0.0151819226,-0.0554127316
1781682684.710329,2026-06-17T15:51:24.710,1781682684.385046,left,base,1,pelvis,1000,0.001,-0.0206974,0.255044882,-0.044909,0.712536134,-0.701427242,-0.0150252034,0.00814406534,0.18939901,-0.0290554589,0.00506765357,-0.318329221,0.00780308247,0.158854667,0.0379906128,1,1,0.00046007228,0.000409440762,3,0.05225,,0.202874574,-0.0329274867,0.00355930173,-0.340021499,0.0063767634,0.167724233,0.0422969094
1781682684.839562,2026-06-17T15:51:24.839,1781682684.384816,right,base,1,pelvis,1000,0.001,-0.0077616,-0.261157818,-0.054391,0.718984629,0.694832061,-0.00627006116,0.0151722541,0.0188476166,0.0129429182,0.109185979,-0.0250022621,-0.160209082,-0.00609661557,-0.028594838,1,1,0.00119903181,1.13454952e-05,11000,127.125094,,0.00287448485,0.0253588862,-1.67178494,4.86611594e-05,1.63894116,-0.0152022805,-0.0554079541
1781682684.840837,2026-06-17T15:51:24.840,1781682684.385046,left,base,1,pelvis,1000,0.001,-0.0206974,0.255044882,-0.044909,0.712536134,-0.701427242,-0.0150252034,0.00814406534,0.189476325,-0.0291742292,0.00499610433,-0.318430868,0.00772630279,0.158906418,0.0381796946,1,1,0.000451428401,0.0003862732,3,0.051947,,0.20288535,-0.0329462977,0.00354761413,-0.340034462,0.00636401918,0.167731181,0.0423269521
1781682684.968711,2026-06-17T15:51:24.968,1781682684.668184,right,base,1,pelvis,1000,0.001,-0.01120205,-0.222950718,-0.0584775,0.697179568,0.716366588,-0.00805166782,0.0263577689,0.0173601449,0.0141004722,0.178526178,-0.0226774618,-0.227853658,-0.00694398792,-0.0310961009,1,1,0.00879022053,0.00184634005,11000,126.148846,,-0.0471526924,0.11448545,0.216512714,0.112007693,-0.189798387,-0.0832033781,-0.140343804
1781682684.969795,2026-06-17T15:51:24.969,1781682684.385046,left,base,1,pelvis,1000,0.001,-0.0206974,0.255044882,-0.044909,0.712536134,-0.701427242,-0.0150252034,0.00814406534,0.201561475,-0.0325596478,0.00370011591,-0.337905504,0.00650902532,0.166860041,0.0418934008,1,1,0.00068880418,0.000592972032,1,0.027248,,0.201561475,-0.0325596478,0.00370011591,-0.337905504,0.00650902532,0.166860041,0.0418934008
1781682685.097787,2026-06-17T15:51:25.097,1781682684.668184,right,base,1,pelvis,1000,0.001,-0.01120205,-0.222950718,-0.0584775,0.697179568,0.716366588,-0.00805166782,0.0263577689,0.0156009847,0.0154677108,-0.0461783644,-0.0199175676,-0.00114731048,-0.00794688729,-0.0340485686,1,1,0.00865516512,0.0021627332,11000,126.625392,,0.0683587701,0.101947083,-0.00456687708,-0.100725318,0.0401713195,0.0121168376,-0.149746791
1781682685.226781,2026-06-17T15:51:25.226,1781682684.635667,left,base,1,pelvis,1000,0.001,-0.01969525,0.235603982,-0.0548965,-0.705530058,0.707933401,0.0316439628,0.0075031456,0.202874574,-0.0329274867,0.00355930173,-0.340021499,0.0063767634,0.167724233,0.0422969094,1,1,0.00384942977,8.147308e-05,11000,124.700682,,0.0146189513,-0.0797872965,-0.709009171,-0.00106661691,0.70713492,0.0190378299,0.135777367
1781682685.356092,2026-06-17T15:51:25.356,1781682684.768345,left,base,1,pelvis,1000,0.001,-0.0214222,0.211705532,-0.0658965,-0.69035559,0.721827993,0.0432930274,0.0223432533,0.201561475,-0.0325596478,0.00370011591,-0.337905504,0.00650902532,0.166860041,0.0418934008,1,1,0.0181737868,0.0247553945,11000,124.673344,,0.0644265332,-0.125669859,-0.0184619572,-0.0847364463,-0.0154089322,0.049317797,0.199759431
1781682685.484288,2026-06-17T15:51:25.484,1781682684.834854,right,base,1,pelvis,1000,0.001,-0.01406025,-0.197529718,-0.062461,0.676509254,0.735498256,-0.0132171162,0.0346821574,0.00594484831,0.0307039302,-0.00575713324,0.000382251899,-0.0301757374,-0.0195268771,-0.0504046029,1,1,0.0159132468,0.00363553016,11000,127.793819,,0.0414750536,0.151473935,0.057064935,-0.0393113575,0.0348597627,-0.0141887698,-0.224840116
1781682685.615783,2026-06-17T15:51:25.615,1781682684.835107,left,base,1,pelvis,1000,0.001,-0.02161905,0.207624132,-0.0698775,-0.686003421,0.725850214,0.0438147953,0.024920617,0.195991522,-0.0339667958,-0.0175350599,-0.327869388,0.0273841764,0.162455677,0.0446906739,1,1,0.0221209746,0.0512097213,11000,126.849983,,0.0494218564,-0.123944318,-0.0335369019,-0.0578897376,0.00788845008,0.0392096386,0.183567954
1781682685.745792,2026-06-17T15:51:25.745,1781682685.084877,right,base,1,pelvis,1000,0.001,-0.0121999,-0.178074018,-0.073226,0.644838168,0.762508081,-0.0228336576,0.0473686435,0.0401392793,0.069735592,-0.00510503302,-0.0550110919,0.0083649842,-0.00219037924,-0.104830755,1,1,0.0324331952,0.0253886055,11000,127.162524,,-0.0285666582,0.199363276,0.0724911123,0.0866837315,0.0929842815,-0.0493457263,-0.327142277
1781682685.870610,2026-06-17T15:51:25.870,1781682684.918211,left,base,1,pelvis,1000,0.001,-0.0229559,0.202747882,-0.072268,-0.680833357,0.730559349,0.0442848131,0.0280683669,0.108266351,-0.0951127504,-0.0181530984,-0.165752711,-0.00114949955,0.0870173715,0.148087735,1,1,0.0340823495,0.077828107,11000,121.550983,,0.108266351,-0.0951127504,-0.0181530984,-0.165752711,-0.00114949955,0.0870173715,0.148087735
1781682685.998919,2026-06-17T15:51:25.998,1781682685.434927,right,base,1,pelvis,1000,0.001,-0.0055752,-0.197794268,-0.0767425,0.644706035,0.761914114,-0.0259564298,0.0562785477,0.0409391609,0.118681734,0.0321232734,-0.0456098562,0.0242304538,-0.00937519493,-0.176694155,1,1,0.032644746,0.0160428123,11000,126.661065,,0.0654500698,0.158347768,0.0943720685,-0.100226179,0.0907904622,0.0267834517,-0.293142325
1781682686.126971,2026-06-17T15:51:26.126,1781682685.101731,left,base,1,pelvis,1000,0.001,-0.0217164,0.187206682,-0.082582,-0.635727544,0.766383891,0.0509887667,0.0768528999,0.0494318585,-0.121059659,-0.033534287,-0.118721777,0.00788691386,0.0392177646,0.183561923,1,1,0.0440287573,0.083215499,11000,125.464317,,0.0931151812,-0.184159168,-0.121104644,-0.0921877842,-0.0789620719,-0.0668500401,0.381342485
1781682686.258339,2026-06-17T15:51:26.258,1781682685.551587,right,base,1,pelvis,1000,0.001,-0.00530655,-0.200328068,-0.0754385,0.647792514,0.759254104,-0.0251479994,0.0571458077,-0.00611711399,0.16264995,0.0628287219,-0.0911976991,0.0765274597,0.0130792192,-0.291131221,1,1,0.0315487619,0.021758938,11000,130.393807,,0.0824529053,0.153849883,0.0811900152,-0.129471737,0.0974254742,0.0297732805,-0.292475938
1781682686.391243,2026-06-17T15:51:26.391,1781682685.551587,right,base,1,pelvis,1000,0.001,-0.00530655,-0.200328068,-0.0754385,0.647792514,0.759254104,-0.0251479994,0.0571458077,0.0785572649,0.154088779,0.084863722,-0.128943533,0.0935095279,0.0290276742,-0.293033501,1,1,0.0316161527,0.0220899057,11000,131.252462,,0.0838547134,0.154373389,0.0716401907,-0.132362779,0.10458842,0.0313734589,-0.292207814
1781682686.523913,2026-06-17T15:51:26.523,1781682685.185059,left,base,1,pelvis,1000,0.001,-0.01889785,0.195373482,-0.0804735,-0.634769457,0.766823178,0.0504724896,0.0806379403,0.108266348,-0.0951127518,-0.0181530992,-0.165752708,-0.00114949909,0.00556249324,0.148087737,1,1,0.0381894904,0.0341029666,11000,130.056348,,0.0462548487,-0.175542557,-0.0920488464,-0.0221224164,-0.0795758549,-0.0264686364,0.354070414
1781682686.650676,2026-06-17T15:51:26.650,1781682685.551587,right,base,1,pelvis,1000,0.001,-0.00530655,-0.200328068,-0.0754385,0.647792514,0.759254104,-0.0251479994,0.0571458077,0.0823641711,0.153855324,0.0733170244,-0.132120748,0.102802878,0.0310333414,-0.292488638,1,1,0.0314342625,0.0217929856,11000,125.222967,,0.0772884591,0.154843223,0.070846595,-0.12075913,0.104290281,0.0274639374,-0.292959711
1781682686.776735,2026-06-17T15:51:26.776,1781682685.185059,left,base,1,pelvis,1000,0.001,-0.01889785,0.195373482,-0.0804735,-0.634769457,0.766823178,0.0504724896,0.0806379403,0.0931151812,-0.184159168,-0.121104644,-0.0921877842,-0.0789620719,-0.0668500401,0.381342485,1,1,0.038828025,0.0361259447,11000,122.698317,,0.114233744,-0.174746049,-0.037123056,-0.141702517,-0.193713146,0.0332787899,0.326410555
1781682686.906392,2026-06-17T15:51:26.906,1781682685.551587,right,base,1,pelvis,1000,0.001,-0.00530655,-0.200328068,-0.0754385,0.647792514,0.759254104,-0.0251479994,0.0571458077,0.0838547134,0.154373389,0.0716401907,-0.132362779,0.10458842,0.0313734589,-0.292207814,1,1,0.0316161527,0.0220899057,11000,127.558521,,0.0838547134,0.154373389,0.0716401907,-0.132362779,0.10458842,0.0313734589,-0.292207814
1781682687.030979,2026-06-17T15:51:27.030,1781682685.418251,left,base,1,pelvis,1000,0.001,-0.0166532,0.209382732,-0.0761085,-0.643201354,0.760184726,0.0493498087,0.077303275,0.0462548487,-0.175542557,-0.0920488464,-0.0221224164,-0.0795758549,-0.0264686364,0.354070414,1,1,0.0330103014,0.0126991895,11000,122.567529,,-0.0251649955,-0.162476116,-0.104401033,0.102686446,-0.0697603651,-0.0797456049,0.355382522
1781682687.160801,2026-06-17T15:51:27.160,1781682685.901608,right,base,1,pelvis,1000,0.001,-0.004974,-0.242095968,-0.0575795,0.686174814,0.725201875,-0.0193857912,0.0535775746,0.0772884591,0.154843223,0.070846595,-0.12075913,0.104290281,0.0274639374,-0.292959711,1,1,0.00665977939,0.00177460694,11000,127.533189,,-0.012456187,0.0806092007,0.0135371078,0.0367914666,0.0469799788,-0.0631603688,-0.187900568
1781682687.286829,2026-06-17T15:51:27.286,1781682685.818410,left,base,1,pelvis,1000,0.001,-0.017175,0.217915182,-0.072044,-0.648542642,0.756035489,0.0492774841,0.0733110549,0.114185927,-0.174746609,-0.0371616915,-0.141618403,-0.193632861,0.0332367629,0.326430011,1,1,0.0294087487,0.0547300341,11000,123.848,,0.137620248,-0.139824705,-0.00728527562,-0.184298117,-0.166639283,-0.00552356521,0.320355372
1781682687.287604,2026-06-17T15:51:27.287,1781682686.035019,right,base,1,pelvis,1000,0.001,-0.01686095,-0.246521518,-0.0195275,-0.527315696,-0.785419712,-0.29269466,0.139225967,0.0838547134,0.154373389,0.0716401907,-0.132362779,0.10458842,0.0313734589,-0.292207814,1,1,1.5963877e-05,0.000503199647,39,0.270504,,0.174317246,-0.133885388,0.185272745,-0.244181364,0.0529697972,-0.276792655,0.69276724
1781682687.289442,2026-06-17T15:51:27.289,1781682686.018628,left,base,1,pelvis,1000,0.001,-0.00531035,0.281085982,-0.043466,-0.718489772,0.695449273,-0.00800964232,0.0076551977,-0.0175940919,-0.163142769,-0.100747935,-0.0122216904,-0.0764903294,-0.0736072988,0.353809539,1,1,8.02470174e-07,0.000530228018,26,0.205933,,0.215104285,0.021407883,-0.00428019673,-0.388917251,0.0411426529,0.150362678,-0.0133870129
1781682687.421250,2026-06-17T15:51:27.421,1781682686.051681,right,base,1,pelvis,1000,0.001,-0.02281955,-0.237589168,-0.01319,-0.458135911,-0.794073798,-0.346628365,0.19851213,0.0578771173,0.134477237,0.0559682531,-0.0867374071,0.0890499,0.00587518633,-0.264073392,1,1,0.00500948997,0.001152866,11000,130.113372,,0.0242553368,-0.121005883,0.128785734,0.0107144617,0.20128124,-0.450926724,0.860938681
1781682687.423954,2026-06-17T15:51:27.423,1781682686.285273,left,base,1,pelvis,1000,0.001,-0.00991915,0.265824682,-0.0440165,0.706985337,-0.707165089,0.00693981164,0.0064116603,-0.0151289627,-0.143104236,-0.099263552,-0.0851256822,-0.0779220838,-0.0725259864,0.353278217,1,1,6.27748266e-07,0.000516380563,28,0.205228,,0.211566042,0.000453728362,-0.0253812156,-0.376844145,0.0240046469,0.162478262,-0.00970471257
1781682687.554654,2026-06-17T15:51:27.554,1781682686.101702,right,base,1,pelvis,1000,0.001,-0.03469875,-0.217862968,-0.0029835,-0.322629687,-0.784464559,-0.432918948,0.305133782,0.0702226267,0.106024217,0.0696777004,-0.103430328,0.0852245243,-0.0240945371,-0.162624819,1,1,0.0244021591,0.0318075218,11000,129.777778,,0.030640667,-0.121217168,0.129694975,-0.059141739,0.308498501,-0.501538763,1.1574546
1781682687.557524,2026-06-17T15:51:27.557,1781682686.368620,left,base,1,pelvis,1000,0.001,-0.0107959,0.262157432,-0.045637,0.704689443,-0.709451926,0.00470037741,0.00828615548,0.116502678,-0.049047446,-0.0449585588,-0.258812946,-0.00984900192,0.0549065242,0.143644089,1,1,5.33474903e-07,0.000524654503,18,0.138034,,0.191860253,-0.0067052726,-0.0290794559,-0.34075694,0.0198803765,0.151951008,-0.00292770546
1781682687.686328,2026-06-17T15:51:27.686,1781682686.151690,right,base,1,pelvis,1000,0.001,-0.04255145,-0.215101318,-0.0061545,-0.146938598,-0.74246584,-0.507918947,0.411305078,0.0618602895,0.0647230604,0.0804305925,-0.0826651876,0.106337481,-0.10174355,0.0235811366,1,1,0.0904007712,0.041908553,11000,126.613897,,0.06298783,-0.12171116,0.327298521,-0.348962274,0.158996005,-0.489341321,1.52501864
1781682687.687181,2026-06-17T15:51:27.687,1781682686.501928,left,base,1,pelvis,1000,0.001,-0.0115188,0.258752632,-0.0463255,0.70186489,-0.712258824,0.00241179573,0.00819922067,0.191157078,-0.0101735797,-0.0295842362,-0.351504263,0.0167366748,0.139383901,0.0232174349,1,1,5.66705113e-06,0.000559781151,9,0.081642,,0.182727954,-0.013693294,-0.0338400002,-0.323102642,0.0156375821,0.146613396,0.00705582879
1781682687.819872,2026-06-17T15:51:27.819,1781682686.201693,right,base,1,pelvis,1000,0.001,-0.0419603,-0.218429868,-0.0072645,-0.0404710199,-0.704755587,-0.538747976,0.459817658,0.0549853174,0.023776573,0.0912792584,-0.0774850143,0.150856,-0.189783722,0.273275008,1,1,0.0986955962,0.273157518,11000,130.174412,,-0.186187228,-0.00569956836,0.889871321,-0.0633113485,-0.0159209095,-0.52,1.5214888
1781682687.821995,2026-06-17T15:51:27.821,1781682686.952123,left,base,1,pelvis,1000,0.001,-0.01483775,0.248126432,-0.051009,-0.696195451,0.717691454,0.0151332136,0.0013625854,0.191834181,-0.00683387048,-0.0290981722,-0.341155429,0.0197638144,0.151485045,-0.00195829603,1,1,1.78801806e-05,0.000600976409,10,0.097905,,0.0917798265,-0.046164727,-0.0399815634,-0.150984409,0.00578157312,0.0787872594,0.0724838659
1781682687.952482,2026-06-17T15:51:27.952,1781682686.201693,right,base,1,pelvis,1000,0.001,-0.0419603,-0.218429868,-0.0072645,-0.0404710199,-0.704755587,-0.538747976,0.459817658,0.0568910584,-0.0108702883,0.147485555,-0.142135379,0.152794484,-0.261121218,0.571368786,1,1,0.120263583,0.0786939009,11000,129.314951,,0.00437909927,-0.304488829,1.31922956,-0.562875464,-0.652874579,-0.519432416,1.40408402
1781682688.083897,2026-06-17T15:51:28.083,1781682687.118763,left,base,1,pelvis,1000,0.001,-0.01459495,0.243923982,-0.053331,-0.695475592,0.718236129,0.0204680997,0.00562326504,0.182776866,-0.0136564502,-0.0338145305,-0.227012756,0.0156597452,0.10564415,0.00700741146,1,1,0.00125902024,8.20067249e-05,11000,128.275124,,0.00791378662,-0.0534610887,-1.59920276,-0.0131006858,1.56750085,0.0138501212,0.103345455
1781682688.212659,2026-06-17T15:51:28.212,1781682686.201693,right,base,1,pelvis,1000,0.001,-0.0419603,-0.218429868,-0.0072645,-0.0404710199,-0.704755587,-0.538747976,0.459817658,-0.0255866155,-0.00911583726,0.399380745,-0.170925948,0.0955485102,-0.348960079,0.89374924,1,1,0.154709878,0.135118648,11000,126.656789,,-0.187442212,0.113131513,1.22410932,-0.0348743272,-0.470326311,-0.47735206,1.5330784
1781682688.339580,2026-06-17T15:51:28.339,1781682687.368876,left,base,1,pelvis,1000,0.001,-0.0131279,0.243257532,-0.055015,-0.695147404,0.718191734,0.0284828664,0.0126271935,0.0920374667,-0.0460726862,-0.0399641027,-0.151199668,0.00580954122,0.0788632994,0.0722984822,1,1,0.00332663834,0.000484748066,11000,124.036595,,-0.00359058406,-0.0674684511,-0.0380354655,0.0158252149,0.00670423577,0.0117464064,0.125376305
1781682688.466978,2026-06-17T15:51:28.466,1781682686.301732,right,base,1,pelvis,1000,0.001,-0.0467131,-0.221318318,-0.0033,0.0447482145,-0.66281524,-0.556347218,0.499150607,-0.00539278757,-0.208167034,0.899380745,-0.248721747,-0.40445149,-0.463841004,1.2376627,1,1,0.126816376,0.229766317,11000,126.41595,,-0.0844914345,-0.0760395971,0.863364131,-0.325614112,-0.0841149856,-0.471560005,1.57
1781682688.593440,2026-06-17T15:51:28.593,1781682687.385488,left,base,1,pelvis,1000,0.001,-0.0123014,0.243356082,-0.055519,-0.694854835,0.718412594,0.0298200316,0.0130717051,0.05114416,-0.0496642576,-0.539964103,-0.0840684628,0.505809541,0.0472597862,0.0873907058,1,1,0.00380434408,0.00297101687,11000,124.30436,,0.000218456036,-0.0686266682,-0.53858468,0.00640768055,0.506603474,0.019503518,0.122792913
1781682688.721762,2026-06-17T15:51:28.721,1781682686.351728,right,base,1,pelvis,1000,0.001,-0.04527875,-0.224023668,-0.0017235,0.0607349416,-0.65414105,-0.560456819,0.504280585,-0.170041416,-0.0384243622,1.04184638,-0.271363215,-0.334786351,-0.476047454,1.50484174,1,1,0.236801829,0.120794184,11000,126.335842,,2.79,-3.20980468,-0.958576017,-0.45196635,-1.44192641,-0.52,1.57
1781682688.846727,2026-06-17T15:51:28.846,1781682687.535426,left,base,1,pelvis,1000,0.001,-0.01169765,0.243424832,-0.0559415,-0.694728455,0.718480148,0.0316250446,0.0117688973,0.0158149688,-0.0611561859,-0.280807865,-0.0195909011,0.251303391,0.0243372531,0.111908962,1,1,0.00432769118,9.1273009e-05,11000,121.582518,,0.000578562547,-0.0674967316,0.0856931396,0.000772172441,-0.11741304,0.0283643787,0.128413008
1781682688.974883,2026-06-17T15:51:28.974,1781682686.401730,right,base,1,pelvis,1000,0.001,-0.04146205,-0.230995168,0.0017025,0.0735418185,-0.647630997,-0.564290836,0.506696699,-0.0910769276,-0.538424362,0.877103393,-0.321437969,-0.103411244,-0.471905441,1.56498423,1,1,0.139995969,0.324870391,11000,126.263644,,-0.178911265,-0.151689043,1.53234541,-0.409088297,-0.752283346,-0.42767936,1.42146225
1781682689.099322,2026-06-17T15:51:29.099,1781682687.535426,left,base,1,pelvis,1000,0.001,-0.01169765,0.243424832,-0.0559415,-0.694728455,0.718480148,0.0316250446,0.0117688973,0.00287669181,-0.0673534155,-0.0585847316,0.00197653873,0.0284562668,0.0203273693,0.120937876,1,1,0.00432769191,9.11075789e-05,11000,121.817876,,0.000979597729,-0.066990006,-1.61015802,-0.000991782106,1.57842276,0.0287078058,0.128820811
1781682689.227894,2026-06-17T15:51:29.227,1781682686.551751,right,base,2,pelvis,1000,0.001,-0.0442411,-0.245049568,0.0031235,0.0566699351,-0.640688253,-0.574908977,0.505753646,0.408923072,-1.03842436,0.518493181,-0.346937417,-0.364897648,-0.479606741,1.50500994,1,1,0.168392709,0.39656951,11000,126.988164,,2.7675438,-2.93056122,-1.21919526,-0.464222924,-1.13643812,-0.512179776,1.3214199
1781682689.355082,2026-06-17T15:51:29.355,1781682687.685496,left,base,1,pelvis,1000,0.001,-0.01173065,0.243867682,-0.0564455,-0.694869025,0.718327132,0.0323343101,0.0108472351,0.000918500755,-0.0674755324,-0.558584732,0.000950321741,0.528456267,0.027175548,0.12730729,1,1,0.00484391992,0.000763868772,11000,124.835701,,-0.00586409011,-0.0668442287,-0.0393218117,0.0115165079,0.00817470552,0.0263447324,0.127719046
1781682689.487793,2026-06-17T15:51:29.487,1781682686.551751,right,base,2,pelvis,1000,0.001,-0.0442411,-0.245049568,0.0031235,0.0566699351,-0.640688253,-0.574908977,0.505753646,0.415344808,-1.53842436,0.477673965,-0.362759123,-0.463514153,-0.466387624,1.42663002,1,1,0.112482773,0.317690002,11000,129.927997,,-0.0566655373,-0.153003869,0.995959792,-0.343292357,-0.247406473,-0.464847471,1.57
1781682689.616758,2026-06-17T15:51:29.616,1781682687.685496,left,base,1,pelvis,1000,0.001,-0.01173065,0.243867682,-0.0564455,-0.694869025,0.718327132,0.0323343101,0.0108472351,0.000950026805,-0.0672250007,-0.293593529,-5.1804207e-05,0.265325651,0.0279661933,0.128088267,1,1,0.00481174104,0.00171978542,11000,127.676661,,0.000477451545,-0.0668772489,-0.29444008,0.000309118424,0.264479145,0.0299280081,0.127426953
1781682689.745862,2026-06-17T15:51:29.745,1781682686.618420,right,base,2,pelvis,1000,0.001,-0.0477303,-0.247602718,0.003407,0.0379488715,-0.633019004,-0.580036721,0.511277054,0.754271635,-1.10362282,-0.0223260347,-0.395930783,-0.683513849,-0.480558918,1.39223357,1,1,0.221664326,0.222839808,11000,128.460353,,-2.46877308,-3.01101011,-2.79,-0.959050283,0.310728625,-0.52,1.57
1781682689.874030,2026-06-17T15:51:29.874,1781682687.685496,left,base,1,pelvis,1000,0.001,-0.01173065,0.243867682,-0.0564455,-0.694869025,0.718327132,0.0323343101,0.0108472351,-0.00346715554,-0.0669781691,-0.194144635,0.00744723703,0.165157927,0.0269150977,0.127848923,1,1,0.00483941379,0.00107089005,11000,125.635966,,0.00662400326,-0.0652121847,-0.195022346,-0.0113784299,0.164271557,0.0360475668,0.128440831
1781682690.004840,2026-06-17T15:51:30.004,1781682686.618420,right,base,2,pelvis,1000,0.001,-0.0477303,-0.247602718,0.003407,0.0379488715,-0.633019004,-0.580036721,0.511277054,0.254271635,-1.55619707,-0.360238798,-0.428225716,-0.506389116,-0.474177724,1.46443329,1,1,0.20908737,0.293632415,11000,127.950095,,2.79,-2.93541589,-1.34942262,-0.473920503,-1.27160091,-0.52,1.51123481
1781682690.132910,2026-06-17T15:51:30.132,1781682687.885480,left,base,1,pelvis,1000,0.001,-0.01178925,0.244517532,-0.0582805,-0.695058579,0.71824385,0.0308754855,0.00812702111,-0.000300462387,-0.0668971514,-0.211662843,-0.00963819454,0.181109246,0.0324818684,0.12751017,1,1,0.00703917659,0.00297356742,11000,125.760403,,-0.047139713,-0.0742017721,-0.210670749,0.0882180971,0.18215779,-0.00847959404,0.112489673
1781682690.263405,2026-06-17T15:51:30.263,1781682686.868442,right,base,2,pelvis,1000,0.001,-0.0597262,-0.251163668,0.0101,0.00148502237,-0.619262618,-0.581207159,0.527929772,0.281713767,-1.92945071,-0.860238798,-0.564416548,-0.296745569,-0.485934101,1.49151798,1,1,0.1318352,0.317551102,11000,129.752254,,0.0631848488,-0.236747451,1.19590554,-0.458968039,-0.646106501,-0.437426367,1.51714648
1781682690.393374,2026-06-17T15:51:30.393,1781682688.052157,left,base,1,pelvis,1000,0.001,-0.0111853,0.246447332,-0.059984,-0.690375352,0.722930242,0.0271044131,0.00436921276,-0.0452161186,-0.0717852261,-0.20863628,0.0872090781,0.180142652,-0.00812128232,0.113477872,1,1,0.00862337925,0.00612473217,11000,127.912521,,-0.0510630012,-0.0696771671,-0.215794079,0.0940002585,0.172961387,-0.00763833862,0.100718263
1781682690.523260,2026-06-17T15:51:30.523,1781682686.868442,right,base,2,pelvis,1000,0.001,-0.0597262,-0.251163668,0.0101,0.00148502237,-0.619262618,-0.581207159,0.527929772,0.781713767,-1.42945071,-0.360238798,-0.544124278,-0.515341072,-0.466221239,1.49593916,1,1,0.197634041,0.398832796,11000,128.787657,,0.126093675,0.102867826,1.44398976,-0.00607564998,-0.838276358,-0.484984704,1.57
1781682690.649529,2026-06-17T15:51:30.649,1781682688.302271,left,base,1,pelvis,1000,0.001,-0.01338315,0.244555732,-0.0554955,0.686718169,-0.726688262,-0.0183305565,0.00251345217,-0.047139713,-0.0742017721,-0.210670749,0.0882180971,0.18215779,-0.00847959404,0.112489673,1,1,0.00328959038,5.16100271e-05,11000,121.930788,,0.0036953292,-0.0559388564,0.0902798029,2.65097555e-05,-0.145849573,0.0279180754,0.0775598413
1781682690.776453,2026-06-17T15:51:30.776,1781682686.951857,right,base,2,pelvis,1000,0.001,-0.0608785,-0.250552118,0.009854,0.00749357721,-0.625013618,-0.576039104,0.52676444,0.633638182,-0.929450708,0.139761202,-0.361132533,-0.550590108,-0.458459314,1.50165579,1,1,0.106814666,0.496901085,11000,126.3419,,-2.79,-2.91824993,-2.7861895,-0.564051273,0.392989269,-0.376986405,1.57
1781682690.901014,2026-06-17T15:51:30.901,1781682688.302271,left,base,1,pelvis,1000,0.001,-0.01338315,0.244555732,-0.0554955,0.686718169,-0.726688262,-0.0183305565,0.00251345217,-0.0510630012,-0.0696771671,-0.215794079,0.0940002585,0.172961387,-0.00763833862,0.100718263,1,1,0.00353486264,0.00217936783,11000,123.078782,,-0.028511265,-0.0633497587,-0.222174033,0.0602558168,0.166331933,0.00110358933,0.0735798311
1781682691.030710,2026-06-17T15:51:31.030,1781682686.951857,right,base,2,pelvis,1000,0.001,-0.0608785,-0.250552118,0.009854,0.00749357721,-0.625013618,-0.576039104,0.52676444,0.133638182,-1.42945071,-0.360238798,-0.304637257,-0.609026087,-0.422007549,1.52276762,1,1,0.122151594,0.435238386,11000,127.866876,,2.77896233,-2.76493966,-0.939481807,-0.675131587,-1.43334501,-0.52,1.2550781
1781682691.157692,2026-06-17T15:51:31.157,1781682688.302271,left,base,1,pelvis,1000,0.001,-0.01338315,0.244555732,-0.0554955,0.686718169,-0.726688262,-0.0183305565,0.00251345217,-0.0162656075,-0.0609468533,-0.0212926527,0.0342825588,-0.0296340973,0.0149567721,0.086001731,1,1,0.00330216298,0.00033535215,11000,125.637765,,-0.00229232531,-0.0561715902,-0.0322758807,0.0108412637,-0.0230314997,0.0231465427,0.0780649437
1781682691.285543,2026-06-17T15:51:31.285,1781682687.118523,right,base,2,pelvis,1000,0.001,-0.0533373,-0.242603868,0.014141,0.0253393252,-0.63108752,-0.571400373,0.524011522,0.633638182,-1.92945071,-0.860238798,-0.369065039,-0.360166647,-0.410826147,1.3748431,1,1,0.221948666,0.168622982,11000,126.54631,,0.706660909,-0.211970581,0.449861853,-1.04338131,0.217847208,-0.52,1.57
1781682691.413337,2026-06-17T15:51:31.413,1781682688.485342,left,base,1,pelvis,1000,0.001,-0.01275815,0.244390982,-0.0549895,0.687937917,-0.725537458,-0.0178251318,0.00436856519,-0.0282268533,-0.06329395,-0.217508461,0.0596525746,0.161780522,0.00142533658,0.0738683361,1,1,0.00278701526,0.000318277293,11000,123.969038,,0.00761596444,-0.0553454455,-0.0110348354,-0.010180178,-0.0412498327,0.035818733,0.0737467815
1781682691.540388,2026-06-17T15:51:31.540,1781682688.485342,left,base,1,pelvis,1000,0.001,-0.01275815,0.244390982,-0.0549895,0.687937917,-0.725537458,-0.0178251318,0.00436856519,-0.00253421317,-0.0562380195,-0.0340035202,-0.00253707362,-0.0213077828,0.0229439519,0.0780258025,1,1,0.00277609318,4.34267755e-05,11000,124.295173,,0.00251097503,-0.0554710902,0.144788172,-0.000915201046,-0.196893297,0.0315950428,0.0735161576
1781682691.661223,2026-06-17T15:51:31.661,1781682688.485342,left,base,1,pelvis,1000,0.001,-0.01275815,0.244390982,-0.0549895,0.687937917,-0.725537458,-0.0178251318,0.00436856519,0.00750720002,-0.0553550099,-0.0112809568,-0.0100982781,-0.0410361433,0.035680773,0.0737926334,1,1,0.00277603961,4.34884199e-05,11000,118.580945,,0.00203821166,-0.0553349833,-1.20946899,-0.00012443754,1.15739421,0.031211734,0.0736487236
1781682691.787519,2026-06-17T15:51:31.787,1781682687.118523,right,base,2,pelvis,1000,0.001,-0.0533373,-0.242603868,0.014141,0.0253393252,-0.63108752,-0.571400373,0.524011522,1.07766607,-1.42945071,-0.539903297,-0.645203406,-0.571259191,-0.432300477,1.35128551,1,1,0.0992385426,0.328194617,11000,125.556563,,-0.0748610921,-0.157775435,1.24753761,-0.36179604,-0.332980647,-0.446916112,1.57
1781682691.911726,2026-06-17T15:51:31.911,1781682688.485342,left,base,1,pelvis,1000,0.001,-0.01275815,0.244390982,-0.0549895,0.687937917,-0.725537458,-0.0178251318,0.00436856519,0.00344960958,-0.0554492823,0.11546766,-0.00264041426,-0.167612608,0.0323626238,0.0735680988,1,1,0.00277758306,9.29319136e-05,11000,122.060195,,0.00138682472,-0.0552796944,0.115523991,0.00114862622,-0.167554993,0.0306755561,0.0737519158
1781682692.038666,2026-06-17T15:51:32.038,1781682687.118523,right,base,2,pelvis,1000,0.001,-0.0533373,-0.242603868,0.014141,0.0253393252,-0.63108752,-0.571400373,0.524011522,0.577666073,-0.929450708,-0.0399032971,-0.545981557,-0.240403027,-0.459881766,1.44298802,1,1,0.153373835,0.396374855,11000,124.556741,,0.0231605427,0.101874751,1.65780006,0.0358610804,-1.08254377,-0.52,1.56049181
1781682692.161930,2026-06-17T15:51:32.161,1781682688.485342,left,base,1,pelvis,1000,0.001,-0.01275815,0.244390982,-0.0549895,0.687937917,-0.725537458,-0.0178251318,0.00436856519,0.00268889152,-0.0553876772,-0.38453234,-0.00128434811,0.332387392,0.0317423149,0.0736115541,1,1,0.00277604004,4.34920148e-05,11000,121.594221,,0.00204217885,-0.055359834,-0.946051195,-8.75807371e-05,0.893975556,0.0312139317,0.0736280556
1781682692.291851,2026-06-17T15:51:32.291,1781682687.435234,right,base,1,pelvis,1000,0.001,-0.0558296,-0.238262668,0.0129905,0.170005137,-0.631409891,-0.53947717,0.530456582,0.286018854,-0.429450708,0.460096703,-0.145011029,-0.594728361,-0.456122321,1.47981567,1,1,0.0649313916,0.53682943,11000,126.092015,,-0.0577427277,-0.159930661,1.1075722,-0.225466161,-0.217876045,-0.464874883,1.57
1781682692.418902,2026-06-17T15:51:32.418,1781682688.585357,left,base,1,pelvis,1000,0.001,-0.0121738,0.244443032,-0.055406,0.688759114,-0.724764235,-0.017921619,0.00254996221,0.00173064749,-0.0553082082,-0.312466427,0.000506176865,0.269222127,0.0309572436,0.073714852,1,1,0.00319123434,0.000342319562,11000,124.342626,,0.00265231616,-0.0558965597,-0.0182259935,-0.00202645915,-0.0316837116,0.0300640882,0.0772289859
1781682692.548287,2026-06-17T15:51:32.548,1781682687.885260,right,base,1,pelvis,1000,0.001,-0.05182915,-0.191569268,0.088091,0.188198191,-0.61507174,-0.547698832,0.535064655,0.180916065,-0.199146996,0.960096703,-0.184781037,-0.433436247,-0.469494715,1.50681798,1,1,0.174849629,0.263073935,11000,127.201729,,-2.79,-2.72864689,-1.96864707,-0.8731357,-0.00883992526,-0.52,1.57
1781682692.663313,2026-06-17T15:51:32.663,1781682688.868751,left,base,1,pelvis,1000,0.001,-0.01214735,0.244061132,-0.0546165,-0.688516349,0.724935189,0.0198277343,0.0045900897,0.00196178591,-0.0553465116,-0.302758599,6.56427345e-05,0.257972306,0.0311476915,0.0736504541,1,1,0.00249521964,4.14797321e-05,11000,112.960644,,0.00336355062,-0.059856225,-2.56009749,-0.000293402937,2.5092531,0.02031941,0.0940598361
1781682692.782050,2026-06-17T15:51:32.782,1781682688.001932,right,base,1,pelvis,1000,0.001,-0.093978,-0.153617588,0.135126,0.224660161,-0.643647843,-0.528511025,0.505886709,-0.319083935,-0.699146996,0.460096703,-0.684781037,-0.349076808,-0.467686745,1.53154425,1,1,0.000934235615,0.117443496,11000,117.073984,,0.0389719099,-0.359813214,1.35475294,-0.887576528,-0.206761448,-0.52,1.46191975
1781682692.896610,2026-06-17T15:51:32.896,1781682688.919137,left,base,1,pelvis,1000,0.001,-0.0120695,0.244226982,-0.05476,-0.688578629,0.724871011,0.0196705191,0.00587873315,0.00248975091,-0.0557670669,-0.204694188,-0.00153393462,0.176234257,0.030319191,0.0763865247,1,1,0.00263494702,0.00030993776,11000,111.378553,,0.00153926804,-0.0600952655,-0.0288890948,0.00427853157,-0.0218777907,0.0161064101,0.0961106589
1781682693.012497,2026-06-17T15:51:33.012,1781682688.018600,right,base,1,pelvis,1000,0.001,-0.0971269,-0.152410518,0.133606,0.228423799,-0.645765782,-0.527012537,0.50305756,-0.226437829,-0.653482463,0.960096703,-0.779912686,-0.252097475,-0.48259784,1.47205967,1,1,0.000615912426,0.124570693,11000,115.317157,,0.0914211252,-0.331089633,1.2471169,-0.856678268,-0.151958586,-0.52,1.51545968
1781682693.122827,2026-06-17T15:51:33.122,1781682689.069041,left,base,1,pelvis,1000,0.001,-0.0113275,0.244811232,-0.0553565,-0.689012773,0.724466149,0.0177939837,0.00967325425,0.00248975091,-0.0557670669,-0.204694188,-0.00153393462,0.176234257,0.030319191,0.0763865247,1,1,0.00314840562,5.09374494e-05,11000,108.46441,,0.00442803315,-0.0594287042,0.40277113,0.000277306363,-0.453066506,0.00919457939,0.0981980761
1781682693.240298,2026-06-17T15:51:33.240,1781682688.018600,right,base,1,pelvis,1000,0.001,-0.0971269,-0.152410518,0.133606,0.228423799,-0.645765782,-0.527012537,0.50305756,-0.226437829,-0.653482463,0.960096703,-0.779912686,-0.252097475,-0.48259784,1.47205967,1,1,0.00363862867,0.119750055,11000,116.924255,,0.209314028,-0.296768105,0.992257186,-0.908858627,0.084165572,-0.52,1.57
1781682693.355863,2026-06-17T15:51:33.355,1781682689.069041,left,base,1,pelvis,1000,0.001,-0.0113275,0.244811232,-0.0553565,-0.689012773,0.724466149,0.0177939837,0.00967325425,0.00163206003,-0.0596727201,-0.0460522703,0.00371108283,-0.00253687299,0.0174939493,0.0941850675,1,1,0.00316571593,0.000172497237,11000,114.095539,,-0.00354712725,-0.0598071858,-0.0381217328,0.0148079157,-0.0117951624,0.0026278634,0.0984138366
1781682693.477856,2026-06-17T15:51:33.477,1781682688.051933,right,base,1,pelvis,1000,0.001,-0.0978779,-0.149515723,0.1281885,0.233984013,-0.647285141,-0.527191875,0.498339397,-0.0626059622,-0.487313732,1.10803356,-0.819479445,-0.200483573,-0.501875779,1.49442904,1,1,0.000896847566,0.148544784,11000,119.078206,,0.0892807291,-0.306832683,1.24276282,-0.821193968,-0.130910879,-0.52,1.50115905
1781682693.593874,2026-06-17T15:51:33.593,1781682689.285722,left,base,1,pelvis,1000,0.001,-0.01085805,0.246221882,-0.0551825,-0.691374199,0.722144999,0.0196067024,0.0111307905,0.00371536297,-0.0594909018,0.288369797,0.00115254728,-0.338230269,0.0113100194,0.0971751938,1,1,0.00296230666,0.000515314294,11000,112.6719,,0.00640509256,-0.0580030898,0.0137113459,-0.00528569527,-0.0570736961,0.0128093255,0.101460228
1781682693.712812,2026-06-17T15:51:33.712,1781682688.301966,right,base,2,pelvis,1000,0.001,-0.11585595,-0.144261508,0.1039525,0.214287838,-0.673880574,-0.517985862,0.481306908,0.173699525,-0.321724666,1.0074209,-0.89715226,0.0468838778,-0.517626195,1.5283513,1,1,0.043045899,0.102728652,11000,115.412413,,0.173699525,-0.321724666,1.0074209,-0.89715226,0.0468838778,-0.517626195,1.5283513
1781682693.827409,2026-06-17T15:51:33.827,1781682689.418965,left,base,1,pelvis,1000,0.001,-0.00935085,0.246999932,-0.05692,-0.692234873,0.721289008,0.0196722903,0.0128859617,-0.00281680879,-0.0597753802,-0.00528963462,0.0046581571,-0.0446215866,0.00350094393,0.0982892783,1,1,0.004674111,0.000541349543,11000,112.630733,,-0.00569169437,-0.0569830732,-0.0053908752,0.0127093657,-0.0352044421,0.00433943871,0.10348069
1781682693.944510,2026-06-17T15:51:33.944,1781682688.418653,right,base,2,pelvis,1000,0.001,-0.11539265,-0.145293148,0.1002505,0.201721406,-0.678818708,-0.512538398,0.485610984,0.093864002,-0.3076412,1.22998562,-0.825317902,-0.12125803,-0.518091604,1.50263537,1,1,0.0333059497,0.091109282,11000,116.579849,,0.093864002,-0.3076412,1.22998562,-0.825317902,-0.12125803,-0.518091604,1.50263537
1781682694.058722,2026-06-17T15:51:34.058,1781682689.418965,left,base,1,pelvis,1000,0.001,-0.00935085,0.246999932,-0.05692,-0.692234873,0.721289008,0.0196722903,0.0128859617,0.00640509256,-0.0580030898,0.0137113459,-0.00528569527,-0.0570736961,0.0128093255,0.101460228,1,1,0.0046601747,0.000821303851,11000,112.465406,,0.00138618373,-0.0522046949,-1.54324082,-0.00860535094,1.50123273,0.0102841321,0.106641109
1781682694.176505,2026-06-17T15:51:34.176,1781682688.418653,right,base,2,pelvis,1000,0.001,-0.11539265,-0.145293148,0.1002505,0.201721406,-0.678818708,-0.512538398,0.485610984,0.170607851,-0.321179276,1.01603984,-0.88500555,0.0403724902,-0.517644218,1.509632,1,1,0.0423871982,0.0912318641,11000,115.876807,,0.170607851,-0.321179276,1.01603984,-0.88500555,0.0403724902,-0.517644218,1.509632
1781682694.289849,2026-06-17T15:51:34.289,1781682689.418965,left,base,1,pelvis,1000,0.001,-0.00935085,0.246999932,-0.05692,-0.692234873,0.721289008,0.0196722903,0.0128859617,-0.00569169437,-0.0569830732,-0.0053908752,0.0127093657,-0.0352044421,0.00433943871,0.10348069,1,1,0.00467913846,0.000189724334,11000,111.38195,,0.0111841451,-0.0568775023,-0.00593673963,-0.0179897281,-0.0357603618,0.0181441401,0.102650475
1781682694.409665,2026-06-17T15:51:34.409,1781682688.501987,right,base,2,pelvis,1000,0.001,-0.11418955,-0.145800448,0.098401,0.198888089,-0.682460613,-0.510559837,0.483755818,0.0961359212,-0.30804198,1.12027346,-0.827084891,-0.116473132,-0.517782638,1.5028425,1,1,0.0516291796,0.0930437527,11000,117.629793,,0.0961359212,-0.30804198,1.12027346,-0.827084891,-0.116473132,-0.517782638,1.5028425
1781682694.525911,2026-06-17T15:51:34.525,1781682689.668947,left,base,1,pelvis,1000,0.001,-0.0086952,0.247651882,-0.058036,-0.693042707,0.720600486,0.0185243606,0.00914294875,-0.00543254296,-0.0568081164,-0.0616981439,0.0119289427,0.0210510992,0.00455709938,0.103596406,1,1,0.00571603796,0.00137942582,11000,113.146866,,-0.0131344995,-0.0536170612,0.0184764686,0.0220721942,-0.0554804672,0.00563109815,0.0939840869
1781682694.644266,2026-06-17T15:51:34.644,1781682688.635348,right,base,2,pelvis,1000,0.001,-0.11421335,-0.147599513,0.0973165,0.20347587,-0.68566482,-0.508900591,0.479042288,0.160117685,-0.320877504,1.02740085,-0.840692155,-0.0474417063,-0.517647398,1.50443756,1,1,0.0433354937,0.134692673,11000,115.252578,,0.160117685,-0.320877504,1.02740085,-0.840692155,-0.0474417063,-0.517647398,1.50443756
1781682694.758873,2026-06-17T15:51:34.758,1781682690.069363,left,base,1,pelvis,1000,0.001,-0.0102517,0.247025532,-0.0559605,-0.695547441,0.7181901,0.0179942368,0.00964080265,-0.000519549717,-0.0568286314,-0.0452113806,0.00308300256,0.00425386959,0.00857432827,0.103316726,1,1,0.00363600693,0.000708101519,11000,113.126109,,-0.00529374381,-0.0554964281,-0.0407155525,0.0138177587,0.00850282009,0.00412395904,0.0945502862
1781682694.876467,2026-06-17T15:51:34.876,1781682688.685359,right,base,2,pelvis,1000,0.001,-0.11453005,-0.148340553,0.096452,0.20496581,-0.686313898,-0.509603792,0.476724475,0.139784245,-0.316391385,1.03954942,-0.833105726,-0.0663445603,-0.517663613,1.50285068,1,1,0.0493673068,0.137760687,11000,116.912373,,0.139784245,-0.316391385,1.03954942,-0.833105726,-0.0663445603,-0.517663613,1.50285068
1781682694.989602,2026-06-17T15:51:34.989,1781682690.069363,left,base,1,pelvis,1000,0.001,-0.0102517,0.247025532,-0.0559605,-0.695547441,0.7181901,0.0179942368,0.00964080265,-0.00857567195,-0.0547776679,-0.00453923313,0.0152098245,-0.0338934974,0.00669473128,0.0973567435,1,1,0.00361582044,5.70432017e-05,11000,110.832816,,0.00224270989,-0.0548902303,-2.15019101,-0.000404035375,2.11807191,0.010168086,0.0941186088
1781682695.108227,2026-06-17T15:51:35.108,1781682688.685359,right,base,2,pelvis,1000,0.001,-0.11453005,-0.148340553,0.096452,0.20496581,-0.686313898,-0.509603792,0.476724475,0.144268112,-0.320877494,1.03307025,-0.834064847,-0.0615119464,-0.517647398,1.50296428,1,1,0.0487498261,0.142327357,11000,116.810679,,0.144268112,-0.320877494,1.03307025,-0.834064847,-0.0615119464,-0.517647398,1.50296428
1781682695.223905,2026-06-17T15:51:35.223,1781682690.069363,left,base,1,pelvis,1000,0.001,-0.0102517,0.247025532,-0.0559605,-0.695547441,0.7181901,0.0179942368,0.00964080265,-0.00554913686,-0.0554404956,-0.0379003839,0.0139260864,0.0052036238,0.00432401138,0.0947686791,1,1,0.00362274488,0.000401800334,11000,113.363769,,0.000777456835,-0.055128517,-0.0221889579,0.00285232119,-0.00995938671,0.0090429029,0.0944249312
1781682695.342949,2026-06-17T15:51:35.342,1781682688.685359,right,base,2,pelvis,1000,0.001,-0.11453005,-0.148340553,0.096452,0.20496581,-0.686313898,-0.509603792,0.476724475,0.139784245,-0.316391385,1.03954942,-0.833105726,-0.0663445603,-0.517663613,1.50285068,1,1,0.0493673068,0.137760687,11000,116.320371,,0.139784245,-0.316391385,1.03954942,-0.833105726,-0.0663445603,-0.517663613,1.50285068
1781682695.458849,2026-06-17T15:51:35.458,1781682690.069363,left,base,1,pelvis,1000,0.001,-0.0102517,0.247025532,-0.0559605,-0.695547441,0.7181901,0.0179942368,0.00964080265,-0.00356848782,-0.0553006209,-0.537900384,0.0102834401,0.505203624,0.00580954635,0.0946034344,1,1,0.00376330486,0.00230057115,11000,112.569071,,0.00645444779,-0.051312661,-0.537888119,-0.00960549798,0.505195202,0.0139087354,0.0972205193
1781682695.578751,2026-06-17T15:51:35.578,1781682688.918738,right,base,2,pelvis,1000,0.001,-0.11655625,-0.153153883,0.0926945,0.208136081,-0.688673441,-0.50691014,0.474816147,0.144268112,-0.320877494,1.03307025,-0.834064847,-0.0615119464,-0.517647398,1.50296428,1,1,0.0518515682,0.146527439,11000,119.250644,,0.144268112,-0.320877494,1.03307025,-0.834064847,-0.0615119464,-0.517647398,1.50296428
1781682695.690480,2026-06-17T15:51:35.690,1781682690.219288,left,base,1,pelvis,1000,0.001,-0.011796,0.246746582,-0.054175,-0.695436182,0.718280817,0.0180520018,0.0107382772,-0.00198272509,-0.0552378231,-0.373183201,0.00757194873,0.340779808,0.00698934423,0.0945383016,1,1,0.00186435866,2.93952695e-05,11000,110.224927,,0.00551460035,-0.0562433941,-0.263558165,0.000264866175,0.230878583,0.00549893834,0.0968497024
1781682695.806848,2026-06-17T15:51:35.806,1781682689.002090,right,base,2,pelvis,1000,0.001,-0.11457075,-0.156143228,0.0939805,0.212210596,-0.686138285,-0.508056005,0.475457688,0.139784245,-0.316391385,1.03954942,-0.833105726,-0.0663445603,-0.517663613,1.50285068,1,1,0.0504252333,0.151472939,11000,115.907261,,0.139784245,-0.316391385,1.03954942,-0.833105726,-0.0663445603,-0.517663613,1.50285068
1781682695.921696,2026-06-17T15:51:35.921,1781682690.219288,left,base,1,pelvis,1000,0.001,-0.011796,0.246746582,-0.054175,-0.695436182,0.718280817,0.0180520018,0.0107382772,0.00212146723,-0.0533284607,-0.453302534,-0.000783876839,0.420758304,0.0103552243,0.095843044,1,1,0.00186911111,0.000207959369,11000,112.052242,,0.00809104552,-0.0561908363,-0.010122488,-0.00451628444,-0.0226507324,0.00771928489,0.097066218
1781682696.040194,2026-06-17T15:51:36.040,1781682689.002090,right,base,2,pelvis,1000,0.001,-0.11457075,-0.156143228,0.0939805,0.212210596,-0.686138285,-0.508056005,0.475457688,0.144268112,-0.320877494,1.03307025,-0.834064847,-0.0615119464,-0.517647398,1.50296428,1,1,0.0493930967,0.155909651,11000,116.593038,,0.144268112,-0.320877494,1.03307025,-0.834064847,-0.0615119464,-0.517647398,1.50296428
1781682696.154768,2026-06-17T15:51:36.154,1781682690.619122,left,base,1,pelvis,1000,0.001,-0.01052095,0.244723682,-0.054644,-0.694724295,0.718921405,0.0143555357,0.0174380788,0.00427263353,-0.0551764597,-0.196824137,-0.000118998525,0.166252026,0.00727645364,0.0964812416,1,1,0.00248302444,0.000896744556,11000,111.694785,,-0.0118837441,-0.0649974115,-0.202161495,0.0353084096,0.166648057,-0.0258122054,0.103769176
1781682696.272929,2026-06-17T15:51:36.272,1781682689.018751,right,base,2,pelvis,1000,0.001,-0.1134148,-0.156626578,0.0960005,0.214987485,-0.683950787,-0.509681162,0.475622556,0.139784245,-0.316391385,1.03954942,-0.833105726,-0.0663445603,-0.517663613,1.50285068,1,1,0.0484177349,0.158245115,11000,116.996612,,0.139784245,-0.316391385,1.03954942,-0.833105726,-0.0663445603,-0.517663613,1.50285068
1781682696.388704,2026-06-17T15:51:36.388,1781682690.702446,left,base,1,pelvis,1000,0.001,-0.00997395,0.244617832,-0.055334,-0.694907306,0.718699486,0.0149664869,0.0187320014,0.00737026442,-0.0559993579,-0.164227539,0.0171118898,0.129164333,-0.01889252,0.0969557952,1,1,0.00325517333,0.000738502032,11000,113.088163,,0.0301859903,-0.0627229348,0.0368090497,-0.0434965163,-0.0730054765,0.00937097242,0.108712183
1781682696.509893,2026-06-17T15:51:36.509,1781682689.185444,right,base,1,pelvis,1000,0.001,-0.11426385,-0.159613458,0.09684,0.234366826,-0.670427564,-0.52113658,0.473303007,0.144268112,-0.320877494,1.03307025,-0.834064847,-0.0615119464,-0.517647398,1.50296428,1,1,0.0477970012,0.211235805,11000,118.033684,,0.144268112,-0.320877494,1.03307025,-0.834064847,-0.0615119464,-0.517647398,1.50296428
1781682696.624287,2026-06-17T15:51:36.624,1781682690.985825,left,base,1,pelvis,1000,0.001,-0.0075417,0.245840682,-0.0579165,-0.693298686,0.720076617,0.0158867967,0.0239626153,0.00199795816,-0.0647767135,0.00855481943,-0.0404630392,-0.0443894594,0.00407985828,0.103602062,1,1,0.00574958915,0.000962107011,11000,113.37724,,-0.00515785367,-0.0614307374,0.00847098892,0.0156052846,-0.0473134784,-0.0198887212,0.119275313
1781682696.742802,2026-06-17T15:51:36.742,1781682689.302123,right,base,1,pelvis,1000,0.001,-0.1145056,-0.160158103,0.098921,0.245920136,-0.664259162,-0.525963979,0.470791827,0.139784245,-0.316391385,1.03954942,-0.833105726,-0.0663445603,-0.517663613,1.50285068,1,1,0.0483106739,0.233840481,11000,117.529073,,0.139784245,-0.316391385,1.03954942,-0.833105726,-0.0663445603,-0.517663613,1.50285068
1781682696.859023,2026-06-17T15:51:36.859,1781682690.985825,left,base,1,pelvis,1000,0.001,-0.0075417,0.245840682,-0.0579165,-0.693298686,0.720076617,0.0158867967,0.0239626153,-0.00321159232,-0.0616177415,0.0104077605,0.0146196023,-0.0492232041,-0.019512798,0.118099075,1,1,0.00578574747,0.000668285022,11000,111.725904,,0.0197305606,-0.0617207213,0.0095009415,-0.0287667379,-0.050139213,0.000111799085,0.117304181
1781682696.978676,2026-06-17T15:51:36.978,1781682689.418791,right,base,1,pelvis,1000,0.001,-0.1160864,-0.159225898,0.098891,0.247456893,-0.661328737,-0.529170405,0.470518937,0.144268112,-0.320877494,1.03307025,-0.834064847,-0.0615119464,-0.517647398,1.50296428,1,1,0.0484410936,0.245197643,11000,117.586331,,0.144268112,-0.320877494,1.03307025,-0.834064847,-0.0615119464,-0.517647398,1.50296428
1781682697.092587,2026-06-17T15:51:37.092,1781682691.102503,left,base,1,pelvis,1000,0.001,-0.007024,0.246199032,-0.0581875,-0.692282689,0.721025784,0.0154154072,0.0250771307,-0.00515785367,-0.0614307374,0.00847098892,0.0156052846,-0.0473134784,-0.0198887212,0.119275313,1,1,0.00604856756,0.00162568198,11000,112.186281,,0.0210590079,-0.0613672393,0.00661948948,-0.032594569,-0.0491769312,0.000890152304,0.1180262
1781682697.213564,2026-06-17T15:51:37.213,1781682689.652138,right,base,1,pelvis,1000,0.001,-0.11729525,-0.158424128,0.097222,0.235541237,-0.66566204,-0.5314731,0.467921701,0.139784245,-0.316391385,1.03954942,-0.833105726,-0.0663445603,-0.517663613,1.50285068,1,1,0.0513537435,0.216849654,11000,118.789642,,0.139784245,-0.316391385,1.03954942,-0.833105726,-0.0663445603,-0.517663613,1.50285068
1781682697.327775,2026-06-17T15:51:37.327,1781682691.102503,left,base,1,pelvis,1000,0.001,-0.007024,0.246199032,-0.0581875,-0.692282689,0.721025784,0.0154154072,0.0250771307,0.0197305606,-0.0617207213,0.0095009415,-0.0287667379,-0.050139213,0.000111799085,0.117304181,1,1,0.00605954471,0.00174810239,11000,112.803216,,0.0211892653,-0.0613567363,0.013993614,-0.0329825143,-0.0567598104,-0.000134852976,0.119018635
1781682697.446745,2026-06-17T15:51:37.446,1781682689.852154,right,base,1,pelvis,1000,0.001,-0.1161611,-0.158421733,0.092398,0.207718906,-0.677934227,-0.53212377,0.462711933,0.144268112,-0.320877494,1.03307025,-0.834064847,-0.0615119464,-0.517647398,1.50296428,1,1,0.0516259189,0.166062519,11000,117.617999,,0.144268112,-0.320877494,1.03307025,-0.834064847,-0.0615119464,-0.517647398,1.50296428
1781682697.561492,2026-06-17T15:51:37.561,1781682691.102503,left,base,1,pelvis,1000,0.001,-0.007024,0.246199032,-0.0581875,-0.692282689,0.721025784,0.0154154072,0.0250771307,0.0210590079,-0.0613672393,0.00661948948,-0.032594569,-0.0491769312,0.000890152304,0.1180262,1,1,0.00598813233,0.00054089205,11000,112.569238,,0.00314775194,-0.0528477722,-1.57165763,-0.0152419079,1.52815781,-0.0141282926,0.125703319
1781682697.679206,2026-06-17T15:51:37.679,1781682689.852154,right,base,1,pelvis,1000,0.001,-0.1161611,-0.158421733,0.092398,0.207718906,-0.677934227,-0.53212377,0.462711933,0.139784245,-0.316391385,1.03954942,-0.833105726,-0.0663445603,-0.517663613,1.50285068,1,1,0.0527649036,0.16069803,11000,116.295049,,0.139784245,-0.316391385,1.03954942,-0.833105726,-0.0663445603,-0.517663613,1.50285068
1781682697.793559,2026-06-17T15:51:37.793,1781682691.102503,left,base,1,pelvis,1000,0.001,-0.007024,0.246199032,-0.0581875,-0.692282689,0.721025784,0.0154154072,0.0250771307,0.0211892653,-0.0613567363,0.013993614,-0.0329825143,-0.0567598104,-0.000134852976,0.119018635,1,1,0.00598801608,0.000328074773,11000,111.61662,,0.00337709328,-0.0688796146,-1.59938338,0.0144151135,1.55684308,-0.0145013001,0.112141342
1781682697.912631,2026-06-17T15:51:37.912,1781682689.968851,right,base,1,pelvis,1000,0.001,-0.1138644,-0.160734613,0.085063,0.177750273,-0.691203928,-0.532124462,0.455505793,0.144268112,-0.320877494,1.03307025,-0.834064847,-0.0615119464,-0.517647398,1.50296428,1,1,0.054262643,0.113125469,11000,116.150505,,0.144268112,-0.320877494,1.03307025,-0.834064847,-0.0615119464,-0.517647398,1.50296428
1781682698.026953,2026-06-17T15:51:38.026,1781682691.169229,left,base,1,pelvis,1000,0.001,-0.00674305,0.246383382,-0.058271,-0.691427607,0.721838407,0.0146057175,0.0257653305,0.0205801452,-0.0610694554,-0.039541371,-0.0323835534,-0.00324959406,-0.000607301493,0.119244324,1,1,0.00608042903,0.000842241807,11000,112.326232,,0.0159057376,-0.0603039379,-0.0412790708,-0.0237214831,-0.00526584948,-0.00544087251,0.119068011
1781682698.045244,2026-06-17T15:51:38.045,1781682690.252220,right,base,1,pelvis,1000,0.001,-0.1105101,-0.207034718,-0.0189535,-0.511971415,-0.824018228,-0.231403248,0.0730189471,0.139784245,-0.316391385,1.03954942,-0.833105726,-0.0663445603,-0.517663613,1.50285068,1,1,9.98552312e-07,0.000518494636,2145,17.567205,,0.406397453,0.0139187826,-0.0350101616,-0.322013243,0.450071271,-0.387533977,0.346299315
1781682698.157707,2026-06-17T15:51:38.157,1781682691.169229,left,base,1,pelvis,1000,0.001,-0.00674305,0.246383382,-0.058271,-0.691427607,0.721838407,0.0146057175,0.0257653305,0.0176917944,-0.0623807623,-0.301435069,-0.0245261705,0.258686188,-0.00294007021,0.118051751,1,1,0.00641219403,0.00247689555,11000,110.651444,,-0.0378565157,-0.0733978096,-0.301816687,0.0780102304,0.258217285,-0.0495007942,0.107262649
1781682698.165211,2026-06-17T15:51:38.165,1781682690.252220,right,base,1,pelvis,1000,0.001,-0.1105101,-0.207034718,-0.0189535,-0.511971415,-0.824018228,-0.231403248,0.0730189471,0.143893872,-0.320503067,1.03361102,-0.833984795,-0.0619152945,-0.517648751,1.5029548,1,1,6.18552646e-07,0.000518981029,1052,5.955138,,0.331680809,0.152101284,-0.954369534,-0.321974145,1.32816504,-0.487980031,0.436685309
1781682698.278702,2026-06-17T15:51:38.278,1781682691.169229,left,base,1,pelvis,1000,0.001,-0.00674305,0.246383382,-0.058271,-0.691427607,0.721838407,0.0146057175,0.0257653305,0.0173038748,-0.0619296898,-0.244930916,-0.0243513978,0.201357562,-0.00348322784,0.118272476,1,1,0.00639776868,0.00221045822,11000,111.35843,,0.0429946556,-0.051210323,-0.247016632,-0.0748345736,0.199306503,0.0176262445,0.12343836
1781682698.395259,2026-06-17T15:51:38.395,1781682690.335585,right,base,1,pelvis,1000,0.001,-0.10178515,-0.218503968,-0.047203,0.633879081,0.768984057,0.0801963651,0.0207213527,0.16209012,-0.297321581,0.959536239,-0.798495902,-0.0264253607,-0.508629443,1.42277765,1,1,0.00803622178,0.0052241722,11000,115.982183,,0.23173764,0.0606669792,0.557759671,-0.0463405169,-0.326495301,-0.318160186,-0.0522590562
1781682698.510750,2026-06-17T15:51:38.510,1781682691.169229,left,base,1,pelvis,1000,0.001,-0.00674305,0.246383382,-0.058271,-0.691427607,0.721838407,0.0146057175,0.0257653305,0.000834980499,-0.0653536549,-0.261914947,0.00621007607,0.218333815,-0.017222406,0.114985341,1,1,0.00613194425,0.00292747904,11000,113.944037,,0.0108795779,-0.0601950631,-0.262770339,-0.0139486857,0.217486744,-0.00950597271,0.118449949
1781682698.627568,2026-06-17T15:51:38.627,1781682690.335585,right,base,1,pelvis,1000,0.001,-0.10178515,-0.218503968,-0.047203,0.633879081,0.768984057,0.0801963651,0.0207213527,0.179938642,-0.250022205,0.758107795,-0.748344512,0.116138103,-0.496397216,1.31899665,1,1,0.00852731891,0.00316832388,11000,115.042992,,0.162058378,0.0945144505,0.387456383,0.0952288755,-0.167160682,-0.38126518,-0.0401104135
1781682698.747081,2026-06-17T15:51:38.747,1781682691.169229,left,base,1,pelvis,1000,0.001,-0.00674305,0.246383382,-0.058271,-0.691427607,0.721838407,0.0146057175,0.0257653305,0.0302832416,-0.0554746288,-0.25150857,-0.050399089,0.20504336,0.0071191516,0.12088972,1,1,0.00641770456,0.0016418471,11000,117.074585,,-0.0372179576,-0.0716620245,-0.249820782,0.0761037839,0.206698985,-0.0496389401,0.110395522
1781682698.874120,2026-06-17T15:51:38.874,1781682690.335585,right,base,1,pelvis,1000,0.001,-0.10178515,-0.218503968,-0.047203,0.633879081,0.768984057,0.0801963651,0.0207213527,0.194060041,-0.165322382,0.703489059,-0.556964775,-0.00453224231,-0.447806387,0.945166078,1,1,0.00800792542,0.00258131185,11000,125.459205,,0.226967145,0.0663515749,0.455655978,-0.0336476499,-0.227377034,-0.324124041,-0.0505410426
1781682698.991187,2026-06-17T15:51:38.991,1781682691.486432,left,base,1,pelvis,1000,0.001,-0.00720845,0.246303582,-0.0575265,-0.690796189,0.722492129,0.0146198571,0.0243312381,0.0120435846,-0.0599118889,-0.262094756,0.0490364782,0.216740277,-0.0391934744,0.118596308,1,1,0.00557031226,0.00345888938,11000,114.526897,,0.0364722298,-0.0515943265,-0.264891827,-0.0632626605,0.213875854,0.0162257086,0.123422907
1781682699.111020,2026-06-17T15:51:39.111,1781682690.335585,right,base,1,pelvis,1000,0.001,-0.10178515,-0.218503968,-0.047203,0.633879081,0.768984057,0.0801963651,0.0207213527,0.178126881,-0.035953424,0.546141013,-0.232247097,-0.0855025633,-0.387297836,0.454611326,1,1,0.00871771269,0.0116498346,11000,117.630713,,0.262969104,0.0489243786,0.433696276,-0.104750982,-0.195986304,-0.295498399,-0.0502190919
1781682699.227624,2026-06-17T15:51:39.227,1781682691.486432,left,base,1,pelvis,1000,0.001,-0.00720845,0.246303582,-0.0575265,-0.690796189,0.722492129,0.0146198571,0.0243312381,-0.0372179576,-0.0716620245,-0.249820782,0.0761037839,0.206698985,-0.0496389401,0.110395522,1,1,0.00550739944,0.00098209535,11000,114.561877,,0.034818336,-0.0527237458,-0.25300367,-0.0591412875,0.203474608,0.0109886543,0.122080112
1781682699.343141,2026-06-17T15:51:39.343,1781682690.385592,right,base,1,pelvis,1000,0.001,-0.1040964,-0.222959518,-0.057492,0.659579986,0.749324426,0.0450717784,0.0378903909,0.212793746,0.0366627594,0.48191465,-0.0912810246,-0.186205195,-0.316510588,0.0960537046,1,1,0.01966093,0.0626013615,11000,114.257871,,0.145654694,0.123918585,-2.47852561,-0.135478216,2.58124807,-0.38075965,-0.0131114773
1781682699.461700,2026-06-17T15:51:39.461,1781682691.486432,left,base,1,pelvis,1000,0.001,-0.00720845,0.246303582,-0.0575265,-0.690796189,0.722492129,0.0146198571,0.0243312381,0.0340285383,-0.0522598054,-0.264392045,-0.0586410329,0.213637856,0.0140415252,0.122990897,1,1,0.00554182017,0.00197900149,11000,116.990895,,-0.0296408979,-0.0693680908,-0.262234927,0.0620898836,0.215829261,-0.0409889879,0.110559165
1781682699.581447,2026-06-17T15:51:39.581,1781682690.385592,right,base,1,pelvis,1000,0.001,-0.1040964,-0.222959518,-0.057492,0.659579986,0.749324426,0.0450717784,0.0378903909,0.258881995,0.0479255899,0.437623977,-0.103653767,-0.195189569,-0.297209979,-0.0383042209,1,1,0.0198722876,0.0645164327,11000,118.569323,,0.252658603,0.0651982267,0.42402651,-0.0760067048,-0.215661286,-0.325130697,-0.103796375
1781682699.698964,2026-06-17T15:51:39.698,1781682691.486432,left,base,1,pelvis,1000,0.001,-0.00720845,0.246303582,-0.0575265,-0.690796189,0.722492129,0.0146198571,0.0243312381,0.034818336,-0.0527237458,-0.25300367,-0.0591412875,0.203474608,0.0109886543,0.122080112,1,1,0.00550739944,0.00098209535,11000,115.143895,,0.034818336,-0.0527237458,-0.25300367,-0.0591412875,0.203474608,0.0109886543,0.122080112
1781682699.816834,2026-06-17T15:51:39.816,1781682690.385592,right,base,1,pelvis,1000,0.001,-0.1040964,-0.222959518,-0.057492,0.659579986,0.749324426,0.0450717784,0.0378903909,0.236618494,0.062867835,-0.0623760233,-0.1099113,0.304810431,-0.313638068,-0.0333506571,1,1,0.0212718182,0.0324572296,11000,116.803612,,0.252173172,-0.017210502,-1.89779096,0.177964282,2.09293922,-0.311573608,-0.167428064
1781682699.935253,2026-06-17T15:51:39.935,1781682691.486432,left,base,1,pelvis,1000,0.001,-0.00720845,0.246303582,-0.0575265,-0.690796189,0.722492129,0.0146198571,0.0243312381,-0.0290538102,-0.0692164959,-0.26215085,0.0609857234,0.215716736,-0.0405155812,0.110664097,1,1,0.00553817117,0.00162810283,11000,114.247802,,0.0366417623,-0.051491451,-0.264154065,-0.062782669,0.213681644,0.0135012364,0.122260536
1781682700.053331,2026-06-17T15:51:40.053,1781682690.568939,right,base,1,pelvis,1000,0.001,-0.10696805,-0.228291718,-0.074933,0.690156391,0.722647105,-0.00356712169,0.0381128923,0.240703804,0.0634613705,0.00680750897,-0.101276023,0.206475319,-0.316565165,-0.0512927185,1,1,0.0358870301,0.0387709885,11000,117.527302,,0.253631002,0.0960878932,-0.0854203,-0.116212589,0.136455736,-0.196540176,-0.17393497
1781682700.170682,2026-06-17T15:51:40.170,1781682691.486432,left,base,1,pelvis,1000,0.001,-0.00720845,0.246303582,-0.0575265,-0.690796189,0.722492129,0.0146198571,0.0243312381,0.0347205402,-0.0527489982,-0.253017675,-0.0589573588,0.203493352,0.0109097952,0.122062633,1,1,0.00550596837,0.00097992,11000,114.362399,,0.0347205402,-0.0527489982,-0.253017675,-0.0589573588,0.203493352,0.0109097952,0.122062633
1781682700.289334,2026-06-17T15:51:40.289,1781682690.568939,right,base,1,pelvis,1000,0.001,-0.10696805,-0.228291718,-0.074933,0.690156391,0.722647105,-0.00356712169,0.0381128923,0.244407203,0.0374128423,-0.493192491,-0.0111107801,0.706475319,-0.289120497,-0.0887922175,1,1,0.0350118515,0.0062421507,11000,117.127402,,0.235656911,0.107346825,-0.568927704,-0.0946965925,0.632671283,-0.193021901,-0.12505403
1781682700.402702,2026-06-17T15:51:40.402,1781682691.486432,left,base,1,pelvis,1000,0.001,-0.00720845,0.246303582,-0.0575265,-0.690796189,0.722492129,0.0146198571,0.0243312381,0.0366417623,-0.051491451,-0.264154065,-0.062782669,0.213681644,0.0135012364,0.122260536,1,1,0.00553348952,0.00156607195,11000,111.964519,,-0.0296358134,-0.0693277566,-0.262073337,0.0623779725,0.215789066,-0.0420536101,0.110085262
1781682700.521853,2026-06-17T15:51:40.521,1781682690.652288,right,base,1,pelvis,1000,0.001,-0.103469,-0.229542368,-0.0819575,0.694970014,0.718028641,-0.0105271161,0.0366159949,0.24812182,0.0610425139,-0.397652189,-0.0534374792,0.542097193,-0.248919646,-0.123080987,1,1,0.0415404614,0.0223860678,11000,117.368356,,0.198576998,0.0828821302,-0.453105208,-0.029112017,0.490000122,-0.205053125,-0.158770204
1781682700.635607,2026-06-17T15:51:40.635,1781682691.486432,left,base,1,pelvis,1000,0.001,-0.00720845,0.246303582,-0.0575265,-0.690796189,0.722492129,0.0146198571,0.0243312381,0.0347205402,-0.0527489982,-0.253017675,-0.0589573588,0.203493352,0.0109097952,0.122062633,1,1,0.00527296625,0.000879706879,11000,111.278212,,0.00351786917,-0.0613582081,-1.62602962,0.00163318873,1.57985453,-0.0145513427,0.115155076
1781682700.750808,2026-06-17T15:51:40.750,1781682690.652288,right,base,1,pelvis,1000,0.001,-0.103469,-0.229542368,-0.0819575,0.694970014,0.718028641,-0.0105271161,0.0366159949,0.241979263,0.0838607217,-0.482054704,-0.0737694744,0.586731016,-0.221373909,-0.124053279,1,1,0.0441422369,0.0559958571,11000,114.630792,,0.241979263,0.0838607217,-0.482054704,-0.0737694744,0.586731016,-0.221373909,-0.124053279
1781682700.867860,2026-06-17T15:51:40.867,1781682691.486432,left,base,1,pelvis,1000,0.001,-0.00720845,0.246303582,-0.0575265,-0.690796189,0.722492129,0.0146198571,0.0243312381,-0.0287607527,-0.0691023333,-0.261950206,0.0607281622,0.21562188,-0.0413334607,0.11024812,1,1,0.00551976458,0.00154108747,11000,115.309639,,-0.0287607527,-0.0691023333,-0.261950206,0.0607281622,0.21562188,-0.0413334607,0.11024812
1781682700.985996,2026-06-17T15:51:40.985,1781682690.785626,right,base,1,pelvis,1000,0.001,-0.1020134,-0.230919418,-0.0879845,0.697220147,0.715763909,-0.0111902303,0.0379588034,0.21586428,0.0832719069,-0.4646359,-0.0622422138,0.528528395,-0.211553754,-0.144942325,1,1,0.0480155161,0.02871162,11000,117.602705,,0.21586428,0.0832719069,-0.4646359,-0.0622422138,0.528528395,-0.211553754,-0.144942325
1781682701.102787,2026-06-17T15:51:41.102,1781682691.486432,left,base,1,pelvis,1000,0.001,-0.00720845,0.246303582,-0.0575265,-0.690796189,0.722492129,0.0146198571,0.0243312381,-0.0213808888,-0.0673317934,-0.573819792,0.0472172737,0.527526499,-0.0352102629,0.111369998,1,1,0.00556456277,0.00430871593,11000,115.16528,,-0.0249393475,-0.0793034108,-0.574763633,0.0621186599,0.526599515,-0.0400025523,0.104603868
1781682701.220646,2026-06-17T15:51:41.220,1781682690.785626,right,base,1,pelvis,1000,0.001,-0.1020134,-0.230919418,-0.0879845,0.697220147,0.715763909,-0.0111902303,0.0379588034,0.235569902,0.0837162098,-0.477779633,-0.0709403563,0.547697224,-0.214168225,-0.130406022,1,1,0.0493139417,0.0269479403,11000,116.752958,,0.235569902,0.0837162098,-0.477779633,-0.0709403563,0.547697224,-0.214168225,-0.130406022
1781682701.337539,2026-06-17T15:51:41.337,1781682691.486432,left,base,1,pelvis,1000,0.001,-0.00720845,0.246303582,-0.0575265,-0.690796189,0.722492129,0.0146198571,0.0243312381,-0.0253313919,-0.0682795783,-0.406873386,0.0544497657,0.360561339,-0.038488062,0.110769447,1,1,0.00559038822,0.00329358204,11000,115.837863,,-0.028047269,-0.0736175609,-0.407188055,0.0623057702,0.36028542,-0.041539518,0.108005135
1781682701.457723,2026-06-17T15:51:41.457,1781682690.785626,right,base,1,pelvis,1000,0.001,-0.1020134,-0.230919418,-0.0879845,0.697220147,0.715763909,-0.0111902303,0.0379588034,0.233435253,0.0833088892,-0.475474096,-0.0707068659,0.545342358,-0.213650243,-0.131421707,1,1,0.0490886962,0.0274874105,11000,118.55264,,0.233435253,0.0833088892,-0.475474096,-0.0707068659,0.545342358,-0.213650243,-0.131421707
1781682701.578522,2026-06-17T15:51:41.578,1781682691.486432,left,base,1,pelvis,1000,0.001,-0.00720845,0.246303582,-0.0575265,-0.690796189,0.722492129,0.0146198571,0.0243312381,-0.0250073652,-0.077390831,-0.545635516,0.0607881451,0.497792723,-0.0397397958,0.105673565,1,1,0.00555820867,0.00321903615,11000,117.355127,,0.0329251744,-0.0423651384,-0.547434636,-0.0628132619,0.495915316,0.00992426278,0.130619252
1781682701.696546,2026-06-17T15:51:41.696,1781682691.068995,right,base,1,pelvis,1000,0.001,-0.1048628,-0.236343318,-0.090086,0.703145361,0.709119117,0.0115733364,0.0510170239,0.233868284,0.0833506737,-0.475866131,-0.0709320215,0.545722558,-0.213702133,-0.131133521,1,1,0.0497105239,0.0589843246,11000,117.562239,,0.233868284,0.0833506737,-0.475866131,-0.0709320215,0.545722558,-0.213702133,-0.131133521
1781682701.813311,2026-06-17T15:51:41.813,1781682691.486432,left,base,1,pelvis,1000,0.001,-0.00720845,0.246303582,-0.0575265,-0.690796189,0.722492129,0.0146198571,0.0243312381,-0.0280416957,-0.0521457986,-0.433949387,-0.0518364047,0.384181916,-0.00809514245,0.10800086,1,1,0.00527110677,8.88456178e-05,11000,113.580699,,0.00387911995,-0.060361105,-0.0858391153,-0.000885818999,0.0387652579,-0.0142453188,0.115835126
1781682701.931271,2026-06-17T15:51:41.931,1781682691.185668,right,base,1,pelvis,1000,0.001,-0.10412275,-0.237156468,-0.092398,0.705363042,0.706447823,0.0303743928,0.0497176921,0.233435253,0.0833088892,-0.475474096,-0.0707068659,0.545342358,-0.213650243,-0.131421707,1,1,0.0563132094,0.0739317486,11000,116.068319,,0.186571309,0.059935152,-0.490928454,-0.0326302725,0.531697424,-0.263814849,-0.150870031
1781682702.047564,2026-06-17T15:51:42.047,1781682691.486432,left,base,1,pelvis,1000,0.001,-0.00720845,0.246303582,-0.0575265,-0.690796189,0.722492129,0.0146198571,0.0243312381,0.0327599846,-0.0423916391,-0.347754549,-0.0627835201,0.305240099,0.00987543918,0.130557967,1,1,0.0052759813,0.00225427925,11000,113.990106,,0.00925627118,-0.0603333905,-0.0448778915,-0.0110298051,-0.00470482423,-0.00937325641,0.115532869
1781682702.162406,2026-06-17T15:51:42.162,1781682691.519071,right,base,1,pelvis,1000,0.001,-0.14206495,-0.261179068,-0.0901865,0.721896017,0.689668309,0.0352114312,0.0445412014,0.233435253,0.0833088892,-0.475474096,-0.0707068659,0.545342358,-0.213650243,-0.131421707,1,1,0.0691117124,0.106490496,11000,113.848085,,0.214640309,0.0433762395,-0.498079548,-0.0473115549,0.524881142,-0.289955908,-0.128991139
1781682702.276835,2026-06-17T15:51:42.276,1781682691.486432,left,base,1,pelvis,1000,0.001,-0.00720845,0.246303582,-0.0575265,-0.690796189,0.722492129,0.0146198571,0.0243312381,0.00801743154,-0.0577862774,-0.0829759836,-0.00975508164,0.0340814001,-0.0107890784,0.117944748,1,1,0.00536392634,0.00178867799,11000,111.857304,,-0.00615271391,-0.0603033907,-0.0821033301,0.0169437621,0.034973364,-0.0225246215,0.116352362
1781682702.396576,2026-06-17T15:51:42.396,1781682691.519071,right,base,1,pelvis,1000,0.001,-0.14206495,-0.261179068,-0.0901865,0.721896017,0.689668309,0.0352114312,0.0445412014,0.186571309,0.059935152,-0.490928454,-0.0326302725,0.531697424,-0.263814849,-0.150870031,1,1,0.0636998298,0.0872429588,11000,118.252753,,0.244770578,0.0597392977,-0.508658671,-0.080406464,0.515927957,-0.280228268,-0.112355301
1781682702.514357,2026-06-17T15:51:42.514,1781682691.486432,left,base,1,pelvis,1000,0.001,-0.00720845,0.246303582,-0.0575265,-0.690796189,0.722492129,0.0146198571,0.0243312381,-0.00151705499,-0.0603215489,-0.0773417549,0.014594653,0.0302899242,-0.021625186,0.115544082,1,1,0.00527106102,8.89288375e-05,11000,115.984602,,0.00342220282,-0.0603402062,-1.1569095,-0.000124632423,1.10986274,-0.0146206054,0.115870064
1781682702.631156,2026-06-17T15:51:42.631,1781682691.519071,right,base,1,pelvis,1000,0.001,-0.14206495,-0.261179068,-0.0901865,0.721896017,0.689668309,0.0352114312,0.0445412014,0.214640309,0.0433762395,-0.498079548,-0.0473115549,0.524881142,-0.289955908,-0.128991139,1,1,0.0691117124,0.106490496,11000,116.190022,,0.214640309,0.0433762395,-0.498079548,-0.0473115549,0.524881142,-0.289955908,-0.128991139
1781682702.748877,2026-06-17T15:51:42.748,1781682691.486432,left,base,1,pelvis,1000,0.001,-0.00720845,0.246303582,-0.0575265,-0.690796189,0.722492129,0.0146198571,0.0243312381,-0.00615271391,-0.0603033907,-0.0821033301,0.0169437621,0.034973364,-0.0225246215,0.116352362,1,1,0.00534309459,0.000700230733,11000,115.181265,,0.0189784799,-0.0587624537,-0.0826574604,-0.0287012548,0.0343989468,-0.00176345802,0.116599728
1781682702.865906,2026-06-17T15:51:42.865,1781682691.519071,right,base,1,pelvis,1000,0.001,-0.14206495,-0.261179068,-0.0901865,0.721896017,0.689668309,0.0352114312,0.0445412014,0.244770578,0.0597392977,-0.508658671,-0.080406464,0.515927957,-0.280228268,-0.112355301,1,1,0.0636998298,0.0872429588,11000,116.449333,,0.244770578,0.0597392977,-0.508658671,-0.080406464,0.515927957,-0.280228268,-0.112355301
1781682702.981072,2026-06-17T15:51:42.981,1781682691.486432,left,base,1,pelvis,1000,0.001,-0.00720845,0.246303582,-0.0575265,-0.690796189,0.722492129,0.0146198571,0.0243312381,-0.00511434134,-0.0603073832,-0.198663012,0.0150927431,0.151542069,-0.0216674534,0.116300058,1,1,0.00536444356,0.00129164915,11000,114.177907,,0.0171916055,-0.056903148,-0.199168302,-0.0259387101,0.151011772,-0.00316107033,0.1181997
1781682703.099638,2026-06-17T15:51:43.099,1781682691.519071,right,base,1,pelvis,1000,0.001,-0.14206495,-0.261179068,-0.0901865,0.721896017,0.689668309,0.0352114312,0.0445412014,0.214640309,0.0433762395,-0.498079548,-0.0473115549,0.524881142,-0.289955908,-0.128991139,1,1,0.0691117124,0.106490496,11000,118.082966,,0.214640309,0.0433762395,-0.498079548,-0.0473115549,0.524881142,-0.289955908,-0.128991139
1781682703.216984,2026-06-17T15:51:43.216,1781682691.486432,left,base,1,pelvis,1000,0.001,-0.00720845,0.246303582,-0.0575265,-0.690796189,0.722492129,0.0146198571,0.0243312381,0.00946274086,-0.0593726415,-0.128475198,-0.0114043077,0.0806659807,-0.0096247717,0.11648137,1,1,0.00529976212,0.000253553551,11000,114.905043,,-0.00728434257,-0.0616792417,-0.127858951,0.0195218136,0.081291738,-0.0234922737,0.115210538
1781682703.335267,2026-06-17T15:51:43.335,1781682691.519071,right,base,1,pelvis,1000,0.001,-0.14206495,-0.261179068,-0.0901865,0.721896017,0.689668309,0.0352114312,0.0445412014,0.244770578,0.0597392977,-0.508658671,-0.080406464,0.515927957,-0.280228268,-0.112355301,1,1,0.0636998298,0.0872429588,11000,116.413509,,0.244770578,0.0597392977,-0.508658671,-0.080406464,0.515927957,-0.280228268,-0.112355301
1781682703.451923,2026-06-17T15:51:43.451,1781682691.486432,left,base,1,pelvis,1000,0.001,-0.00720845,0.246303582,-0.0575265,-0.690796189,0.722492129,0.0146198571,0.0243312381,0.0169650884,-0.0569755238,-0.197096432,-0.0255127366,0.148950081,-0.00335050816,0.11814934,1,1,0.00539263331,0.000587675965,11000,115.675233,,-0.0184265996,-0.064455637,-0.196008532,0.0404399534,0.150063599,-0.03277553,0.11336937
1781682703.570152,2026-06-17T15:51:43.570,1781682691.519071,right,base,1,pelvis,1000,0.001,-0.14206495,-0.261179068,-0.0901865,0.721896017,0.689668309,0.0352114312,0.0445412014,0.214640309,0.0433762395,-0.498079548,-0.0473115549,0.524881142,-0.289955908,-0.128991139,1,1,0.0691117124,0.106490496,11000,117.541666,,0.214640309,0.0433762395,-0.498079548,-0.0473115549,0.524881142,-0.289955908,-0.128991139
1781682703.687262,2026-06-17T15:51:43.687,1781682691.486432,left,base,1,pelvis,1000,0.001,-0.00720845,0.246303582,-0.0575265,-0.690796189,0.722492129,0.0146198571,0.0243312381,-0.00728434257,-0.0616792417,-0.127858951,0.0195218136,0.081291738,-0.0234922737,0.115210538,1,1,0.00529976212,0.000253553551,11000,116.085572,,-0.00728434257,-0.0616792417,-0.127858951,0.0195218136,0.081291738,-0.0234922737,0.115210538
1781682703.805966,2026-06-17T15:51:43.805,1781682691.519071,right,base,1,pelvis,1000,0.001,-0.14206495,-0.261179068,-0.0901865,0.721896017,0.689668309,0.0352114312,0.0445412014,0.244770578,0.0597392977,-0.508658671,-0.080406464,0.515927957,-0.280228268,-0.112355301,1,1,0.0636998298,0.0872429588,11000,117.227879,,0.244770578,0.0597392977,-0.508658671,-0.080406464,0.515927957,-0.280228268,-0.112355301
1781682703.924072,2026-06-17T15:51:43.924,1781682691.486432,left,base,1,pelvis,1000,0.001,-0.00720845,0.246303582,-0.0575265,-0.690796189,0.722492129,0.0146198571,0.0243312381,-0.0184265996,-0.064455637,-0.196008532,0.0404399534,0.150063599,-0.03277553,0.11336937,1,1,0.00539263331,0.000587675965,11000,116.018282,,-0.0184265996,-0.064455637,-0.196008532,0.0404399534,0.150063599,-0.03277553,0.11336937
1781682704.040300,2026-06-17T15:51:44.040,1781682691.519071,right,base,1,pelvis,1000,0.001,-0.14206495,-0.261179068,-0.0901865,0.721896017,0.689668309,0.0352114312,0.0445412014,0.214640309,0.0433762395,-0.498079548,-0.0473115549,0.524881142,-0.289955908,-0.128991139,1,1,0.0691117124,0.106490496,11000,115.762112,,0.214640309,0.0433762395,-0.498079548,-0.0473115549,0.524881142,-0.289955908,-0.128991139
1781682704.156786,2026-06-17T15:51:44.156,1781682691.486432,left,base,1,pelvis,1000,0.001,-0.00720845,0.246303582,-0.0575265,-0.690796189,0.722492129,0.0146198571,0.0243312381,-0.00728434257,-0.0616792417,-0.127858951,0.0195218136,0.081291738,-0.0234922737,0.115210538,1,1,0.00529976212,0.000253553551,11000,115.588731,,-0.00728434257,-0.0616792417,-0.127858951,0.0195218136,0.081291738,-0.0234922737,0.115210538
1781682704.275193,2026-06-17T15:51:44.275,1781682691.519071,right,base,1,pelvis,1000,0.001,-0.14206495,-0.261179068,-0.0901865,0.721896017,0.689668309,0.0352114312,0.0445412014,0.244770578,0.0597392977,-0.508658671,-0.080406464,0.515927957,-0.280228268,-0.112355301,1,1,0.0636998298,0.0872429588,11000,116.734686,,0.244770578,0.0597392977,-0.508658671,-0.080406464,0.515927957,-0.280228268,-0.112355301
1781682704.390922,2026-06-17T15:51:44.390,1781682691.486432,left,base,1,pelvis,1000,0.001,-0.00720845,0.246303582,-0.0575265,-0.690796189,0.722492129,0.0146198571,0.0243312381,-0.0184265996,-0.064455637,-0.196008532,0.0404399534,0.150063599,-0.03277553,0.11336937,1,1,0.00539263331,0.000587675965,11000,112.135328,,-0.0184265996,-0.064455637,-0.196008532,0.0404399534,0.150063599,-0.03277553,0.11336937
1781682704.523103,2026-06-17T15:51:44.523,1781682691.519071,right,base,1,pelvis,1000,0.001,-0.14206495,-0.261179068,-0.0901865,0.721896017,0.689668309,0.0352114312,0.0445412014,0.214640309,0.0433762395,-0.498079548,-0.0473115549,0.524881142,-0.289955908,-0.128991139,1,1,0.0691117124,0.106490496,11000,131.361584,,0.214640309,0.0433762395,-0.498079548,-0.0473115549,0.524881142,-0.289955908,-0.128991139
1781682704.638679,2026-06-17T15:51:44.638,1781682691.486432,left,base,1,pelvis,1000,0.001,-0.00720845,0.246303582,-0.0575265,-0.690796189,0.722492129,0.0146198571,0.0243312381,-0.00728434257,-0.0616792417,-0.127858951,0.0195218136,0.081291738,-0.0234922737,0.115210538,1,1,0.00529976212,0.000253553551,11000,114.686169,,-0.00728434257,-0.0616792417,-0.127858951,0.0195218136,0.081291738,-0.0234922737,0.115210538
1781682704.757542,2026-06-17T15:51:44.757,1781682691.519071,right,base,1,pelvis,1000,0.001,-0.14206495,-0.261179068,-0.0901865,0.721896017,0.689668309,0.0352114312,0.0445412014,0.244770578,0.0597392977,-0.508658671,-0.080406464,0.515927957,-0.280228268,-0.112355301,1,1,0.0636998298,0.0872429588,11000,118.348804,,0.244770578,0.0597392977,-0.508658671,-0.080406464,0.515927957,-0.280228268,-0.112355301
1781682704.873083,2026-06-17T15:51:44.873,1781682691.486432,left,base,1,pelvis,1000,0.001,-0.00720845,0.246303582,-0.0575265,-0.690796189,0.722492129,0.0146198571,0.0243312381,-0.0184265996,-0.064455637,-0.196008532,0.0404399534,0.150063599,-0.03277553,0.11336937,1,1,0.00539263331,0.000587675965,11000,112.98163,,-0.0184265996,-0.064455637,-0.196008532,0.0404399534,0.150063599,-0.03277553,0.11336937
1781682704.987512,2026-06-17T15:51:44.987,1781682691.519071,right,base,1,pelvis,1000,0.001,-0.14206495,-0.261179068,-0.0901865,0.721896017,0.689668309,0.0352114312,0.0445412014,0.214640309,0.0433762395,-0.498079548,-0.0473115549,0.524881142,-0.289955908,-0.128991139,1,1,0.0691117124,0.106490496,11000,112.634618,,0.214640309,0.0433762395,-0.498079548,-0.0473115549,0.524881142,-0.289955908,-0.128991139
1781682705.104620,2026-06-17T15:51:45.104,1781682691.486432,left,base,1,pelvis,1000,0.001,-0.00720845,0.246303582,-0.0575265,-0.690796189,0.722492129,0.0146198571,0.0243312381,-0.00728434257,-0.0616792417,-0.127858951,0.0195218136,0.081291738,-0.0234922737,0.115210538,1,1,0.00529976212,0.000253553551,11000,115.467396,,-0.00728434257,-0.0616792417,-0.127858951,0.0195218136,0.081291738,-0.0234922737,0.115210538
1781682705.222055,2026-06-17T15:51:45.222,1781682691.519071,right,base,1,pelvis,1000,0.001,-0.14206495,-0.261179068,-0.0901865,0.721896017,0.689668309,0.0352114312,0.0445412014,0.244770578,0.0597392977,-0.508658671,-0.080406464,0.515927957,-0.280228268,-0.112355301,1,1,0.0636998298,0.0872429588,11000,115.90642,,0.244770578,0.0597392977,-0.508658671,-0.080406464,0.515927957,-0.280228268,-0.112355301
1781682705.337105,2026-06-17T15:51:45.337,1781682691.486432,left,base,1,pelvis,1000,0.001,-0.00720845,0.246303582,-0.0575265,-0.690796189,0.722492129,0.0146198571,0.0243312381,-0.0184265996,-0.064455637,-0.196008532,0.0404399534,0.150063599,-0.03277553,0.11336937,1,1,0.00539263331,0.000587675965,11000,112.717784,,-0.0184265996,-0.064455637,-0.196008532,0.0404399534,0.150063599,-0.03277553,0.11336937
1781682705.454565,2026-06-17T15:51:45.454,1781682691.519071,right,base,1,pelvis,1000,0.001,-0.14206495,-0.261179068,-0.0901865,0.721896017,0.689668309,0.0352114312,0.0445412014,0.214640309,0.0433762395,-0.498079548,-0.0473115549,0.524881142,-0.289955908,-0.128991139,1,1,0.0691117124,0.106490496,11000,116.92681,,0.214640309,0.0433762395,-0.498079548,-0.0473115549,0.524881142,-0.289955908,-0.128991139
1781682705.573840,2026-06-17T15:51:45.573,1781682691.486432,left,base,1,pelvis,1000,0.001,-0.00720845,0.246303582,-0.0575265,-0.690796189,0.722492129,0.0146198571,0.0243312381,-0.00728434257,-0.0616792417,-0.127858951,0.0195218136,0.081291738,-0.0234922737,0.115210538,1,1,0.00527110677,8.88456178e-05,11000,116.69448,,0.00387911995,-0.060361105,-0.0858391153,-0.000885818999,0.0387652579,-0.0142453188,0.115835126
1781682705.698494,2026-06-17T15:51:45.698,1781682691.519071,right,base,1,pelvis,1000,0.001,-0.14206495,-0.261179068,-0.0901865,0.721896017,0.689668309,0.0352114312,0.0445412014,0.244770578,0.0597392977,-0.508658671,-0.080406464,0.515927957,-0.280228268,-0.112355301,1,1,0.0636998298,0.0872429588,11000,122.895739,,0.244770578,0.0597392977,-0.508658671,-0.080406464,0.515927957,-0.280228268,-0.112355301
1781682705.810846,2026-06-17T15:51:45.810,1781682691.486432,left,base,1,pelvis,1000,0.001,-0.00720845,0.246303582,-0.0575265,-0.690796189,0.722492129,0.0146198571,0.0243312381,-0.0184265996,-0.064455637,-0.196008532,0.0404399534,0.150063599,-0.03277553,0.11336937,1,1,0.00539263331,0.000587675965,11000,111.367456,,-0.0184265996,-0.064455637,-0.196008532,0.0404399534,0.150063599,-0.03277553,0.11336937
1781682705.927211,2026-06-17T15:51:45.927,1781682691.519071,right,base,1,pelvis,1000,0.001,-0.14206495,-0.261179068,-0.0901865,0.721896017,0.689668309,0.0352114312,0.0445412014,0.214640309,0.0433762395,-0.498079548,-0.0473115549,0.524881142,-0.289955908,-0.128991139,1,1,0.0691117124,0.106490496,11000,115.691117,,0.214640309,0.0433762395,-0.498079548,-0.0473115549,0.524881142,-0.289955908,-0.128991139
1781682706.043171,2026-06-17T15:51:46.043,1781682691.486432,left,base,1,pelvis,1000,0.001,-0.00720845,0.246303582,-0.0575265,-0.690796189,0.722492129,0.0146198571,0.0243312381,0.00381306847,-0.0603732297,-0.0861653478,-0.000763445535,0.0390948334,-0.0143001903,0.115827825,1,1,0.00527110677,8.88456178e-05,11000,113.033091,,0.00387911995,-0.060361105,-0.0858391153,-0.000885818999,0.0387652579,-0.0142453188,0.115835126
1781682706.156605,2026-06-17T15:51:46.156,1781682691.519071,right,base,1,pelvis,1000,0.001,-0.14206495,-0.261179068,-0.0901865,0.721896017,0.689668309,0.0352114312,0.0445412014,0.244770578,0.0597392977,-0.508658671,-0.080406464,0.515927957,-0.280228268,-0.112355301,1,1,0.0636998298,0.0872429588,11000,112.801059,,0.244770578,0.0597392977,-0.508658671,-0.080406464,0.515927957,-0.280228268,-0.112355301
1781682706.269845,2026-06-17T15:51:46.269,1781682691.486432,left,base,1,pelvis,1000,0.001,-0.00720845,0.246303582,-0.0575265,-0.690796189,0.722492129,0.0146198571,0.0243312381,-0.018408594,-0.0644523318,-0.195919601,0.0404065944,0.149973756,-0.032760572,0.113371361,1,1,0.00539231797,0.000584036714,11000,112.285736,,-0.018408594,-0.0644523318,-0.195919601,0.0404065944,0.149973756,-0.032760572,0.113371361
1781682706.384715,2026-06-17T15:51:46.384,1781682691.519071,right,base,1,pelvis,1000,0.001,-0.14206495,-0.261179068,-0.0901865,0.721896017,0.689668309,0.0352114312,0.0445412014,0.214640309,0.0433762395,-0.498079548,-0.0473115549,0.524881142,-0.289955908,-0.128991139,1,1,0.0691117124,0.106490496,11000,114.336716,,0.214640309,0.0433762395,-0.498079548,-0.0473115549,0.524881142,-0.289955908,-0.128991139
1781682706.499377,2026-06-17T15:51:46.499,1781682691.486432,left,base,1,pelvis,1000,0.001,-0.00720845,0.246303582,-0.0575265,-0.690796189,0.722492129,0.0146198571,0.0243312381,0.0038578301,-0.0603650131,-0.0859442673,-0.000846375322,0.0388714874,-0.0142630051,0.115832773,1,1,0.00527104422,9.23476528e-05,11000,113.730697,,0.0038578301,-0.0603650131,-0.0859442673,-0.000846375322,0.0388714874,-0.0142630051,0.115832773
1781682706.615881,2026-06-17T15:51:46.615,1781682691.519071,right,base,1,pelvis,1000,0.001,-0.14206495,-0.261179068,-0.0901865,0.721896017,0.689668309,0.0352114312,0.0445412014,0.244770578,0.0597392977,-0.508658671,-0.080406464,0.515927957,-0.280228268,-0.112355301,1,1,0.0636998298,0.0872429588,11000,115.003739,,0.244770578,0.0597392977,-0.508658671,-0.080406464,0.515927957,-0.280228268,-0.112355301
1781682706.730966,2026-06-17T15:51:46.730,1781682691.486432,left,base,1,pelvis,1000,0.001,-0.00720845,0.246303582,-0.0575265,-0.690796189,0.722492129,0.0146198571,0.0243312381,-0.0183965051,-0.0644501127,-0.195859893,0.0115100539,0.149913437,-0.0327505293,0.113372697,1,1,0.00527110783,8.87823401e-05,11000,112.618775,,0.00387912573,-0.0603610975,-0.0858391804,-0.00088581436,0.0387651928,-0.0142453234,0.115835184
1781682706.850858,2026-06-17T15:51:46.850,1781682691.519071,right,base,1,pelvis,1000,0.001,-0.14206495,-0.261179068,-0.0901865,0.721896017,0.689668309,0.0352114312,0.0445412014,0.214640309,0.0433762395,-0.498079548,-0.0473115549,0.524881142,-0.289955908,-0.128991139,1,1,0.0691117124,0.106490496,11000,118.481566,,0.214640309,0.0433762395,-0.498079548,-0.0473115549,0.524881142,-0.289955908,-0.128991139
1781682706.976452,2026-06-17T15:51:46.976,1781682691.486432,left,base,1,pelvis,1000,0.001,-0.00720845,0.246303582,-0.0575265,-0.690796189,0.722492129,0.0146198571,0.0243312381,0.0038496595,-0.0603665129,-0.0859846224,-0.000841838702,0.038912256,-0.0142697927,0.115831869,1,1,0.00527095645,9.79220952e-05,11000,123.747478,,0.0038496595,-0.0603665129,-0.0859846224,-0.000841838702,0.038912256,-0.0142697927,0.115831869
1781682707.106356,2026-06-17T15:51:47.106,1781682691.519071,right,base,1,pelvis,1000,0.001,-0.14206495,-0.261179068,-0.0901865,0.721896017,0.689668309,0.0352114312,0.0445412014,0.244770578,0.0597392977,-0.508658671,-0.080406464,0.515927957,-0.280228268,-0.112355301,1,1,0.0636998298,0.0872429588,11000,128.677081,,0.244770578,0.0597392977,-0.508658671,-0.080406464,0.515927957,-0.280228268,-0.112355301
1781682707.247658,2026-06-17T15:51:47.247,1781682691.486432,left,base,1,pelvis,1000,0.001,-0.00720845,0.246303582,-0.0575265,-0.690796189,0.722492129,0.0146198571,0.0243312381,0.0038578301,-0.0603650131,-0.0859442673,-0.000846375322,0.0388714874,-0.0142630051,0.115832773,1,1,0.00527104422,9.23476528e-05,11000,139.800162,,0.0038578301,-0.0603650131,-0.0859442673,-0.000846375322,0.0388714874,-0.0142630051,0.115832773
1781682707.395963,2026-06-17T15:51:47.395,1781682691.519071,right,base,1,pelvis,1000,0.001,-0.14206495,-0.261179068,-0.0901865,0.721896017,0.689668309,0.0352114312,0.0445412014,0.214640309,0.0433762395,-0.498079548,-0.0473115549,0.524881142,-0.289955908,-0.128991139,1,1,0.0691117124,0.106490496,11000,147.71818,,0.214640309,0.0433762395,-0.498079548,-0.0473115549,0.524881142,-0.289955908,-0.128991139
1781682707.544479,2026-06-17T15:51:47.544,1781682691.486432,left,base,1,pelvis,1000,0.001,-0.00720845,0.246303582,-0.0575265,-0.690796189,0.722492129,0.0146198571,0.0243312381,0.0038578301,-0.0603650131,-0.0859442673,-0.000846375322,0.0388714874,-0.0142630051,0.115832773,1,1,0.0052710615,8.89166767e-05,11000,147.537308,,0.00338121539,-0.0603143376,-1.72193855,-0.000163182704,1.67489392,-0.0146533395,0.115892988
1781682707.697454,2026-06-17T15:51:47.697,1781682691.519071,right,base,1,pelvis,1000,0.001,-0.14206495,-0.261179068,-0.0901865,0.721896017,0.689668309,0.0352114312,0.0445412014,0.244770578,0.0597392977,-0.508658671,-0.080406464,0.515927957,-0.280228268,-0.112355301,1,1,0.0636998298,0.0872429588,11000,151.438876,,0.244770578,0.0597392977,-0.508658671,-0.080406464,0.515927957,-0.280228268,-0.112355301
1781682710.147911,2026-06-17T15:51:50.147,1781682710.053654,left,base,1,pelvis,1000,0.001,-0.0125479321,0.244270939,-0.0522034894,0.696472522,-0.717341642,-0.0182763369,0.00360149236,0.0038578301,-0.0603650131,-0.0859442673,-0.000846375322,0.0388714874,-0.0142630051,0.115832773,1,1,2.91724825e-06,0.000545993793,11,0.099103,,-0.00263840442,-0.0563604385,-0.0765407748,0.00806832129,0.0482011543,0.0254790511,0.076498972
1781682710.164695,2026-06-17T15:51:50.164,1781682710.053654,left,base,1,pelvis,1000,0.001,-0.0125479321,0.244270939,-0.0522034894,0.696472522,-0.717341642,-0.0182763369,0.00360149236,0.0038578301,-0.0603650131,-0.0859442673,-0.000846375322,0.0388714874,-0.0142630051,0.115832773,1,1,2.91724825e-06,0.000545993793,11,0.097473,,-0.00263840442,-0.0563604385,-0.0765407748,0.00806832129,0.0482011543,0.0254790511,0.076498972
1781682710.167056,2026-06-17T15:51:50.167,1781682710.103504,right,base,1,pelvis,1000,0.001,0.142699204,-0.318886264,0.124358997,0.0341478271,-0.860258928,-0.416769038,0.291705455,0.214640309,0.0433762395,-0.498079548,-0.0473115549,0.524881142,-0.289955908,-0.128991139,1,1,0.000132566006,0.000964137811,340,2.081071,,-0.130378266,-0.579467277,0.668263714,-0.779963266,-0.0535273217,-0.46903143,1.57
1781682710.181403,2026-06-17T15:51:50.181,1781682710.053654,left,base,1,pelvis,1000,0.001,-0.0125479321,0.244270939,-0.0522034894,0.696472522,-0.717341642,-0.0182763369,0.00360149236,0.00384401719,-0.0603564982,-0.0859242727,-0.000827420054,0.038891325,-0.0141785018,0.115749137,1,1,2.91536775e-06,0.000544851905,11,0.112309,,-0.00263625384,-0.0563600802,-0.076540619,0.00806396564,0.0482011847,0.0254821114,0.0764982181
1781682710.183795,2026-06-17T15:51:50.183,1781682710.103504,right,base,1,pelvis,1000,0.001,0.142699204,-0.318886264,0.124358997,0.0341478271,-0.860258928,-0.416769038,0.291705455,0.214640309,0.0433762395,-0.498079548,-0.0473115549,0.524881142,-0.289955908,-0.128991139,1,1,0.000132566006,0.000964137811,340,2.165436,,-0.130378266,-0.579467277,0.668263714,-0.779963266,-0.0535273217,-0.46903143,1.57
1781682710.333136,2026-06-17T15:51:50.333,1781682710.120196,left,base,1,pelvis,1000,0.001,-0.0125073821,0.243452039,-0.0538859894,0.694497081,-0.71925307,-0.0177526086,0.00580260772,0.00368919069,-0.0602610561,-0.0857001567,-0.000614953704,0.0391136814,-0.0132313187,0.114811684,1,1,0.00171641808,2.70619645e-05,11000,133.969979,,0.00115195496,-0.0562860958,-0.609026728,-0.000384347962,0.575260439,0.0331256948,0.0728086553
1781682710.335910,2026-06-17T15:51:50.335,1781682710.103504,right,base,1,pelvis,1000,0.001,0.142699204,-0.318886264,0.124358997,0.0341478271,-0.860258928,-0.416769038,0.291705455,0.21463992,0.0433755373,-0.498078234,-0.0473123808,0.52488049,-0.28995611,-0.128989223,1,1,0.000132565887,0.000964136946,340,2.446485,,-0.130378267,-0.579467277,0.668263716,-0.779963266,-0.0535273234,-0.46903143,1.57
1781682710.482589,2026-06-17T15:51:50.482,1781682710.170173,left,base,1,pelvis,1000,0.001,-0.0125794321,0.243466289,-0.0535259894,0.692642826,-0.721021037,-0.0174929563,0.00828107533,-0.00263840442,-0.0563604385,-0.0765407748,0.00806832129,0.0482011543,0.0254790511,0.076498972,1,1,0.00135983093,2.14683813e-05,11000,144.991618,,0.000603174647,-0.0555760833,0.15445528,-0.000559345979,-0.193212883,0.0372603915,0.0677428929
1781682710.485976,2026-06-17T15:51:50.485,1781682710.103504,right,base,1,pelvis,1000,0.001,0.142699204,-0.318886264,0.124358997,0.0341478271,-0.860258928,-0.416769038,0.291705455,0.211686125,0.0380432099,-0.488092862,-0.0535848052,0.519928583,-0.291489223,-0.114443713,1,1,0.000132389081,0.000962851036,339,2.535044,,-0.130379298,-0.579468369,0.668267321,-0.779963266,-0.0535298819,-0.469031491,1.57
1781682710.632298,2026-06-17T15:51:50.632,1781682710.170173,left,base,1,pelvis,1000,0.001,-0.0125794321,0.243466289,-0.0535259894,0.692642826,-0.721021037,-0.0174929563,0.00828107533,-0.00233588968,-0.0563545051,-0.119039344,0.00739370001,0.0902666124,0.0260893422,0.0762044419,1,1,0.00135984667,2.14527762e-05,11000,145.393045,,0.000524055832,-0.0550745776,-1.11317557,-0.00092456644,1.07443787,0.037211265,0.0681594162
1781682710.635532,2026-06-17T15:51:50.635,1781682710.103504,right,base,1,pelvis,1000,0.001,0.142699204,-0.318886264,0.124358997,0.0341478271,-0.860258928,-0.416769038,0.291705455,0.187851428,-0.00498428956,-0.407519118,-0.104198114,0.479970762,-0.303860182,0.00292660343,1,1,0.000132825987,0.000966028654,331,2.345781,,-0.13037675,-0.579465671,0.668258414,-0.779963267,-0.0535235595,-0.469031339,1.57
1781682710.781468,2026-06-17T15:51:50.781,1781682710.170173,left,base,1,pelvis,1000,0.001,-0.0125794321,0.243466289,-0.0535259894,0.692642826,-0.721021037,-0.0174929563,0.00828107533,-0.00086123224,-0.0559639367,0.0181849003,0.00340330813,-0.0519674798,0.0316943474,0.0719589117,1,1,0.00135981909,2.14869366e-05,11000,144.110473,,0.000151944264,-0.0553607411,-2.29161819,-0.000408707127,2.25289274,0.0368956182,0.0679350728
1781682710.784070,2026-06-17T15:51:50.784,1781682710.103504,right,base,1,pelvis,1000,0.001,0.142699204,-0.318886264,0.124358997,0.0341478271,-0.860258928,-0.416769038,0.291705455,0.128807619,-0.111572909,-0.207920157,-0.229578458,0.380986413,-0.334505781,0.2936788,1,1,0.000132650162,0.000964749875,308,2.253142,,-0.130377775,-0.579466757,0.668261998,-0.779963266,-0.0535261039,-0.4690314,1.57
1781682710.928986,2026-06-17T15:51:50.928,1781682710.170173,left,base,1,pelvis,1000,0.001,-0.0125794321,0.243466289,-0.0535259894,0.692642826,-0.721021037,-0.0174929563,0.00828107533,-0.000569284834,-0.0557765056,-0.22024764,0.00249121499,0.185420777,0.0328570296,0.0711581737,1,1,0.00135983258,2.14597949e-05,11000,143.126346,,0.000650442092,-0.0554090181,-0.330145895,-0.00067531406,0.291390763,0.0373046687,0.0678792958
1781682710.931114,2026-06-17T15:51:50.931,1781682710.136836,right,base,1,pelvis,1000,0.001,0.143458404,-0.318334714,0.122946997,0.0345034994,-0.86053093,-0.41674754,0.2908909,0.0435949544,-0.265402759,0.080143224,-0.410528729,0.238131129,-0.378733842,0.713295518,1,1,0.000131755235,0.000958240431,258,1.814297,,-0.134861458,-0.571229313,0.664801008,-0.767831346,-0.0465076881,-0.474308561,1.57
1781682711.079830,2026-06-17T15:51:51.079,1781682710.220459,left,base,1,pelvis,1000,0.001,-0.0127191321,0.243019639,-0.0536119894,0.69076047,-0.722788161,-0.0172805505,0.0113414711,-0.000509263566,-0.0557419053,-0.392628772,0.00224988112,0.357477465,0.0331931242,0.0708899446,1,1,0.00148272487,2.36880968e-05,11000,146.570503,,-0.000563888785,-0.0552476575,0.418545614,0.000149614467,-0.462250754,0.0419596934,0.062719496
1781682711.081916,2026-06-17T15:51:51.081,1781682710.136836,right,base,1,pelvis,1000,0.001,0.143458404,-0.318334714,0.122946997,0.0345034994,-0.86053093,-0.41674754,0.2908909,-0.0413395553,-0.418730471,0.367266295,-0.590888334,0.0957421601,-0.422817531,1.1315425,1,1,0.000131816578,0.000958686582,192,1.451162,,-0.134861105,-0.571228934,0.664799747,-0.767831346,-0.0465067874,-0.474308543,1.57
1781682711.227410,2026-06-17T15:51:51.227,1781682710.336855,left,base,1,pelvis,1000,0.001,-0.0121375821,0.242538889,-0.0538584894,0.688142262,-0.725202395,-0.0168520844,0.0160537149,-0.00034496239,-0.0556947436,-0.383776517,0.00183545441,0.348114638,0.0337756268,0.0704634113,1,1,0.00178367456,2.93021261e-05,11000,144.755556,,-0.00280049107,-0.0541820575,2.50667057,0.000842862925,-2.55722175,0.0512460568,0.0543506707
1781682711.228616,2026-06-17T15:51:51.228,1781682710.220180,right,base,1,pelvis,1000,0.001,0.143862304,-0.317962064,0.122719497,0.0348212321,-0.861267508,-0.416163918,0.289505363,-0.0999678074,-0.51433097,0.553788806,-0.701812718,0.00656668673,-0.455096911,1.40640856,1,1,0.000130538974,0.000949394527,116,0.842199,,-0.131561588,-0.567738512,0.6538605,-0.76951091,-0.0362708544,-0.473865374,1.57
1781682711.373665,2026-06-17T15:51:51.373,1781682710.336855,left,base,1,pelvis,1000,0.001,-0.0121375821,0.242538889,-0.0538584894,0.688142262,-0.725202395,-0.0168520844,0.0160537149,-0.000389345957,-0.0556041045,-0.221119483,0.00149367931,0.183826971,0.0354348058,0.0688934654,1,1,0.00178367456,2.93021261e-05,11000,143.868937,,-0.00280049107,-0.0541820575,2.50667057,0.000842862925,-2.55722175,0.0512460568,0.0543506707
1781682711.374805,2026-06-17T15:51:51.374,1781682710.220180,right,base,1,pelvis,1000,0.001,0.143862304,-0.317962064,0.122719497,0.0348212321,-0.861267508,-0.416163918,0.289505363,-0.128290483,-0.560514538,0.643895817,-0.755399091,-0.0365130215,-0.470690732,1.53919338,1,1,0.00013254406,0.000964734462,17,0.143278,,-0.131549274,-0.56772575,0.653817392,-0.769511433,-0.0362403707,-0.473864525,1.57
1781682711.531782,2026-06-17T15:51:51.531,1781682710.336855,left,base,1,pelvis,1000,0.001,-0.0121375821,0.242538889,-0.0538584894,0.688142262,-0.725202395,-0.0168520844,0.0160537149,-0.000608491545,-0.0554748567,0.0268055179,0.00143452752,-0.0653030913,0.0368718681,0.0675716913,1,1,0.00178364468,2.93498099e-05,11000,154.123108,,-0.00318846739,-0.0544526249,0.206875651,2.91995943e-05,-0.257416345,0.0509153574,0.0541434758
1781682711.532217,2026-06-17T15:51:51.532,1781682710.253512,right,base,1,pelvis,1000,0.001,0.144459304,-0.318106864,0.122553997,0.0350629723,-0.862148512,-0.415346335,0.288024224,-0.131493192,-0.567587465,0.653652147,-0.769215844,-0.0362759179,-0.473798995,1.56935586,1,1,7.87765534e-05,0.000503911079,3,0.057709,,-0.132058877,-0.568098765,0.654007041,-0.770000471,-0.0345736227,-0.474125371,1.56781447
1781682711.679141,2026-06-17T15:51:51.679,1781682710.486864,left,base,1,pelvis,1000,0.001,-0.0120041321,0.243033089,-0.0542379894,0.687084566,-0.726250046,-0.0161245244,0.0146856952,-0.000892522897,-0.0553073405,0.348137441,0.00135786177,-0.388196877,0.0387344234,0.0658585594,1,1,0.00213988459,0.00123748304,11000,145.717085,,-0.00479160069,-0.0414103988,-1.72446368,-0.022934247,1.67255547,0.0465767875,0.0649293226
1781682711.679722,2026-06-17T15:51:51.679,1781682710.353517,right,base,1,pelvis,1000,0.001,0.145432704,-0.318417064,0.121784997,0.0350816796,-0.86326945,-0.414232226,0.286263507,-0.131561588,-0.567738512,0.6538605,-0.76951091,-0.0362708544,-0.473865374,1.57,1,1,0.00011426942,0.00050497995,4,0.044104,,-0.135418736,-0.566298822,0.654759709,-0.765068343,-0.0310902219,-0.476544878,1.56394636
1781682711.826322,2026-06-17T15:51:51.826,1781682710.486864,left,base,1,pelvis,1000,0.001,-0.0120041321,0.243033089,-0.0542379894,0.687084566,-0.726250046,-0.0161245244,0.0146856952,-0.00125114348,-0.0551738361,0.326072715,0.00115032818,-0.367769296,0.0406370538,0.0640286936,1,1,0.00210279832,3.37924188e-05,11000,144.409145,,-0.00276278588,-0.0537583625,0.0762034427,0.000209236089,-0.129913158,0.0474977464,0.0543849109
1781682711.826741,2026-06-17T15:51:51.826,1781682710.420187,right,base,1,pelvis,1000,0.001,0.146187704,-0.318878514,0.120637497,0.0349207683,-0.863906793,-0.413605205,0.285265363,-0.132047252,-0.568090344,0.654003615,-0.769989027,-0.0346132975,-0.474119293,1.56762379,1,1,0.000179483483,0.000498641997,4,0.069385,,-0.14045833,-0.562501028,0.655834692,-0.754811676,-0.0283044446,-0.481260937,1.562026
1781682711.975938,2026-06-17T15:51:51.975,1781682710.603961,left,base,1,pelvis,1000,0.001,-0.0126728321,0.244458039,-0.0539764894,0.687859618,-0.725584047,-0.0156505291,0.0114889726,-0.00193240566,-0.0525254467,-0.0684957864,-0.00348407614,0.0248342616,0.0417799898,0.0642019945,1,1,0.00172536149,2.63784144e-05,11000,147.705676,,-2.23598139e-05,-0.0520179752,-1.12669076,-5.91334663e-05,1.07460753,0.0397262026,0.0568524803
1781682711.976318,2026-06-17T15:51:51.976,1781682710.420187,right,base,1,pelvis,1000,0.001,0.146187704,-0.318878514,0.120637497,0.0349207683,-0.863906793,-0.413605205,0.285265363,-0.135403189,-0.566307084,0.654756223,-0.765091035,-0.0311064684,-0.476533693,1.56396332,1,1,0.000255869181,0.000517769382,3,0.05612,,-0.140114118,-0.562794264,0.65574552,-0.755612975,-0.0283789241,-0.480901166,1.56201803
1781682712.119306,2026-06-17T15:51:52.119,1781682710.603961,left,base,1,pelvis,1000,0.001,-0.0126728321,0.244458039,-0.0539764894,0.687859618,-0.725584047,-0.0156505291,0.0114889726,-0.00212978027,-0.0528185007,-0.0341019592,-0.00260620593,-0.0119479386,0.0431390539,0.0618685538,1,1,0.00172536381,2.63804002e-05,11000,141.900718,,-3.83676558e-05,-0.0520697699,-1.47920747,4.13232433e-05,1.4271234,0.0397107967,0.0568104327
1781682712.120004,2026-06-17T15:51:52.120,1781682710.420187,right,base,1,pelvis,1000,0.001,0.146187704,-0.318878514,0.120637497,0.0349207683,-0.863906793,-0.413605205,0.285265363,-0.140448153,-0.562508691,0.655832521,-0.754832372,-0.0283100859,-0.48125142,1.5620299,1,1,0.000182219025,0.000504052081,1,0.034337,,-0.140448153,-0.562508691,0.655832521,-0.754832372,-0.0283100859,-0.48125142,1.5620299
1781682712.265614,2026-06-17T15:51:52.265,1781682710.603961,left,base,1,pelvis,1000,0.001,-0.0126728321,0.244458039,-0.0539764894,0.687859618,-0.725584047,-0.0156505291,0.0114889726,-0.00154914705,-0.0525979412,-0.383489914,-0.00190444047,0.34477353,0.0421987504,0.060486533,1,1,0.00172536219,2.6369033e-05,11000,144.629732,,4.03605238e-05,-0.052026937,-0.259027343,-0.00014456766,0.206940446,0.0397774559,0.0568423925
1781682712.266567,2026-06-17T15:51:52.266,1781682710.503522,right,base,1,pelvis,1000,0.001,0.146014304,-0.319065564,0.120068497,0.0348098184,-0.864521865,-0.413011241,0.284274403,-0.140115158,-0.562793376,0.655745791,-0.755610546,-0.0283787099,-0.480902256,1.56201807,1,1,0.000131523012,0.000504225106,3,0.054406,,-0.140509547,-0.56207666,0.65614326,-0.753122037,-0.0263248643,-0.482922797,1.55869436
1781682712.416337,2026-06-17T15:51:52.416,1781682710.603961,left,base,1,pelvis,1000,0.001,-0.0126728321,0.244458039,-0.0539764894,0.687859618,-0.725584047,-0.0156505291,0.0114889726,-0.00104487469,-0.0524216466,-0.691794778,-0.00125497777,0.648614146,0.0413683139,0.0592595135,1,1,0.00172536207,2.63750503e-05,11000,148.328273,,-5.60566151e-06,-0.0520364336,-0.338456077,-5.9315961e-05,0.286371338,0.0397392032,0.0568365314
1781682712.416692,2026-06-17T15:51:52.416,1781682710.520188,right,base,1,pelvis,1000,0.001,0.145211754,-0.318981114,0.120333497,0.0349887316,-0.864682075,-0.412844999,0.284006522,-0.140447507,-0.562509243,0.655832352,-0.754833882,-0.0283102191,-0.481250742,1.55905108,1,1,0.000201746174,0.000404546322,3,0.04759,,-0.136861427,-0.564732311,0.656238895,-0.759006531,-0.02677602,-0.481481548,1.55618833
1781682712.566266,2026-06-17T15:51:52.566,1781682710.603961,left,base,1,pelvis,1000,0.001,-0.0126728321,0.244458039,-0.0539764894,0.687859618,-0.725584047,-0.0156505291,0.0114889726,-0.000603811345,-0.052261228,-0.51590862,-0.000803682799,0.469108287,0.0407217544,0.0582771426,1,1,0.00172536298,2.63814747e-05,11000,147.70243,,-4.33798689e-05,-0.0520512219,-0.51456836,1.48296297e-05,0.462485166,0.0397074675,0.0568259522
1781682712.566893,2026-06-17T15:51:52.566,1781682710.520188,right,base,1,pelvis,1000,0.001,0.145211754,-0.318981114,0.120333497,0.0349887316,-0.864682075,-0.412844999,0.284006522,-0.140509473,-0.562077178,0.656142887,-0.753124088,-0.0263272434,-0.482196474,1.55644468,1,1,0.00044360182,0.000819475246,2,0.059027,,-0.137903391,-0.563875849,0.656151628,-0.757091531,-0.0263439365,-0.481807085,1.55600437
1781682712.737903,2026-06-17T15:51:52.737,1781682710.703563,left,base,1,pelvis,1000,0.001,-0.0129926821,0.244948339,-0.0533384894,0.68830383,-0.725190908,-0.0143524649,0.0114013793,-0.000312504619,-0.0521517604,-0.429494998,-0.00044120034,0.380121331,0.0402432839,0.0575756118,1,1,0.00102426067,1.50613989e-05,11000,168.585762,,0.00105070975,-0.0506349358,-1.61056885,-0.000151958381,1.55943299,0.0365032702,0.0539933267
1781682712.738665,2026-06-17T15:51:52.738,1781682710.586873,right,base,1,pelvis,1000,0.001,0.144144504,-0.318863964,0.121270997,0.0354731056,-0.864551164,-0.412944358,0.284200459,-0.136865343,-0.564729461,0.656238792,-0.759000216,-0.0267755382,-0.481482316,1.55616649,1,1,0.000629530401,0.000494227298,2,0.052204,,-0.132350543,-0.568193934,0.655614166,-0.766925417,-0.0275817624,-0.479233013,1.55541942
1781682712.739966,2026-06-17T15:51:52.739,1781682710.803555,left,base,1,pelvis,1000,0.001,-0.0132775821,0.245800489,-0.0526284894,0.688542288,-0.724987131,-0.0135003153,0.0109963553,-0.000138392035,-0.0520867161,-0.929494998,-0.000146167809,0.880121331,0.0398966328,0.057090613,1,1,0.000353247314,0.000732794559,3,0.045016,,-0.000444403643,-0.0523606445,-0.930053419,0.00650009951,0.879563533,0.0327406652,0.050277954
1781682712.740412,2026-06-17T15:51:52.740,1781682710.603539,right,base,1,pelvis,1000,0.001,0.143995004,-0.318772614,0.121806997,0.0361641319,-0.863999214,-0.413443432,0.28506498,-0.137903384,-0.563875854,0.656151628,-0.759564673,-0.0263439392,-0.479525221,1.55552393,1,1,0.000399310234,0.000722409079,3,0.034542,,-0.130119824,-0.570211432,0.655132451,-0.772254229,-0.0291036772,-0.477497513,1.55752897
1781682712.908166,2026-06-17T15:51:52.908,1781682712.653898,left,base,1,pelvis,1000,0.001,-0.0141932821,0.239644139,-0.0630799894,0.682218193,-0.730304762,-0.0316167046,0.0152864543,-0.000129811193,-0.0520762397,-0.934624097,-0.000146209595,0.88525043,0.0398721455,0.0570682622,1,1,0.0130376237,0.0116010006,11000,150.580438,,0.0481232555,0.00526087702,-0.940226054,-0.154613501,0.879614181,0.105964679,0.132413593
1781682713.060563,2026-06-17T15:51:53.060,1781682712.653706,right,base,1,pelvis,1000,0.001,0.140629454,-0.312382764,0.114504997,0.0512057076,-0.849727387,-0.428167865,0.303337473,-0.137711593,-0.564024997,0.656133065,-0.764693772,-0.0263866926,-0.477800781,1.55552032,1,1,0.00028748138,0.0251318634,11000,151.105585,,-0.202439126,-0.538184385,0.782402697,-0.662146557,-0.117382355,-0.52,1.57
1781682713.218676,2026-06-17T15:51:53.218,1781682712.653898,left,base,1,pelvis,1000,0.001,-0.0141932821,0.239644139,-0.0630799894,0.682218193,-0.730304762,-0.0316167046,0.0152864543,-0.000295331997,-0.00718892542,-0.999121924,-0.139216965,0.950506964,0.0827196867,0.069195024,1,1,0.0118674471,0.0090636898,11000,155.279797,,0.0184591466,-0.063736859,-0.0797195527,-0.0405609235,0.00698438087,0.0921063902,0.0903022371
1781682713.371849,2026-06-17T15:51:53.371,1781682712.720377,right,base,1,pelvis,1000,0.001,0.139530454,-0.313813664,0.115691997,0.0524870085,-0.851439353,-0.423725062,0.304554123,-0.130119824,-0.570211432,0.655132451,-0.772254229,-0.0291036772,-0.477497513,1.55752897,1,1,0.000155225249,0.0147796078,11000,152.096638,,-0.194672455,-0.548104907,0.779693503,-0.682002755,-0.108730648,-0.52,1.57
1781682716.579030,2026-06-17T15:51:56.579,1781682716.537203,right,base,1,pelvis,1000,0.001,-0.0942032783,-0.268341713,-0.0409929641,0.700087141,0.709766502,0.00336670921,0.0780907936,-0.202439126,-0.538184385,0.782402697,-0.662146557,-0.117382355,-0.52,1.57,1,1,5.0713076e-06,0.000538627923,49,0.506617,,0.267279182,0.00316951702,0.374540611,-0.143382942,-0.335324653,-0.244767484,-0.166795581
1781682716.595548,2026-06-17T15:51:56.595,1781682716.537203,right,base,1,pelvis,1000,0.001,-0.0942032783,-0.268341713,-0.0409929641,0.700087141,0.709766502,0.00336670921,0.0780907936,-0.202439126,-0.538184385,0.782402697,-0.662146557,-0.117382355,-0.52,1.57,1,1,5.0713076e-06,0.000538627923,49,0.356004,,0.267279182,0.00316951702,0.374540611,-0.143382942,-0.335324653,-0.244767484,-0.166795581
1781682716.612257,2026-06-17T15:51:56.612,1781682716.554031,left,base,1,pelvis,1000,0.001,-0.00719100269,0.246619411,-0.0522649551,-0.690798017,0.722491929,0.0145790352,0.0243097391,0.0429278983,0.00392500221,-0.499121924,-0.0895917986,0.450506964,0.103470471,0.125630185,1,1,2.0921551e-05,0.000617725077,12,0.151457,,0.0103220078,-0.0566294472,-0.498605913,-0.0146686005,0.451099845,-0.00795972453,0.119005208
1781682716.613650,2026-06-17T15:51:56.613,1781682716.553871,right,base,1,pelvis,1000,0.001,-0.0953621783,-0.268171463,-0.0398564641,0.699618239,0.710248179,0.00136004823,0.0779743244,-0.20243867,-0.53818386,0.782402301,-0.662146054,-0.117382567,-0.519999733,1.56999831,1,1,3.20647983e-06,0.000538312715,49,0.487807,,0.291005856,-0.0043937869,0.374803413,-0.186356288,-0.332378995,-0.225007333,-0.177356281
1781682716.628979,2026-06-17T15:51:56.628,1781682716.554031,left,base,1,pelvis,1000,0.001,-0.00719100269,0.246619411,-0.0522649551,-0.690798017,0.722491929,0.0145790352,0.0243097391,0.0429278983,0.00392500221,-0.499121924,-0.0895917986,0.450506964,0.103470471,0.125630185,1,1,2.0921551e-05,0.000617725077,12,0.15094,,0.0103220078,-0.0566294472,-0.498605913,-0.0146686005,0.451099845,-0.00795972453,0.119005208
1781682716.629774,2026-06-17T15:51:56.629,1781682716.553871,right,base,1,pelvis,1000,0.001,-0.0953621783,-0.268171463,-0.0398564641,0.699618239,0.710248179,0.00136004823,0.0779743244,-0.202430568,-0.538174523,0.782395267,-0.662137107,-0.117386326,-0.519994986,1.56996836,1,1,3.2062835e-06,0.000538304232,49,0.462416,,0.291005796,-0.00439391269,0.374804784,-0.186356267,-0.33238035,-0.22500739,-0.177356393
1781682716.645931,2026-06-17T15:51:56.645,1781682716.587414,left,base,1,pelvis,1000,0.001,-0.0114257027,0.244407711,-0.0505644551,-0.688000656,0.725263627,0.0141631391,0.0211464878,0.0429137412,0.00389871024,-0.4991217,-0.0895592679,0.450507221,0.103422089,0.125627308,1,1,4.32815017e-06,0.000605538467,12,0.167274,,0.084731503,-0.022778358,-0.503890847,-0.154881388,0.446177122,0.0468027833,0.144784067
1781682716.647218,2026-06-17T15:51:56.647,1781682716.553871,right,base,1,pelvis,1000,0.001,-0.0953621783,-0.268171463,-0.0398564641,0.699618239,0.710248179,0.00136004823,0.0779743244,-0.20240308,-0.538144787,0.782372561,-0.662110602,-0.117398303,-0.519978553,1.56987102,1,1,3.20565158e-06,0.000538276922,49,0.484049,,0.291005609,-0.00439429862,0.374808998,-0.1863562,-0.332384518,-0.225007568,-0.177356738
1781682716.662699,2026-06-17T15:51:56.662,1781682716.587414,left,base,1,pelvis,1000,0.001,-0.0114257027,0.244407711,-0.0505644551,-0.688000656,0.725263627,0.0141631391,0.0211464878,0.0427110612,0.00352230048,-0.499118492,-0.0890935412,0.450510906,0.102729433,0.125586127,1,1,4.31889235e-06,0.000601756389,12,0.162355,,0.0847336219,-0.0227773394,-0.503890084,-0.154883884,0.446176318,0.0467993788,0.144782697
1781682716.663550,2026-06-17T15:51:56.663,1781682716.620543,right,base,1,pelvis,1000,0.001,-0.0956681783,-0.268789863,-0.0394299641,0.698651039,0.711181262,-0.00246913814,0.0781142882,-0.202326663,-0.538062122,0.782309438,-0.662036919,-0.117431598,-0.519932869,1.56960042,1,1,2.84373122e-06,0.000538708573,49,0.487768,,0.299167219,-0.0075034949,0.374744563,-0.203484953,-0.329379813,-0.211489518,-0.186153171
1781682716.679624,2026-06-17T15:51:56.679,1781682716.587414,left,base,1,pelvis,1000,0.001,-0.0114257027,0.244407711,-0.0505644551,-0.688000656,0.725263627,0.0141631391,0.0211464878,0.0435976101,0.00296740818,-0.49921918,-0.0904815357,0.450419472,0.101549491,0.125991166,1,1,4.19523998e-06,0.000589157304,12,0.155906,,0.0847427699,-0.0227719537,-0.503893904,-0.15489728,0.446177897,0.0467906396,0.144778494
1781682716.680540,2026-06-17T15:51:56.680,1781682716.620543,right,base,1,pelvis,1000,0.001,-0.0956681783,-0.268789863,-0.0394299641,0.698651039,0.711181262,-0.00246913814,0.0781142882,-0.20218262,-0.537906302,0.782190454,-0.66189803,-0.117494358,-0.519846756,1.56909034,1,1,2.84091038e-06,0.000538566034,49,0.473319,,0.299166187,-0.00750573313,0.374766751,-0.203484653,-0.329401745,-0.211490484,-0.18615516
1781682716.696478,2026-06-17T15:51:56.696,1781682716.603880,left,base,1,pelvis,1000,0.001,-0.0121769027,0.244089561,-0.0502429551,-0.687064968,0.726186157,0.0138536957,0.0200865648,0.0455633639,0.00173703988,-0.499442435,-0.09355915,0.450216734,0.098933192,0.126889263,1,1,3.15386472e-06,0.000561537576,12,0.167273,,0.0929895163,-0.0189140938,-0.505277539,-0.169763279,0.444970101,0.0529464444,0.145892504
1781682716.697480,2026-06-17T15:51:56.697,1781682716.620543,right,base,1,pelvis,1000,0.001,-0.0956681783,-0.268789863,-0.0394299641,0.698651039,0.711181262,-0.00246913814,0.0781142882,-0.201957176,-0.537667793,0.782007237,-0.661691893,-0.117589638,-0.519708096,1.56830105,1,1,2.83657216e-06,0.000538345995,49,0.537188,,0.29916461,-0.00750914659,0.374800599,-0.203484192,-0.329435205,-0.211491961,-0.186158196
1781682716.713631,2026-06-17T15:51:56.713,1781682716.603880,left,base,1,pelvis,1000,0.001,-0.0121769027,0.244089561,-0.0502429551,-0.687064968,0.726186157,0.0138536957,0.0200865648,0.0487541789,-0.000260096074,-0.499804823,-0.0985547388,0.449887648,0.0946864115,0.128347055,1,1,2.87555022e-06,0.000516168954,12,0.171319,,0.0930166872,-0.018897881,-0.50528938,-0.16979952,0.44497426,0.0529100986,0.145874981
1781682716.714681,2026-06-17T15:51:56.714,1781682716.620543,right,base,1,pelvis,1000,0.001,-0.0956681783,-0.268789863,-0.0394299641,0.698651039,0.711181262,-0.00246913814,0.0781142882,-0.201601055,-0.537291036,0.781717818,-0.661366272,-0.117740145,-0.519489063,1.56705426,1,1,2.82972535e-06,0.0005379984,49,0.499724,,0.299162109,-0.00751456612,0.374854331,-0.203483465,-0.329488319,-0.211494301,-0.186163014
1781682716.730304,2026-06-17T15:51:56.730,1781682716.637422,left,base,1,pelvis,1000,0.001,-0.0118524027,0.244463061,-0.0498504551,-0.68554225,0.727667687,0.013241677,0.018873737,0.05276285,-0.00195054868,-0.500300768,-0.105007761,0.449442013,0.0909038745,0.129937049,1,1,3.38865215e-06,0.000625869624,11,0.309937,,0.101233158,-0.0124150278,-0.507292714,-0.188881051,0.443200759,0.062743426,0.145655276
1781682716.730960,2026-06-17T15:51:56.730,1781682716.637209,right,base,1,pelvis,1000,0.001,-0.0951379283,-0.269388963,-0.0391304641,0.697834571,0.711942321,-0.00452596625,0.0783872385,-0.201066241,-0.536725229,0.781283176,-0.66087726,-0.117966173,-0.519160123,1.56518186,1,1,2.52926301e-06,0.000537561819,49,0.340861,,0.305522287,-0.0108658436,0.374901177,-0.218887717,-0.327264925,-0.200585339,-0.191733699
1781682716.746885,2026-06-17T15:51:56.746,1781682716.637422,left,base,1,pelvis,1000,0.001,-0.0118524027,0.244463061,-0.0498504551,-0.68554225,0.727667687,0.013241677,0.018873737,0.0577087162,-0.00403621555,-0.500912662,-0.112969448,0.448892192,0.0862370107,0.131898772,1,1,3.02545063e-06,0.000550592735,11,0.106847,,0.101272348,-0.0123893529,-0.507322372,-0.188930978,0.44321654,0.0626800321,0.145622772
1781682716.747714,2026-06-17T15:51:56.747,1781682716.670546,right,base,1,pelvis,1000,0.001,-0.0942484783,-0.269907363,-0.0382049641,0.696862593,0.712842766,-0.00639805328,0.0787196456,-0.20036529,-0.535983658,0.780713514,-0.66023634,-0.118262416,-0.518729,1.5627278,1,1,1.99169449e-06,0.000536660942,49,0.372231,,0.32166362,-0.0180644127,0.374832422,-0.25414011,-0.324138659,-0.181105405,-0.20019945
1781682716.763916,2026-06-17T15:51:56.763,1781682716.687218,left,base,1,pelvis,1000,0.001,-0.0105199527,0.245456661,-0.0494509551,-0.68378724,0.729354174,0.0124501512,0.0179580809,0.06260395,-0.00497858824,-0.501630232,-0.121507296,0.448252071,0.0835946658,0.133445978,1,1,2.39899276e-06,0.000506199964,11,0.154951,,0.107878983,-0.00462833943,-0.509469903,-0.20827684,0.44127637,0.0734874988,0.1442586
1781682716.764948,2026-06-17T15:51:56.764,1781682716.670546,right,base,1,pelvis,1000,0.001,-0.0942484783,-0.269907363,-0.0382049641,0.696862593,0.712842766,-0.00639805328,0.0787196456,-0.19954515,-0.535132342,0.780055615,-0.65952083,-0.118601249,-0.518213229,1.55988349,1,1,1.98131049e-06,0.000535874783,49,0.524668,,0.321656807,-0.0180803371,0.374956941,-0.254138955,-0.324261596,-0.181111447,-0.200213454
1781682716.780661,2026-06-17T15:51:56.780,1781682716.720721,left,base,1,pelvis,1000,0.001,-0.00911770269,0.246587311,-0.0490204551,-0.681876947,0.731171111,0.0115430881,0.0173029884,0.0681981024,-0.00605550849,-0.502450254,-0.131264137,0.447520557,0.0805750591,0.135214088,1,1,3.97228046e-06,0.000607589084,10,0.137116,,0.114108547,0.00320582247,-0.511738307,-0.226953504,0.439186171,0.0836341647,0.142803998
1781682716.781628,2026-06-17T15:51:56.781,1781682716.670546,right,base,1,pelvis,1000,0.001,-0.0942484783,-0.269907363,-0.0382049641,0.696862593,0.712842766,-0.00639805328,0.0787196456,-0.198470454,-0.534066184,0.779220073,-0.658684963,-0.119025053,-0.517518136,1.55625432,1,1,1.9682007e-06,0.000534877569,49,0.505064,,0.321648343,-0.0181000834,0.375111409,-0.254137497,-0.324414123,-0.181118976,-0.200230829
1781682716.797301,2026-06-17T15:51:56.797,1781682716.753993,left,base,1,pelvis,1000,0.001,-0.00813305269,0.247239661,-0.0491029551,-0.680463777,0.732507586,0.0104431723,0.0171062684,0.0734982398,-0.00586488287,-0.503387862,-0.141550651,0.446686527,0.0796283804,0.136422155,1,1,3.51704439e-06,0.000572007071,10,0.13456,,0.112314446,0.00501625986,-0.513618783,-0.226633059,0.437423828,0.083877456,0.139003122
1781682716.798262,2026-06-17T15:51:56.798,1781682716.670546,right,base,1,pelvis,1000,0.001,-0.0942484783,-0.269907363,-0.0382049641,0.696862593,0.712842766,-0.00639805328,0.0787196456,-0.197159403,-0.53276555,0.778200773,-0.657665267,-0.119542063,-0.516670174,1.551827,1,1,1.95226671e-06,0.00053366081,49,0.518953,,0.321637839,-0.0181246138,0.375303251,-0.254135724,-0.324603536,-0.181128281,-0.200252407
1781682716.814188,2026-06-17T15:51:56.814,1781682716.753993,left,base,1,pelvis,1000,0.001,-0.00813305269,0.247239661,-0.0491029551,-0.680463777,0.732507586,0.0104431723,0.0171062684,0.0788001682,-0.00468064585,-0.504478064,-0.152700525,0.445707309,0.0801513605,0.137255344,1,1,3.10377387e-06,0.000503814996,10,0.14029,,0.112344702,0.00503960743,-0.513643269,-0.226672337,0.437422818,0.0838276986,0.13896453
1781682716.815081,2026-06-17T15:51:56.815,1781682716.720547,right,base,1,pelvis,1000,0.001,-0.0949720783,-0.268722663,-0.0362999641,0.695639316,0.71407803,-0.00789575814,0.0782059224,-0.195551363,-0.531170285,0.776950573,-0.656414581,-0.120176189,-0.515630124,1.54639677,1,1,1.51711033e-06,0.000531554786,49,0.504683,,0.347334391,-0.0251689212,0.376139348,-0.301910732,-0.320354729,-0.158586056,-0.211835299
1781682716.830787,2026-06-17T15:51:56.830,1781682716.753993,left,base,1,pelvis,1000,0.001,-0.00813305269,0.247239661,-0.0491029551,-0.680463777,0.732507586,0.0104431723,0.0171062684,0.0840942533,-0.00314887349,-0.505921978,-0.164379282,0.444398808,0.0807399534,0.137531432,1,1,6.00702843e-06,0.000559739018,9,0.121408,,0.112305152,0.00501741068,-0.513641608,-0.226605768,0.437444415,0.0838480799,0.138988635
1781682716.831624,2026-06-17T15:51:56.831,1781682716.737213,right,base,1,pelvis,1000,0.001,-0.0967769783,-0.266573313,-0.0342654641,0.694576819,0.715203703,-0.00883279438,0.0772572763,-0.193588816,-0.52922333,0.775424756,-0.65488817,-0.120950115,-0.514360787,1.53976939,1,1,1.29809003e-06,0.00052909981,49,0.494909,,0.37063176,-0.0290874296,0.377592168,-0.340887103,-0.316591634,-0.142061736,-0.222179466
1781682716.847644,2026-06-17T15:51:56.847,1781682716.753993,left,base,1,pelvis,1000,0.001,-0.00813305269,0.247239661,-0.0491029551,-0.680463777,0.732507586,0.0104431723,0.0171062684,0.0892571831,-0.00165504912,-0.507330121,-0.175768711,0.443122724,0.0813139646,0.13780068,1,1,1.19125444e-05,0.000604095941,8,0.137222,,0.1122608,0.00499633633,-0.513637684,-0.226519178,0.437458524,0.0838469861,0.138995597
1781682716.848520,2026-06-17T15:51:56.848,1781682716.737213,right,base,1,pelvis,1000,0.001,-0.0967769783,-0.266573313,-0.0342654641,0.694576819,0.715203703,-0.00883279438,0.0772572763,-0.191505653,-0.527282153,0.773887058,-0.65352881,-0.121718047,-0.512990654,1.53302375,1,1,1.28364159e-06,0.000527271999,49,0.498851,,0.370614239,-0.0291296809,0.377836086,-0.34088532,-0.316832701,-0.142076552,-0.22221646
1781682716.864448,2026-06-17T15:51:56.864,1781682716.753993,left,base,1,pelvis,1000,0.001,-0.00813305269,0.247239661,-0.0491029551,-0.680463777,0.732507586,0.0104431723,0.0171062684,0.094278044,-0.000202330527,-0.508699516,-0.186844736,0.441881755,0.0818721806,0.138062519,1,1,2.30944137e-05,0.000625438474,7,0.13238,,0.112214018,0.00498153248,-0.513634376,-0.226409468,0.43746331,0.0838104105,0.138972988
1781682716.865350,2026-06-17T15:51:56.865,1781682716.787217,right,base,1,pelvis,1000,0.001,-0.0975727783,-0.265625813,-0.0334239641,0.693556419,0.716377103,-0.00979698476,0.0754145781,-0.1890134,-0.525073392,0.772130072,-0.652142703,-0.122582025,-0.511346129,1.525242,1,1,1.19274402e-06,0.000524426652,49,0.51388,,0.380034373,-0.0312566371,0.379100731,-0.3578721,-0.314824766,-0.131207671,-0.225283073
1781682716.881279,2026-06-17T15:51:56.881,1781682716.753993,left,base,1,pelvis,1000,0.001,-0.00813305269,0.247239661,-0.0491029551,-0.680463777,0.732507586,0.0104431723,0.0171062684,0.0988436816,0.00111867535,-0.509944753,-0.196916538,0.440753299,0.0823797852,0.138300618,1,1,4.30108115e-05,0.000620204171,6,0.100288,,0.112165271,0.00497787958,-0.513632959,-0.226270208,0.437458913,0.08372901,0.138911365
1781682716.882314,2026-06-17T15:51:56.882,1781682716.787217,right,base,1,pelvis,1000,0.001,-0.0975727783,-0.265625813,-0.0334239641,0.693556419,0.716377103,-0.00979698476,0.0754145781,-0.186136191,-0.522523463,0.770101701,-0.650542498,-0.123579454,-0.509447589,1.51625828,1,1,1.17556166e-06,0.000522021141,49,0.653026,,0.38001061,-0.0313140059,0.379415772,-0.357869937,-0.315136463,-0.131227465,-0.225333277
1781682716.897981,2026-06-17T15:51:56.897,1781682716.753993,left,base,1,pelvis,1000,0.001,-0.00813305269,0.247239661,-0.0491029551,-0.680463777,0.732507586,0.0104431723,0.0171062684,0.102808957,0.00226597439,-0.511026246,-0.205663939,0.439773231,0.0828206419,0.138507408,1,1,7.57801639e-05,0.000584314384,5,0.07249,,0.112119625,0.00499378313,-0.513635365,-0.226103208,0.437446064,0.0835956337,0.138801472
1781682716.898662,2026-06-17T15:51:56.898,1781682716.820551,right,base,1,pelvis,1000,0.001,-0.0975081783,-0.265652713,-0.0332494641,0.69297151,0.7170883,-0.0105387538,0.0739174592,-0.182927837,-0.519739571,0.767885992,-0.648884004,-0.124663195,-0.507304194,1.50638938,1,1,1.12370162e-06,0.000518890117,49,0.374569,,0.382395564,-0.033062276,0.380096156,-0.364296994,-0.314769066,-0.124310405,-0.224988056
1781682716.914825,2026-06-17T15:51:56.914,1781682716.753993,left,base,1,pelvis,1000,0.001,-0.00813305269,0.247239661,-0.0491029551,-0.680463777,0.732507586,0.0104431723,0.0171062684,0.106045337,0.00320237758,-0.51190894,-0.212803398,0.438973318,0.0831804606,0.138676186,1,1,0.00012478434,0.000519844479,4,0.06597,,0.112085769,0.00503831116,-0.513642328,-0.22592135,0.437426993,0.0834140473,0.138641757
1781682716.915593,2026-06-17T15:51:56.915,1781682716.820551,right,base,1,pelvis,1000,0.001,-0.0975081783,-0.265652713,-0.0332494641,0.69297151,0.7170883,-0.0105387538,0.0739174592,-0.179432596,-0.516706747,0.765472157,-0.64707721,-0.125843844,-0.504969139,1.49563801,1,1,1.10445097e-06,0.000516022051,49,0.392996,,0.382364268,-0.0331380182,0.380504238,-0.364294543,-0.315172962,-0.12433589,-0.225054179
1781682716.931466,2026-06-17T15:51:56.931,1781682716.820744,left,base,1,pelvis,1000,0.001,-0.00721600269,0.247850861,-0.0492249551,-0.679208173,0.733692058,0.00910365015,0.0170101274,0.107520827,0.00363752342,-0.512328301,-0.216034022,0.438602337,0.0832813092,0.138706619,1,1,4.49029653e-05,0.00049856523,5,0.06514,,0.110178916,0.00644336335,-0.515315811,-0.224863207,0.435834005,0.0825670456,0.134725211
1781682716.932075,2026-06-17T15:51:56.932,1781682716.820551,right,base,1,pelvis,1000,0.001,-0.0975081783,-0.265652713,-0.0332494641,0.69297151,0.7170883,-0.0105387538,0.0739174592,-0.17549661,-0.51331849,0.762772337,-0.645096144,-0.127167393,-0.502302367,1.48358386,1,1,1.0831518e-06,0.000512801781,49,0.361729,,0.382327357,-0.0332273796,0.380985545,-0.364291824,-0.315649212,-0.124365649,-0.225132123
1781682716.948327,2026-06-17T15:51:56.948,1781682716.853889,left,base,1,pelvis,1000,0.001,-0.00677035269,0.248057261,-0.0489219551,-0.678130909,0.73470242,0.00776952902,0.0170428431,0.10876506,0.00400446767,-0.512681935,-0.218758301,0.4382895,0.0833663516,0.138732282,1,1,5.10013946e-05,0.000615648123,5,0.068679,,0.115076497,0.0104085983,-0.51669455,-0.236033827,0.434530703,0.0857246597,0.134207627
1781682716.949221,2026-06-17T15:51:56.949,1781682716.820551,right,base,1,pelvis,1000,0.001,-0.0975081783,-0.265652713,-0.0332494641,0.69297151,0.7170883,-0.0105387538,0.0739174592,-0.171225849,-0.509642046,0.759842885,-0.642946578,-0.128603516,-0.499408773,1.47050445,1,1,1.06032289e-06,0.000509304152,49,0.370584,,0.382285597,-0.0333284574,0.381529874,-0.364288899,-0.316187713,-0.12439905,-0.225220236
1781682716.965152,2026-06-17T15:51:56.965,1781682716.887227,left,base,1,pelvis,1000,0.001,-0.00683200269,0.248167361,-0.0484444551,-0.677264912,0.735502869,0.00713718915,0.0172287496,0.109121226,0.00461885314,-0.513345438,-0.220296196,0.437670933,0.0831649974,0.137722856,1,1,4.92429079e-05,0.000636244014,5,0.093285,,0.122578896,0.0149257994,-0.517744031,-0.251072987,0.433499075,0.0904900099,0.136080345
1781682716.965809,2026-06-17T15:51:56.965,1781682716.903887,right,base,1,pelvis,1000,0.001,-0.0969111283,-0.265602963,-0.0333034641,0.692406686,0.717620622,-0.013234306,0.0736103062,-0.166454806,-0.505535855,0.756577535,-0.640544868,-0.130215652,-0.496176298,1.45588986,1,1,1.05628549e-06,0.0005059394,49,0.375218,,0.38125046,-0.0328244758,0.381755366,-0.366623225,-0.315236117,-0.116607199,-0.229791669
1781682716.981939,2026-06-17T15:51:56.981,1781682716.887227,left,base,1,pelvis,1000,0.001,-0.00683200269,0.248167361,-0.0484444551,-0.677264912,0.735502869,0.00713718915,0.0172287496,0.11060507,0.00606145427,-0.514179919,-0.224217461,0.436888498,0.0838027753,0.136846984,1,1,3.98216377e-05,0.000516588894,5,0.06182,,0.122636431,0.0149820904,-0.517784828,-0.251201845,0.433461202,0.0904787084,0.136025877
1781682716.982738,2026-06-17T15:51:56.982,1781682716.903887,right,base,1,pelvis,1000,0.001,-0.0969111283,-0.265602963,-0.0333034641,0.692406686,0.717620622,-0.013234306,0.0736103062,-0.16146099,-0.501238528,0.753164411,-0.638030799,-0.131908092,-0.492792937,1.4405909,1,1,1.03059388e-06,0.00050184749,49,0.359447,,0.381195321,-0.0329581579,0.382469964,-0.366619935,-0.315943562,-0.1166503,-0.229907931
1781682716.998657,2026-06-17T15:51:56.998,1781682716.937231,left,base,1,pelvis,1000,0.001,-0.00715745269,0.247816361,-0.0484184551,-0.676685478,0.736028977,0.0072740666,0.0174699072,0.113682532,0.00833973024,-0.515095952,-0.231119753,0.436017363,0.0855214997,0.136649946,1,1,5.84373766e-05,0.000583567913,4,0.061872,,0.123013135,0.0141610821,-0.518597947,-0.250682644,0.432624158,0.0896854986,0.137181023
1781682716.999309,2026-06-17T15:51:56.999,1781682716.903887,right,base,1,pelvis,1000,0.001,-0.0969111283,-0.265602963,-0.0333034641,0.692406686,0.717620622,-0.013234306,0.0736103062,-0.155975565,-0.49650406,0.749410415,-0.635287562,-0.13376107,-0.488990661,1.4237076,1,1,1.13985768e-06,0.000540618243,48,0.386414,,0.381138142,-0.0331248902,0.383308094,-0.366628459,-0.316744638,-0.116695022,-0.230012924
1781682717.015403,2026-06-17T15:51:57.015,1781682716.937231,left,base,1,pelvis,1000,0.001,-0.00715745269,0.247816361,-0.0484184551,-0.676685478,0.736028977,0.0072740666,0.0174699072,0.116207736,0.0102091649,-0.515847601,-0.236783415,0.435302555,0.0869317954,0.136488266,1,1,4.31845839e-05,0.000451604547,4,0.057601,,0.123180121,0.0142873904,-0.518645247,-0.251059187,0.43258113,0.0897811023,0.137172182
1781682717.015961,2026-06-17T15:51:57.015,1781682716.903887,right,base,1,pelvis,1000,0.001,-0.0969111283,-0.265602963,-0.0333034641,0.692406686,0.717620622,-0.013234306,0.0736103062,-0.150233901,-0.491549352,0.745488295,-0.632415852,-0.135708366,-0.485010822,1.40603259,1,1,1.10810875e-06,0.000535459337,48,0.352716,,0.381069029,-0.0332916417,0.384200153,-0.366624436,-0.317627802,-0.116748793,-0.23015811
1781682717.032276,2026-06-17T15:51:57.032,1781682716.937231,left,base,1,pelvis,1000,0.001,-0.00715745269,0.247816361,-0.0484184551,-0.676685478,0.736028977,0.0072740666,0.0174699072,0.11797269,0.0112340791,-0.516560892,-0.240388125,0.434607923,0.0876459575,0.13666793,1,1,8.36619814e-05,0.000861451714,3,0.063275,,0.122676186,0.0139907476,-0.518474936,-0.250021477,0.432747046,0.0895417301,0.137103017
1781682717.033295,2026-06-17T15:51:57.033,1781682716.903887,right,base,1,pelvis,1000,0.001,-0.0969111283,-0.265602963,-0.0333034641,0.692406686,0.717620622,-0.013234306,0.0736103062,-0.144031544,-0.486198465,0.741260804,-0.62931349,-0.137821483,-0.480711714,1.3869361,1,1,1.07440399e-06,0.000529875229,48,0.515664,,0.380991602,-0.0334781061,0.385197828,-0.366620147,-0.318615376,-0.116808636,-0.230320421
1781682717.049202,2026-06-17T15:51:57.049,1781682716.970790,left,base,1,pelvis,1000,0.001,-0.00732205269,0.247062711,-0.0491159551,-0.676271835,0.736401285,0.0079382895,0.0175081464,0.119455477,0.0120951384,-0.517160148,-0.243416544,0.434024344,0.0882459452,0.13681887,1,1,0.000175009743,0.000714350668,3,0.081292,,0.113798837,0.0075950921,-0.519286642,-0.231279734,0.431933601,0.0826591895,0.135611106
1781682717.050257,2026-06-17T15:51:57.050,1781682716.970557,right,base,1,pelvis,1000,0.001,-0.0972653783,-0.265063063,-0.0330994641,0.692556535,0.717371361,-0.0140607603,0.0744719513,-0.137107163,-0.480226086,0.736552327,-0.62584947,-0.140192548,-0.475912219,1.36561185,1,1,1.05855832e-06,0.000524269778,48,0.516522,,0.382240618,-0.0321593309,0.38596081,-0.367710567,-0.319000927,-0.117074897,-0.23460271
1781682717.065855,2026-06-17T15:51:57.065,1781682716.970790,left,base,1,pelvis,1000,0.001,-0.00732205269,0.247062711,-0.0491159551,-0.676271835,0.736401285,0.0079382895,0.0175081464,0.120317373,0.0126024235,-0.517511999,-0.245184094,0.433682525,0.088592711,0.136894911,1,1,0.000175587019,0.000592088289,3,0.088012,,0.113978199,0.00769937672,-0.519343299,-0.231648946,0.431878764,0.0827501166,0.13564017
1781682717.066755,2026-06-17T15:51:57.066,1781682716.970557,right,base,1,pelvis,1000,0.001,-0.0972653783,-0.265063063,-0.0330994641,0.692556535,0.717371361,-0.0140607603,0.0744719513,-0.129893899,-0.474006208,0.731660571,-0.622240333,-0.142676651,-0.470912575,1.34339238,1,1,1.02055401e-06,0.000517739267,48,0.516377,,0.382145383,-0.0323877099,0.387179464,-0.367705707,-0.320207042,-0.117147621,-0.234801532
1781682717.082650,2026-06-17T15:51:57.082,1781682716.970790,left,base,1,pelvis,1000,0.001,-0.00732205269,0.247062711,-0.0491159551,-0.676271835,0.736401285,0.0079382895,0.0175081464,0.11859663,0.0112806033,-0.517980464,-0.241513663,0.43322085,0.087026398,0.136556016,1,1,0.000136510326,0.000467900108,3,0.074191,,0.113615171,0.00743520313,-0.519417153,-0.230874193,0.431805551,0.0824220902,0.135552362
1781682717.083539,2026-06-17T15:51:57.083,1781682717.003891,right,base,1,pelvis,1000,0.001,-0.0982454283,-0.264344763,-0.0327574641,0.692837705,0.717091617,-0.0137183963,0.0746145536,-0.122452027,-0.467585692,0.726637177,-0.618541738,-0.145238835,-0.465770929,1.32046239,1,1,9.79719925e-07,0.000511057502,48,0.504594,,0.38523483,-0.031731744,0.38844311,-0.369759659,-0.321300699,-0.119176783,-0.236362974
1781682717.099262,2026-06-17T15:51:57.099,1781682716.970790,left,base,1,pelvis,1000,0.001,-0.00732205269,0.247062711,-0.0491159551,-0.676271835,0.736401285,0.0079382895,0.0175081464,0.117166386,0.0101819356,-0.518369842,-0.238462882,0.432837115,0.0857245132,0.136274334,1,1,0.000259501978,0.000912256343,2,0.060515,,0.114726133,0.00824388095,-0.5191578,-0.233240342,0.43206085,0.0834413141,0.135828511
1781682717.100251,2026-06-17T15:51:57.100,1781682717.003891,right,base,1,pelvis,1000,0.001,-0.0982454283,-0.264344763,-0.0327574641,0.692837705,0.717091617,-0.0137183963,0.0746145536,-0.114446643,-0.460681323,0.721251717,-0.614562251,-0.148014687,-0.460240057,1.2957883,1,1,9.39504849e-07,0.000503773994,48,0.526674,,0.38512576,-0.0319915501,0.38982282,-0.369754445,-0.322665649,-0.119259341,-0.236589364
1781682717.116217,2026-06-17T15:51:57.116,1781682716.970790,left,base,1,pelvis,1000,0.001,-0.00732205269,0.247062711,-0.0491159551,-0.676271835,0.736401285,0.0079382895,0.0175081464,0.116047946,0.00932278556,-0.518674332,-0.236077194,0.432537037,0.0847064489,0.136054061,1,1,0.000197800777,0.000705078154,2,0.082533,,0.114170429,0.00783671132,-0.519280271,-0.232056571,0.431940144,0.0829396363,0.135698329
1781682717.117253,2026-06-17T15:51:57.117,1781682717.003891,right,base,1,pelvis,1000,0.001,-0.0982454283,-0.264344763,-0.0327574641,0.692837705,0.717091617,-0.0137183963,0.0746145536,-0.105962817,-0.453398416,0.715601136,-0.610405878,-0.150956818,-0.454449325,1.26977472,1,1,1.03065525e-06,0.000539302856,47,0.524527,,0.385015684,-0.0322806035,0.391306059,-0.369759797,-0.324105124,-0.119346614,-0.2368004
1781682717.132892,2026-06-17T15:51:57.132,1781682717.037230,left,base,1,pelvis,1000,0.001,-0.00668840269,0.246310011,-0.0500279551,-0.676302976,0.736353087,0.00868698711,0.0179708671,0.115684245,0.0090259216,-0.51880736,-0.235296625,0.432406013,0.0843583431,0.135992,1,1,0.000314606556,0.00033005105,3,0.068495,,0.0990832972,-0.00183853827,-0.519700823,-0.202605708,0.431430679,0.0724058406,0.133119509
1781682717.133842,2026-06-17T15:51:57.133,1781682717.070560,right,base,1,pelvis,1000,0.001,-0.0977714283,-0.264264513,-0.0333759641,0.693647224,0.716404677,-0.0127399248,0.0738617689,-0.096882734,-0.445606727,0.709577591,-0.605956304,-0.154131664,-0.448251761,1.24192249,1,1,9.88069545e-07,0.000530239085,47,0.494006,,0.378908868,-0.0310030499,0.392644253,-0.360024631,-0.327948081,-0.123292094,-0.232388106
1781682717.149774,2026-06-17T15:51:57.149,1781682717.070748,left,base,1,pelvis,1000,0.001,-0.00600060269,0.245610611,-0.0512064551,-0.676872536,0.73579682,0.0095411753,0.0188567231,0.115273086,0.00870292698,-0.518935805,-0.234416613,0.432279481,0.0839730163,0.135912238,1,1,0.000649424834,0.00072321254,3,0.083823,,0.0796893665,-0.0139168398,-0.519238072,-0.164044388,0.431728431,0.0576989197,0.12938162
1781682717.150772,2026-06-17T15:51:57.150,1781682717.070560,right,base,1,pelvis,1000,0.001,-0.0977714283,-0.264264513,-0.0333759641,0.693647224,0.716404677,-0.0127399248,0.0738617689,-0.0876079601,-0.437651718,0.703452034,-0.601410389,-0.157403028,-0.441921545,1.21346251,1,1,9.39241366e-07,0.000521030487,47,0.496934,,0.378781914,-0.0313010482,0.394274958,-0.360018395,-0.329561337,-0.123388498,-0.232648707
1781682717.166416,2026-06-17T15:51:57.166,1781682717.070748,left,base,1,pelvis,1000,0.001,-0.00600060269,0.245610611,-0.0512064551,-0.676872536,0.73579682,0.0095411753,0.0188567231,0.110790121,0.00578398708,-0.519147639,-0.225608148,0.432044447,0.0807700564,0.135138929,1,1,0.000574849054,0.000665615407,3,0.067055,,0.0782331844,-0.014804293,-0.519251283,-0.16107858,0.431718508,0.0565440564,0.128965422
1781682717.167375,2026-06-17T15:51:57.167,1781682717.070560,right,base,1,pelvis,1000,0.001,-0.0977714283,-0.264264513,-0.0333759641,0.693647224,0.716404677,-0.0127399248,0.0738617689,-0.0778283046,-0.429127087,0.696936528,-0.596350187,-0.160978187,-0.435242073,1.18315294,1,1,8.88717743e-07,0.000511148624,47,0.507596,,0.378644891,-0.0316212385,0.396028375,-0.360011902,-0.331295918,-0.123492082,-0.232928891
1781682717.183278,2026-06-17T15:51:57.183,1781682717.070748,left,base,1,pelvis,1000,0.001,-0.00600060269,0.245610611,-0.0512064551,-0.676872536,0.73579682,0.0095411753,0.0188567231,0.103024552,0.000864873818,-0.519170219,-0.21023625,0.431965541,0.0750094081,0.133701383,1,1,0.000457783685,0.000518477152,3,0.068835,,0.0757778665,-0.0162766214,-0.519222486,-0.156070805,0.431747728,0.0545721714,0.128253585
1781682717.184234,2026-06-17T15:51:57.184,1781682717.070560,right,base,1,pelvis,1000,0.001,-0.0977714283,-0.264264513,-0.0333759641,0.693647224,0.716404677,-0.0127399248,0.0738617689,-0.0678708615,-0.420451569,0.690336292,-0.591196425,-0.164654533,-0.428441384,1.15227811,1,1,8.39038026e-07,0.000501038572,47,0.502334,,0.378506985,-0.0319418187,0.397785584,-0.36000548,-0.333034349,-0.123596021,-0.233209767
1781682717.200021,2026-06-17T15:51:57.200,1781682717.070748,left,base,1,pelvis,1000,0.001,-0.00600060269,0.245610611,-0.0512064551,-0.676872536,0.73579682,0.0095411753,0.0188567231,0.096105816,-0.00350805257,-0.519192842,-0.196517405,0.431896599,0.0698561269,0.132379678,1,1,0.000359041521,0.000397651108,3,0.096612,,0.0736753059,-0.0175399139,-0.519200407,-0.151784252,0.431767972,0.0528862579,0.127646787
1781682717.200985,2026-06-17T15:51:57.200,1781682717.070560,right,base,1,pelvis,1000,0.001,-0.0977714283,-0.264264513,-0.0333759641,0.693647224,0.716404677,-0.0127399248,0.0738617689,-0.0573740693,-0.411310858,0.683417635,-0.585761687,-0.168571976,-0.421272567,1.11971435,1,1,9.13406046e-07,0.000533055533,46,0.485796,,0.378370357,-0.0322843306,0.399611734,-0.360008036,-0.334814297,-0.123706852,-0.233469027
1781682717.216860,2026-06-17T15:51:57.216,1781682717.070748,left,base,1,pelvis,1000,0.001,-0.00600060269,0.245610611,-0.0512064551,-0.676872536,0.73579682,0.0095411753,0.0188567231,0.0904400411,-0.00706688851,-0.519201105,-0.185244191,0.431855106,0.0655962062,0.13122966,1,1,0.000282836048,0.000306307232,3,0.085772,,0.0720161303,-0.0185359375,-0.519183847,-0.148399677,0.431783072,0.0515539856,0.127164038
1781682717.217835,2026-06-17T15:51:57.217,1781682717.070560,right,base,1,pelvis,1000,0.001,-0.0977714283,-0.264264513,-0.0333759641,0.693647224,0.716404677,-0.0127399248,0.0738617689,-0.0465906762,-0.401925533,0.676351298,-0.580176636,-0.172640661,-0.413908257,1.08624396,1,1,8.57233714e-07,0.000521028057,46,0.482041,,0.378227938,-0.0326109713,0.401407401,-0.360000963,-0.336591995,-0.123814315,-0.233756945
1781682717.385669,2026-06-17T15:51:57.385,1781682717.170569,left,base,1,pelvis,1000,0.001,-0.00537760269,0.243670611,-0.0531859551,-0.680151754,0.732625556,0.0129047826,0.0220647392,0.0857215923,-0.0100145303,-0.519200908,-0.175826863,0.431830582,0.0620189806,0.130221257,1,1,0.00103381712,1.76251938e-05,11000,151.495525,,-4.463274e-05,-0.0647719101,-1.78663571,2.20147495e-05,1.71057696,-0.00771421704,0.114467765
1781682717.386366,2026-06-17T15:51:57.386,1781682717.070560,right,base,1,pelvis,1000,0.001,-0.0977714283,-0.264264513,-0.0333759641,0.693647224,0.716404677,-0.0127399248,0.0738617689,-0.0354104543,-0.39220071,0.669070607,-0.574384261,-0.176907257,-0.406273402,1.05152387,1,1,8.01383159e-07,0.000508486497,46,0.358723,,0.378086015,-0.0329345099,0.403188287,-0.35999389,-0.338355459,-0.123921162,-0.234042847
1781682717.533771,2026-06-17T15:51:57.533,1781682717.170569,left,base,1,pelvis,1000,0.001,-0.00537760269,0.243670611,-0.0531859551,-0.680151754,0.732625556,0.0129047826,0.0220647392,0.0720164953,-0.0185357106,-0.519183848,-0.148400408,0.431783073,0.0515542643,0.127164119,1,1,0.00103381891,1.76123502e-05,11000,145.362786,,-0.000120471212,-0.0645693516,-1.93669477,-0.000372950236,1.8606396,-0.00776380793,0.114639256
1781682717.534471,2026-06-17T15:51:57.534,1781682717.070560,right,base,1,pelvis,1000,0.001,-0.0977714283,-0.264264513,-0.0333759641,0.693647224,0.716404677,-0.0127399248,0.0738617689,0.0889667744,-0.284075411,0.588586763,-0.509921192,-0.224922977,-0.321340574,0.665051847,1,1,6.6121718e-07,0.000508310822,42,0.33081,,0.377358981,-0.0345977766,0.412303153,-0.359949536,-0.347361083,-0.124536132,-0.235442465
1781682717.682109,2026-06-17T15:51:57.682,1781682717.170569,left,base,1,pelvis,1000,0.001,-0.00537760269,0.243670611,-0.0531859551,-0.680151754,0.732625556,0.0129047826,0.0220647392,0.0494241958,-0.033031488,-0.916549985,-0.101867639,0.832705112,0.0329726612,0.123183612,1,1,0.00103382278,1.76056746e-05,11000,146.209949,,6.80891455e-05,-0.0644883926,-1.17023119,-0.000538696318,1.09416342,-0.00760383676,0.114694096
1781682717.682763,2026-06-17T15:51:57.682,1781682717.070560,right,base,1,pelvis,1000,0.001,-0.0977714283,-0.264264513,-0.0333759641,0.693647224,0.716404677,-0.0127399248,0.0738617689,0.199877011,-0.187734203,0.517465281,-0.452406955,-0.268437284,-0.24560769,0.320146384,1,1,6.62539095e-07,0.000524620106,36,0.292173,,0.377644004,-0.0339394823,0.408708531,-0.359918542,-0.343854287,-0.124428628,-0.234850751
1781682717.834425,2026-06-17T15:51:57.834,1781682717.220577,left,base,1,pelvis,1000,0.001,-0.00469555269,0.242917211,-0.0540564551,-0.682115287,0.730703513,0.015214555,0.023656476,0.0291569387,-0.0459326947,-1.33386103,-0.0603491652,1.25320269,0.0163085772,0.119688369,1,1,0.00206815451,0.000850821034,11000,150.238854,,-0.00402086003,-0.0768402887,-1.31562773,0.0178095209,1.24457426,-0.0078768504,0.114858726
1781682717.834981,2026-06-17T15:51:57.834,1781682717.070560,right,base,1,pelvis,1000,0.001,-0.0977714283,-0.264264513,-0.0333759641,0.693647224,0.716404677,-0.0127399248,0.0738617689,0.290275784,-0.109735604,0.46390194,-0.405314638,-0.308636379,-0.18394103,0.037162427,1,1,6.21568801e-07,0.00050603936,28,0.233558,,0.377538551,-0.0341609453,0.409959615,-0.359894818,-0.345131845,-0.124549306,-0.235051327
1781682717.835707,2026-06-17T15:51:57.835,1781682717.070560,right,base,1,pelvis,1000,0.001,-0.0977714283,-0.264264513,-0.0333759641,0.693647224,0.716404677,-0.0127399248,0.0738617689,0.348904394,-0.0588724722,0.426864298,-0.374851501,-0.332269423,-0.14400512,-0.145372534,1,1,5.05115002e-07,0.000494871743,15,0.125973,,0.377611278,-0.0339794006,0.408992072,-0.35988181,-0.344209361,-0.124522437,-0.234905328
1781682718.001100,2026-06-17T15:51:58.001,1781682717.770874,left,base,1,pelvis,1000,0.001,0.00155499731,0.251758361,-0.0594444551,-0.687974866,0.724461801,0.0171644501,0.0393835562,0.0133635903,-0.0560072286,-1.24502069,-0.0278759809,1.16685474,0.00332569574,0.116976804,1,1,0.00773005303,0.00389337743,11000,147.945883,,0.0372576858,-0.0543731437,-0.0581694397,-0.0831868439,-0.00282173349,0.0176550213,0.138849638
1781682718.001544,2026-06-17T15:51:58.001,1781682717.787254,right,base,1,pelvis,1000,0.001,-0.0934841283,-0.264813463,-0.0378359641,0.697373915,0.712790952,-0.00728097641,0.0744692498,0.349094481,-0.0587084256,0.426752077,-0.374752212,-0.33235481,-0.143875963,-0.145967864,1,1,6.21682646e-07,0.0005086972,14,0.12526,,0.326417942,-0.017249487,0.403713647,-0.272628412,-0.351192876,-0.164130159,-0.209397616
1781682718.146690,2026-06-17T15:51:58.146,1781682717.787581,left,base,1,pelvis,1000,0.001,0.00310079731,0.262741511,-0.0538719551,-0.691401655,0.72097969,0.00965808196,0.0453735443,0.000555645137,-0.0713559274,-0.819262379,0.00578268475,0.775263457,-0.00492774879,0.115416316,1,1,0.00108437308,1.71039932e-05,11000,144.283054,,-0.00637687962,-0.0353011395,-1.63765927,-0.000631609366,1.59139476,-0.0423999926,0.114631568
1781682718.147147,2026-06-17T15:51:58.147,1781682717.803937,right,base,1,pelvis,1000,0.001,-0.0898407783,-0.265962263,-0.0407544641,0.699746488,0.710259963,0.000493267603,0.0767163172,0.351093211,-0.0368877039,0.411080771,-0.28392018,-0.342815184,-0.157277903,-0.223025427,1,1,5.28842042e-06,0.000511439383,11,0.106917,,0.28257325,-0.00419726478,0.399820813,-0.194146197,-0.356672147,-0.207604816,-0.184387977
1781682718.148938,2026-06-17T15:51:58.148,1781682717.837462,left,base,1,pelvis,1000,0.001,0.00351819731,0.279506211,-0.0450569551,-0.703326298,0.709176393,-0.00338899693,0.0488822685,0.0149706612,-0.0646858051,-0.728571376,-0.0291607996,0.69180591,0.00394181232,0.124619938,1,1,1.27898392e-06,0.000579779394,12,0.160653,,0.145150015,0.126656251,-0.708705113,-0.353473909,0.704879834,0.0485805639,0.168545268
1781682718.149877,2026-06-17T15:51:58.149,1781682717.820594,right,base,1,pelvis,1000,0.001,-0.0875568283,-0.267271213,-0.0424614641,0.701576896,0.708235702,0.00733194174,0.0783472521,0.297793108,-0.0177806891,0.403912923,-0.201465623,-0.350966265,-0.203188319,-0.192798519,1,1,1.72636616e-05,0.000638096191,9,0.123197,,0.246044919,0.0062963752,0.395288616,-0.125253957,-0.361033965,-0.247545863,-0.160380762
1781682718.165706,2026-06-17T15:51:58.165,1781682718.054132,left,base,1,pelvis,1000,0.001,0.00841834731,0.307981561,-0.0406454551,-0.730548488,0.681783626,-0.0326923129,0.0200301406,0.0147826806,-0.0545284584,-0.736576555,-0.0393181463,0.699727443,0.00353373906,0.124531984,1,1,1.06774069e-06,0.00050650337,18,0.219087,,0.168228072,0.220202913,-0.667312437,-0.415490083,0.768263141,0.0759367403,0.0343540396
1781682718.166464,2026-06-17T15:51:58.166,1781682718.070609,right,base,1,pelvis,1000,0.001,-0.0922989283,-0.329279513,-0.0165129641,0.764756634,0.639196038,0.0269786152,0.0764713678,0.287635761,-0.0138175173,0.403699216,-0.191308276,-0.351264251,-0.213345666,-0.182641172,1,1,4.51590788e-07,0.000520433739,23,0.270804,,0.522512908,-0.191116306,0.271094152,-0.595356714,-0.502930767,-0.101013537,-0.0560561516
1781682718.182559,2026-06-17T15:51:58.182,1781682718.054132,left,base,1,pelvis,1000,0.001,0.00841834731,0.307981561,-0.0406454551,-0.730548488,0.681783626,-0.0326923129,0.0200301406,0.0220655696,-0.00625584865,-0.735019534,-0.087590756,0.700015278,0.00605025153,0.126990758,1,1,1.18837612e-06,0.000495566051,18,0.231431,,0.167965552,0.220551315,-0.66936119,-0.415506079,0.770295896,0.0755606357,0.0347137487
1781682718.183566,2026-06-17T15:51:58.183,1781682718.070609,right,base,1,pelvis,1000,0.001,-0.0922989283,-0.329279513,-0.0165129641,0.764756634,0.639196038,0.0269786152,0.0764713678,0.277651528,-0.062090127,0.401627913,-0.239580886,-0.353670267,-0.165073056,-0.166493051,1,1,4.69955667e-07,0.000499249615,24,0.283231,,0.522254697,-0.192013147,0.273916977,-0.595350441,-0.505703826,-0.101415049,-0.0567684086
1781682718.199222,2026-06-17T15:51:58.199,1781682718.054132,left,base,1,pelvis,1000,0.001,0.00841834731,0.307981561,-0.0406454551,-0.730548488,0.681783626,-0.0326923129,0.0200301406,0.0307922526,0.0450701878,-0.730977059,-0.138916792,0.704090041,0.0102228486,0.12145985,1,1,1.37738e-06,0.000525104914,17,0.23981,,0.167642884,0.220970115,-0.671816164,-0.415524004,0.772713089,0.0751413492,0.0351313623
1781682718.200068,2026-06-17T15:51:58.200,1781682718.070609,right,base,1,pelvis,1000,0.001,-0.0922989283,-0.329279513,-0.0165129641,0.764756634,0.639196038,0.0269786152,0.0764713678,0.302158462,-0.113416163,0.38856345,-0.290906922,-0.368608993,-0.128885287,-0.155439981,1,1,7.87587096e-07,0.000538441025,23,0.310362,,0.521994167,-0.192913568,0.276766903,-0.595379935,-0.50845873,-0.101740175,-0.0575576361
1781682718.216121,2026-06-17T15:51:58.216,1781682718.087519,left,base,1,pelvis,1000,0.001,0.00892344731,0.311478111,-0.0396449551,-0.733707374,0.678256182,-0.037329849,0.0157646365,0.0389306063,0.0946753189,-0.727321451,-0.188521924,0.708017967,0.0140992738,0.116313292,1,1,1.40744212e-06,0.000508129786,19,0.270222,,0.171641339,0.234150845,-0.668527418,-0.424980398,0.783228016,0.0790752126,0.0165856183
1781682718.216911,2026-06-17T15:51:58.216,1781682718.103945,right,base,1,pelvis,1000,0.001,-0.0917717283,-0.331622013,-0.0174524641,0.767545415,0.636007134,0.0272194557,0.0750204145,0.32430084,-0.161627895,0.377029652,-0.340512053,-0.382401168,-0.126121694,-0.145513308,1,1,7.23770471e-07,0.000503315909,24,0.269991,,0.513520798,-0.195823276,0.276543978,-0.582540489,-0.519226278,-0.102417531,-0.0477178941
1781682718.232667,2026-06-17T15:51:58.232,1781682718.087519,left,base,1,pelvis,1000,0.001,0.00892344731,0.311478111,-0.0396449551,-0.733707374,0.678256182,-0.037329849,0.0157646365,0.0470121742,0.144292228,-0.723836393,-0.238936009,0.712080035,0.0179319748,0.111216052,1,1,1.32147211e-06,0.000497128496,20,0.236376,,0.171212426,0.234698463,-0.671583186,-0.424978751,0.786275229,0.0785740173,0.016998745
1781682718.233397,2026-06-17T15:51:58.233,1781682718.103945,right,base,1,pelvis,1000,0.001,-0.0917717283,-0.331622013,-0.0174524641,0.767545415,0.636007134,0.0272194557,0.0750204145,0.345350825,-0.167713288,0.366353878,-0.390926139,-0.395823522,-0.123525599,-0.129097578,1,1,5.8394422e-07,0.000512231257,22,0.250435,,0.513567353,-0.195653296,0.276002342,-0.582510059,-0.518676617,-0.102415405,-0.0475482501
1781682718.249437,2026-06-17T15:51:58.249,1781682718.137485,left,base,1,pelvis,1000,0.001,0.0111084473,0.316343211,-0.0372789551,-0.737447223,0.674136415,-0.0397418283,0.0115010476,0.0548889212,0.150437331,-0.720340784,-0.288654151,0.716576693,0.0217963175,0.105235269,1,1,1.23388916e-06,0.000525786031,19,0.218567,,0.180549008,0.256492148,-0.663747057,-0.454649011,0.797477743,0.0965900907,0.00652422995
1781682718.250138,2026-06-17T15:51:58.250,1781682718.120624,right,base,1,pelvis,1000,0.001,-0.0925711283,-0.331654713,-0.0168044641,0.769700725,0.63358871,0.0276812115,0.0732112759,0.363712718,-0.17078252,0.356547848,-0.44064428,-0.409297439,-0.121220883,-0.120050449,1,1,4.90585835e-07,0.000501979977,21,0.250675,,0.518848867,-0.197110959,0.273124577,-0.589293021,-0.523915725,-0.0986896309,-0.044099941
1781682718.266206,2026-06-17T15:51:58.266,1781682718.137485,left,base,1,pelvis,1000,0.001,0.0111084473,0.316343211,-0.0372789551,-0.737447223,0.674136415,-0.0397418283,0.0115010476,0.0625786798,0.174764281,-0.717117582,-0.339573922,0.72118423,0.0255497018,0.0994022473,1,1,1.07654399e-06,0.000530990224,19,0.238631,,0.180268292,0.256863276,-0.665645398,-0.454629024,0.799357297,0.0962027173,0.0067179124
1781682718.266894,2026-06-17T15:51:58.266,1781682718.137280,right,base,1,pelvis,1000,0.001,-0.0934348783,-0.332553663,-0.0159789641,0.772530515,0.630398527,0.0285095889,0.0705797732,0.381141879,-0.17492843,0.347179832,-0.491564052,-0.422019015,-0.116419729,-0.108314734,1,1,5.9147522e-07,0.00051576005,20,0.228861,,0.524944595,-0.200403617,0.268289028,-0.596970896,-0.530931686,-0.0933194124,-0.0368208293
1781682718.283042,2026-06-17T15:51:58.283,1781682718.154149,left,base,1,pelvis,1000,0.001,0.0123237473,0.319385411,-0.0362839551,-0.740328594,0.670975492,-0.040439135,0.00837489038,0.0706234271,0.180660485,-0.713478088,-0.361853548,0.726386912,0.030394157,0.0930686193,1,1,1.04805011e-06,0.000533181563,19,0.232475,,0.181966198,0.26679641,-0.66035174,-0.463658877,0.806429542,0.106714244,-0.00194455084
1781682718.283730,2026-06-17T15:51:58.283,1781682718.137280,right,base,1,pelvis,1000,0.001,-0.0934348783,-0.332553663,-0.0159789641,0.772530515,0.630398527,0.0285095889,0.0705797732,0.401863891,-0.180710241,0.338461787,-0.540843741,-0.434014655,-0.109161652,-0.0937462972,1,1,7.47902917e-07,0.000518993892,19,0.218715,,0.524994984,-0.200218348,0.267688616,-0.596923076,-0.530370815,-0.0933375892,-0.0365702825
1781682718.299690,2026-06-17T15:51:58.299,1781682718.170831,left,base,1,pelvis,1000,0.001,0.0128511473,0.321742111,-0.0359224551,-0.742959561,0.668067854,-0.0407877365,0.00572652594,0.0783672958,0.194776881,-0.710099817,-0.376329981,0.731540578,0.0350420067,0.086969943,1,1,9.75772227e-07,0.000502478676,20,0.236027,,0.180773687,0.271978471,-0.656900148,-0.463500684,0.812666528,0.112706712,-0.0107793646
1781682718.300409,2026-06-17T15:51:58.300,1781682718.153951,right,base,1,pelvis,1000,0.001,-0.0941468783,-0.333706113,-0.0149744641,0.774956961,0.627678962,0.0294039998,0.0677955312,0.417367949,-0.183183148,0.329650159,-0.569147857,-0.446184574,-0.107172334,-0.0863557257,1,1,8.05216598e-07,0.000505925534,19,0.223852,,0.531939531,-0.204675844,0.26332805,-0.606642833,-0.537267469,-0.0866487263,-0.0292396518
1781682718.316547,2026-06-17T15:51:58.316,1781682718.170831,left,base,1,pelvis,1000,0.001,0.0128511473,0.321742111,-0.0359224551,-0.742959561,0.668067854,-0.0407877365,0.00572652594,0.0858389463,0.204572805,-0.706511938,-0.382628223,0.736941641,0.0418602956,0.0805573459,1,1,1.04493847e-06,0.000513948693,19,0.241074,,0.180739533,0.272021397,-0.65712872,-0.463508479,0.812883432,0.112678463,-0.0107220106
1781682718.317142,2026-06-17T15:51:58.317,1781682718.170617,right,base,1,pelvis,1000,0.001,-0.0948056783,-0.334741363,-0.0139449641,0.777385895,0.62493414,0.0302161858,0.0649266825,0.438124403,-0.189576026,0.321585651,-0.582167912,-0.457141704,-0.0988870301,-0.0727523729,1,1,7.67137272e-07,0.000509497451,18,0.221434,,0.539056804,-0.208610835,0.257887212,-0.616775903,-0.543013969,-0.0791637279,-0.0220874579
1781682718.333224,2026-06-17T15:51:58.333,1781682718.170831,left,base,1,pelvis,1000,0.001,0.0128511473,0.321742111,-0.0359224551,-0.742959561,0.668067854,-0.0407877365,0.00572652594,0.0929851843,0.209646784,-0.702777398,-0.388715919,0.742641852,0.0471932785,0.0736819506,1,1,1.05896382e-06,0.000515919546,18,0.223717,,0.180743586,0.272016101,-0.657103282,-0.463509092,0.812856175,0.112682975,-0.0107234248
1781682718.333773,2026-06-17T15:51:58.333,1781682718.187291,right,base,1,pelvis,1000,0.001,-0.0952378783,-0.335487913,-0.0130514641,0.779258319,0.622818722,0.030786382,0.0624940819,0.457875091,-0.195476379,0.313632736,-0.595395021,-0.468079904,-0.0899138729,-0.059834543,1,1,7.23905549e-07,0.000505947604,17,0.197658,,0.545122805,-0.211803696,0.253473611,-0.625966025,-0.547391066,-0.0721910809,-0.0167730952
1781682718.350025,2026-06-17T15:51:58.350,1781682718.170831,left,base,1,pelvis,1000,0.001,0.0128511473,0.321742111,-0.0359224551,-0.742959561,0.668067854,-0.0407877365,0.00572652594,0.0997371205,0.214440801,-0.699248914,-0.39446772,0.748027547,0.0522320081,0.067185913,1,1,1.07243284e-06,0.000517106282,17,0.220526,,0.180747095,0.272011272,-0.657079983,-0.463509477,0.812831556,0.112687661,-0.0107250531
1781682718.350762,2026-06-17T15:51:58.350,1781682718.220623,right,base,1,pelvis,1000,0.001,-0.0957325283,-0.337315763,-0.0122899641,0.782023979,0.619532593,0.0320678847,0.0599125513,0.475355848,-0.200469782,0.305707365,-0.607432628,-0.478733321,-0.0815587318,-0.049264827,1,1,6.9271185e-07,0.000512134512,16,0.189223,,0.54957165,-0.216183459,0.247326135,-0.631070556,-0.554294935,-0.0669269592,-0.00660319634
1781682718.366671,2026-06-17T15:51:58.366,1781682718.220823,left,base,1,pelvis,1000,0.001,0.0133200973,0.327491861,-0.0360239551,0.750777599,-0.65925395,0.0414176639,0.00134303487,0.106296596,0.219098167,-0.695821009,-0.400055568,0.753259726,0.0571271114,0.0608750416,1,1,1.2371097e-06,0.000528866339,18,0.211847,,0.171751656,0.277635474,-0.64600118,-0.445000261,0.826511292,0.122785267,-0.0386622444
1781682718.367257,2026-06-17T15:51:58.367,1781682718.220623,right,base,1,pelvis,1000,0.001,-0.0957325283,-0.337315763,-0.0122899641,0.782023979,0.619532593,0.0320678847,0.0599125513,0.490345851,-0.206497142,0.29241931,-0.615267821,-0.494985371,-0.0749620054,-0.0343293342,1,1,1.24760991e-06,0.000633471625,13,0.149063,,0.549644844,-0.215889924,0.246469952,-0.631041993,-0.55334372,-0.0668608717,-0.00634150168
1781682718.383430,2026-06-17T15:51:58.383,1781682718.220823,left,base,1,pelvis,1000,0.001,0.0133200973,0.327491861,-0.0360239551,0.750777599,-0.65925395,0.0414176639,0.00134303487,0.11233702,0.228587367,-0.692664354,-0.40520125,0.758077883,0.070899882,0.0550635499,1,1,1.30877547e-06,0.000531796346,17,0.20388,,0.171771811,0.277600178,-0.64582819,-0.445009859,0.826327324,0.12285465,-0.0386519165
1781682718.384116,2026-06-17T15:51:58.384,1781682718.220623,right,base,1,pelvis,1000,0.001,-0.0957325283,-0.337315763,-0.0122899641,0.782023979,0.619532593,0.0320678847,0.0599125513,0.499633659,-0.208004362,0.284559317,-0.617726774,-0.504214115,-0.0736466306,-0.0297572893,1,1,1.24869749e-06,0.000576811403,12,0.150942,,0.549677193,-0.215766015,0.246101751,-0.631053503,-0.553033689,-0.0667703872,-0.00625745537
1781682718.400124,2026-06-17T15:51:58.400,1781682718.254128,left,base,1,pelvis,1000,0.001,0.0139208973,0.330333711,-0.0353584551,0.75604942,-0.65314528,0.0418781926,0.00606086087,0.117461534,0.232817767,-0.688639654,-0.408633915,0.763980265,0.0753749971,0.0469796989,1,1,1.25722521e-06,0.000510958214,18,0.225212,,0.170978606,0.284155217,-0.637687025,-0.445717847,0.836605598,0.13427551,-0.0509274541
1781682718.400720,2026-06-17T15:51:58.400,1781682718.253957,right,base,1,pelvis,1000,0.001,-0.0960843783,-0.342197813,-0.0119509641,0.787140825,0.613194599,0.0347915371,0.0564911945,0.507998495,-0.209323295,0.278188516,-0.619953868,-0.512431499,-0.0725116493,-0.0258407808,1,1,1.31027186e-06,0.000593655175,12,0.140995,,0.54884466,-0.223916988,0.23574184,-0.625373391,-0.566992139,-0.0635013192,0.0166807678
1781682718.416898,2026-06-17T15:51:58.416,1781682718.270806,left,base,1,pelvis,1000,0.001,0.0140052973,0.331159661,-0.0347599551,0.757765895,-0.651117632,0.0421946527,0.00750255236,0.122189672,0.242801694,-0.68492626,-0.411801068,0.769426106,0.0902205272,0.0395211233,1,1,1.38301637e-06,0.000535571436,17,0.20265,,0.174022054,0.288382029,-0.63433725,-0.452508135,0.840404057,0.139372604,-0.052689635
1781682718.417855,2026-06-17T15:51:58.417,1781682718.270624,right,base,1,pelvis,1000,0.001,-0.0954761283,-0.344229663,-0.0126144641,0.788608648,0.61132139,0.0355624104,0.05583792,0.515236418,-0.21820997,0.262058412,-0.621880928,-0.532404983,-0.068204634,0.000333164876,1,1,2.14850712e-06,0.000580055683,11,0.155157,,0.542383635,-0.225546632,0.232078495,-0.614989926,-0.569978878,-0.064277746,0.0258693393
1781682718.433499,2026-06-17T15:51:58.433,1781682718.270806,left,base,1,pelvis,1000,0.001,0.0140052973,0.331159661,-0.0347599551,0.757765895,-0.651117632,0.0421946527,0.00750255236,0.126729034,0.250617943,-0.680531083,-0.414956713,0.77567654,0.0991052573,0.0311057144,1,1,1.41336907e-06,0.000535241058,16,0.157062,,0.174018336,0.288379289,-0.634330012,-0.452513081,0.840395462,0.139404906,-0.0526697203
1781682718.433832,2026-06-17T15:51:58.433,1781682718.287292,right,base,1,pelvis,1000,0.001,-0.0943726283,-0.346316913,-0.0136794641,0.790090863,0.609420016,0.0363602271,0.0551507538,0.521607438,-0.22090787,0.253436897,-0.621544686,-0.541923373,-0.0673130398,0.0125439816,1,1,4.13213892e-06,0.000640210424,10,0.102323,,0.532555119,-0.226580063,0.228472499,-0.600509104,-0.572448321,-0.0653359857,0.0359467785
1781682718.450326,2026-06-17T15:51:58.450,1781682718.320804,left,base,1,pelvis,1000,0.001,0.0138579973,0.333824661,-0.0332089551,0.761307003,-0.646902433,0.0428037407,0.0098351072,0.131081977,0.254093824,-0.676279311,-0.41841302,0.781634189,0.102811544,0.0233930243,1,1,1.33858837e-06,0.000534697087,16,0.132113,,0.182628422,0.299800836,-0.627166923,-0.469540201,0.849129864,0.149238459,-0.0560520068
1781682718.450931,2026-06-17T15:51:58.450,1781682718.287292,right,base,1,pelvis,1000,0.001,-0.0943726283,-0.346316913,-0.0136794641,0.790090863,0.609420016,0.0363602271,0.0551507538,0.525502285,-0.222803904,0.245851375,-0.60593331,-0.549635537,-0.0667440231,0.0250511117,1,1,4.88784101e-06,0.000578429029,9,0.092799,,0.532656676,-0.226161062,0.227128786,-0.600578886,-0.571142426,-0.0649047531,0.0362349954
1781682718.467198,2026-06-17T15:51:58.467,1781682718.320804,left,base,1,pelvis,1000,0.001,0.0138579973,0.333824661,-0.0332089551,0.761307003,-0.646902433,0.0428037407,0.0098351072,0.135354777,0.268354366,-0.67210582,-0.433113664,0.78748215,0.115822837,0.0158223354,1,1,1.21016964e-06,0.000501636774,16,0.153474,,0.182563805,0.299873597,-0.627519777,-0.469528712,0.849499581,0.149209334,-0.0560209755
1781682718.467541,2026-06-17T15:51:58.467,1781682718.287292,right,base,1,pelvis,1000,0.001,-0.0943726283,-0.346316913,-0.0136794641,0.790090863,0.609420016,0.0363602271,0.0551507538,0.527001107,-0.223606389,0.240821596,-0.604780593,-0.554483561,-0.0664447961,0.0276532648,1,1,9.46502622e-06,0.000580168848,8,0.082677,,0.532682963,-0.226030935,0.226755083,-0.600582157,-0.570769254,-0.0648572102,0.0363100265
1781682718.484046,2026-06-17T15:51:58.484,1781682718.320804,left,base,1,pelvis,1000,0.001,0.0138579973,0.333824661,-0.0332089551,0.761307003,-0.646902433,0.0428037407,0.0098351072,0.140150117,0.271544231,-0.667547312,-0.436808696,0.793735566,0.119212448,0.00853155164,1,1,1.32094806e-06,0.000532884296,14,0.154352,,0.182576969,0.299862411,-0.627471649,-0.469539506,0.8494279,0.14920891,-0.0560060344
1781682718.484653,2026-06-17T15:51:58.484,1781682718.370629,right,base,1,pelvis,1000,0.001,-0.0933205783,-0.351103213,-0.0144439641,0.796695974,0.600804234,0.042056928,0.0504084546,0.528245171,-0.224168344,0.237809569,-0.603856338,-0.558148036,-0.0661060306,0.0295410005,1,1,2.68214904e-06,0.000544601185,10,0.116901,,0.521361971,-0.232504274,0.215104325,-0.579762361,-0.587664272,-0.0642760008,0.0699503072
1781682718.500687,2026-06-17T15:51:58.500,1781682718.370857,left,base,1,pelvis,1000,0.001,0.0124753473,0.337982311,-0.0319299551,0.766597947,-0.640524249,0.0433418278,0.0133326653,0.144707339,0.274575699,-0.663215162,-0.440320247,0.799678461,0.122433744,0.0016028006,1,1,1.21694807e-06,0.000517285564,15,0.126888,,0.189597749,0.310848999,-0.618100793,-0.477141846,0.860742182,0.157307132,-0.0668704755
1781682718.501055,2026-06-17T15:51:58.501,1781682718.370629,right,base,1,pelvis,1000,0.001,-0.0933205783,-0.351103213,-0.0144439641,0.796695974,0.600804234,0.042056928,0.0504084546,0.528525495,-0.230728093,0.223234897,-0.582352369,-0.576998852,-0.0657150093,0.0647719482,1,1,2.04130105e-05,0.000513560362,7,0.089126,,0.521440216,-0.232240744,0.214123921,-0.579814256,-0.586763429,-0.0638151686,0.0703063698
1781682718.517438,2026-06-17T15:51:58.517,1781682718.404007,left,base,1,pelvis,1000,0.001,0.0120605473,0.339444011,-0.0316144551,0.769297422,-0.637197618,0.0442409777,0.0142621309,0.14879269,0.287946606,-0.659331578,-0.45079818,0.805006007,0.133101814,-0.00837268473,1,1,1.15524506e-06,0.000520471296,15,0.130813,,0.191374984,0.313694802,-0.613810693,-0.477218269,0.866072146,0.158140249,-0.0721072806
1781682718.517777,2026-06-17T15:51:58.517,1781682718.387296,right,base,1,pelvis,1000,0.001,-0.0941521783,-0.352064913,-0.0139409641,0.797976533,0.599087694,0.0436963172,0.0491733609,0.526733278,-0.23117247,0.220222655,-0.581704384,-0.579667197,-0.0648952477,0.0664227233,1,1,1.44786644e-05,0.000499002053,7,0.076189,,0.524272568,-0.234486972,0.211072207,-0.580460627,-0.590422313,-0.0641663064,0.0779269221
1781682718.534259,2026-06-17T15:51:58.534,1781682718.404007,left,base,1,pelvis,1000,0.001,0.0120605473,0.339444011,-0.0316144551,0.769297422,-0.637197618,0.0442409777,0.0142621309,0.15344397,0.293312894,-0.65463177,-0.45387504,0.811359253,0.136667662,-0.0201117085,1,1,1.03491229e-06,0.000502431451,14,0.130356,,0.191397215,0.313655289,-0.613616852,-0.477204622,0.865886926,0.158181314,-0.0721620563
1781682718.534532,2026-06-17T15:51:58.534,1781682718.387296,right,base,1,pelvis,1000,0.001,-0.0941521783,-0.352064913,-0.0139409641,0.797976533,0.599087694,0.0436963172,0.0491733609,0.525282165,-0.233516879,0.215504194,-0.581186198,-0.584612926,-0.0645991399,0.0750948956,1,1,0.000100154821,0.000608015327,4,0.046615,,0.524357294,-0.234249254,0.210723598,-0.580407304,-0.589887121,-0.0642666745,0.0780828538
1781682718.551136,2026-06-17T15:51:58.551,1781682718.404007,left,base,1,pelvis,1000,0.001,0.0120605473,0.339444011,-0.0316144551,0.769297422,-0.637197618,0.0442409777,0.0142621309,0.157965679,0.295742596,-0.649765541,-0.456657758,0.817881509,0.139227383,-0.0263100358,1,1,1.51834877e-06,0.000632877864,12,0.123867,,0.191412328,0.313659378,-0.613657556,-0.477245739,0.865819089,0.158142429,-0.0720834582
1781682718.551763,2026-06-17T15:51:58.551,1781682718.387296,right,base,1,pelvis,1000,0.001,-0.0941521783,-0.352064913,-0.0139409641,0.797976533,0.599087694,0.0436963172,0.0491733609,0.524981697,-0.233805591,0.214185182,-0.580970259,-0.586341869,-0.0644703235,0.0759377407,1,1,7.06510255e-05,0.000436367052,4,0.063957,,0.524328035,-0.234307868,0.210765658,-0.580390248,-0.590122398,-0.0642770866,0.0781091936
1781682718.567840,2026-06-17T15:51:58.567,1781682718.453976,left,base,1,pelvis,1000,0.001,0.0121039473,0.341665111,-0.0307224551,0.774042143,-0.63120048,0.0472671073,0.0145098392,0.162192965,0.298014092,-0.645216166,-0.459259283,0.82397908,0.141620431,-0.0321047706,1,1,9.41111572e-07,0.000500682057,13,0.12931,,0.196981412,0.319795485,-0.60481897,-0.483335734,0.875488002,0.157973635,-0.079028036
1781682718.568213,2026-06-17T15:51:58.568,1781682718.437300,right,base,1,pelvis,1000,0.001,-0.0949016783,-0.354059563,-0.0128084641,0.8009317,0.595155577,0.0465577882,0.0461586734,0.524781016,-0.233948183,0.213072641,-0.580789328,-0.5874813,-0.0644048715,0.0766271722,1,1,3.0108685e-05,0.000617194923,6,0.062371,,0.530172689,-0.239792247,0.204512298,-0.585795893,-0.598816855,-0.0598077342,0.0918536893
1781682718.584671,2026-06-17T15:51:58.584,1781682718.470856,left,base,1,pelvis,1000,0.001,0.0118337473,0.342515011,-0.0297924551,0.775844325,-0.628877595,0.0484876387,0.0150832054,0.165890636,0.305971902,-0.641236761,-0.4675222,0.829312717,0.143713667,-0.0439470367,1,1,1.21042024e-06,0.00063724486,12,0.118165,,0.203577346,0.325380603,-0.600882696,-0.494310442,0.880385139,0.160552726,-0.0796729788
1781682718.585114,2026-06-17T15:51:58.585,1781682718.437300,right,base,1,pelvis,1000,0.001,-0.0949016783,-0.354059563,-0.0128084641,0.8009317,0.595155577,0.0465577882,0.0461586734,0.525685518,-0.23902218,0.208006551,-0.584652811,-0.594236913,-0.0604296782,0.0896077153,1,1,0.000143138634,0.000486585281,4,0.056751,,0.529922533,-0.239738066,0.20433282,-0.585669077,-0.598719173,-0.0597502929,0.0922129479
1781682718.601360,2026-06-17T15:51:58.601,1781682718.470856,left,base,1,pelvis,1000,0.001,0.0118337473,0.342515011,-0.0297924551,0.775844325,-0.628877595,0.0484876387,0.0150832054,0.17011802,0.31333394,-0.636285067,-0.480445332,0.835591128,0.148043369,-0.0493500562,1,1,1.03416304e-06,0.000573194137,12,0.119089,,0.203523499,0.325452232,-0.601195955,-0.494281244,0.880747299,0.160471744,-0.0796972014
1781682718.601628,2026-06-17T15:51:58.601,1781682718.470638,right,base,1,pelvis,1000,0.001,-0.0950080283,-0.354637313,-0.0121604641,0.802582035,0.592949425,0.0478806205,0.044502845,0.52708888,-0.239263018,0.206913724,-0.58501031,-0.595669289,-0.0602351653,0.0903101434,1,1,5.58064635e-05,0.000569095628,5,0.056963,,0.533837078,-0.242072889,0.201160392,-0.590917868,-0.603374697,-0.0558938218,0.0975458466
1781682718.618253,2026-06-17T15:51:58.618,1781682718.470856,left,base,1,pelvis,1000,0.001,0.0118337473,0.342515011,-0.0297924551,0.775844325,-0.628877595,0.0484876387,0.0150832054,0.174790462,0.315016201,-0.631341287,-0.482381532,0.841846407,0.149790244,-0.0535845141,1,1,8.34121358e-07,0.000493116948,12,0.151456,,0.203528721,0.325430266,-0.601086474,-0.494261686,0.880710451,0.160515714,-0.0797397542
1781682718.618673,2026-06-17T15:51:58.618,1781682718.470638,right,base,1,pelvis,1000,0.001,-0.0950080283,-0.354637313,-0.0121604641,0.802582035,0.592949425,0.0478806205,0.044502845,0.529597789,-0.241343256,0.20446225,-0.589832591,-0.599046718,-0.0564857522,0.0954190249,1,1,0.000136897029,0.00046150864,4,0.063186,,0.533735071,-0.242039711,0.200977767,-0.590976681,-0.603288075,-0.0556997103,0.0977547478
1781682718.634959,2026-06-17T15:51:58.634,1781682718.487486,left,base,1,pelvis,1000,0.001,0.0112347473,0.342697511,-0.0284304551,0.777478528,-0.626758383,0.0492174664,0.0166945894,0.179079919,0.316560573,-0.626802734,-0.484159027,0.847588961,0.151393933,-0.0574718865,1,1,1.50764553e-06,0.000612556346,11,0.159446,,0.213581994,0.332521747,-0.596770407,-0.512545056,0.886062193,0.167045093,-0.0774563637
1781682718.635523,2026-06-17T15:51:58.635,1781682718.487302,right,base,1,pelvis,1000,0.001,-0.0951523283,-0.355089063,-0.0116234641,0.804016745,0.59101897,0.0491078671,0.0429193173,0.530949122,-0.241575837,0.203409736,-0.590178538,-0.600426322,-0.056297066,0.0960969793,1,1,5.17355439e-05,0.000518468424,5,0.07554,,0.536953125,-0.243983126,0.198278291,-0.595026473,-0.607378996,-0.0524540488,0.102789195
1781682718.651710,2026-06-17T15:51:58.651,1781682718.520873,left,base,1,pelvis,1000,0.001,0.0109280973,0.342702911,-0.0275734551,0.778853779,-0.624969522,0.0495517593,0.0185609843,0.182865634,0.32498347,-0.621725323,-0.503754915,0.852657126,0.159227784,-0.0609027373,1,1,1.76079167e-06,0.000608873676,11,0.147179,,0.219218874,0.336664595,-0.593427249,-0.523211651,0.889957424,0.172952908,-0.0771468097
1781682718.652327,2026-06-17T15:51:58.652,1781682718.520638,right,base,1,pelvis,1000,0.001,-0.0952619283,-0.355353713,-0.0110489641,0.805190659,0.589421465,0.0503337857,0.0414348769,0.532949221,-0.243292351,0.201397362,-0.593997471,-0.603290336,-0.0530167285,0.100776035,1,1,6.27114158e-05,0.000552919989,5,0.073726,,0.540421205,-0.245727328,0.195829352,-0.599942246,-0.610734537,-0.0490983325,0.107218213
1781682718.668361,2026-06-17T15:51:58.668,1781682718.520873,left,base,1,pelvis,1000,0.001,0.0109280973,0.342702911,-0.0275734551,0.778853779,-0.624969522,0.0495517593,0.0185609843,0.190562147,0.330315962,-0.614345164,-0.515753143,0.858103739,0.166353932,-0.0636017651,1,1,1.50406318e-06,0.000507395832,11,0.145237,,0.219505425,0.336242347,-0.591586288,-0.52318064,0.888232593,0.173315232,-0.0774721857
1781682718.668876,2026-06-17T15:51:58.668,1781682718.570643,right,base,1,pelvis,1000,0.001,-0.0955190283,-0.355073313,-0.0103374641,0.806118639,0.588084876,0.0523819409,0.0398126928,0.536526828,-0.24505411,0.198862805,-0.598936686,-0.606757941,-0.0496489742,0.105256984,1,1,6.21612156e-05,0.000534368889,5,0.072887,,0.545268792,-0.247077318,0.193805748,-0.606302231,-0.613839994,-0.0468432122,0.112140801
1781682718.685223,2026-06-17T15:51:58.685,1781682718.570867,left,base,1,pelvis,1000,0.001,0.0106762973,0.342029261,-0.0268259551,0.78054976,-0.622704932,0.0502269908,0.021398355,0.195699635,0.331391145,-0.60897618,-0.51701629,0.863498368,0.16783097,-0.0658957066,1,1,3.17676438e-06,0.000630292992,10,0.143439,,0.224375791,0.338955432,-0.587810697,-0.532644575,0.892327517,0.180230613,-0.0781872739
1781682718.686001,2026-06-17T15:51:58.686,1781682718.570643,right,base,1,pelvis,1000,0.001,-0.0955190283,-0.355073313,-0.0103374641,0.806118639,0.588084876,0.0523819409,0.0398126928,0.54147429,-0.246420783,0.196759412,-0.605316647,-0.609967479,-0.047381518,0.110227046,1,1,0.000121794157,0.00040954536,4,0.099632,,0.545239437,-0.247037399,0.19364458,-0.606388868,-0.61377181,-0.0467054547,0.112377755
1781682718.701889,2026-06-17T15:51:58.701,1781682718.570867,left,base,1,pelvis,1000,0.001,0.0106762973,0.342029261,-0.0268259551,0.78054976,-0.622704932,0.0502269908,0.021398355,0.204906657,0.334634808,-0.602034113,-0.527525072,0.868544242,0.17570799,-0.0680198686,1,1,5.97578587e-06,0.000633149779,9,0.138497,,0.22470639,0.338453456,-0.585690026,-0.532620904,0.890210737,0.180657464,-0.0785514905
1781682718.702428,2026-06-17T15:51:58.702,1781682718.587307,right,base,1,pelvis,1000,0.001,-0.0956743283,-0.354175263,-0.00990446412,0.8065522,0.587340675,0.0547494368,0.038819841,0.542673762,-0.246628319,0.195825736,-0.605628198,-0.611191612,-0.0472113553,0.110831999,1,1,0.000103276644,0.000500287133,4,0.062112,,0.548531504,-0.246947207,0.192984407,-0.610202677,-0.615543903,-0.0474042833,0.116086876
1781682718.718673,2026-06-17T15:51:58.718,1781682718.570867,left,base,1,pelvis,1000,0.001,0.0106762973,0.342029261,-0.0268259551,0.78054976,-0.622704932,0.0502269908,0.021398355,0.208897988,0.335447589,-0.597248903,-0.528488135,0.873018269,0.176983383,-0.0699325254,1,1,4.78732536e-06,0.000489187441,9,0.122378,,0.224816487,0.338282325,-0.584954161,-0.532603905,0.889624047,0.180837761,-0.0786677717
1781682718.719287,2026-06-17T15:51:58.719,1781682718.603974,right,base,1,pelvis,1000,0.001,-0.0956446283,-0.352761863,-0.00983096412,0.806592926,0.587074983,0.0572704112,0.038352527,0.544938973,-0.246778295,0.19515101,-0.609266269,-0.612076236,-0.0470883865,0.114272509,1,1,0.000130106305,0.000497840244,4,0.061968,,0.549929821,-0.2453558,0.192995911,-0.611366425,-0.615705434,-0.0503324654,0.119243409
1781682718.735365,2026-06-17T15:51:58.735,1781682718.604158,left,base,1,pelvis,1000,0.001,0.0103803473,0.340827811,-0.0264769551,0.781750683,-0.621040591,0.0510153449,0.0239141931,0.212219386,0.336058285,-0.594167718,-0.529327782,0.876511228,0.177909383,-0.0717789829,1,1,1.01237945e-05,0.000631074658,8,0.124125,,0.227618234,0.338605483,-0.582897635,-0.537757846,0.892563461,0.185212316,-0.0796633369
1781682718.735868,2026-06-17T15:51:58.735,1781682718.603974,right,base,1,pelvis,1000,0.001,-0.0956446283,-0.352761863,-0.00983096412,0.806592926,0.587074983,0.0572704112,0.038352527,0.546434642,-0.246831366,0.19447028,-0.610454555,-0.61316575,-0.0497356223,0.117475645,1,1,0.000307414783,0.000849344033,3,0.053763,,0.549652028,-0.245510254,0.19311016,-0.61133106,-0.61551018,-0.0504266893,0.119249153
1781682718.752231,2026-06-17T15:51:58.752,1781682718.654155,left,base,1,pelvis,1000,0.001,0.00908259731,0.335846311,-0.0259664551,0.782238356,-0.620121579,0.0522389658,0.02869619,0.217695778,0.336532125,-0.590154973,-0.535134679,0.88045455,0.182893455,-0.074238956,1,1,1.18805619e-05,0.000581386078,8,0.124599,,0.235450122,0.335708863,-0.581505192,-0.551656271,0.894517384,0.192233435,-0.0757255184
1781682718.753082,2026-06-17T15:51:58.753,1781682718.637309,right,base,1,pelvis,1000,0.001,-0.0946114783,-0.349762263,-0.0106504641,0.805714047,0.587847516,0.0609679293,0.039282112,0.547506475,-0.246378868,0.19401815,-0.61073419,-0.613944571,-0.0499186504,0.118017748,1,1,0.000236286738,0.000520297172,4,0.068969,,0.546303124,-0.240182426,0.195682946,-0.606320076,-0.613359476,-0.0592606208,0.120649239
1781682718.768879,2026-06-17T15:51:58.768,1781682718.687690,left,base,1,pelvis,1000,0.001,0.00776554731,0.331991761,-0.0252634551,0.7811654,-0.621344351,0.0523093156,0.0312338062,0.22782873,0.337017068,-0.587068597,-0.549611633,0.88523574,0.190439252,-0.0755076807,1,1,7.01650736e-05,0.000603620775,6,0.097807,,0.243951906,0.334955507,-0.582200174,-0.567382386,0.893689704,0.197119622,-0.0683223598
1781682718.769409,2026-06-17T15:51:58.769,1781682718.653978,right,base,1,pelvis,1000,0.001,-0.0937257783,-0.347916863,-0.0114459641,0.804791033,0.588734733,0.0635381848,0.0408130609,0.54834787,-0.243401722,0.193663225,-0.607106302,-0.614555949,-0.0586868005,0.118974468,1,1,0.000127958815,0.000513810423,5,0.074188,,0.541710555,-0.235837953,0.198229991,-0.599409186,-0.610925052,-0.0684364521,0.121068273
1781682718.785670,2026-06-17T15:51:58.785,1781682718.687690,left,base,1,pelvis,1000,0.001,0.00776554731,0.331991761,-0.0252634551,0.7811654,-0.621344351,0.0523093156,0.0312338062,0.238143368,0.3367031,-0.585733382,-0.565798352,0.88746333,0.195746688,-0.07119734,1,1,7.73404534e-05,0.000558361052,5,0.091747,,0.244008079,0.334841815,-0.58162145,-0.567427601,0.893067109,0.197424437,-0.0686470426
1781682718.786188,2026-06-17T15:51:58.786,1781682718.653978,right,base,1,pelvis,1000,0.001,-0.0937257783,-0.347916863,-0.0114459641,0.804791033,0.588734733,0.0635381848,0.0408130609,0.543879947,-0.23897792,0.195346624,-0.600181682,-0.613027658,-0.067868665,0.119483631,1,1,0.000185808582,0.000422191932,4,0.062365,,0.541634985,-0.235921764,0.198336566,-0.599109098,-0.611105251,-0.0688978263,0.121242738
1781682718.802340,2026-06-17T15:51:58.802,1781682718.737514,left,base,1,pelvis,1000,0.001,0.00788649731,0.327393261,-0.0274504551,0.778505886,-0.62456194,0.0517378913,0.0342660168,0.239729057,0.336242896,-0.584736043,-0.566260636,0.889102957,0.196412616,-0.0704402552,1,1,0.000155279369,0.000461370194,5,0.087892,,0.230658828,0.320690926,-0.589961815,-0.545449508,0.886184575,0.195502882,-0.0719080638
1781682718.802901,2026-06-17T15:51:58.802,1781682718.737314,right,base,1,pelvis,1000,0.001,-0.0921830283,-0.344037463,-0.0137929641,0.800274287,0.593921389,0.0676012402,0.0474185923,0.543199476,-0.237993011,0.196251046,-0.599939374,-0.612368136,-0.0680467621,0.119980684,1,1,2.79654871e-05,0.000625837128,7,0.09485,,0.527179323,-0.224769087,0.207356592,-0.575618944,-0.598975655,-0.0969125181,0.116336564
1781682718.819169,2026-06-17T15:51:58.819,1781682718.737514,left,base,1,pelvis,1000,0.001,0.00788649731,0.327393261,-0.0274504551,0.778505886,-0.62456194,0.0517378913,0.0342660168,0.233247973,0.323897142,-0.586542493,-0.54631401,0.88811056,0.195831158,-0.0702470356,1,1,0.000173671972,0.000411869536,4,0.076334,,0.230562195,0.320400549,-0.589476688,-0.544859255,0.885815291,0.195791578,-0.0720256342
1781682718.819669,2026-06-17T15:51:58.819,1781682718.737314,right,base,1,pelvis,1000,0.001,-0.0921830283,-0.344037463,-0.0137929641,0.800274287,0.593921389,0.0676012402,0.0474185923,0.52924908,-0.22775573,0.204614969,-0.576372989,-0.600979742,-0.0963482404,0.117666202,1,1,0.000367404902,0.0006148255,3,0.052942,,0.527430115,-0.225154212,0.206937628,-0.575460951,-0.598932573,-0.097414176,0.116660564
1781682718.835995,2026-06-17T15:51:58.835,1781682718.754161,left,base,1,pelvis,1000,0.001,0.00747109731,0.322872261,-0.0293164551,0.775116729,-0.628681652,0.05151122,0.0360559281,0.232449293,0.322908112,-0.58759726,-0.545663349,0.887516447,0.195729894,-0.0707594173,1,1,7.05667362e-05,0.000553780603,6,0.100944,,0.2202732,0.30707366,-0.598439978,-0.526459144,0.877833483,0.190873322,-0.073357782
1781682718.836500,2026-06-17T15:51:58.836,1781682718.737314,right,base,1,pelvis,1000,0.001,-0.0921830283,-0.344037463,-0.0137929641,0.800274287,0.593921389,0.0676012402,0.0474185923,0.528604546,-0.226825673,0.205468725,-0.576138175,-0.600355658,-0.0968641882,0.117252145,1,1,0.000254647751,0.00043674899,3,0.052638,,0.527319616,-0.225023543,0.207137668,-0.575415311,-0.59889434,-0.0975087463,0.116581834
1781682718.852800,2026-06-17T15:51:58.852,1781682718.787618,left,base,1,pelvis,1000,0.001,0.00714114731,0.318251211,-0.0316124551,0.770970695,-0.63368908,0.0519630551,0.0366357515,0.222625692,0.309987513,-0.595337985,-0.527258839,0.879584002,0.191174626,-0.0718533477,1,1,3.11203079e-05,0.000510373908,7,0.116681,,0.207240319,0.290992089,-0.608471276,-0.500906998,0.867078784,0.180736947,-0.0766652682
1781682718.853415,2026-06-17T15:51:58.853,1781682718.787328,right,base,1,pelvis,1000,0.001,-0.0915934783,-0.340681513,-0.0152594641,0.796155101,0.599366311,0.0661045393,0.0502719664,0.528237209,-0.226302875,0.205928168,-0.575926353,-0.599910546,-0.0970362131,0.117067111,1,1,5.06833817e-05,0.000593893201,6,0.067424,,0.519412752,-0.217164652,0.216090007,-0.565835585,-0.587366776,-0.106731593,0.103612258
1781682718.869387,2026-06-17T15:51:58.869,1781682718.787618,left,base,1,pelvis,1000,0.001,0.00714114731,0.318251211,-0.0316124551,0.770970695,-0.63368908,0.0519630551,0.0366357515,0.209542126,0.293843109,-0.60544249,-0.501708288,0.86879253,0.181039305,-0.0751977272,1,1,0.00014879658,0.000392207077,4,0.051804,,0.207317016,0.291054659,-0.608131039,-0.50075858,0.866540424,0.180725124,-0.0768880944
1781682718.869692,2026-06-17T15:51:58.869,1781682718.787328,right,base,1,pelvis,1000,0.001,-0.0915934783,-0.340681513,-0.0152594641,0.796155101,0.599366311,0.0661045393,0.0502719664,0.521331419,-0.219930228,0.213549833,-0.566540462,-0.589228022,-0.106201999,0.104851369,1,1,0.000344595808,0.000566744255,3,0.042897,,0.519648249,-0.217502579,0.215787021,-0.565860029,-0.587205093,-0.106838274,0.103554842
1781682718.886307,2026-06-17T15:51:58.886,1781682718.804214,left,base,1,pelvis,1000,0.001,0.00596344731,0.315890511,-0.0316829551,0.767184977,-0.638249959,0.0532610984,0.0350350758,0.208839832,0.292973248,-0.606366589,-0.50146381,0.868211194,0.180947054,-0.0756454818,1,1,3.98673952e-05,0.000586918927,6,0.085496,,0.211311925,0.288768531,-0.613930684,-0.505326762,0.860123208,0.173141139,-0.07248273
1781682718.886837,2026-06-17T15:51:58.886,1781682718.803988,right,base,1,pelvis,1000,0.001,-0.0934109783,-0.335975513,-0.0128909641,0.79444046,0.601944678,0.0639520816,0.0493669154,0.520748938,-0.219090636,0.214320996,-0.566326471,-0.588662973,-0.106362776,0.104475192,1,1,0.00016948111,0.000455563926,5,0.058034,,0.541287965,-0.214876936,0.220117117,-0.601345907,-0.582319869,-0.0966319357,0.0837211252
1781682718.903033,2026-06-17T15:51:58.903,1781682718.820848,left,base,1,pelvis,1000,0.001,0.00558094731,0.314719511,-0.0324154551,0.763616602,-0.642518243,0.0542988546,0.0333410744,0.208773545,0.291475994,-0.611051787,-0.504679482,0.861755414,0.173434497,-0.0737492651,1,1,4.21418197e-05,0.00056413548,6,0.089315,,0.208393459,0.28449167,-0.619944925,-0.497632443,0.852616671,0.163921147,-0.0734710698
1781682718.903378,2026-06-17T15:51:58.903,1781682718.820655,right,base,1,pelvis,1000,0.001,-0.0958147783,-0.330182063,-0.00944396412,0.792781871,0.604452481,0.0617041099,0.0482359299,0.538614588,-0.217505241,0.217701481,-0.600654672,-0.584091545,-0.0969716909,0.0849138721,1,1,0.000100372515,0.000455383254,6,0.072637,,0.570873738,-0.2124056,0.224506796,-0.648458878,-0.577370064,-0.0835927982,0.0594371572
1781682718.919872,2026-06-17T15:51:58.919,1781682718.820848,left,base,1,pelvis,1000,0.001,0.00558094731,0.314719511,-0.0324154551,0.763616602,-0.642518243,0.0542988546,0.0333410744,0.209555991,0.287134153,-0.617133914,-0.498376316,0.854213766,0.164214683,-0.0733588605,1,1,0.000297968432,0.000769081009,3,0.052444,,0.208599901,0.28481476,-0.619392892,-0.497680975,0.852264156,0.16389211,-0.0735649331
1781682718.920499,2026-06-17T15:51:58.920,1781682718.837322,right,base,1,pelvis,1000,0.001,-0.0975232783,-0.325811063,-0.00735146412,0.791521263,0.606449814,0.05942118,0.0467101271,0.568243889,-0.214970284,0.222147976,-0.647748018,-0.579101424,-0.0839342823,0.060619157,1,1,0.000197480703,0.000570025975,5,0.072674,,0.58801163,-0.209845232,0.228477338,-0.676340522,-0.573353351,-0.0737095547,0.0429141809
1781682718.936759,2026-06-17T15:51:58.936,1781682718.837526,left,base,1,pelvis,1000,0.001,0.00566384731,0.313649811,-0.0330859551,0.760756602,-0.645970165,0.0546514077,0.0313872849,0.209187533,0.286296632,-0.618024849,-0.49814055,0.853707575,0.164121649,-0.0733944246,1,1,6.4106768e-05,0.000598279636,5,0.127401,,0.205120167,0.280241083,-0.624668445,-0.490962477,0.846296666,0.157000847,-0.0721703752
1781682718.937289,2026-06-17T15:51:58.937,1781682718.837322,right,base,1,pelvis,1000,0.001,-0.0975232783,-0.325811063,-0.00735146412,0.791521263,0.606449814,0.05942118,0.0467101271,0.585436371,-0.212345888,0.226176174,-0.675626695,-0.575043232,-0.0740497883,0.0440783687,1,1,0.000447001262,0.000786877093,3,0.054383,,0.588009976,-0.21022623,0.228422737,-0.676925112,-0.573537415,-0.0733103224,0.042645942
1781682718.953572,2026-06-17T15:51:58.953,1781682718.870860,left,base,1,pelvis,1000,0.001,0.00457014731,0.307646911,-0.0330479551,0.75606801,-0.651618278,0.0542566695,0.028478026,0.20714341,0.282753433,-0.621995708,-0.491674001,0.847818046,0.157284975,-0.0733427599,1,1,3.11960844e-05,0.000548983516,7,0.128956,,0.212382039,0.273127094,-0.631503458,-0.504469014,0.837102903,0.151459849,-0.0526022573
1781682718.954227,2026-06-17T15:51:58.954,1781682718.837322,right,base,1,pelvis,1000,0.001,-0.0975232783,-0.325811063,-0.00735146412,0.791521263,0.606449814,0.05942118,0.0467101271,0.58624301,-0.211562617,0.226896959,-0.676228759,-0.574513917,-0.0736423166,0.0437137146,1,1,0.000321092894,0.000559191653,3,0.055136,,0.588145325,-0.21008256,0.228486621,-0.677022887,-0.573401898,-0.0732353451,0.0426010293
1781682718.970155,2026-06-17T15:51:58.970,1781682718.904312,left,base,1,pelvis,1000,0.001,0.00386239731,0.304576711,-0.0334359551,0.752640264,-0.655727465,0.0533720433,0.0265621866,0.21009169,0.275581067,-0.628893384,-0.503885844,0.838592659,0.151740988,-0.0537597953,1,1,5.70911401e-05,0.000544091528,6,0.091948,,0.213245661,0.267428802,-0.63716427,-0.505500508,0.83005824,0.146791714,-0.0427795088
1781682718.970679,2026-06-17T15:51:58.970,1781682718.853992,right,base,1,pelvis,1000,0.001,-0.0973747783,-0.324814363,-0.00842646412,0.79053752,0.607989334,0.0575726505,0.0456594864,0.586804656,-0.211137834,0.227381941,-0.676450101,-0.574203527,-0.0735367891,0.0433743131,1,1,0.00016009825,0.000503969512,4,0.061479,,0.582177447,-0.207411831,0.231673449,-0.669553093,-0.570259844,-0.0714988217,0.0399158505
1781682718.987030,2026-06-17T15:51:58.987,1781682718.920886,left,base,1,pelvis,1000,0.001,0.00320799731,0.301681511,-0.0339154551,0.749289657,-0.659698403,0.0525542565,0.0245168556,0.211010972,0.269826689,-0.634614147,-0.504930906,0.831516616,0.147069415,-0.0439159002,1,1,5.50661573e-05,0.000530008138,6,0.111542,,0.213192518,0.261261141,-0.642835642,-0.504448644,0.822993614,0.141628513,-0.0337520688
1781682718.987670,2026-06-17T15:51:58.987,1781682718.853992,right,base,1,pelvis,1000,0.001,-0.0973747783,-0.324814363,-0.00842646412,0.79053752,0.607989334,0.0575726505,0.0456594864,0.583738466,-0.209732752,0.229537005,-0.670069548,-0.571829289,-0.07181593,0.0409976812,1,1,0.00030348671,0.000464371319,3,0.057507,,0.582159966,-0.207552335,0.231537709,-0.669228205,-0.570247631,-0.071429696,0.0399046524
1781682719.003677,2026-06-17T15:51:59.003,1781682718.920886,left,base,1,pelvis,1000,0.001,0.00320799731,0.301681511,-0.0339154551,0.749289657,-0.659698403,0.0525542565,0.0245168556,0.211716239,0.2636032,-0.640345536,-0.505098258,0.824420439,0.141902976,-0.0348664305,1,1,0.000346917295,0.000719074642,3,0.077586,,0.212983069,0.261538528,-0.642449552,-0.504569714,0.822765146,0.141675759,-0.033819978
1781682719.004129,2026-06-17T15:51:59.004,1781682718.904002,right,base,1,pelvis,1000,0.001,-0.0963801783,-0.322473413,-0.0118104641,0.788244765,0.611433246,0.0533850611,0.0443803008,0.583243765,-0.208997232,0.230214063,-0.669905879,-0.571331918,-0.0717154355,0.0406548393,1,1,5.66021362e-05,0.00048045808,6,0.084068,,0.56017552,-0.198709186,0.239371624,-0.640657677,-0.561997535,-0.0719227283,0.0340706873
1781682719.020458,2026-06-17T15:51:59.020,1781682718.920886,left,base,1,pelvis,1000,0.001,0.00320799731,0.301681511,-0.0339154551,0.749289657,-0.659698403,0.0525542565,0.0245168556,0.212171937,0.262880252,-0.641114183,-0.504897735,0.823980006,0.141818254,-0.0345224488,1,1,0.000242343819,0.000517570712,3,0.061217,,0.213043775,0.261436048,-0.642638545,-0.504532985,0.822759635,0.141650348,-0.0337561196
1781682719.020871,2026-06-17T15:51:59.020,1781682718.920663,right,base,1,pelvis,1000,0.001,-0.0960841783,-0.318489613,-0.0138739641,0.785723869,0.615073655,0.0494166559,0.043363525,0.561675803,-0.200923651,0.237333385,-0.641168582,-0.563496593,-0.0716423316,0.0351041001,1,1,6.40948848e-05,0.000485708894,6,0.082863,,0.547782787,-0.189422782,0.247299083,-0.625956491,-0.553169712,-0.0704010698,0.0223571165
1781682719.037226,2026-06-17T15:51:59.037,1781682718.954187,left,base,1,pelvis,1000,0.001,0.00208814731,0.296001011,-0.0346814551,0.74364706,-0.666238975,0.0519747606,0.0203298467,0.21251955,0.262328779,-0.641700516,-0.504744773,0.823644039,0.141753628,-0.0342600556,1,1,2.77136413e-05,0.00057914011,7,0.109768,,0.213951805,0.249525949,-0.652642129,-0.503267314,0.811118269,0.130643033,-0.0169647958
1781682719.037765,2026-06-17T15:51:59.037,1781682718.953998,right,base,1,pelvis,1000,0.001,-0.0961125283,-0.310678513,-0.0159954641,0.781322304,0.621130689,0.0441270788,0.0422483875,0.549255145,-0.191590115,0.245304632,-0.626464769,-0.554638533,-0.0706963002,0.0233733803,1,1,4.09143024e-05,0.000559652589,7,0.092144,,0.536244809,-0.173866961,0.260457588,-0.613937364,-0.538691428,-0.0681413338,-0.000198541156
1781682719.054013,2026-06-17T15:51:59.054,1781682718.954187,left,base,1,pelvis,1000,0.001,0.00208814731,0.296001011,-0.0346814551,0.74364706,-0.666238975,0.0519747606,0.0203298467,0.212771658,0.251708338,-0.650323584,-0.503871244,0.812451003,0.130905257,-0.0180107314,1,1,0.000303536587,0.00064080427,3,0.078427,,0.21380793,0.249802298,-0.652276534,-0.503409181,0.810854211,0.130582078,-0.0169575739
1781682719.054426,2026-06-17T15:51:59.054,1781682718.970666,right,base,1,pelvis,1000,0.001,-0.0962748783,-0.307647713,-0.0162604641,0.779664312,0.623341695,0.0425966657,0.041883358,0.53768883,-0.175991666,0.258503106,-0.614441008,-0.540133881,-0.0684308477,0.000807513025,1,1,0.000297656888,0.000534293236,4,0.062958,,0.535591028,-0.169282026,0.264853851,-0.614757279,-0.533704781,-0.0663084273,-0.00878818768
1781682719.070716,2026-06-17T15:51:59.070,1781682718.970855,left,base,1,pelvis,1000,0.001,0.00150414731,0.293680511,-0.0350339551,0.741281023,-0.668936384,0.0517905601,0.018555223,0.213140986,0.251025358,-0.651049175,-0.503682243,0.812033923,0.130823194,-0.0176834049,1,1,9.31859047e-05,0.000485203984,5,0.083594,,0.214117085,0.244496147,-0.656686906,-0.501848688,0.805912051,0.125494719,-0.0103922705
1781682719.071362,2026-06-17T15:51:59.071,1781682718.970666,right,base,1,pelvis,1000,0.001,-0.0962748783,-0.307647713,-0.0162604641,0.779664312,0.623341695,0.0425966657,0.041883358,0.53700039,-0.171357999,0.262944085,-0.614281584,-0.535115322,-0.0665920563,-0.00780119549,1,1,0.00033779472,0.000504083975,3,0.056574,,0.535687469,-0.169202556,0.264853229,-0.614665653,-0.53350382,-0.0662293498,-0.00915773204
1781682719.087557,2026-06-17T15:51:59.087,1781682719.004189,left,base,1,pelvis,1000,0.001,0.000722897307,0.289807161,-0.0365589551,0.737071024,-0.673726642,0.0506373059,0.0159555497,0.213418536,0.24657726,-0.654476788,-0.50242461,0.807184307,0.125747687,-0.0113923374,1,1,6.07291315e-05,0.00060961476,6,0.109538,,0.206997755,0.230491497,-0.664900961,-0.484449847,0.795987804,0.11486845,-0.0031261673
1781682719.088235,2026-06-17T15:51:59.088,1781682719.004001,right,base,1,pelvis,1000,0.001,-0.0966853783,-0.300100863,-0.0170774641,0.775167372,0.629273849,0.0378995831,0.0411532497,0.536562976,-0.170713693,0.263536806,-0.614429222,-0.534677542,-0.0665040282,-0.00810752185,1,1,3.76715588e-05,0.000521932761,7,0.095013,,0.531908518,-0.155630702,0.277165244,-0.614008609,-0.520040622,-0.0617248295,-0.0328864209
1781682719.104263,2026-06-17T15:51:59.104,1781682719.004189,left,base,1,pelvis,1000,0.001,0.000722897307,0.289807161,-0.0365589551,0.737071024,-0.673726642,0.0506373059,0.0159555497,0.208614209,0.232531312,-0.662738869,-0.485022802,0.797235666,0.115121983,-0.00410672394,1,1,0.000230944762,0.000567042427,3,0.091451,,0.207235369,0.23060486,-0.664432642,-0.484386005,0.795509183,0.114851222,-0.00315984342
1781682719.104693,2026-06-17T15:51:59.104,1781682719.004001,right,base,1,pelvis,1000,0.001,-0.0966853783,-0.300100863,-0.0170774641,0.775167372,0.629273849,0.0378995831,0.0411532497,0.53325405,-0.157617558,0.275337608,-0.614476959,-0.521393226,-0.0619979025,-0.0319313067,1,1,0.000246858179,0.000426586974,3,0.054537,,0.532095882,-0.155921559,0.277012854,-0.614154327,-0.51995908,-0.0615443475,-0.032983876
1781682719.121042,2026-06-17T15:51:59.121,1781682719.037527,left,base,1,pelvis,1000,0.001,-0.000162402693,0.281965711,-0.0404994551,0.728685864,-0.683118981,0.0473303429,0.0111896801,0.208112614,0.231898344,-0.663409779,-0.48484501,0.796848447,0.11504331,-0.00380245109,1,1,1.75277259e-05,0.000627472967,8,0.148813,,0.182447791,0.194814149,-0.682443205,-0.429337334,0.775914013,0.0915946211,0.0069479606
1781682719.121461,2026-06-17T15:51:59.121,1781682719.020667,right,base,1,pelvis,1000,0.001,-0.0968311283,-0.296677113,-0.0177499641,0.772905443,0.632212077,0.0353490911,0.0409329566,0.532839891,-0.157005997,0.27590016,-0.614332799,-0.52097689,-0.0619138497,-0.0322252941,1,1,0.000116800623,0.000495607855,5,0.060747,,0.527953625,-0.148995675,0.283005713,-0.609933774,-0.513366141,-0.0601492277,-0.0437683823
1781682719.137614,2026-06-17T15:51:59.137,1781682719.037527,left,base,1,pelvis,1000,0.001,-0.000162402693,0.281965711,-0.0404994551,0.728685864,-0.683118981,0.0473303429,0.0111896801,0.184202885,0.197032076,-0.680105968,-0.434704153,0.777269656,0.0918829727,0.00588654654,1,1,0.000146274767,0.000778883659,3,0.052138,,0.182758528,0.195053173,-0.681888234,-0.430188419,0.77543278,0.0916281107,0.00696573168
1781682719.137932,2026-06-17T15:51:59.137,1781682719.020667,right,base,1,pelvis,1000,0.001,-0.0968311283,-0.296677113,-0.0177499641,0.772905443,0.632212077,0.0353490911,0.0409329566,0.529239641,-0.150895098,0.281258652,-0.610382941,-0.51466045,-0.0604106614,-0.0428509249,1,1,0.0002483263,0.000409048931,3,0.039593,,0.528039007,-0.149122808,0.282905113,-0.60992768,-0.513246846,-0.060039478,-0.0439532181
1781682719.154388,2026-06-17T15:51:59.154,1781682719.054185,left,base,1,pelvis,1000,0.001,6.99730687e-06,0.279418211,-0.0418359551,0.725889069,-0.686235989,0.0454998418,0.00974634513,0.183677841,0.196368573,-0.680805164,-0.42979522,0.776606705,0.091796711,0.00620407347,1,1,0.000100968043,0.000560206806,5,0.07063,,0.172447986,0.182119554,-0.687775273,-0.408903961,0.769052165,0.0856637653,0.0106809879
1781682719.154868,2026-06-17T15:51:59.154,1781682719.020667,right,base,1,pelvis,1000,0.001,-0.0968311283,-0.296677113,-0.0177499641,0.772905443,0.632212077,0.0353490911,0.0409329566,0.528842832,-0.150309018,0.281797719,-0.610244348,-0.514261082,-0.0603299943,-0.0431340125,1,1,0.000443163996,0.000747150364,2,0.036663,,0.528225553,-0.149400778,0.282663082,-0.61000901,-0.513504141,-0.0601128647,-0.0437557686
1781682719.171229,2026-06-17T15:51:59.171,1781682719.054185,left,base,1,pelvis,1000,0.001,6.99730687e-06,0.279418211,-0.0418359551,0.725889069,-0.686235989,0.0454998418,0.00974634513,0.173937241,0.184001572,-0.685796594,-0.409467844,0.770201983,0.0859108808,0.00978166001,1,1,0.000220407282,0.00053681219,3,0.049334,,0.172444527,0.182011359,-0.687362005,-0.408456427,0.768596107,0.0855815234,0.0106603158
1781682719.171454,2026-06-17T15:51:59.171,1781682719.020667,right,base,1,pelvis,1000,0.001,-0.0968311283,-0.296677113,-0.0177499641,0.772905443,0.632212077,0.0353490911,0.0409329566,0.528536115,-0.149856003,0.282214396,-0.610137221,-0.513952388,-0.060267642,-0.0433528273,1,1,0.000305906742,0.000537844756,2,0.027268,,0.528099656,-0.149221584,0.282840008,-0.609961003,-0.513390767,-0.060091001,-0.0438448159
1781682719.188077,2026-06-17T15:51:59.188,1781682719.054185,left,base,1,pelvis,1000,0.001,6.99730687e-06,0.279418211,-0.0418359551,0.725889069,-0.686235989,0.0454998418,0.00974634513,0.173472913,0.183414786,-0.686413518,-0.409292033,0.769843486,0.0858338338,0.0100620574,1,1,0.000156218327,0.000392765952,3,0.056205,,0.17235193,0.181933476,-0.687571868,-0.408421046,0.768648675,0.0855530293,0.0107177362
1781682719.188364,2026-06-17T15:51:59.188,1781682719.054004,right,base,1,pelvis,1000,0.001,-0.0969911283,-0.292269163,-0.0190419641,0.768717022,0.637505215,0.0312469053,0.0410471828,0.528320072,-0.149536911,0.282507892,-0.610061763,-0.513734951,-0.0602237227,-0.0435069547,1,1,5.35182626e-05,0.000609197033,6,0.06783,,0.519184323,-0.139209053,0.292566204,-0.598874489,-0.502254148,-0.0594376856,-0.0593877242
1781682719.204779,2026-06-17T15:51:59.204,1781682719.087535,left,base,1,pelvis,1000,0.001,-0.00106315269,0.273014561,-0.0428524551,0.719989759,-0.692739772,0.0408474297,0.0076054437,0.173121336,0.182970488,-0.686880635,-0.409158914,0.769572043,0.0857754959,0.0102743665,1,1,3.02312495e-05,0.000607736505,7,0.083543,,0.166028412,0.163668463,-0.698470987,-0.39530568,0.757259892,0.0830709789,0.0300010105
1781682719.205477,2026-06-17T15:51:59.205,1781682719.087343,right,base,1,pelvis,1000,0.001,-0.0967987283,-0.289254613,-0.0199414641,0.765462146,0.641523049,0.0287118248,0.0411279996,0.520360543,-0.14094467,0.29096952,-0.599289449,-0.503439137,-0.0596762441,-0.0585437464,1,1,4.66122083e-05,0.000485529489,6,0.101926,,0.512598614,-0.132698736,0.29951299,-0.591110233,-0.494068253,-0.0585912831,-0.0699191979
1781682719.221653,2026-06-17T15:51:59.221,1781682719.087535,left,base,1,pelvis,1000,0.001,-0.00106315269,0.273014561,-0.0428524551,0.719989759,-0.692739772,0.0408474297,0.0076054437,0.167419947,0.165432471,-0.696620994,-0.395838485,0.758337887,0.0833026895,0.0291525039,1,1,0.000196936482,0.000510268517,3,0.079872,,0.166238939,0.163817177,-0.698069232,-0.395372142,0.756849556,0.0832354472,0.0301266415
1781682719.222184,2026-06-17T15:51:59.222,1781682719.104008,right,base,1,pelvis,1000,0.001,-0.0964731783,-0.286024013,-0.0208619641,0.762179923,0.645525035,0.0262314376,0.041123052,0.513750766,-0.134397216,0.297949986,-0.591519455,-0.49522978,-0.0588247127,-0.0690895524,1,1,4.86053406e-05,0.000480478674,6,0.084144,,0.505612919,-0.125765704,0.306507742,-0.583019162,-0.485947988,-0.0575059217,-0.0804238281
1781682719.238298,2026-06-17T15:51:59.238,1781682719.087535,left,base,1,pelvis,1000,0.001,-0.00106315269,0.273014561,-0.0428524551,0.719989759,-0.692739772,0.0408474297,0.0076054437,0.166981903,0.164877175,-0.697203357,-0.395670762,0.757998543,0.0832297488,0.0294196072,1,1,0.000340355959,0.00093270668,2,0.058123,,0.166397155,0.164074909,-0.697962311,-0.395453855,0.757214161,0.0832211048,0.0299693175
1781682719.238834,2026-06-17T15:51:59.238,1781682719.120674,right,base,1,pelvis,1000,0.001,-0.0961365283,-0.283367863,-0.0217774641,0.759417406,0.648838879,0.0243364656,0.0412437829,0.50674258,-0.127429365,0.304976476,-0.583423171,-0.487087374,-0.0577346315,-0.0796076705,1,1,0.000106013916,0.000534090769,5,0.075379,,0.498632477,-0.119707364,0.312249636,-0.574078727,-0.479244867,-0.0576620528,-0.0884208105
1781682719.255201,2026-06-17T15:51:59.255,1781682719.137528,left,base,1,pelvis,1000,0.001,-0.00258400269,0.265507711,-0.0434654551,0.712449628,-0.700875489,0.0339634404,0.00596331684,0.166659121,0.164467994,-0.697632483,-0.395547172,0.75774849,0.083176001,0.0296164276,1,1,1.41550087e-05,0.000588894345,8,0.140296,,0.161781473,0.144944149,-0.711311153,-0.387687016,0.743562107,0.0871156177,0.0563223819
1781682719.255724,2026-06-17T15:51:59.255,1781682719.137342,right,base,1,pelvis,1000,0.001,-0.0960472283,-0.281685263,-0.0225864641,0.757425538,0.651192414,0.0229463861,0.04157473,0.49974032,-0.121336852,0.310749743,-0.574478048,-0.480362084,-0.0576634313,-0.087618988,1,1,0.000201997308,0.000531992188,4,0.064178,,0.492633469,-0.115248494,0.316217559,-0.565086111,-0.474408056,-0.0592685084,-0.09350943
1781682719.271767,2026-06-17T15:51:59.271,1781682719.137528,left,base,1,pelvis,1000,0.001,-0.00258400269,0.265507711,-0.0434654551,0.712449628,-0.700875489,0.0339634404,0.00596331684,0.163082265,0.146599727,-0.70957824,-0.388188043,0.744574956,0.0868151364,0.0555174618,1,1,0.000177981318,0.000475006779,3,0.068625,,0.161975833,0.145122674,-0.710955204,-0.387789652,0.743214843,0.0872840461,0.0564402341
1781682719.272170,2026-06-17T15:51:59.272,1781682719.137342,right,base,1,pelvis,1000,0.001,-0.0960472283,-0.281685263,-0.0225864641,0.757425538,0.651192414,0.0229463861,0.04157473,0.493718525,-0.116842405,0.314750478,-0.565480445,-0.47550172,-0.0589949172,-0.0927237469,1,1,0.000225550829,0.000382171688,3,0.053566,,0.492386796,-0.115115859,0.316206871,-0.564561619,-0.474156328,-0.0593224316,-0.0936922115
1781682719.288558,2026-06-17T15:51:59.288,1781682719.137528,left,base,1,pelvis,1000,0.001,-0.00258400269,0.265507711,-0.0434654551,0.712449628,-0.700875489,0.0339634404,0.00596331684,0.162678737,0.146086138,-0.710115819,-0.388032616,0.744260753,0.0869083508,0.0557671616,1,1,0.000308251046,0.000876530467,2,0.059334,,0.162126737,0.145354226,-0.710839627,-0.387853412,0.743541499,0.0871834747,0.0562880829
1781682719.289062,2026-06-17T15:51:59.289,1781682719.154009,right,base,1,pelvis,1000,0.001,-0.0961523283,-0.279519563,-0.0236639641,0.754903471,0.654128548,0.0210781925,0.042335591,0.493391958,-0.116362689,0.315192022,-0.56494783,-0.475172563,-0.0590772594,-0.0929602122,1,1,8.96398402e-05,0.000469242168,5,0.079386,,0.483978734,-0.108434936,0.321481345,-0.550953782,-0.468019615,-0.0631464892,-0.100553141
1781682719.305358,2026-06-17T15:51:59.305,1781682719.170884,left,base,1,pelvis,1000,0.001,-0.00235945269,0.259776061,-0.0458799551,0.705382135,-0.708305563,0.0269611229,0.00351729506,0.162370621,0.145693985,-0.710526291,-0.387913939,0.744020841,0.0869795252,0.0559578216,1,1,1.29269269e-05,0.00056162934,8,0.147261,,0.137561024,0.113793444,-0.72414039,-0.338281472,0.729719798,0.0801832199,0.0681705636
1781682719.305911,2026-06-17T15:51:59.305,1781682719.154009,right,base,1,pelvis,1000,0.001,-0.0961523283,-0.279519563,-0.0236639641,0.754903471,0.654128548,0.0210781925,0.042335591,0.485021025,-0.109963359,0.320074997,-0.551337539,-0.46906912,-0.0628829147,-0.0997980734,1,1,0.000199788853,0.000360576324,3,0.056074,,0.483916014,-0.108479712,0.321391593,-0.550668303,-0.467835284,-0.0631762134,-0.10066625
1781682719.322080,2026-06-17T15:51:59.322,1781682719.204301,left,base,1,pelvis,1000,0.001,-0.00260185269,0.257170911,-0.0473994551,0.702576389,-0.711210032,0.0237391859,0.00177759806,0.138787891,0.115355085,-0.722514949,-0.338772562,0.730672766,0.080386654,0.0674128393,1,1,0.000106266491,0.000612529234,5,0.10893,,0.122432655,0.094622927,-0.729258523,-0.302918361,0.72350101,0.0711243337,0.0707282318
1781682719.322874,2026-06-17T15:51:59.322,1781682719.187345,right,base,1,pelvis,1000,0.001,-0.0964779783,-0.274731863,-0.0255114641,0.749984915,0.659767995,0.0172436914,0.0439485509,0.484692117,-0.109481046,0.320518788,-0.55121644,-0.468737936,-0.062966089,-0.100036345,1,1,2.55787805e-05,0.000504057929,7,0.099577,,0.468563466,-0.0944393467,0.331744093,-0.525212111,-0.45571947,-0.0703284865,-0.116145333
1781682719.338709,2026-06-17T15:51:59.338,1781682719.204301,left,base,1,pelvis,1000,0.001,-0.00260185269,0.257170911,-0.0473994551,0.702576389,-0.711210032,0.0237391859,0.00177759806,0.123638993,0.0961583974,-0.727667031,-0.303414488,0.72443553,0.071327326,0.0699862554,1,1,0.00017993406,0.000469792094,3,0.065812,,0.122153704,0.0942317628,-0.72897406,-0.301885838,0.723091116,0.0709134833,0.0707205423
1781682719.339221,2026-06-17T15:51:59.339,1781682719.204023,right,base,1,pelvis,1000,0.001,-0.0963190283,-0.273247013,-0.0264404641,0.748389291,0.661566953,0.0159143102,0.0446023557,0.469566786,-0.0959069011,0.330394881,-0.525590192,-0.456728341,-0.0700733478,-0.115416585,1,1,0.000180818609,0.000439989796,4,0.062161,,0.461161189,-0.0894463851,0.334845871,-0.513157597,-0.45171273,-0.0735087361,-0.120594039
1781682719.355580,2026-06-17T15:51:59.355,1781682719.220868,left,base,1,pelvis,1000,0.001,-0.00320765269,0.254079861,-0.0491324551,-0.699210332,0.714647333,-0.0195921571,0.000497849518,0.123267563,0.0956856284,-0.728157049,-0.302371742,0.7240057,0.0711121992,0.0702147088,1,1,5.30357063e-05,0.000523131086,6,0.106989,,0.102047186,0.0684469241,-0.735463515,-0.253154544,0.716252714,0.0572674355,0.0728893155
1781682719.356232,2026-06-17T15:51:59.356,1781682719.204023,right,base,1,pelvis,1000,0.001,-0.0963190283,-0.273247013,-0.0264404641,0.748389291,0.661566953,0.0159143102,0.0446023557,0.462146413,-0.0908850016,0.333523893,-0.513532778,-0.452701951,-0.0732576501,-0.119878827,1,1,0.000202724435,0.000349488546,3,0.054039,,0.460813108,-0.0892663021,0.334798335,-0.512435835,-0.451497581,-0.0736821755,-0.12074596
1781682719.372238,2026-06-17T15:51:59.372,1781682719.237568,left,base,1,pelvis,1000,0.001,-0.00365725269,0.251301261,-0.0508344551,-0.696111064,0.717757044,-0.0156604958,0.00299342989,0.1032102,0.0699273494,-0.73393813,-0.253650757,0.717149975,0.0574676489,0.072178476,1,1,5.54520353e-05,0.000523943621,6,0.103686,,0.0771818309,0.0385447899,-0.7408651,-0.191906992,0.709809831,0.0389201677,0.0711473202
1781682719.372729,2026-06-17T15:51:59.372,1781682719.204023,right,base,1,pelvis,1000,0.001,-0.0963190283,-0.273247013,-0.0264404641,0.748389291,0.661566953,0.0159143102,0.0446023557,0.461776649,-0.090423878,0.33394763,-0.512803004,-0.452384873,-0.0734365803,-0.120108076,1,1,0.000431420008,0.000722098514,2,0.043289,,0.461049414,-0.0895536837,0.334628126,-0.512468347,-0.451739714,-0.0736308104,-0.12059689
1781682719.389063,2026-06-17T15:51:59.389,1781682719.254214,left,base,1,pelvis,1000,0.001,-0.00373480269,0.249339111,-0.0521919551,-0.693817489,0.720019333,-0.0127727346,0.00512924786,0.0787523652,0.0405429441,-0.738820973,-0.204951855,0.711014118,0.0391986797,0.0720150523,1,1,3.56273877e-05,0.000524590221,7,0.122933,,0.0482716166,0.00681413682,-0.744505021,-0.120906162,0.705152616,0.0161597171,0.0627756067
1781682719.389734,2026-06-17T15:51:59.389,1781682719.254019,right,base,1,pelvis,1000,0.001,-0.0955483783,-0.268672263,-0.0296944641,0.743434382,0.66699759,0.0125086179,0.0475717144,0.461480898,-0.0900685694,0.334208747,-0.512690304,-0.452112526,-0.0735119637,-0.120303869,1,1,2.88766865e-05,0.00049407366,7,0.09942,,0.431412891,-0.0704326723,0.344847195,-0.463165021,-0.439433256,-0.090543056,-0.132996332
1781682719.405745,2026-06-17T15:51:59.405,1781682719.270855,left,base,1,pelvis,1000,0.001,-0.00336640269,0.248165111,-0.0532254551,-0.692281006,0.721512258,-0.0109615765,0.00684935242,0.0502975085,0.00938789941,-0.741893338,-0.15350494,0.706693132,0.01653201,0.0638893106,1,1,0.000237314425,0.000541649136,9,0.135901,,-0.0133774382,-0.0528507221,-0.745465312,0.0304464379,0.703068349,-0.034898245,0.0269204755
1781682719.406253,2026-06-17T15:51:59.406,1781682719.254019,right,base,1,pelvis,1000,0.001,-0.0955483783,-0.268672263,-0.0296944641,0.743434382,0.66699759,0.0125086179,0.0475717144,0.432347375,-0.0717875224,0.343605152,-0.463536199,-0.440364563,-0.0903011557,-0.132321596,1,1,0.000421027324,0.00084088326,2,0.042488,,0.431684434,-0.0708927644,0.344415975,-0.463143807,-0.439569434,-0.090492793,-0.132920947
1781682719.422647,2026-06-17T15:51:59.422,1781682719.270855,left,base,1,pelvis,1000,0.001,-0.00336640269,0.248165111,-0.0532254551,-0.692281006,0.721512258,-0.0109615765,0.00684935242,0.00116015459,-0.0397494545,-0.742594613,-0.104367586,0.706279481,-0.0326053439,0.0310481618,1,1,0.000175736304,0.000533508723,15,0.199317,,-0.000838166052,-0.0413043758,-0.746015588,-0.000636749602,0.70273606,-0.0242096355,0.0360627695
1781682719.423407,2026-06-17T15:51:59.423,1781682719.304021,right,base,1,pelvis,1000,0.001,-0.0957366783,-0.264519213,-0.0308504641,0.738603587,0.672096751,0.0103857676,0.0514085056,0.432057895,-0.071367823,0.343989907,-0.463421217,-0.440076067,-0.0903760905,-0.132530613,1,1,2.15874204e-05,0.00049282083,7,0.094715,,0.41868073,-0.0572471874,0.353896846,-0.438948884,-0.428022991,-0.103214962,-0.148718667
1781682719.583444,2026-06-17T15:51:59.583,1781682719.337554,left,base,1,pelvis,1000,0.001,-0.00154730269,0.246489911,-0.0568024551,-0.688408005,0.72521424,-0.00608088628,0.0110339463,-0.00686708829,-0.0419284068,-0.743145594,-0.0526066742,0.70566316,-0.0252813129,0.0325911791,1,1,0.00392170352,3.59995525e-05,11000,142.91136,,-0.00479343256,-0.0478748154,0.0931640452,7.01639263e-05,-0.147054293,-0.0183465739,0.0551970633
1781682719.583867,2026-06-17T15:51:59.583,1781682719.387362,right,base,1,pelvis,1000,0.001,-0.0952535283,-0.263320013,-0.0320764641,0.73421349,0.676715736,0.00893764307,0.0539117957,0.41958064,-0.0585499096,0.352703744,-0.439313601,-0.428919356,-0.102978453,-0.148066418,1,1,2.92330457e-05,0.000569750594,6,0.077586,,0.405655563,-0.0503796568,0.360521742,-0.416483291,-0.419507963,-0.112243257,-0.155701948
1781682719.584911,2026-06-17T15:51:59.584,1781682719.470878,left,base,1,pelvis,1000,0.001,-0.000774852693,0.256553611,-0.0513819551,-0.686301558,0.726920989,0.00275342523,0.0238425273,-0.00111712856,-0.0413332502,-0.261267075,-0.000610681598,0.223784641,-0.0242592228,0.0359021366,1,1,0.000387781123,0.000502046008,11,0.097419,,0.0887041519,-0.0112824703,-0.273565804,-0.17669926,0.211313504,0.0546091091,0.0920604603
1781682719.585453,2026-06-17T15:51:59.585,1781682719.504033,right,base,1,pelvis,1000,0.001,-0.0898833783,-0.273283813,-0.0346924641,0.725440526,0.685364811,0.00647709979,0.0630013193,0.406396755,-0.0514488894,0.359542378,-0.416789025,-0.420244849,-0.112046719,-0.155165501,1,1,7.27606027e-06,0.000525689091,9,0.089276,,0.378170684,-0.0596782584,0.367478805,-0.380983272,-0.407323015,-0.125028422,-0.154584938
1781682719.601682,2026-06-17T15:51:59.601,1781682719.470878,left,base,1,pelvis,1000,0.001,-0.000774852693,0.256553611,-0.0513819551,-0.686301558,0.726920989,0.00275342523,0.0238425273,-0.00114477868,-0.0374429742,-0.257376799,-0.00450095755,0.219894365,-0.0203689469,0.0397157772,1,1,7.444498e-05,0.00052114642,10,0.094836,,0.0776998373,-0.0146346147,-0.269061082,-0.155702863,0.207562379,0.0454066556,0.0894501097
1781682719.601989,2026-06-17T15:51:59.601,1781682719.504033,right,base,1,pelvis,1000,0.001,-0.0898833783,-0.273283813,-0.0346924641,0.725440526,0.685364811,0.00647709979,0.0630013193,0.402506479,-0.0553391654,0.363432654,-0.412898749,-0.416354573,-0.115936995,-0.155024204,1,1,3.43635666e-05,0.000626300868,7,0.064514,,0.378223801,-0.059827929,0.368163005,-0.381122981,-0.408051042,-0.125069579,-0.154621333
1781682719.618450,2026-06-17T15:51:59.618,1781682719.487564,left,base,1,pelvis,1000,0.001,-0.000612502693,0.258267311,-0.0504179551,-0.688375582,0.724918652,0.0022723675,0.025036832,0.00574365835,-0.0205505578,-0.20783318,-0.0540445767,0.170350746,0.0291746723,0.0437288806,1,1,1.15155968e-05,0.000536398047,9,0.090176,,0.103781219,-0.0106163871,-0.216300088,-0.201987405,0.160309866,0.0638101122,0.0876188348
1781682719.618742,2026-06-17T15:51:59.618,1781682719.537369,right,base,1,pelvis,1000,0.001,-0.0898340283,-0.276790263,-0.0332354641,0.727412897,0.683099623,0.00718099701,0.0647596749,0.378686557,-0.0597093389,0.367202255,-0.381201233,-0.407832652,-0.124890455,-0.154887685,1,1,0.000239602947,0.000424764238,4,0.0392,,0.392314749,-0.0698289986,0.363468472,-0.405670078,-0.411147071,-0.11970653,-0.154101028
1781682719.635300,2026-06-17T15:51:59.635,1781682719.537586,left,base,1,pelvis,1000,0.001,0.000232497307,0.262283211,-0.0500944551,-0.694225528,0.719253086,0.000335790207,0.0269407159,0.0263231726,-0.0191653508,-0.191204928,-0.104268404,0.130678863,0.0481832257,0.0473644084,1,1,9.27612278e-06,0.000586433868,9,0.103971,,0.113467835,-0.00512313928,-0.179804743,-0.218983671,0.139925549,0.0653009575,0.078982591
1781682719.635607,2026-06-17T15:51:59.635,1781682719.537369,right,base,1,pelvis,1000,0.001,-0.0898340283,-0.276790263,-0.0332354641,0.727412897,0.683099623,0.00718099701,0.0647596749,0.391365936,-0.0697097889,0.364191947,-0.405471607,-0.410192644,-0.119825878,-0.15452318,1,1,0.000258018838,0.000780134239,2,0.025759,,0.39246532,-0.0701759311,0.363574189,-0.406525887,-0.410884114,-0.119569573,-0.154222146
1781682719.652379,2026-06-17T15:51:59.652,1781682719.537586,left,base,1,pelvis,1000,0.001,0.000232497307,0.262283211,-0.0500944551,-0.694225528,0.719253086,0.000335790207,0.0269407159,0.0421352489,-0.0131047351,-0.193266581,-0.154863449,0.13311315,0.0509212456,0.0506714462,1,1,5.79438852e-06,0.000499486652,10,0.175252,,0.113591012,-0.00485601486,-0.182158103,-0.219095214,0.142373501,0.0647807007,0.0793695124
1781682719.652996,2026-06-17T15:51:59.652,1781682719.554036,right,base,1,pelvis,1000,0.001,-0.0901437283,-0.278781913,-0.0323209641,0.728552162,0.681844624,0.00752530351,0.0651385122,0.391666182,-0.0700590004,0.363963008,-0.40633113,-0.410494666,-0.119686578,-0.154389593,1,1,0.000424833026,0.00077781066,3,0.056696,,0.400674954,-0.0758204049,0.361072733,-0.419957098,-0.413485245,-0.116067595,-0.152857074
1781682719.669012,2026-06-17T15:51:59.669,1781682719.537586,left,base,1,pelvis,1000,0.001,0.000232497307,0.262283211,-0.0500944551,-0.694225528,0.719253086,0.000335790207,0.0269407159,0.0483715072,-0.012159292,-0.192112402,-0.207532021,0.133697225,0.0521541201,0.053098761,1,1,1.52826966e-06,0.000542341972,12,0.166094,,0.113672842,-0.00491390155,-0.181832344,-0.219122401,0.142160732,0.0645315294,0.0794726213
1781682719.669436,2026-06-17T15:51:59.669,1781682719.554036,right,base,1,pelvis,1000,0.001,-0.0901437283,-0.278781913,-0.0323209641,0.728552162,0.681844624,0.00752530351,0.0651385122,0.39976179,-0.0757042599,0.361767887,-0.419762496,-0.412568414,-0.1161832,-0.153262658,1,1,0.000137555275,0.000383574069,3,0.057097,,0.401993678,-0.0767168051,0.360681755,-0.42212925,-0.413798109,-0.115496369,-0.152678649
1781682719.685782,2026-06-17T15:51:59.685,1781682719.587587,left,base,1,pelvis,1000,0.001,0.00153789731,0.267496611,-0.0497824551,-0.702476378,0.711187308,-0.00317036361,0.0270092442,0.053957534,-0.011533769,-0.19125982,-0.209255635,0.134440345,0.0532355822,0.0553488413,1,1,1.62537528e-06,0.000525035461,12,0.177999,,0.121107916,0.00650032587,-0.169613954,-0.234870727,0.154517268,0.0664443502,0.0653467674
1781682719.686375,2026-06-17T15:51:59.686,1781682719.620715,right,base,1,pelvis,1000,0.001,-0.0908708283,-0.287964513,-0.0282934641,0.733833996,0.676191159,0.00862564876,0.0646434941,0.401097739,-0.0766026465,0.361363624,-0.421937788,-0.412898856,-0.115609906,-0.153076467,1,1,4.34485743e-05,0.00050563769,7,0.098791,,0.439335455,-0.105571165,0.347648253,-0.486483517,-0.427489451,-0.0931208105,-0.14208801
1781682719.702437,2026-06-17T15:51:59.702,1781682719.654396,left,base,1,pelvis,1000,0.001,0.00419379731,0.277773661,-0.0479519551,-0.717439595,0.696062789,-0.0129884116,0.0246642034,0.06663981,0.000204257127,-0.190449975,-0.225611479,0.135146215,0.0554717191,0.057486132,1,1,1.66767787e-06,0.000624860416,13,0.203304,,0.149485422,0.0326832515,-0.146960603,-0.290842494,0.179544496,0.0823957988,0.0304339472
1781682719.703023,2026-06-17T15:51:59.703,1781682719.654070,right,base,1,pelvis,1000,0.001,-0.0918646283,-0.297492963,-0.0243754641,0.741020972,0.668459204,0.00942447553,0.0629395775,0.438010417,-0.105392445,0.348650382,-0.472793901,-0.426169273,-0.0932959646,-0.142673901,1,1,1.51700774e-05,0.000615368148,8,0.114637,,0.471386816,-0.132139631,0.330992173,-0.539631595,-0.445649505,-0.0726104824,-0.126936516
1781682719.719194,2026-06-17T15:51:59.719,1781682719.654396,left,base,1,pelvis,1000,0.001,0.00419379731,0.277773661,-0.0479519551,-0.717439595,0.696062789,-0.0129884116,0.0246642034,0.0994877253,0.0265143734,-0.188555242,-0.27549556,0.13690773,0.0721496509,0.0566204205,1,1,8.80793196e-07,0.000519638842,13,0.162074,,0.149444575,0.0328522236,-0.148152184,-0.290848063,0.180848399,0.0824429588,0.0307089935
1781682719.719745,2026-06-17T15:51:59.719,1781682719.670736,right,base,1,pelvis,1000,0.001,-0.0920463783,-0.300619913,-0.0234409641,0.744502319,0.664692701,0.00949912929,0.0617225881,0.4704276,-0.13200371,0.331715399,-0.522677982,-0.444697859,-0.0727420654,-0.12736094,1,1,2.48315791e-05,0.000586797972,7,0.09519,,0.478555016,-0.139424542,0.323860136,-0.551522251,-0.453776579,-0.0660263257,-0.119839007
1781682719.735856,2026-06-17T15:51:59.735,1781682719.654396,left,base,1,pelvis,1000,0.001,0.00419379731,0.277773661,-0.0479519551,-0.717439595,0.696062789,-0.0129884116,0.0246642034,0.104199344,0.0272620771,-0.1846355,-0.282361629,0.140925679,0.0731616476,0.0541526933,1,1,1.58296298e-06,0.000636532248,12,0.151234,,0.14946568,0.0328368464,-0.148090927,-0.290845306,0.180698302,0.0823381206,0.0307098011
1781682719.736238,2026-06-17T15:51:59.736,1781682719.670736,right,base,1,pelvis,1000,0.001,-0.0920463783,-0.300619913,-0.0234409641,0.744502319,0.664692701,0.00949912929,0.0617225881,0.477690137,-0.13930033,0.324512692,-0.551307517,-0.452918256,-0.0661464498,-0.120222728,1,1,0.000181379751,0.000703404688,2,0.042694,,0.478248194,-0.139379444,0.32399871,-0.551427527,-0.453558542,-0.0663235694,-0.119764763
1781682719.752712,2026-06-17T15:51:59.752,1781682719.671031,left,base,1,pelvis,1000,0.001,0.00461119731,0.282036861,-0.0467519551,-0.723523043,0.689678094,-0.0179252016,0.0231780213,0.108573312,0.0278024903,-0.181108568,-0.283182033,0.144785106,0.0740588947,0.0518863333,1,1,8.33814057e-07,0.000520719504,13,0.186763,,0.165610305,0.0442664515,-0.138139544,-0.31923857,0.191665389,0.0901687885,0.0143887409
1781682719.753446,2026-06-17T15:51:59.753,1781682719.670736,right,base,1,pelvis,1000,0.001,-0.0920463783,-0.300619913,-0.0234409641,0.744502319,0.664692701,0.00949912929,0.0617225881,0.477958741,-0.139338906,0.324310028,-0.551374207,-0.453184824,-0.066109143,-0.120103556,1,1,0.000122568303,0.000529632809,2,0.04809,,0.478356455,-0.139396243,0.323921365,-0.551456266,-0.453668956,-0.0663081158,-0.119718268
1781682719.769375,2026-06-17T15:51:59.769,1781682719.671031,left,base,1,pelvis,1000,0.001,0.00461119731,0.282036861,-0.0467519551,-0.723523043,0.689678094,-0.0179252016,0.0231780213,0.128668125,0.0395884943,-0.171285154,-0.311998666,0.154397546,0.0825422875,0.0338323296,1,1,1.214368e-06,0.000561585614,12,0.154114,,0.165638261,0.0441605526,-0.137486677,-0.319234226,0.190976389,0.0901149712,0.0142461083
1781682719.769872,2026-06-17T15:51:59.769,1781682719.670736,right,base,1,pelvis,1000,0.001,-0.0920463783,-0.300619913,-0.0234409641,0.744502319,0.664692701,0.00949912929,0.0617225881,0.478168,-0.139368959,0.324152142,-0.551426162,-0.453392497,-0.0660800788,-0.120010714,1,1,7.67977177e-05,0.000402648011,2,0.043834,,0.478440805,-0.139409378,0.323861098,-0.551478692,-0.453754985,-0.066296088,-0.119682046
1781682719.786235,2026-06-17T15:51:59.786,1781682719.671031,left,base,1,pelvis,1000,0.001,0.00461119731,0.282036861,-0.0467519551,-0.723523043,0.689678094,-0.0179252016,0.0231780213,0.132460326,0.0400651971,-0.167261943,-0.312736441,0.158195291,0.0833194589,0.0317099172,1,1,1.05966457e-06,0.000500378276,12,0.155724,,0.165638368,0.0441128655,-0.137192628,-0.319234345,0.190732349,0.0901580521,0.0141963967
1781682719.786705,2026-06-17T15:51:59.786,1781682719.704069,right,base,1,pelvis,1000,0.001,-0.0922421283,-0.302864363,-0.0231014641,0.751298073,0.65723949,0.009179088,0.0591878521,0.47831178,-0.139389609,0.324043659,-0.55146186,-0.453535187,-0.066060109,-0.119946923,1,1,9.89569626e-06,0.000605768436,7,0.095645,,0.481644706,-0.142834593,0.313065133,-0.556397802,-0.466940593,-0.0598316084,-0.110258311
1781682719.802872,2026-06-17T15:51:59.802,1781682719.671031,left,base,1,pelvis,1000,0.001,0.00461119731,0.282036861,-0.0467519551,-0.723523043,0.689678094,-0.0179252016,0.0231780213,0.136034412,0.0405063685,-0.164054408,-0.313436414,0.161726628,0.0840515042,0.0298286319,1,1,2.07678072e-06,0.000587507746,11,0.139363,,0.165644605,0.0441179394,-0.137251493,-0.319232565,0.190714317,0.0901064632,0.014214087
1781682719.803256,2026-06-17T15:51:59.803,1781682719.704069,right,base,1,pelvis,1000,0.001,-0.0922421283,-0.302864363,-0.0231014641,0.751298073,0.65723949,0.009179088,0.0591878521,0.480843421,-0.142718788,0.313671779,-0.556197852,-0.46614291,-0.059944312,-0.110615828,1,1,0.000176397134,0.000788008286,2,0.040717,,0.481342824,-0.142771579,0.313127435,-0.556351781,-0.466822497,-0.0597808881,-0.110287887
1781682719.819657,2026-06-17T15:51:59.819,1781682719.704333,left,base,1,pelvis,1000,0.001,0.00490339731,0.287506761,-0.0460824551,-0.730600959,0.682068549,-0.0235031867,0.0212681262,0.139284611,0.0409075604,-0.161137544,-0.314072954,0.164937952,0.0847172107,0.0281178306,1,1,1.09727315e-06,0.000536973949,12,0.149472,,0.173040968,0.0564280185,-0.125530604,-0.330637574,0.2035249,0.0904887995,-0.00745549338
1781682719.820149,2026-06-17T15:51:59.820,1781682719.704069,right,base,1,pelvis,1000,0.001,-0.0922421283,-0.302864363,-0.0231014641,0.751298073,0.65723949,0.009179088,0.0591878521,0.481091522,-0.142754644,0.313483944,-0.556259762,-0.466389895,-0.0599094158,-0.11050513,1,1,0.000122381204,0.000616996127,2,0.04249,,0.481442921,-0.142787305,0.313055981,-0.556378667,-0.466925027,-0.0597664199,-0.110244879
1781682719.836252,2026-06-17T15:51:59.836,1781682719.754467,left,base,1,pelvis,1000,0.001,0.00536754731,0.291488511,-0.0456384551,-0.736874812,0.675203096,-0.0275442782,0.0189103948,0.149648021,0.0533772033,-0.146566355,-0.325974542,0.179891285,0.0856690442,0.00499837876,1,1,2.01009007e-06,0.000633778444,11,0.134449,,0.176042936,0.0650881205,-0.114886568,-0.335830284,0.214261892,0.0921051286,-0.0249820836
1781682719.836756,2026-06-17T15:51:59.836,1781682719.754078,right,base,1,pelvis,1000,0.001,-0.0926002783,-0.306248663,-0.0222794641,0.756770835,0.651033702,0.00884342683,0.0580931673,0.481282601,-0.14278226,0.31333928,-0.556307444,-0.466580116,-0.0598825397,-0.110419874,1,1,1.49731386e-05,0.000503603446,7,0.090585,,0.487777865,-0.148924221,0.302968679,-0.56539593,-0.478444759,-0.0539617335,-0.102385261
1781682719.853166,2026-06-17T15:51:59.853,1781682719.787681,left,base,1,pelvis,1000,0.001,0.00587169731,0.298313811,-0.0435619551,-0.749103116,0.661434186,-0.0338995862,0.0141477017,0.155377201,0.0623353664,-0.133525268,-0.33167887,0.193329868,0.087840321,-0.0138691366,1,1,1.06943223e-06,0.000578155839,12,0.173273,,0.194913731,0.0810013946,-0.0937645329,-0.369346129,0.236477476,0.10898285,-0.0522238324
1781682719.853725,2026-06-17T15:51:59.853,1781682719.770743,right,base,1,pelvis,1000,0.001,-0.0930914283,-0.310299013,-0.0211559641,0.76199618,0.64498358,0.00838397149,0.0573385729,0.487019241,-0.148813377,0.303544288,-0.565204896,-0.477688296,-0.0540695954,-0.102724933,1,1,1.84462487e-05,0.000501805905,7,0.093291,,0.495730205,-0.156531256,0.292617945,-0.576852558,-0.489896534,-0.0475370802,-0.0947456139
1781682719.869760,2026-06-17T15:51:59.869,1781682719.787681,left,base,1,pelvis,1000,0.001,0.00587169731,0.298313811,-0.0435619551,-0.749103116,0.661434186,-0.0338995862,0.0141477017,0.176699044,0.0784933617,-0.110217633,-0.365505702,0.218009157,0.10514464,-0.0423246185,1,1,6.97161028e-06,0.000613836676,9,0.124926,,0.19492633,0.0809430794,-0.0934237571,-0.36931596,0.236126957,0.108840726,-0.0523675573
1781682719.870211,2026-06-17T15:51:59.870,1781682719.787411,right,base,1,pelvis,1000,0.001,-0.0937130783,-0.315002363,-0.0197364641,0.766975895,0.639098558,0.00780107937,0.0569223379,0.4949842,-0.156420792,0.293184961,-0.576662555,-0.489151853,-0.0476443501,-0.0950805617,1,1,5.32778329e-05,0.000637764424,6,0.083657,,0.50525476,-0.165496869,0.282046697,-0.590317597,-0.501284718,-0.0406759845,-0.0872850929
1781682719.886578,2026-06-17T15:51:59.886,1781682719.821050,left,base,1,pelvis,1000,0.001,0.00401304731,0.302151661,-0.0391394551,-0.754756166,0.655123841,-0.0324413631,0.0101705936,0.179002899,0.0788105862,-0.108136589,-0.365991452,0.220345093,0.105630109,-0.0435767047,1,1,1.69363627e-06,0.000493088547,11,0.144668,,0.239349539,0.0921331927,-0.081624949,-0.446601607,0.248457356,0.151059391,-0.0545076968
1781682719.887141,2026-06-17T15:51:59.887,1781682719.837417,right,base,1,pelvis,1000,0.001,-0.0926884783,-0.323346313,-0.0209854641,0.774470144,0.630117972,0.00587531626,0.0557926433,0.504520153,-0.165386408,0.282605792,-0.590128036,-0.500550995,-0.0407828397,-0.0876156329,1,1,1.46566187e-05,0.000544735692,8,0.104682,,0.492640774,-0.174190923,0.26696844,-0.57033961,-0.517766669,-0.0372569304,-0.067078511
1781682719.903273,2026-06-17T15:51:59.903,1781682719.821050,left,base,1,pelvis,1000,0.001,0.00401304731,0.302151661,-0.0391394551,-0.754756166,0.655123841,-0.0324413631,0.0101705936,0.225350196,0.0901824151,-0.0941409922,-0.416758159,0.234415924,0.147958267,-0.0470004616,1,1,6.15734386e-06,0.00062896107,8,0.133525,,0.239219052,0.0920532961,-0.0813936144,-0.446586287,0.248118859,0.15168819,-0.0543807818
1781682719.903781,2026-06-17T15:51:59.903,1781682719.837417,right,base,1,pelvis,1000,0.001,-0.0926884783,-0.323346313,-0.0209854641,0.774470144,0.630117972,0.00587531626,0.0557926433,0.493143365,-0.174080622,0.267520402,-0.570521114,-0.517043032,-0.0373625397,-0.0674073038,1,1,0.000131268274,0.000674571509,2,0.043951,,0.492841007,-0.174104105,0.266994171,-0.570417639,-0.517613538,-0.0371965833,-0.0671813187
1781682719.920057,2026-06-17T15:51:59.920,1781682719.854278,left,base,1,pelvis,1000,0.001,0.00315279731,0.304110461,-0.0374359551,-0.757796558,0.651698329,-0.0314077031,0.00687166616,0.227276877,0.0904508938,-0.0921880405,-0.443785635,0.236348397,0.149011356,-0.048033656,1,1,5.84855676e-06,0.000575933246,9,0.145029,,0.253523259,0.0971541516,-0.0754555025,-0.471720826,0.254445694,0.169418457,-0.0583649944
1781682719.920603,2026-06-17T15:51:59.920,1781682719.837417,right,base,1,pelvis,1000,0.001,-0.0926884783,-0.323346313,-0.0209854641,0.774470144,0.630117972,0.00587531626,0.0557926433,0.492985841,-0.174115193,0.267347403,-0.570464227,-0.517269838,-0.0373294391,-0.0673042519,1,1,9.11673955e-05,0.000527887985,2,0.048568,,0.492775937,-0.174121973,0.266938473,-0.570393168,-0.517717586,-0.0371855994,-0.0671427873
1781682719.936794,2026-06-17T15:51:59.936,1781682719.854278,left,base,1,pelvis,1000,0.001,0.00315279731,0.304110461,-0.0374359551,-0.757796558,0.651698329,-0.0314077031,0.00687166616,0.243141113,0.0956970322,-0.0847154272,-0.469224761,0.244060401,0.167066695,-0.0528102734,1,1,2.35043585e-05,0.000591957352,7,0.136191,,0.25348761,0.097108828,-0.0752827272,-0.471720767,0.254234245,0.169482902,-0.058417445
1781682719.937278,2026-06-17T15:51:59.937,1781682719.854086,right,base,1,pelvis,1000,0.001,-0.0921103283,-0.326277263,-0.0217319641,0.777966666,0.625871751,0.00506354278,0.05501617,0.492866832,-0.174141311,0.267216705,-0.570421248,-0.517441188,-0.037304432,-0.0672263973,1,1,8.33440981e-05,0.000593232388,5,0.07697,,0.485588954,-0.176293424,0.26071369,-0.55964156,-0.524813825,-0.0357103773,-0.0589128352
1781682719.953485,2026-06-17T15:51:59.953,1781682719.870988,left,base,1,pelvis,1000,0.001,0.00328769731,0.306484211,-0.0369134551,-0.760654586,0.648385353,-0.0313664424,0.00414487937,0.244700284,0.0959158596,-0.0833247894,-0.469599616,0.245620045,0.167419878,-0.0536444708,1,1,9.98751591e-06,0.000601874562,8,0.109341,,0.254918494,0.101996961,-0.0702552279,-0.476008886,0.259865284,0.178113732,-0.0658198237
1781682719.954129,2026-06-17T15:51:59.954,1781682719.887420,right,base,1,pelvis,1000,0.001,-0.0928155783,-0.329178663,-0.0213144641,0.782100125,0.620884853,0.00401228434,0.0529650471,0.486065974,-0.17618862,0.26123726,-0.559815516,-0.524127649,-0.0358106267,-0.0592256346,1,1,3.30558365e-05,0.000564177487,6,0.082152,,0.487409109,-0.180823564,0.252897138,-0.561000878,-0.533918183,-0.029190027,-0.0510911239
1781682719.970309,2026-06-17T15:51:59.970,1781682719.904392,left,base,1,pelvis,1000,0.001,0.00491644731,0.310075811,-0.0382439551,-0.763339208,0.645141922,-0.0331856141,0.0019670642,0.247476403,0.100941116,-0.0769025612,-0.474210005,0.252411102,0.176407471,-0.0618217134,1,1,9.53613103e-06,0.000523554157,8,0.087137,,0.236110661,0.107959649,-0.0662410447,-0.4470668,0.264360081,0.171652509,-0.0814210133
1781682719.970640,2026-06-17T15:51:59.970,1781682719.904099,right,base,1,pelvis,1000,0.001,-0.0931666283,-0.332934363,-0.0213314641,0.785086951,0.617279271,0.00306246871,0.0509450828,0.486743033,-0.180719748,0.253412759,-0.560834024,-0.533242655,-0.0292897755,-0.0513998153,1,1,0.000102250504,0.000585051735,5,0.058154,,0.485151984,-0.186293554,0.246722073,-0.556270194,-0.541158899,-0.0241312995,-0.0409417998
1781682719.987027,2026-06-17T15:51:59.987,1781682719.904392,left,base,1,pelvis,1000,0.001,0.00491644731,0.310075811,-0.0382439551,-0.763339208,0.645141922,-0.0331856141,0.0019670642,0.241332393,0.107064188,-0.0718100954,-0.449015186,0.258115077,0.172364747,-0.0780444856,1,1,3.25161568e-05,0.00048506114,6,0.080716,,0.236048983,0.107911901,-0.065962762,-0.446981254,0.264091593,0.172002351,-0.0815604738
1781682719.987499,2026-06-17T15:51:59.987,1781682719.920764,right,base,1,pelvis,1000,0.001,-0.0933212783,-0.336201313,-0.0211424641,0.788126921,0.613576531,0.00210454444,0.0487377463,0.48561209,-0.186190489,0.247229776,-0.556438624,-0.540493916,-0.0242302875,-0.0412470385,1,1,9.08507005e-05,0.000588837816,5,0.066221,,0.484336186,-0.191632168,0.240542723,-0.554879623,-0.548418128,-0.0170532781,-0.0321654762
1781682720.003707,2026-06-17T15:52:00.003,1781682719.904392,left,base,1,pelvis,1000,0.001,0.00491644731,0.310075811,-0.0382439551,-0.763339208,0.645141922,-0.0331856141,0.0019670642,0.240428096,0.107219264,-0.0708456496,-0.448677765,0.259196584,0.172241402,-0.0786292312,1,1,6.7349721e-05,0.000531053449,5,0.06357,,0.236118325,0.107907814,-0.0660346847,-0.447002301,0.264120699,0.171958831,-0.0815295385
1781682720.003981,2026-06-17T15:52:00.003,1781682719.937429,right,base,1,pelvis,1000,0.001,-0.0932548783,-0.338717013,-0.0207014641,0.791205546,0.609786107,0.00116602455,0.046403954,0.484788114,-0.191529924,0.241042437,-0.555045273,-0.547763771,-0.0171518597,-0.032466904,1,1,7.22184665e-05,0.00060186048,5,0.064487,,0.485630026,-0.196405129,0.234479954,-0.558216338,-0.55564381,-0.00785111618,-0.0257915776
1781682720.020483,2026-06-17T15:52:00.020,1781682719.937632,left,base,1,pelvis,1000,0.001,0.00568909731,0.315435561,-0.0385264551,0.767610504,-0.639855272,0.0368494908,0.00120795178,0.239656581,0.107351569,-0.0700228186,-0.44838989,0.260119288,0.172136168,-0.0791281154,1,1,1.12062775e-05,0.000529056384,8,0.083326,,0.225885151,0.118471898,-0.058782665,-0.42962116,0.272624929,0.168897519,-0.103905535
1781682720.020822,2026-06-17T15:52:00.020,1781682719.937429,right,base,1,pelvis,1000,0.001,-0.0932548783,-0.338717013,-0.0207014641,0.791205546,0.609786107,0.00116602455,0.046403954,0.484999258,-0.196303762,0.234972055,-0.558058779,-0.554999561,-0.00794973748,-0.0260889361,1,1,0.000141212706,0.000665141903,2,0.026397,,0.485384158,-0.196427806,0.234485645,-0.558206294,-0.555589155,-0.0076434912,-0.0257674014
1781682720.037311,2026-06-17T15:52:00.037,1781682719.937632,left,base,1,pelvis,1000,0.001,0.00568909731,0.315435561,-0.0385264551,0.767610504,-0.639855272,0.0368494908,0.00120795178,0.228763685,0.117968434,-0.0618487922,-0.430710529,0.269186756,0.169291675,-0.10202637,1,1,0.000113585053,0.000483876384,4,0.071865,,0.226028261,0.118429413,-0.0586303861,-0.429559929,0.272499847,0.168843615,-0.104097351
1781682720.037594,2026-06-17T15:52:00.037,1781682719.954093,right,base,1,pelvis,1000,0.001,-0.0931438783,-0.340686713,-0.0205679641,0.793451877,0.606978542,0.000525708727,0.0448429822,0.485199223,-0.196335897,0.23481605,-0.558108728,-0.555203799,-0.00791847277,-0.0259946682,1,1,0.000136324766,0.000592360457,4,0.049046,,0.484992714,-0.199530628,0.230173319,-0.558013624,-0.560812579,-0.00216965245,-0.0206561643
1781682720.054112,2026-06-17T15:52:00.054,1781682719.970953,left,base,1,pelvis,1000,0.001,0.00494044731,0.316169061,-0.0376704551,0.76926198,-0.637805485,0.0378322231,0.00298218268,0.228184434,0.118069746,-0.0612317914,-0.430491314,0.269878624,0.169212359,-0.102404517,1,1,4.01984419e-05,0.000582337019,5,0.061222,,0.233778742,0.120910629,-0.0554637829,-0.441349365,0.276262368,0.175131326,-0.108361666
1781682720.054574,2026-06-17T15:52:00.054,1781682719.970762,right,base,1,pelvis,1000,0.001,-0.0931321283,-0.343249913,-0.0207789641,0.795603956,0.604251673,-6.79706022e-05,0.0435230521,0.48534762,-0.199432262,0.230648832,-0.558145796,-0.560190133,-0.00226584452,-0.0209439702,1,1,0.000183468329,0.000569145103,4,0.051963,,0.481429088,-0.202829306,0.225961021,-0.551928394,-0.56567615,0.00108345139,-0.0133149308
1781682720.070934,2026-06-17T15:52:00.070,1781682720.021055,left,base,1,pelvis,1000,0.001,0.00500869731,0.318616811,-0.0369089551,0.772752425,-0.633487285,0.038907944,0.00580697568,0.231649349,0.120593091,-0.0573894865,-0.440855464,0.274103058,0.174641804,-0.107179737,1,1,3.17958543e-05,0.00063812173,6,0.077011,,0.236958346,0.126268486,-0.049200525,-0.447627915,0.283164663,0.183518863,-0.117664355
1781682720.071246,2026-06-17T15:52:00.071,1781682719.970762,right,base,1,pelvis,1000,0.001,-0.0931321283,-0.343249913,-0.0207789641,0.795603956,0.604251673,-6.79706022e-05,0.0435230521,0.48185025,-0.202732099,0.226428789,-0.552083111,-0.565063961,0.000988388028,-0.0135989232,1,1,0.000160616162,0.000611284402,2,0.032663,,0.481429542,-0.202917437,0.225923049,-0.55171439,-0.565616355,0.00118334106,-0.0131045668
1781682720.087755,2026-06-17T15:52:00.087,1781682720.021055,left,base,1,pelvis,1000,0.001,0.00500869731,0.318616811,-0.0369089551,0.772752425,-0.633487285,0.038907944,0.00580697568,0.235307712,0.126019678,-0.0506951138,-0.447242038,0.281488832,0.183135226,-0.116744052,1,1,0.000142981511,0.000620378954,3,0.056458,,0.236685195,0.126271039,-0.04917408,-0.447544973,0.283126206,0.183668218,-0.117760969
1781682720.088228,2026-06-17T15:52:00.088,1781682719.970762,right,base,1,pelvis,1000,0.001,-0.0931321283,-0.343249913,-0.0207789641,0.795603956,0.604251673,-6.79706022e-05,0.0435230521,0.481717945,-0.202762636,0.226281843,-0.552034508,-0.565256276,0.00101825145,-0.0135097091,1,1,0.000129811953,0.000485030797,2,0.04143,,0.481374927,-0.202932975,0.225875693,-0.551693244,-0.565704557,0.00119327992,-0.0130709045
1781682720.104407,2026-06-17T15:52:00.104,1781682720.037784,left,base,1,pelvis,1000,0.001,0.00558039731,0.321265711,-0.0364659551,0.776469524,-0.628833051,0.0399165426,0.00841083587,0.235710417,0.12608038,-0.0503304788,-0.44733618,0.281897685,0.183228822,-0.116968579,1,1,2.99412411e-05,0.000597528793,6,0.074253,,0.235710184,0.131520417,-0.0428057049,-0.447489446,0.29017356,0.190321454,-0.127260924
1781682720.104747,2026-06-17T15:52:00.104,1781682720.037446,right,base,1,pelvis,1000,0.001,-0.0937678783,-0.351015713,-0.0188404641,0.802564399,0.595278824,0.00216512919,0.0391001295,0.48161733,-0.202785858,0.226170094,-0.551997546,-0.565402527,0.00104096198,-0.0134418637,1,1,1.39763792e-05,0.000549480831,8,0.070292,,0.489179828,-0.218925653,0.210465043,-0.560322385,-0.584086776,0.0144834391,0.0120546847
1781682720.121232,2026-06-17T15:52:00.121,1781682720.037784,left,base,1,pelvis,1000,0.001,0.00558039731,0.321265711,-0.0364659551,0.776469524,-0.628833051,0.0399165426,0.00841083587,0.236027232,0.13137845,-0.0436507617,-0.447410244,0.289226077,0.190102954,-0.126738835,1,1,0.000126338403,0.000939491325,2,0.039474,,0.235801551,0.131491611,-0.0429701973,-0.447404568,0.289952243,0.190360743,-0.127210173
1781682720.121745,2026-06-17T15:52:00.121,1781682720.037446,right,base,1,pelvis,1000,0.001,-0.0937678783,-0.351015713,-0.0188404641,0.802564399,0.595278824,0.00216512919,0.0391001295,0.488612394,-0.218830666,0.21091141,-0.560180435,-0.583502919,0.0143909512,0.0117809233,1,1,0.000118391497,0.000586733907,2,0.03729,,0.488950529,-0.218891634,0.21048716,-0.560246224,-0.584026277,0.0145503942,0.0121265154
1781682720.138077,2026-06-17T15:52:00.138,1781682720.087752,left,base,1,pelvis,1000,0.001,0.00733394731,0.325629411,-0.0367389551,0.784195474,-0.61895942,0.0421541374,0.0122361527,0.23593815,0.131418339,-0.0434133237,-0.447432497,0.289492294,0.190164346,-0.126885528,1,1,8.73296634e-06,0.000604027367,8,0.104129,,0.222176506,0.138932766,-0.0306856674,-0.428501618,0.303360177,0.194231972,-0.144725841
1781682720.138427,2026-06-17T15:52:00.138,1781682720.070783,right,base,1,pelvis,1000,0.001,-0.0946416783,-0.355293063,-0.0172294641,0.806378391,0.590303848,0.00592429066,0.0354987376,0.48879396,-0.21886106,0.210768583,-0.560225856,-0.58368974,0.0144205453,0.0118685208,1,1,1.99778507e-05,0.00048623981,7,0.061478,,0.49717798,-0.229391979,0.201591727,-0.567887912,-0.595432226,0.0207352211,0.0321136066
1781682720.154865,2026-06-17T15:52:00.154,1781682720.087752,left,base,1,pelvis,1000,0.001,0.00733394731,0.325629411,-0.0367389551,0.784195474,-0.61895942,0.0421541374,0.0122361527,0.222620983,0.138851596,-0.031163291,-0.42866978,0.302824731,0.194108342,-0.144429031,1,1,0.000104108496,0.000655733155,2,0.042828,,0.222307306,0.138899263,-0.0307053579,-0.428483411,0.303312799,0.194244221,-0.144730099
1781682720.155665,2026-06-17T15:52:00.155,1781682720.070783,right,base,1,pelvis,1000,0.001,-0.0946416783,-0.355293063,-0.0172294641,0.806378391,0.590303848,0.00592429066,0.0354987376,0.496628776,-0.229298519,0.202024184,-0.567749593,-0.594866607,0.020644878,0.0318459341,1,1,0.00011552074,0.000526050933,2,0.052821,,0.496963603,-0.229384983,0.201641064,-0.56779557,-0.595350205,0.0207518459,0.0322720275
1781682720.171645,2026-06-17T15:52:00.171,1781682720.104393,left,base,1,pelvis,1000,0.001,0.00823864731,0.327435911,-0.0369834551,0.787200757,-0.615049556,0.0429518645,0.0135701556,0.22247756,0.138877788,-0.0310091722,-0.428615517,0.302997508,0.194148235,-0.144524805,1,1,5.66237733e-05,0.000562848649,5,0.081295,,0.21486579,0.141792655,-0.0260937005,-0.418060887,0.308302821,0.19481799,-0.151522877
1781682720.172183,2026-06-17T15:52:00.172,1781682720.104123,right,base,1,pelvis,1000,0.001,-0.0959931283,-0.358537963,-0.0164919641,0.808637711,0.587338982,0.0101749323,0.0321627692,0.496807113,-0.229328867,0.201883757,-0.567794507,-0.595050274,0.020674214,0.0319328521,1,1,3.89100184e-05,0.000514759952,6,0.082661,,0.499263421,-0.236791376,0.19649474,-0.563533468,-0.602797384,0.01978499,0.0536310147
1781682720.188435,2026-06-17T15:52:00.188,1781682720.104393,left,base,1,pelvis,1000,0.001,0.00823864731,0.327435911,-0.0369834551,0.787200757,-0.615049556,0.0429518645,0.0135701556,0.215296197,0.1417138,-0.0265556582,-0.418225008,0.307784972,0.194698516,-0.151235142,1,1,0.00011566468,0.000629536024,2,0.063373,,0.214893822,0.141801249,-0.0261178617,-0.417910257,0.308247619,0.194798136,-0.151567603
1781682720.189012,2026-06-17T15:52:00.189,1781682720.154118,right,base,1,pelvis,1000,0.001,-0.0972745283,-0.361835863,-0.0156784641,0.812038414,0.582728343,0.017863648,0.0264987295,0.498732728,-0.236699929,0.196913179,-0.563668424,-0.602249986,0.0198656952,0.0533690564,1,1,7.07407033e-06,0.00049290689,8,0.109244,,0.500345009,-0.245584568,0.189792918,-0.5555564,-0.613558225,0.0181425796,0.0869233957
1781682720.205112,2026-06-17T15:52:00.205,1781682720.104393,left,base,1,pelvis,1000,0.001,0.00823864731,0.327435911,-0.0369834551,0.787200757,-0.615049556,0.0429518645,0.0135701556,0.215159091,0.141738919,-0.0264085017,-0.418172727,0.307949933,0.194736575,-0.1513268,1,1,8.4568341e-05,0.000498619081,2,0.064538,,0.21483762,0.141812181,-0.0260625182,-0.417886917,0.308317037,0.194812262,-0.151603979
1781682720.205548,2026-06-17T15:52:00.205,1781682720.154118,right,base,1,pelvis,1000,0.001,-0.0972745283,-0.361835863,-0.0156784641,0.812038414,0.582728343,0.017863648,0.0264987295,0.499823234,-0.245493293,0.190205253,-0.55569031,-0.613018497,0.0182221629,0.0866606448,1,1,0.000141904068,0.000465535905,2,0.047725,,0.500102729,-0.245577189,0.189869566,-0.555490332,-0.613443917,0.0181688589,0.0871770076
1781682720.221895,2026-06-17T15:52:00.221,1781682720.137495,left,base,1,pelvis,1000,0.001,0.00806764731,0.328372661,-0.0360504551,0.790488625,-0.610689787,0.0442939179,0.0149588434,0.215058915,0.141757272,-0.0263009827,-0.418134529,0.30807046,0.194764382,-0.151393769,1,1,3.61412319e-05,0.000613215655,5,0.085014,,0.22193057,0.143895426,-0.0198716281,-0.42964941,0.314906958,0.202117982,-0.155325508
1781682720.222607,2026-06-17T15:52:00.222,1781682720.154118,right,base,1,pelvis,1000,0.001,-0.0972745283,-0.361835863,-0.0156784641,0.812038414,0.582728343,0.017863648,0.0264987295,0.499986256,-0.245521811,0.190076424,-0.555648472,-0.613187129,0.0181972981,0.0867427382,1,1,0.000245317178,0.000912324795,1,0.028602,,0.499986256,-0.245521811,0.190076424,-0.555648472,-0.613187129,0.0181972981,0.0867427382
1781682720.238570,2026-06-17T15:52:00.238,1781682720.154292,left,base,1,pelvis,1000,0.001,0.00746929731,0.328285861,-0.0351484551,0.792031097,-0.60860855,0.0451668379,0.0155669884,0.221452693,0.143820237,-0.020311141,-0.429539989,0.314414328,0.20200341,-0.155051765,1,1,8.31655707e-05,0.000455963072,4,0.079922,,0.231101795,0.144168922,-0.0163858602,-0.443782997,0.318573488,0.207737147,-0.155671096
1781682720.239051,2026-06-17T15:52:00.239,1781682720.154118,right,base,1,pelvis,1000,0.001,-0.0972745283,-0.361835863,-0.0156784641,0.812038414,0.582728343,0.017863648,0.0264987295,0.500111565,-0.245543731,0.189977398,-0.555616312,-0.613316749,0.0181781855,0.08680584,1,1,0.00016157166,0.000734340203,1,0.032584,,0.500111565,-0.245543731,0.189977398,-0.555616312,-0.613316749,0.0181781855,0.08680584
1781682720.255446,2026-06-17T15:52:00.255,1781682720.171000,left,base,1,pelvis,1000,0.001,0.00643384731,0.328116661,-0.0334989551,0.793867343,-0.60609775,0.0464222375,0.0162829603,0.230630453,0.144094944,-0.0168185903,-0.443673195,0.318088499,0.207623608,-0.155401862,1,1,0.000142270494,0.000526850189,4,0.090381,,0.247756096,0.14457697,-0.0117546172,-0.469534251,0.323395891,0.21719832,-0.15516833
1781682720.256032,2026-06-17T15:52:00.256,1781682720.204118,right,base,1,pelvis,1000,0.001,-0.0966178283,-0.364664213,-0.0154669641,0.815423146,0.577786091,0.0273308137,0.0223909145,0.500198495,-0.245558938,0.189908702,-0.555594002,-0.61340667,0.0181649266,0.0868496153,1,1,5.46254554e-06,0.000521412576,8,0.112222,,0.495696028,-0.252427916,0.183384643,-0.542354433,-0.623803598,0.0130436678,0.120783652
1781682720.272063,2026-06-17T15:52:00.272,1781682720.171000,left,base,1,pelvis,1000,0.001,0.00643384731,0.328116661,-0.0334989551,0.793867343,-0.60609775,0.0464222375,0.0162829603,0.247290237,0.144504191,-0.0121806786,-0.469422373,0.322918432,0.217085266,-0.155385303,1,1,0.000150173014,0.00055344324,2,0.076541,,0.248244032,0.144551361,-0.0116830156,-0.470496481,0.323383591,0.217524155,-0.155257014
1781682720.272565,2026-06-17T15:52:00.272,1781682720.204118,right,base,1,pelvis,1000,0.001,-0.0966178283,-0.364664213,-0.0154669641,0.815423146,0.577786091,0.0273308137,0.0223909145,0.496035912,-0.252341633,0.183770793,-0.542481487,-0.623297869,0.0131187696,0.120533175,1,1,0.000103296364,0.00053012932,2,0.043212,,0.495789408,-0.252408715,0.18343649,-0.542244885,-0.623687507,0.0129875273,0.121074424
1781682720.288878,2026-06-17T15:52:00.288,1781682720.171000,left,base,1,pelvis,1000,0.001,0.00643384731,0.328116661,-0.0334989551,0.793867343,-0.60609775,0.0464222375,0.0162829603,0.247785876,0.144527021,-0.0120470255,-0.470386325,0.323068208,0.217412939,-0.15531724,1,1,0.000159831097,0.000516357029,2,0.080407,,0.248453455,0.144561941,-0.0116338696,-0.470902003,0.323450509,0.21766322,-0.15522542
1781682720.289330,2026-06-17T15:52:00.289,1781682720.204118,right,base,1,pelvis,1000,0.001,-0.0966178283,-0.364664213,-0.0154669641,0.815423146,0.577786091,0.0273308137,0.0223909145,0.495929754,-0.252368582,0.183650184,-0.542441803,-0.623455827,0.0130953125,0.120611408,1,1,7.13519399e-05,0.000419648939,2,0.057391,,0.495745589,-0.252422676,0.183399275,-0.542227657,-0.623761631,0.0129761895,0.121103922
1781682720.305534,2026-06-17T15:52:00.305,1781682720.204489,left,base,1,pelvis,1000,0.001,0.00527539731,0.327908911,-0.0319779551,0.795875119,-0.603304034,0.0480400512,0.0172971391,0.247931356,0.14453475,-0.01193144,-0.470421303,0.323168353,0.217448254,-0.155298116,1,1,0.000140338323,0.000558564037,4,0.073461,,0.263255376,0.144899092,-0.00692355374,-0.492496699,0.328527198,0.225250369,-0.156091564
1781682720.306056,2026-06-17T15:52:00.306,1781682720.254121,right,base,1,pelvis,1000,0.001,-0.0962817283,-0.366724413,-0.0151139641,0.817118409,0.575137501,0.0324875295,0.0218842587,0.495849265,-0.252389015,0.183558739,-0.542411716,-0.623575589,0.0130775275,0.120670724,1,1,5.58909054e-05,0.000630233424,5,0.081674,,0.494605147,-0.256394304,0.179313723,-0.536509962,-0.629142378,0.00777941227,0.137369431
1781682720.322480,2026-06-17T15:52:00.322,1781682720.270801,left,base,1,pelvis,1000,0.001,0.00145994731,0.328090661,-0.0283964551,0.800135699,-0.597067883,0.0539255835,0.0196172975,0.262810213,0.144829852,-0.00732932423,-0.492386986,0.328072519,0.225141712,-0.155839901,1,1,2.39904843e-05,0.000590610318,7,0.122582,,0.300009847,0.147302712,0.00392275392,-0.540915761,0.340819324,0.236588027,-0.16479507
1781682720.323169,2026-06-17T15:52:00.323,1781682720.254121,right,base,1,pelvis,1000,0.001,-0.0962817283,-0.366724413,-0.0151139641,0.817118409,0.575137501,0.0324875295,0.0218842587,0.494928591,-0.256311675,0.179681595,-0.536631636,-0.628660587,0.00785158922,0.137128845,1,1,0.000112558794,0.000574988976,2,0.045088,,0.494690148,-0.256411768,0.179315323,-0.536351305,-0.629072864,0.00761464905,0.137749272
1781682720.339119,2026-06-17T15:52:00.339,1781682720.270801,left,base,1,pelvis,1000,0.001,0.00145994731,0.328090661,-0.0283964551,0.800135699,-0.597067883,0.0539255835,0.0196172975,0.299566969,0.147234302,0.00352231242,-0.540800969,0.340370597,0.236479589,-0.164546429,1,1,9.63892769e-05,0.000538584701,2,0.076801,,0.299906098,0.1472873,0.00390783865,-0.54089878,0.340803906,0.23651157,-0.164926424
1781682720.339550,2026-06-17T15:52:00.339,1781682720.254121,right,base,1,pelvis,1000,0.001,-0.0962817283,-0.366724413,-0.0151139641,0.817118409,0.575137501,0.0324875295,0.0218842587,0.49482438,-0.256338297,0.179563069,-0.536592433,-0.628815817,0.00782833427,0.13720636,1,1,8.15931795e-05,0.000464834896,2,0.046027,,0.494647145,-0.256425494,0.179278696,-0.536334268,-0.629145645,0.00760344696,0.137778582
1781682720.355987,2026-06-17T15:52:00.355,1781682720.270801,left,base,1,pelvis,1000,0.001,0.00145994731,0.328090661,-0.0283964551,0.800135699,-0.597067883,0.0539255835,0.0196172975,0.299705281,0.147255666,0.00364737185,-0.540836819,0.340510736,0.236513454,-0.164624081,1,1,6.87996615e-05,0.000439331935,2,0.07853,,0.29996223,0.147296608,0.00395532672,-0.540914452,0.340862835,0.236525511,-0.164956666
1781682720.356430,2026-06-17T15:52:00.356,1781682720.254121,right,base,1,pelvis,1000,0.001,-0.0962817283,-0.366724413,-0.0151139641,0.817118409,0.575137501,0.0324875295,0.0218842587,0.494750137,-0.256357264,0.179478628,-0.536564504,-0.628926406,0.00781176687,0.137261584,1,1,0.000149656483,0.000971282808,1,0.033861,,0.494750137,-0.256357264,0.179478628,-0.536564504,-0.628926406,0.00781176687,0.137261584
1781682720.372614,2026-06-17T15:52:00.372,1781682720.287638,left,base,1,pelvis,1000,0.001,0.000778447307,0.329525461,-0.0284604551,0.801395776,-0.595111184,0.0564949476,0.0203913966,0.299810807,0.147271967,0.00374278608,-0.540864171,0.340617655,0.236539292,-0.164683325,1,1,0.000107170438,0.000508024101,4,0.092827,,0.299223015,0.150316796,0.00640872097,-0.535241898,0.344020144,0.23206494,-0.174044912
1781682720.373163,2026-06-17T15:52:00.373,1781682720.287459,right,base,1,pelvis,1000,0.001,-0.0960723783,-0.367866413,-0.0148749641,0.81805416,0.573569275,0.0365866986,0.0216122822,0.494694943,-0.256371364,0.179415854,-0.536543742,-0.629008621,0.00779945038,0.137302638,1,1,8.1691293e-05,0.000627299182,4,0.06232,,0.493929301,-0.258739615,0.176831031,-0.53211774,-0.632532041,0.00274258812,0.149442931
1781682720.389364,2026-06-17T15:52:00.389,1781682720.337691,left,base,1,pelvis,1000,0.001,0.00266874731,0.332939261,-0.0312954551,0.802373749,-0.593447539,0.0595133704,0.0217840273,0.29956272,0.150251288,0.00602733216,-0.535359838,0.34359271,0.23210421,-0.17380705,1,1,0.000139536491,0.000428438597,5,0.085814,,0.267947208,0.156992835,0.00576871157,-0.483215077,0.344634686,0.213952835,-0.1942482
1781682720.390020,2026-06-17T15:52:00.390,1781682720.287459,right,base,1,pelvis,1000,0.001,-0.0960723783,-0.367866413,-0.0148749641,0.81805416,0.573569275,0.0365866986,0.0216122822,0.494232118,-0.258661969,0.177175668,-0.5322322,-0.63208066,0.00281080655,0.149216162,1,1,0.000114929594,0.000545139152,2,0.0525,,0.494010646,-0.258793842,0.176832132,-0.53196317,-0.63246534,0.00256381068,0.149862884
1781682720.406031,2026-06-17T15:52:00.406,1781682720.354188,left,base,1,pelvis,1000,0.001,0.00334354731,0.333527911,-0.0312869551,0.80289872,-0.592549996,0.0610503084,0.0226054801,0.26828987,0.156926669,0.00614699501,-0.485045889,0.344208795,0.213994417,-0.194008498,1,1,0.000117213965,0.000736005758,3,0.068342,,0.264937759,0.158511932,0.00686186441,-0.479279012,0.345515521,0.213296833,-0.199298697
1781682720.406541,2026-06-17T15:52:00.406,1781682720.337462,right,base,1,pelvis,1000,0.001,-0.0960395283,-0.369330913,-0.0147624641,0.819129019,0.571569141,0.0434135655,0.0212516061,0.494135761,-0.258686676,0.177066004,-0.532195779,-0.63222429,0.00278909932,0.14928832,1,1,1.72730665e-05,0.000570795693,6,0.082832,,0.490902946,-0.26156346,0.173830835,-0.520685721,-0.636935211,-0.00821527348,0.170091442
1781682720.422921,2026-06-17T15:52:00.422,1781682720.354188,left,base,1,pelvis,1000,0.001,0.00334354731,0.333527911,-0.0312869551,0.80289872,-0.592549996,0.0610503084,0.0226054801,0.265271028,0.158447456,0.00649272125,-0.479400533,0.345101681,0.213337313,-0.199065176,1,1,0.000120177767,0.000579975512,2,0.061945,,0.264669263,0.158664591,0.0068024685,-0.47863423,0.345484765,0.213220989,-0.199817871
1781682720.423480,2026-06-17T15:52:00.423,1781682720.337462,right,base,1,pelvis,1000,0.001,-0.0960395283,-0.369330913,-0.0147624641,0.819129019,0.571569141,0.0434135655,0.0212516061,0.491196461,-0.261487937,0.17416483,-0.520797979,-0.63649771,-0.00814783857,0.169869292,1,1,9.32352762e-05,0.000509092722,2,0.044006,,0.490957401,-0.261541773,0.173871779,-0.520481071,-0.636829853,-0.00845241285,0.170439806
1781682720.439603,2026-06-17T15:52:00.439,1781682720.387686,left,base,1,pelvis,1000,0.001,0.00412159731,0.333828661,-0.0307009551,0.803521336,-0.591505208,0.062614557,0.0235471836,0.264997094,0.158601154,0.00661075156,-0.478753839,0.345234002,0.213260814,-0.199588118,1,1,0.000205847176,0.000864834353,3,0.075372,,0.266427454,0.159936724,0.00826573359,-0.483452422,0.347410432,0.216703131,-0.20309105
1781682720.440145,2026-06-17T15:52:00.440,1781682720.370819,right,base,1,pelvis,1000,0.001,-0.0961689283,-0.370257513,-0.0149989641,0.81986638,0.570014431,0.0496508834,0.0209154828,0.491102589,-0.261512091,0.174058012,-0.520762077,-0.636637631,-0.00816940561,0.16994034,1,1,1.268586e-05,0.00051409897,6,0.084526,,0.485473995,-0.262659235,0.171998527,-0.505325872,-0.640068061,-0.0205197254,0.189522645
1781682720.456449,2026-06-17T15:52:00.456,1781682720.387686,left,base,1,pelvis,1000,0.001,0.00412159731,0.333828661,-0.0307009551,0.803521336,-0.591505208,0.062614557,0.0235471836,0.26603704,0.159874142,0.00790829627,-0.483357457,0.347009674,0.216609028,-0.202864563,1,1,6.773397e-05,0.000584931438,2,0.0619,,0.266431324,0.160062538,0.00832016425,-0.483944194,0.347491536,0.217058192,-0.203402144
1781682720.457042,2026-06-17T15:52:00.457,1781682720.420815,right,base,1,pelvis,1000,0.001,-0.0961695783,-0.371312913,-0.0152829641,0.820486246,0.568528066,0.0560540518,0.0208830524,0.485758802,-0.26258599,0.172322075,-0.505436441,-0.639644152,-0.0204529247,0.189305193,1,1,1.46939336e-05,0.000526959462,6,0.098029,,0.47888523,-0.26365819,0.170202297,-0.488126325,-0.643017316,-0.0338509497,0.20951114
1781682720.473175,2026-06-17T15:52:00.473,1781682720.387686,left,base,1,pelvis,1000,0.001,0.00412159731,0.333828661,-0.0307009551,0.803521336,-0.591505208,0.062614557,0.0235471836,0.266161958,0.159894166,0.00802266282,-0.483387842,0.347137901,0.216639137,-0.20293703,1,1,6.33099048e-05,0.000501550659,2,0.065506,,0.266482159,0.160071175,0.0083635626,-0.483957754,0.347545501,0.217070703,-0.20343036
1781682720.473688,2026-06-17T15:52:00.473,1781682720.420815,right,base,1,pelvis,1000,0.001,-0.0961695783,-0.371312913,-0.0152829641,0.820486246,0.568528066,0.0560540518,0.0208830524,0.479166249,-0.263586005,0.17052085,-0.488237204,-0.64259988,-0.0337836045,0.209294762,1,1,8.88846206e-05,0.000478587833,2,0.044494,,0.478897803,-0.263622594,0.170253223,-0.48786482,-0.642900602,-0.0341142209,0.209842018
1781682720.489958,2026-06-17T15:52:00.489,1781682720.387686,left,base,1,pelvis,1000,0.001,0.00412159731,0.333828661,-0.0307009551,0.803521336,-0.591505208,0.062614557,0.0235471836,0.266252936,0.160010575,0.00810595575,-0.483865759,0.347231289,0.21697956,-0.203211065,1,1,5.02685373e-05,0.00041366375,2,0.069081,,0.266523176,0.160115128,0.00840757285,-0.484157209,0.347572762,0.217211325,-0.20354079
1781682720.490406,2026-06-17T15:52:00.490,1781682720.420815,right,base,1,pelvis,1000,0.001,-0.0961695783,-0.371312913,-0.0152829641,0.820486246,0.568528066,0.0560540518,0.0208830524,0.479077871,-0.263608707,0.170420668,-0.488202333,-0.64273116,-0.033804784,0.209362811,1,1,0.000154833549,0.000966423134,1,0.027901,,0.479077871,-0.263608707,0.170420668,-0.488202333,-0.64273116,-0.033804784,0.209362811
1781682720.506575,2026-06-17T15:52:00.506,1781682720.387686,left,base,1,pelvis,1000,0.001,0.00412159731,0.333828661,-0.0307009551,0.803521336,-0.591505208,0.062614557,0.0235471836,0.266325864,0.160029855,0.008187914,-0.483895027,0.347331256,0.217008558,-0.203280834,1,1,9.86336722e-05,0.000861748202,1,0.039804,,0.266325864,0.160029855,0.008187914,-0.483895027,0.347331256,0.217008558,-0.203280834
1781682720.506934,2026-06-17T15:52:00.506,1781682720.420815,right,base,1,pelvis,1000,0.001,-0.0961695783,-0.371312913,-0.0152829641,0.820486246,0.568528066,0.0560540518,0.0208830524,0.479011484,-0.263625759,0.170345415,-0.48817614,-0.642829773,-0.0338206933,0.209413927,1,1,0.000104390523,0.000801062403,1,0.027359,,0.479011484,-0.263625759,0.170345415,-0.48817614,-0.642829773,-0.0338206933,0.209413927
1781682720.523374,2026-06-17T15:52:00.523,1781682720.387686,left,base,1,pelvis,1000,0.001,0.00412159731,0.333828661,-0.0307009551,0.803521336,-0.591505208,0.062614557,0.0235471836,0.266379192,0.160043954,0.00824784569,-0.48391643,0.347404357,0.217029762,-0.203331853,1,1,8.21620549e-05,0.000736949333,1,0.042616,,0.266379192,0.160043954,0.00824784569,-0.48391643,0.347404357,0.217029762,-0.203331853
1781682720.523897,2026-06-17T15:52:00.523,1781682720.470811,right,base,1,pelvis,1000,0.001,-0.0976994283,-0.370971263,-0.0130444641,0.820824917,0.56704101,0.0651607215,0.0215645227,0.478964336,-0.26363787,0.170291969,-0.488157537,-0.642899809,-0.0338319923,0.209450231,1,1,1.01175271e-05,0.000539834233,7,0.10025,,0.495457323,-0.266746461,0.165720065,-0.502913983,-0.648714978,-0.0454532449,0.22500765
1781682720.540135,2026-06-17T15:52:00.540,1781682720.454349,left,base,1,pelvis,1000,0.001,0.00258484731,0.334186561,-0.0288169551,0.80430893,-0.58993846,0.0668494552,0.0243086381,0.266418358,0.160054308,0.00829186144,-0.483932148,0.347458045,0.217045335,-0.203369322,1,1,6.62545102e-05,0.000476922514,5,0.088968,,0.284320427,0.162494395,0.0121907438,-0.507610434,0.352220241,0.220680179,-0.210560704
1781682720.540628,2026-06-17T15:52:00.540,1781682720.470811,right,base,1,pelvis,1000,0.001,-0.0976994283,-0.370971263,-0.0130444641,0.820824917,0.56704101,0.0651607215,0.0215645227,0.495082445,-0.266678371,0.166019502,-0.502826932,-0.648322613,-0.0453887254,0.224802836,1,1,0.000177016159,0.000827497614,1,0.028682,,0.495082445,-0.266678371,0.166019502,-0.502826932,-0.648322613,-0.0453887254,0.224802836
1781682720.556931,2026-06-17T15:52:00.556,1781682720.471005,left,base,1,pelvis,1000,0.001,0.00127224731,0.333628911,-0.0272869551,0.804212001,-0.589935757,0.0681006851,0.0241071896,0.28396382,0.162437268,0.0118657029,-0.507521395,0.351855759,0.220594263,-0.210354167,1,1,0.000367231595,0.000479022321,3,0.065389,,0.298002431,0.162264266,0.0136293831,-0.527156409,0.353684266,0.224520755,-0.209764744
1781682720.557412,2026-06-17T15:52:00.557,1781682720.470811,right,base,1,pelvis,1000,0.001,-0.0976994283,-0.370971263,-0.0130444641,0.820824917,0.56704101,0.0651607215,0.0215645227,0.495200776,-0.266699864,0.165924984,-0.50285441,-0.648446464,-0.0454090912,0.224867486,1,1,0.000123689909,0.000701048357,1,0.028048,,0.495200776,-0.266699864,0.165924984,-0.50285441,-0.648446464,-0.0454090912,0.224867486
1781682720.573661,2026-06-17T15:52:00.573,1781682720.471005,left,base,1,pelvis,1000,0.001,0.00127224731,0.333628911,-0.0272869551,0.804212001,-0.589935757,0.0681006851,0.0241071896,0.297649876,0.162455381,0.0133092948,-0.52706654,0.353325354,0.224435754,-0.209920041,1,1,0.00021021971,0.000358470924,2,0.061136,,0.299429843,0.162315278,0.0137087742,-0.529292269,0.353735741,0.224901048,-0.209772148
1781682720.574202,2026-06-17T15:52:00.574,1781682720.520833,right,base,1,pelvis,1000,0.001,-0.0985486283,-0.369506713,-0.0108204641,0.820752879,0.566252199,0.0721993182,0.0225924209,0.495289414,-0.266715964,0.165854184,-0.502874993,-0.648539237,-0.0454243465,0.224915913,1,1,2.90756597e-05,0.000550269291,6,0.083706,,0.51383164,-0.268178604,0.162422505,-0.525078205,-0.652705532,-0.0523395232,0.231216171
1781682720.590535,2026-06-17T15:52:00.590,1781682720.521155,left,base,1,pelvis,1000,0.001,0.000757447307,0.331099861,-0.0258834551,0.804165824,-0.58955533,0.0717089314,0.0244881392,0.299082639,0.162394942,0.0134105212,-0.529203565,0.353438858,0.224817332,-0.209870929,1,1,0.000201314186,0.000469906092,4,0.108511,,0.314315861,0.159197103,0.0149509704,-0.551449611,0.355926473,0.227495439,-0.20982685
1781682720.591053,2026-06-17T15:52:00.591,1781682720.520833,right,base,1,pelvis,1000,0.001,-0.0985486283,-0.369506713,-0.0108204641,0.820752879,0.566252199,0.0721993182,0.0225924209,0.513472028,-0.268113494,0.162708509,-0.524992751,-0.652330804,-0.0522772258,0.231020114,1,1,0.000173109996,0.000790278262,1,0.029917,,0.513472028,-0.268113494,0.162708509,-0.524992751,-0.652330804,-0.0522772258,0.231020114
1781682720.607314,2026-06-17T15:52:00.607,1781682720.537492,left,base,1,pelvis,1000,0.001,0.00104404731,0.329829311,-0.0252944551,0.804188106,-0.589254836,0.0737956312,0.0247877606,0.313972466,0.159565552,0.0146406905,-0.551359849,0.355578475,0.227412752,-0.20983944,1,1,0.000282960198,0.000796673313,3,0.089694,,0.319436476,0.157774818,0.0153061447,-0.560119226,0.356938679,0.228562153,-0.210465807
1781682720.607844,2026-06-17T15:52:00.607,1781682720.554154,right,base,1,pelvis,1000,0.001,-0.0977836783,-0.368994963,-0.0108574641,0.820570553,0.566104893,0.0751188746,0.0233746264,0.513586503,-0.26813422,0.162617466,-0.525019953,-0.65245009,-0.0522970568,0.231082525,1,1,5.20128084e-05,0.000423303423,4,0.062182,,0.513287938,-0.267482712,0.16212743,-0.523925886,-0.653192026,-0.0574681542,0.235404625
1781682720.624379,2026-06-17T15:52:00.624,1781682720.537492,left,base,1,pelvis,1000,0.001,0.00104404731,0.329829311,-0.0252944551,0.804188106,-0.589254836,0.0737956312,0.0247877606,0.319097864,0.15813769,0.0150006524,-0.560029917,0.356595983,0.228480637,-0.210271918,1,1,0.000199817287,0.000600270954,2,0.073971,,0.319924405,0.157723577,0.0152301364,-0.56108171,0.356985757,0.228656184,-0.210452942
1781682720.624919,2026-06-17T15:52:00.624,1781682720.554154,right,base,1,pelvis,1000,0.001,-0.0977836783,-0.368994963,-0.0108574641,0.820570553,0.566104893,0.0751188746,0.0233746264,0.513528128,-0.267822683,0.162404667,-0.52401831,-0.652828774,-0.0574072322,0.235214157,1,1,0.000105478515,0.000478509638,2,0.043971,,0.513371774,-0.267594453,0.16222663,-0.523918624,-0.65308665,-0.0576567521,0.235504346
1781682720.640939,2026-06-17T15:52:00.640,1781682720.587669,left,base,1,pelvis,1000,0.001,0.000737197307,0.328234861,-0.0236244551,0.802897248,-0.590338539,0.0790779471,0.0245580465,0.319591081,0.158020833,0.0150990311,-0.560993706,0.356706343,0.228575942,-0.210334357,1,1,6.88949179e-05,0.00055059173,5,0.118325,,0.334971071,0.15682048,0.0150745433,-0.582781633,0.357996916,0.227753044,-0.214900119
1781682720.641500,2026-06-17T15:52:00.641,1781682720.587489,right,base,1,pelvis,1000,0.001,-0.0972322783,-0.368302063,-0.0106894641,0.820212203,0.56616201,0.0782177603,0.0243824002,0.513450731,-0.267713133,0.162315331,-0.523988528,-0.652945827,-0.0574268633,0.235275532,1,1,6.93706371e-05,0.00046633438,4,0.062963,,0.514479538,-0.266746078,0.161918566,-0.52505415,-0.653517842,-0.0629896443,0.238691549
1781682720.657799,2026-06-17T15:52:00.657,1781682720.587669,left,base,1,pelvis,1000,0.001,0.000737197307,0.328234861,-0.0236244551,0.802897248,-0.590338539,0.0790779471,0.0245580465,0.334641239,0.157172288,0.0151401503,-0.58269268,0.357664653,0.22778389,-0.214711728,1,1,0.000143538038,0.000405587428,2,0.077773,,0.335078005,0.156950858,0.015150276,-0.583020029,0.357816144,0.227609264,-0.215086755
1781682720.658561,2026-06-17T15:52:00.658,1781682720.587489,right,base,1,pelvis,1000,0.001,-0.0972322783,-0.368302063,-0.0106894641,0.820212203,0.56616201,0.0782177603,0.0243824002,0.514141569,-0.26707574,0.162187356,-0.524973858,-0.653165653,-0.0629300185,0.238506563,1,1,0.000239918035,0.000943997101,1,0.030864,,0.514141569,-0.26707574,0.162187356,-0.524973858,-0.653165653,-0.0629300185,0.238506563
1781682720.674509,2026-06-17T15:52:00.674,1781682720.621109,left,base,1,pelvis,1000,0.001,0.000794497307,0.326920711,-0.0219264551,0.79973566,-0.593918191,0.0837603215,0.0258508353,0.334748082,0.157058326,0.0151188981,-0.582721495,0.357772284,0.227773898,-0.214772754,1,1,2.37673575e-05,0.000520747578,6,0.11467,,0.347660004,0.158332371,0.0115017689,-0.602916152,0.355899019,0.229425569,-0.22192279
1781682720.675014,2026-06-17T15:52:00.675,1781682720.587489,right,base,1,pelvis,1000,0.001,-0.0972322783,-0.368302063,-0.0106894641,0.820212203,0.56616201,0.0782177603,0.0243824002,0.514250376,-0.266969607,0.16210082,-0.524999708,-0.653279038,-0.0629492147,0.238566119,1,1,0.000173428456,0.000738345588,1,0.036483,,0.514250376,-0.266969607,0.16210082,-0.524999708,-0.653279038,-0.0629492147,0.238566119
1781682720.691438,2026-06-17T15:52:00.691,1781682720.621109,left,base,1,pelvis,1000,0.001,0.000794497307,0.326920711,-0.0219264551,0.79973566,-0.593918191,0.0837603215,0.0258508353,0.347338917,0.158282399,0.0117861013,-0.602827847,0.356148109,0.229348878,-0.221739417,1,1,8.31964147e-05,0.000402629113,2,0.08334,,0.347592542,0.158385757,0.0115075088,-0.602923845,0.35594509,0.2292685,-0.22211851
1781682720.691887,2026-06-17T15:52:00.691,1781682720.620826,right,base,1,pelvis,1000,0.001,-0.0966416783,-0.366619763,-0.00997496412,0.819498052,0.56660294,0.0818313552,0.0262236536,0.514328363,-0.266893537,0.162038796,-0.525018235,-0.653360306,-0.0629629734,0.238608804,1,1,0.000130649749,0.000557086629,4,0.064407,,0.521318574,-0.265346928,0.161728546,-0.535509503,-0.653480265,-0.0686014062,0.237812124
1781682720.708219,2026-06-17T15:52:00.708,1781682720.637758,left,base,1,pelvis,1000,0.001,0.000890447307,0.325989761,-0.0200429551,0.79497011,-0.599323805,0.0896851823,0.0281081485,0.347441634,0.158298385,0.0116951423,-0.602856096,0.356068424,0.229373412,-0.221798079,1,1,8.23372712e-06,0.000559896798,7,0.120835,,0.35975032,0.162552569,0.00542354077,-0.621897772,0.352139087,0.230228772,-0.234176081
1781682720.708757,2026-06-17T15:52:00.708,1781682720.654160,right,base,1,pelvis,1000,0.001,-0.0961151783,-0.365430463,-0.00941896412,0.818395574,0.567354552,0.0864488239,0.029395521,0.520995132,-0.265661904,0.161985269,-0.5354318,-0.653420367,-0.068543913,0.237942249,1,1,4.08134431e-05,0.00057551516,5,0.072628,,0.526674049,-0.263762864,0.161734228,-0.541701985,-0.653012607,-0.0798968625,0.239010399
1781682720.725081,2026-06-17T15:52:00.725,1781682720.637758,left,base,1,pelvis,1000,0.001,0.000890447307,0.325989761,-0.0200429551,0.79497011,-0.599323805,0.0896851823,0.0281081485,0.359437783,0.162503695,0.00569984357,-0.621810265,0.352380986,0.23015433,-0.233997059,1,1,7.9187988e-05,0.000425444884,2,0.083647,,0.359623138,0.162628354,0.00539799635,-0.621809811,0.352156714,0.230057156,-0.234396678
1781682720.725635,2026-06-17T15:52:00.725,1781682720.654160,right,base,1,pelvis,1000,0.001,-0.0961151783,-0.365430463,-0.00941896412,0.818395574,0.567354552,0.0864488239,0.029395521,0.526354998,-0.264073216,0.161903415,-0.541624864,-0.653218177,-0.0798391547,0.238836379,1,1,0.00026181597,0.000568372417,1,0.03264,,0.526354998,-0.264073216,0.161903415,-0.541624864,-0.653218177,-0.0798391547,0.238836379
1781682720.741767,2026-06-17T15:52:00.741,1781682720.637758,left,base,1,pelvis,1000,0.001,0.000890447307,0.325989761,-0.0200429551,0.79497011,-0.599323805,0.0896851823,0.0281081485,0.359538067,0.162519377,0.00561118616,-0.621838344,0.352303368,0.230178216,-0.234054502,1,1,0.000134909206,0.000882413759,1,0.051856,,0.359538067,0.162519377,0.00561118616,-0.621838344,0.352303368,0.230178216,-0.234054502
1781682720.742018,2026-06-17T15:52:00.742,1781682720.654160,right,base,1,pelvis,1000,0.001,-0.0961151783,-0.365430463,-0.00941896412,0.818395574,0.567354552,0.0864488239,0.029395521,0.526456757,-0.263974231,0.161849454,-0.541649461,-0.653152612,-0.0798575602,0.238891882,1,1,0.000186835656,0.00054453628,1,0.019619,,0.526456757,-0.263974231,0.161849454,-0.541649461,-0.653152612,-0.0798575602,0.238891882
1781682720.758626,2026-06-17T15:52:00.758,1781682720.687934,left,base,1,pelvis,1000,0.001,0.000650697307,0.324525611,-0.0166389551,0.783900724,-0.611628602,0.101338116,0.0337741696,0.359610588,0.162530718,0.00554707264,-0.621858649,0.352247237,0.23019549,-0.234096042,1,1,4.54345101e-07,0.000526384174,10,0.097188,,0.379462336,0.17342199,-0.00926819355,-0.651546703,0.342547535,0.229043988,-0.262623676
1781682720.759163,2026-06-17T15:52:00.759,1781682720.687500,right,base,1,pelvis,1000,0.001,-0.0957328283,-0.364078013,-0.00828696412,0.816694132,0.568503754,0.0929308014,0.0343226265,0.526530224,-0.263902767,0.161810496,-0.54166722,-0.653105275,-0.0798708484,0.238931953,1,1,6.73312981e-06,0.000486358965,7,0.073264,,0.536019068,-0.26221075,0.161294267,-0.551687977,-0.652330952,-0.0969983221,0.240712038
1781682720.775387,2026-06-17T15:52:00.775,1781682720.687934,left,base,1,pelvis,1000,0.001,0.000650697307,0.324525611,-0.0166389551,0.783900724,-0.611628602,0.101338116,0.0337741696,0.379161916,0.173374273,-0.00900286234,-0.651460301,0.342779519,0.229071567,-0.262449969,1,1,7.12581736e-05,0.00040714333,2,0.047457,,0.379300822,0.173496505,-0.00929669245,-0.65140632,0.342556584,0.228911753,-0.262827799
1781682720.775651,2026-06-17T15:52:00.775,1781682720.704162,right,base,1,pelvis,1000,0.001,-0.0955695783,-0.363506813,-0.00720196412,0.814536631,0.569992222,0.100057092,0.0403425609,0.535713285,-0.262507501,0.161535941,-0.551613353,-0.652527482,-0.0969415975,0.240545567,1,1,3.68577985e-06,0.000554384848,7,0.062549,,0.543306889,-0.261208824,0.160957882,-0.556155613,-0.651393472,-0.118975517,0.24519759
1781682720.792356,2026-06-17T15:52:00.792,1781682720.721035,left,base,1,pelvis,1000,0.001,-0.00127790269,0.321351961,-0.0103394551,0.752896347,-0.643484049,0.129655838,0.0475892121,0.379256353,0.173389273,-0.00908626913,-0.651487462,0.342706595,0.229062898,-0.262504573,1,1,1.25584323e-06,0.000501387417,15,0.133405,,0.410547744,0.20263654,-0.049576489,-0.691487792,0.314560192,0.205048431,-0.337160485
1781682720.792844,2026-06-17T15:52:00.792,1781682720.704162,right,base,1,pelvis,1000,0.001,-0.0955695783,-0.363506813,-0.00720196412,0.814536631,0.569992222,0.100057092,0.0403425609,0.543004906,-0.261501339,0.161196062,-0.556081673,-0.651587221,-0.118917629,0.245033141,1,1,0.000207188396,0.00050622781,1,0.025185,,0.543004906,-0.261501339,0.161196062,-0.556081673,-0.651587221,-0.118917629,0.245033141
1781682720.809047,2026-06-17T15:52:00.809,1781682720.721035,left,base,1,pelvis,1000,0.001,-0.00127790269,0.321351961,-0.0103394551,0.752896347,-0.643484049,0.129655838,0.0475892121,0.409967216,0.202539928,-0.049061435,-0.691315208,0.315009197,0.205105559,-0.314101692,1,1,4.97949922e-06,0.000500520278,8,0.088014,,0.410548475,0.203836233,-0.0527005048,-0.691605461,0.317598174,0.204605693,-0.335975073
1781682720.809371,2026-06-17T15:52:00.809,1781682720.754168,right,base,1,pelvis,1000,0.001,-0.0956585783,-0.361977763,-0.00536946412,0.809336866,0.573666127,0.114507878,0.0526208896,0.543102987,-0.261406333,0.161118704,-0.556105688,-0.651524293,-0.11893643,0.245086552,1,1,2.15166762e-06,0.000499264048,10,0.07924,,0.554181892,-0.257522843,0.161367933,-0.557316496,-0.647474995,-0.167971689,0.255770836
1781682720.825860,2026-06-17T15:52:00.825,1781682720.721035,left,base,1,pelvis,1000,0.001,-0.00127790269,0.321351961,-0.0103394551,0.752896347,-0.643484049,0.129655838,0.0475892121,0.410122209,0.203765134,-0.0523218992,-0.691478721,0.317184288,0.204647699,-0.336139427,1,1,0.000229226487,0.000589066312,1,0.029051,,0.410122209,0.203765134,-0.0523218992,-0.691478721,0.317184288,0.204647699,-0.336139427
1781682720.826424,2026-06-17T15:52:00.826,1781682720.754168,right,base,1,pelvis,1000,0.001,-0.0956585783,-0.361977763,-0.00536946412,0.809336866,0.573666127,0.114507878,0.0526208896,0.553887854,-0.257807059,0.161108434,-0.557244634,-0.647663377,-0.167911199,0.255610305,1,1,0.000313812514,0.000687175916,1,0.024372,,0.553887854,-0.257807059,0.161108434,-0.557244634,-0.647663377,-0.167911199,0.255610305
1781682720.842677,2026-06-17T15:52:00.842,1781682720.754363,left,base,1,pelvis,1000,0.001,-0.00223940269,0.320736111,-0.00867795512,0.725962279,-0.668652331,0.151352204,0.0545466761,0.41024765,0.203786057,-0.0524333153,-0.691516018,0.317306087,0.204635337,-0.336091061,1,1,1.69925481e-06,0.000616843171,12,0.116572,,0.409922956,0.226058235,-0.0855501772,-0.681270199,0.291371733,0.159190605,-0.39436277
1781682720.843043,2026-06-17T15:52:00.843,1781682720.770837,right,base,1,pelvis,1000,0.001,-0.0971405783,-0.360730413,-0.00433996412,0.806007224,0.57613052,0.122291945,0.0589123041,0.553982927,-0.257715161,0.161192339,-0.55726787,-0.647602466,-0.167930758,0.255662211,1,1,8.99154492e-06,0.000619801837,7,0.084187,,0.559994446,-0.254403333,0.162384537,-0.553390156,-0.644486166,-0.198300697,0.263167829
1781682720.859334,2026-06-17T15:52:00.859,1781682720.754363,left,base,1,pelvis,1000,0.001,-0.00223940269,0.320736111,-0.00867795512,0.725962279,-0.668652331,0.151352204,0.0545466761,0.410184493,0.225997132,-0.0852341944,-0.681349178,0.291646298,0.159230253,-0.385806341,1,1,7.70912635e-05,0.000576756061,4,0.054432,,0.409795232,0.226589241,-0.0867791392,-0.681050707,0.292295766,0.158727256,-0.393897137
1781682720.859626,2026-06-17T15:52:00.859,1781682720.770837,right,base,1,pelvis,1000,0.001,-0.0971405783,-0.360730413,-0.00433996412,0.806007224,0.57613052,0.122291945,0.0589123041,0.559708509,-0.254679505,0.162132538,-0.553462418,-0.644669295,-0.198239387,0.26301136,1,1,0.000338025767,0.00068278875,1,0.020212,,0.559708509,-0.254679505,0.162132538,-0.553462418,-0.644669295,-0.198239387,0.26301136
1781682720.876144,2026-06-17T15:52:00.876,1781682720.787693,left,base,1,pelvis,1000,0.001,-0.00459630269,0.320301511,-0.00690045512,0.695203646,-0.694945799,0.173569282,0.0601326196,0.410001514,0.226541003,-0.0865298204,-0.681113015,0.292028636,0.158758566,-0.393999065,1,1,1.37764823e-06,0.000503726396,13,0.123179,,0.409509074,0.248417451,-0.120626497,-0.667860123,0.263216186,0.101000887,-0.449698924
1781682720.876483,2026-06-17T15:52:00.876,1781682720.787502,right,base,1,pelvis,1000,0.001,-0.100852928,-0.357885513,-0.00150596412,0.802536381,0.578649732,0.130145231,0.0645140633,0.559798361,-0.254592722,0.162211726,-0.55343971,-0.644611749,-0.198258653,0.263060528,1,1,2.24239117e-05,0.000606444551,7,0.060699,,0.580922448,-0.251256988,0.163188357,-0.567906052,-0.641741793,-0.226956548,0.265691528
1781682720.892974,2026-06-17T15:52:00.892,1781682720.787693,left,base,1,pelvis,1000,0.001,-0.00459630269,0.320301511,-0.00690045512,0.695203646,-0.694945799,0.173569282,0.0601326196,0.40975856,0.24835683,-0.120321451,-0.667936855,0.263481004,0.108049796,-0.444707836,1,1,7.45965003e-05,0.000586638902,4,0.06823,,0.409410428,0.248645509,-0.121141301,-0.667675894,0.263446736,0.101088572,-0.449558006
1781682720.893499,2026-06-17T15:52:00.893,1781682720.787502,right,base,1,pelvis,1000,0.001,-0.100852928,-0.357885513,-0.00150596412,0.802536381,0.578649732,0.130145231,0.0645140633,0.580643015,-0.251525464,0.162943552,-0.567837423,-0.641919873,-0.226894629,0.265539358,1,1,0.000316920019,0.000784680658,1,0.030019,,0.580643015,-0.251525464,0.162943552,-0.567837423,-0.641919873,-0.226894629,0.265539358
1781682720.909683,2026-06-17T15:52:00.909,1781682720.804340,left,base,1,pelvis,1000,0.001,-0.00654100269,0.320610311,-0.00654495512,0.680055978,-0.707060525,0.183663291,0.0621053679,0.409610713,0.248596826,-0.120896379,-0.667737506,0.263400054,0.101036318,-0.449551955,1,1,1.48010271e-06,0.000547888397,10,0.097286,,0.406475776,0.258100864,-0.13673468,-0.654084982,0.249232701,0.0670833173,-0.474605827
1781682720.910048,2026-06-17T15:52:00.910,1781682720.820838,right,base,1,pelvis,1000,0.001,-0.115788078,-0.347519313,0.00964253588,0.796984576,0.58292989,0.141683393,0.0702434705,0.580732916,-0.251439088,0.163022313,-0.567859503,-0.641862579,-0.22691455,0.265588315,1,1,1.36327922e-05,0.000492038451,9,0.078709,,0.66498447,-0.24497788,0.165562826,-0.64778742,-0.636092077,-0.268924124,0.253243325
1781682720.926436,2026-06-17T15:52:00.926,1781682720.821024,left,base,1,pelvis,1000,0.001,-0.00844130269,0.321582311,-0.00709445512,0.668275635,-0.716201628,0.19075687,0.063833533,0.406673434,0.258052094,-0.136491976,-0.654146838,0.249443398,0.0671208762,-0.474436275,1,1,2.39816945e-06,0.000554441177,9,0.090269,,0.397916176,0.26489338,-0.149434873,-0.63182487,0.237563287,0.0362729178,-0.494875658
1781682720.927035,2026-06-17T15:52:00.927,1781682720.820838,right,base,1,pelvis,1000,0.001,-0.115788078,-0.347519313,0.00964253588,0.796984576,0.58292989,0.141683393,0.0702434705,0.630416726,-0.245622847,0.164975391,-0.617543312,-0.636520179,-0.268767321,0.253505039,1,1,0.000275694191,0.000533530512,5,0.082434,,0.663974132,-0.245225211,0.166518715,-0.64664574,-0.636892777,-0.269944068,0.253154441
1781682720.943260,2026-06-17T15:52:00.943,1781682720.837703,left,base,1,pelvis,1000,0.001,-0.0120651027,0.322740011,-0.00676695512,0.656672714,-0.7248805,0.197687183,0.0651842422,0.398111641,0.26484477,-0.149194683,-0.63188764,0.237771855,0.0363124447,-0.49470693,1,1,2.70735903e-06,0.000538622237,9,0.100676,,0.397727866,0.272392606,-0.160306357,-0.617973519,0.22720544,0.00505185003,-0.513058543
1781682720.943567,2026-06-17T15:52:00.943,1781682720.820838,right,base,1,pelvis,1000,0.001,-0.115788078,-0.347519313,0.00964253588,0.796984576,0.58292989,0.141683393,0.0702434705,0.664287596,-0.245456331,0.166082802,-0.646756815,-0.636409652,-0.269827598,0.253348598,1,1,0.000313526402,0.000640265373,1,0.023502,,0.664287596,-0.245456331,0.166082802,-0.646756815,-0.636409652,-0.269827598,0.253348598
1781682720.960045,2026-06-17T15:52:00.960,1781682720.837703,left,base,1,pelvis,1000,0.001,-0.0120651027,0.322740011,-0.00676695512,0.656672714,-0.7248805,0.197687183,0.0651842422,0.397920548,0.272344087,-0.160068729,-0.618036506,0.227411857,0.00509332576,-0.512890766,1,1,2.58576074e-05,0.000406810989,2,0.044608,,0.397730972,0.27242642,-0.160327609,-0.617862876,0.227170442,0.00482501546,-0.513150516
1781682720.960507,2026-06-17T15:52:00.960,1781682720.854171,right,base,1,pelvis,1000,0.001,-0.127101978,-0.340696263,0.0160595359,0.791945648,0.587526933,0.149691037,0.0722965272,0.664203057,-0.245393999,0.166200365,-0.646726859,-0.636539948,-0.269859009,0.253296235,1,1,6.09310221e-05,0.000605518484,7,0.07709,,0.707318056,-0.23924762,0.171632402,-0.673827874,-0.629302225,-0.306389727,0.254464378
1781682720.976845,2026-06-17T15:52:00.976,1781682720.854344,left,base,1,pelvis,1000,0.001,-0.0198382527,0.324386711,-0.00449145512,0.641529107,-0.735737759,0.206667516,0.0664747586,0.397858941,0.2723596,-0.160144708,-0.618016367,0.227345858,0.00508006448,-0.51294441,1,1,2.22195664e-06,0.000519889651,10,0.096813,,0.414498848,0.284389649,-0.171429418,-0.618557632,0.215966148,-0.0349924968,-0.533125917
1781682720.977193,2026-06-17T15:52:00.977,1781682720.870843,right,base,1,pelvis,1000,0.001,-0.137311578,-0.335749463,0.0207860359,0.786556031,0.592489821,0.157540843,0.0739344619,0.707048437,-0.23949823,0.17140408,-0.673755882,-0.629468799,-0.306326018,0.254323725,1,1,5.11716104e-05,0.000631077595,7,0.076547,,0.73416425,-0.233838648,0.17749821,-0.677488076,-0.621808202,-0.346686714,0.263745817
1781682720.993691,2026-06-17T15:52:00.993,1781682720.887697,left,base,1,pelvis,1000,0.001,-0.0332309027,0.323614961,-0.000265955119,0.624092134,-0.747409638,0.218413524,0.0646790024,0.414248108,0.284341575,-0.171197697,-0.618488888,0.216167556,-0.0349490707,-0.532961355,1,1,3.68394665e-06,0.000603257245,10,0.112108,,0.454429281,0.294447685,-0.181495296,-0.636958879,0.20437863,-0.0902611202,-0.543939875
1781682720.994171,2026-06-17T15:52:00.994,1781682720.887507,right,base,1,pelvis,1000,0.001,-0.146549078,-0.332786013,0.0238375359,0.780734099,0.597888772,0.165320265,0.0751830716,0.733896399,-0.234086129,0.177272668,-0.677416824,-0.621972993,-0.346620842,0.263606445,1,1,1.71972195e-05,0.000492343249,8,0.087948,,0.746393538,-0.22920028,0.183142193,-0.660110978,-0.615110382,-0.389816331,0.281188285
1781682721.010256,2026-06-17T15:52:01.010,1781682720.887697,left,base,1,pelvis,1000,0.001,-0.0332309027,0.323614961,-0.000265955119,0.624092134,-0.747409638,0.218413524,0.0646790024,0.454145992,0.294393161,-0.181235839,-0.63688056,0.204604395,-0.0859897201,-0.543755296,1,1,5.25492308e-05,0.00073142901,3,0.048065,,0.454289365,0.294469334,-0.181519111,-0.636729414,0.204153068,-0.0900486595,-0.544110868
1781682721.010572,2026-06-17T15:52:01.010,1781682720.970850,right,base,1,pelvis,1000,0.001,-0.168466828,-0.329284363,0.0343290359,0.764197913,0.613088484,0.185823972,0.0747897893,0.74612862,-0.229444553,0.182919469,-0.660166405,-0.615273308,-0.389748175,0.281049608,1,1,3.72577728e-06,0.000572032791,11,0.11174,,0.784216167,-0.229707926,0.194108253,-0.631391217,-0.602494055,-0.485388463,0.332060876
1781682721.027200,2026-06-17T15:52:01.027,1781682720.887697,left,base,1,pelvis,1000,0.001,-0.0332309027,0.323614961,-0.000265955119,0.624092134,-0.747409638,0.218413524,0.0646790024,0.454231954,0.294409705,-0.181314569,-0.636904325,0.204535889,-0.0902240039,-0.543811305,1,1,0.000144903337,0.000918213763,1,0.042646,,0.454231954,0.294409705,-0.181314569,-0.636904325,0.204535889,-0.0902240039,-0.543811305
1781682721.027559,2026-06-17T15:52:01.027,1781682720.970850,right,base,1,pelvis,1000,0.001,-0.168466828,-0.329284363,0.0343290359,0.764197913,0.613088484,0.185823972,0.0747897893,0.783391146,-0.229578731,0.193419444,-0.631568632,-0.602998988,-0.438794691,0.330096125,1,1,2.76596635e-06,0.000566974459,10,0.110927,,0.784483888,-0.228580559,0.190497608,-0.63150054,-0.599116431,-0.484425768,0.333298153
1781682721.043909,2026-06-17T15:52:01.043,1781682720.954403,left,base,1,pelvis,1000,0.001,-0.0610757027,0.322086261,0.00919404488,0.598365323,-0.761211953,0.243543547,0.0565848356,0.454298664,0.294422545,-0.181375667,-0.636922768,0.204482725,-0.0902365517,-0.54385477,1,1,2.65323107e-06,0.000564183302,12,0.112409,,0.534051184,0.307439294,-0.189367916,-0.66074212,0.193677668,-0.21184057,-0.55853466
1781682721.044211,2026-06-17T15:52:01.044,1781682720.970850,right,base,1,pelvis,1000,0.001,-0.168466828,-0.329284363,0.0343290359,0.764197913,0.613088484,0.185823972,0.0747897893,0.783859515,-0.229150247,0.190951676,-0.631525474,-0.599499123,-0.484431982,0.332965695,1,1,0.000438680871,0.000342497986,1,0.020883,,0.783859515,-0.229150247,0.190951676,-0.631525474,-0.599499123,-0.484431982,0.332965695
1781682721.060778,2026-06-17T15:52:01.060,1781682720.971049,left,base,1,pelvis,1000,0.001,-0.0884140027,0.319803611,0.0195980449,0.578218498,-0.769210375,0.267907672,0.0469494177,0.504317213,0.307211172,-0.188301684,-0.660412612,0.194606819,-0.140255101,-0.557772916,1,1,2.6844984e-06,0.00050846542,15,0.136644,,0.606125275,0.313183271,-0.191569834,-0.669677616,0.187178864,-0.335588515,-0.567626468
1781682721.061437,2026-06-17T15:52:01.061,1781682720.970850,right,base,1,pelvis,1000,0.001,-0.168466828,-0.329284363,0.0343290359,0.764197913,0.613088484,0.185823972,0.0747897893,0.784019214,-0.229077559,0.190835537,-0.631519096,-0.59940124,-0.484430393,0.333050729,1,1,0.000350432641,0.000327131557,1,0.028223,,0.784019214,-0.229077559,0.190835537,-0.631519096,-0.59940124,-0.484430393,0.333050729
1781682721.077499,2026-06-17T15:52:01.077,1781682721.004651,left,base,1,pelvis,1000,0.001,-0.116387853,0.318903361,0.0336450449,0.561233523,-0.773030672,0.293440614,0.0365118988,0.555879284,0.31294826,-0.190480404,-0.669337922,0.188129904,-0.191817171,-0.566845405,1,1,3.07243891e-06,0.00052618036,19,0.187628,,0.683471459,0.319555481,-0.186019585,-0.679336272,0.187710817,-0.462426879,-0.581460784
1781682721.077774,2026-06-17T15:52:01.077,1781682720.970850,right,base,1,pelvis,1000,0.001,-0.168466828,-0.329284363,0.0343290359,0.764197913,0.613088484,0.185823972,0.0747897893,0.783974159,-0.229098066,0.190868303,-0.631520895,-0.599428856,-0.484430841,0.333026739,1,1,0.000374994948,0.000325219079,1,0.017437,,0.783974159,-0.229098066,0.190868303,-0.631520895,-0.599428856,-0.484430841,0.333026739
1781682721.094375,2026-06-17T15:52:01.094,1781682721.004651,left,base,1,pelvis,1000,0.001,-0.116387853,0.318903361,0.0336450449,0.561233523,-0.773030672,0.293440614,0.0365118988,0.604802776,0.319310453,-0.187001869,-0.678981931,0.187931247,-0.240740664,-0.580649201,1,1,2.94730401e-06,0.000523468797,18,0.161409,,0.683679934,0.31838745,-0.18289477,-0.679312351,0.185058192,-0.462239307,-0.582605781
1781682721.096688,2026-06-17T15:52:01.096,1781682720.987516,right,base,1,pelvis,1000,0.001,-0.178996378,-0.327736213,0.0403625359,0.755959358,0.620451141,0.195395933,0.0733911419,0.783940864,-0.22911322,0.190892516,-0.631522225,-0.599449262,-0.484431172,0.33300901,1,1,0.000127136999,0.000989765003,288,1.796863,,0.808008356,-0.215129954,0.151620845,-0.622112239,-0.555724728,-0.52,0.369412815
1781682721.111083,2026-06-17T15:52:01.111,1781682721.004651,left,base,1,pelvis,1000,0.001,-0.116387853,0.318903361,0.0336450449,0.561233523,-0.773030672,0.293440614,0.0365118988,0.661771465,0.319328325,-0.183668182,-0.679057613,0.185830962,-0.297709353,-0.581967199,1,1,2.76759717e-06,0.000514759236,18,0.15624,,0.683887086,0.317229708,-0.179810328,-0.679289931,0.182435481,-0.462072697,-0.583714759
1781682721.111383,2026-06-17T15:52:01.111,1781682720.987516,right,base,1,pelvis,1000,0.001,-0.178996378,-0.327736213,0.0403625359,0.755959358,0.620451141,0.195395933,0.0733911419,0.807761067,-0.215355034,0.151802179,-0.622165703,-0.555878289,-0.519928521,0.36927952,1,1,0.000104457838,0.00077692292,1,0.02143,,0.807761067,-0.215355034,0.151802179,-0.622165703,-0.555878289,-0.519928521,0.36927952
1781682721.273123,2026-06-17T15:52:01.273,1781682721.037866,left,base,1,pelvis,1000,0.001,-0.146956253,0.316301111,0.0579515449,0.54718161,-0.771982969,0.323014871,0.0172038943,0.68308364,0.317963511,-0.180414017,-0.679113749,0.183038563,-0.341603167,-0.583216644,1,1,0.000700667905,0.0533893961,11000,145.199137,,0.823984194,0.331027631,-0.161986034,-0.785748835,0.192959853,-0.514934815,-0.573527101
1781682721.426615,2026-06-17T15:52:01.426,1781682721.070871,right,base,1,pelvis,1000,0.001,-0.194312628,-0.335719163,0.0450780359,0.746481912,0.628424082,0.200939462,0.0864364543,0.80783103,-0.215291354,0.151750876,-0.622150577,-0.555834843,-0.519948744,0.369317232,1,1,0.00167417553,0.036251791,11000,151.952872,,0.780278309,-0.0341792114,-0.449131552,-0.562899978,-0.0470193069,-0.52,0.577455279
1781682721.579798,2026-06-17T15:52:01.579,1781682721.037866,left,base,1,pelvis,1000,0.001,-0.146956253,0.316301111,0.0579515449,0.54718161,-0.771982969,0.323014871,0.0172038943,0.822592082,0.330773003,-0.162998349,-0.785346012,0.191810813,-0.514536157,-0.573910944,1,1,0.00113735337,0.0529097195,11000,151.528127,,0.822592082,0.330773003,-0.162998349,-0.785346012,0.191810813,-0.514536157,-0.573910944
1781682721.735979,2026-06-17T15:52:01.735,1781682721.070871,right,base,1,pelvis,1000,0.001,-0.194312628,-0.335719163,0.0450780359,0.746481912,0.628424082,0.200939462,0.0864364543,0.808008356,-0.215129954,0.151620845,-0.622112239,-0.555724728,-0.52,0.369412815,1,1,0.00180340348,0.0383158453,11000,154.977885,,0.796063179,-0.0706979639,-0.325624256,-0.564921029,-0.152948024,-0.52,0.538857842
1781682721.887275,2026-06-17T15:52:01.887,1781682721.170905,left,base,1,pelvis,1000,0.001,-0.162665753,0.336638211,0.0640550449,-0.562515671,0.750900151,-0.341834869,0.0536097509,0.823984194,0.331027631,-0.161986034,-0.785748835,0.192959853,-0.514934815,-0.573527101,1,1,0.0268064997,0.193337566,11000,149.307444,,0.823984194,0.331027631,-0.161986034,-0.785748835,0.192959853,-0.514934815,-0.573527101
1781682722.046617,2026-06-17T15:52:02.046,1781682721.154214,right,base,1,pelvis,1000,0.001,-0.202308028,-0.336332613,0.0551780359,0.744201798,0.628627322,0.199941862,0.104950586,0.793810201,-0.122480749,-0.155972433,-0.591794768,-0.295260735,-0.52,0.475933345,1,1,0.028448413,0.0455730402,11000,158.137817,,0.793810201,-0.122480749,-0.155972433,-0.591794768,-0.295260735,-0.52,0.475933345
1781682722.197881,2026-06-17T15:52:02.197,1781682721.237744,left,base,1,pelvis,1000,0.001,-0.172532603,0.334172811,0.0683590449,-0.57588786,0.740388088,-0.338670418,0.074033773,0.822592082,0.330773003,-0.162998349,-0.785346012,0.191810813,-0.514536157,-0.573910944,1,1,0.033976483,0.237070344,11000,148.001055,,0.822592082,0.330773003,-0.162998349,-0.785346012,0.191810813,-0.514536157,-0.573910944
1781682722.351673,2026-06-17T15:52:02.351,1781682721.320894,right,base,1,pelvis,1000,0.001,-0.215670578,-0.338601113,0.0682460359,0.746485617,0.62691313,0.179635394,0.132175176,0.79606313,-0.0706990829,-0.32562059,-0.56492161,-0.152951099,-0.52,0.538856483,1,1,0.00391170435,0.0823817,11000,152.693685,,0.899463293,0.0356733508,-0.506530083,-0.69993705,-0.0211889699,-0.52,0.524821602
1781682722.353879,2026-06-17T15:52:02.353,1781682721.554522,left,base,1,pelvis,1000,0.001,-0.118179953,0.321247961,0.0783985449,-0.70736716,0.702468397,-0.0629398372,0.0469939202,0.823984194,0.331027631,-0.161986034,-0.785748835,0.192959853,-0.514934815,-0.573527101,1,1,7.86218425e-07,0.000528804986,35,0.260743,,1.04542635,0.197424099,-0.0332677551,-1.29568973,0.204652466,0.0919451499,-0.0436351665
1781682722.354267,2026-06-17T15:52:02.354,1781682721.437567,right,base,1,pelvis,1000,0.001,-0.203582578,-0.343368613,0.0699515359,0.747792402,0.640235727,0.123645025,0.124966579,0.793810288,-0.12247873,-0.155979048,-0.59179372,-0.295255187,-0.52,0.475935798,1,1,1.11302855e-06,0.000531563841,20,0.149433,,0.994785682,-0.0796661824,-0.163986382,-0.842952626,-0.209579216,-0.461218888,0.246807099
1781682722.370773,2026-06-17T15:52:02.370,1781682722.221226,left,base,1,pelvis,1000,0.001,0.0211097473,0.195366661,-0.0114669551,-0.651025192,0.755600718,0.0163709615,0.0704680569,0.822603139,0.330775025,-0.162990309,-0.785349211,0.191819939,-0.509128369,-0.573907895,1,1,1.31165161e-06,0.000520449194,37,0.294277,,0.351524883,-0.125790203,-0.18621674,-0.70126803,-0.0335117807,0.309352542,0.296662124
1781682722.371332,2026-06-17T15:52:02.371,1781682722.254373,right,base,1,pelvis,1000,0.001,-0.0497969283,-0.220988623,0.000607535878,0.679067506,0.730268761,-0.00705552946,0.074330872,0.795141096,-0.120486643,-0.160394596,-0.597600166,-0.291803043,-0.514193554,0.476551565,1,1,6.2900068e-07,0.00052365268,32,0.265985,,0.580352923,0.119174517,0.0646496999,-0.837242634,0.102138749,0.182033371,-0.227309343
1781682722.387619,2026-06-17T15:52:02.387,1781682722.221226,left,base,1,pelvis,1000,0.001,0.0211097473,0.195366661,-0.0114669551,-0.651025192,0.755600718,0.0163709615,0.0704680569,0.82593486,0.328781121,-0.161050657,-0.792979978,0.192011815,-0.490058154,-0.565979095,1,1,1.27544793e-06,0.000510330664,37,0.287106,,0.351397419,-0.125142926,-0.187828384,-0.7012656,-0.0316581948,0.309378536,0.297242745
1781682722.388293,2026-06-17T15:52:02.388,1781682722.254373,right,base,1,pelvis,1000,0.001,-0.0497969283,-0.220988623,0.000607535878,0.679067506,0.730268761,-0.00705552946,0.074330872,0.815787504,-0.116265161,-0.160766044,-0.648024981,-0.283299798,-0.46376874,0.426126751,1,1,6.84326182e-07,0.000536858798,31,0.242435,,0.580157485,0.116351954,0.0703285042,-0.837237804,0.0957525556,0.182256879,-0.229699467
1781682722.404425,2026-06-17T15:52:02.404,1781682722.237898,left,base,1,pelvis,1000,0.001,0.0219686473,0.201903761,-0.0135744551,-0.654782138,0.751930062,0.0154282266,0.0749900249,0.820695338,0.323760703,-0.161328599,-0.791967085,0.189521066,-0.481229229,-0.556451834,1,1,1.24988572e-06,0.000506712434,37,0.292635,,0.344504619,-0.115026012,-0.18186731,-0.688822658,-0.023335928,0.291992354,0.293619956
1781682722.404900,2026-06-17T15:52:02.404,1781682722.271043,right,base,1,pelvis,1000,0.001,-0.0493179283,-0.221899333,0.00113053588,0.679202882,0.729987954,-0.00614362118,0.0759163188,0.799872953,-0.100350266,-0.145528731,-0.681045591,-0.257245507,-0.412869711,0.375227722,1,1,6.56101992e-07,0.000519051319,31,0.227883,,0.583218389,0.114120611,0.0713708498,-0.84271585,0.0940502248,0.180942431,-0.229749957
1781682722.421324,2026-06-17T15:52:02.421,1781682722.271233,left,base,1,pelvis,1000,0.001,0.0249823473,0.211667011,-0.0183529551,-0.661755392,0.745094405,0.0143275362,0.0819075742,0.814757599,0.318081001,-0.161663884,-0.790819495,0.186722621,-0.471226155,-0.545650561,1,1,1.28224284e-06,0.000505637634,37,0.293551,,0.318661824,-0.102180018,-0.170661195,-0.64793897,-0.00761941604,0.25913361,0.288913143
1781682722.421971,2026-06-17T15:52:02.421,1781682722.287707,right,base,1,pelvis,1000,0.001,-0.0489992283,-0.223507628,0.000954535878,0.679727986,0.729310912,-0.00519947667,0.0777716186,0.784695393,-0.0853808562,-0.130617691,-0.691835076,-0.232861018,-0.363061447,0.325419458,1,1,7.15112817e-07,0.000526287587,30,0.224569,,0.583091599,0.109955311,0.0729101544,-0.842263036,0.089202454,0.176057009,-0.229862133
1781682722.438058,2026-06-17T15:52:02.438,1781682722.271233,left,base,1,pelvis,1000,0.001,0.0249823473,0.211667011,-0.0183529551,-0.661755392,0.745094405,0.0143275362,0.0819075742,0.807663915,0.311547657,-0.16196865,-0.78928089,0.183553924,-0.459713136,-0.532990311,1,1,1.42449696e-06,0.000540298242,36,0.295473,,0.318622311,-0.101872166,-0.171469092,-0.647955131,-0.00673036946,0.259122946,0.289131787
1781682722.438592,2026-06-17T15:52:02.438,1781682722.304377,right,base,1,pelvis,1000,0.001,-0.0487450783,-0.225374453,0.000259535878,0.6804308,0.728467798,-0.00434925636,0.0795592637,0.769781783,-0.0706134773,-0.115666216,-0.703003483,-0.208662589,-0.311859865,0.274217876,1,1,7.55539084e-07,0.000527862171,29,0.219041,,0.580335705,0.105544146,0.0736019293,-0.8372566,0.0839774611,0.169308061,-0.229553024
1781682722.454928,2026-06-17T15:52:02.454,1781682722.271233,left,base,1,pelvis,1000,0.001,0.0249823473,0.211667011,-0.0183529551,-0.661755392,0.745094405,0.0143275362,0.0819075742,0.799421097,0.304573695,-0.162115175,-0.786898373,0.180331429,-0.447595963,-0.519135973,1,1,1.37740318e-06,0.000529613836,36,0.286067,,0.318560863,-0.101539962,-0.172377168,-0.647950805,-0.00571490648,0.259125205,0.289434847
1781682722.455487,2026-06-17T15:52:02.455,1781682722.321043,right,base,1,pelvis,1000,0.001,-0.0487072783,-0.227672263,-0.000898964122,0.681569169,0.7272425,-0.00368181655,0.0810447894,0.75572467,-0.0570172838,-0.101467079,-0.713489236,-0.186234401,-0.261992235,0.224350246,1,1,7.73978414e-07,0.00052432756,28,0.195907,,0.575477149,0.100598372,0.0731989686,-0.828311437,0.0777337905,0.16107617,-0.228290313
1781682722.471759,2026-06-17T15:52:02.471,1781682722.304575,left,base,1,pelvis,1000,0.001,0.0221692473,0.218215711,-0.0221709551,-0.669062137,0.738274891,0.0139639811,0.0843270347,0.790144721,0.29673186,-0.162295646,-0.784217647,0.176722319,-0.433960757,-0.503541516,1,1,1.37430622e-06,0.000523585659,36,0.291722,,0.305959393,-0.0933552274,-0.163125025,-0.613359289,0.00968063285,0.227636817,0.28473048
1781682722.472268,2026-06-17T15:52:02.472,1781682722.321043,right,base,1,pelvis,1000,0.001,-0.0487072783,-0.227672263,-0.000898964122,0.681569169,0.7272425,-0.00368181655,0.0810447894,0.741721911,-0.044038654,-0.0874898657,-0.723370614,-0.164661142,-0.211309929,0.17366794,1,1,7.72141319e-07,0.000518795776,27,0.207156,,0.575360977,0.0991663525,0.0761200085,-0.828318213,0.0744705533,0.1612199,-0.229500933
1781682722.488656,2026-06-17T15:52:02.488,1781682722.304575,left,base,1,pelvis,1000,0.001,0.0221692473,0.218215711,-0.0221709551,-0.669062137,0.738274891,0.0139639811,0.0843270347,0.780075247,0.288227779,-0.162510911,-0.781308015,0.172826836,-0.41916167,-0.486609523,1,1,1.31919514e-06,0.000510601904,36,0.414918,,0.305902182,-0.0930361326,-0.164052771,-0.613353962,0.0107020933,0.227634942,0.285022415
1781682722.489300,2026-06-17T15:52:02.489,1781682722.321043,right,base,1,pelvis,1000,0.001,-0.0487072783,-0.227672263,-0.000898964122,0.681569169,0.7272425,-0.00368181655,0.0810447894,0.727955198,-0.0320612753,-0.0741832382,-0.732060753,-0.14458844,-0.160970945,0.123328956,1,1,7.3671247e-07,0.000508006604,26,0.29836,,0.575229807,0.09763735,0.0792447452,-0.828323898,0.0709844425,0.161377321,-0.230805438
1781682722.505310,2026-06-17T15:52:02.505,1781682722.354576,left,base,1,pelvis,1000,0.001,0.0193167473,0.221812311,-0.0248284551,-0.676532231,0.732100277,0.0129979259,0.0785135596,0.768696031,0.279069436,-0.162525651,-0.777277092,0.168911177,-0.403637912,-0.468096655,1,1,1.40675157e-06,0.000540435744,35,0.407662,,0.297390419,-0.0864878866,-0.156330137,-0.591684867,0.0281931516,0.215668123,0.269716355
1781682722.506179,2026-06-17T15:52:02.506,1781682722.321043,right,base,1,pelvis,1000,0.001,-0.0487072783,-0.227672263,-0.000898964122,0.681569169,0.7272425,-0.00368181655,0.0810447894,0.714543221,-0.0205272739,-0.0609726218,-0.740521119,-0.125334669,-0.109641333,0.0849976322,1,1,7.23193771e-07,0.000503754542,25,0.317906,,0.575166645,0.0969740713,0.0805972893,-0.828336983,0.0694627277,0.161495655,-0.231362168
1781682722.522208,2026-06-17T15:52:02.522,1781682722.354576,left,base,1,pelvis,1000,0.001,0.0193167473,0.221812311,-0.0248284551,-0.676532231,0.732100277,0.0129979259,0.0785135596,0.756641475,0.269377069,-0.162565428,-0.773007327,0.164790249,-0.387194922,-0.448479893,1,1,1.33548075e-06,0.000523860162,35,0.419172,,0.297335647,-0.0861769659,-0.157272728,-0.591678116,0.0292245407,0.215661584,0.270005088
1781682722.522976,2026-06-17T15:52:02.522,1781682722.371046,right,base,1,pelvis,1000,0.001,-0.0490199783,-0.232913313,-0.00260296412,0.685115628,0.723683941,-0.00228086188,0.0830236639,0.701838937,-0.00975159324,-0.0481859051,-0.748528039,-0.107431916,-0.0586285782,0.0557308853,1,1,8.46944877e-07,0.00053409527,23,0.262658,,0.569713847,0.0890085809,0.0723727652,-0.816708522,0.0610814679,0.147680656,-0.223239197
1781682722.538786,2026-06-17T15:52:02.538,1781682722.371249,left,base,1,pelvis,1000,0.001,0.0196369973,0.223413161,-0.0254189551,-0.680112556,0.729224678,0.0124254614,0.0743228672,0.743017174,0.258819856,-0.16238045,-0.767628153,0.160737912,-0.369310178,-0.427173634,1,1,1.22061693e-06,0.000505010092,35,0.381714,,0.29400745,-0.0821661479,-0.153906703,-0.589753974,0.0384480984,0.219456208,0.26020881
1781682722.539490,2026-06-17T15:52:02.539,1781682722.404381,right,base,1,pelvis,1000,0.001,-0.0496124283,-0.238041913,-0.00336746412,0.689258105,0.719669693,-0.000526454226,0.0836571629,0.689875969,0.000327609324,-0.036023583,-0.756065219,-0.0907259351,-0.00836040497,0.0286177345,1,1,8.79001464e-07,0.000523589616,22,0.249404,,0.569599421,0.0809238798,0.0636782356,-0.813898245,0.0518114906,0.138686474,-0.21216587
1781682722.555395,2026-06-17T15:52:02.555,1781682722.371249,left,base,1,pelvis,1000,0.001,0.0196369973,0.223413161,-0.0254189551,-0.680112556,0.729224678,0.0124254614,0.0743228672,0.728945268,0.24792696,-0.162219179,-0.762072723,0.156585522,-0.350840336,-0.405160981,1,1,1.31123487e-06,0.000528792093,34,0.254297,,0.293965517,-0.0818337021,-0.15488518,-0.589764353,0.0395061382,0.219432831,0.260461913
1781682722.555927,2026-06-17T15:52:02.555,1781682722.404381,right,base,1,pelvis,1000,0.001,-0.0496124283,-0.238041913,-0.00336746412,0.689258105,0.719669693,-0.000526454226,0.0836571629,0.678183889,0.00895649344,-0.0254763426,-0.761965966,-0.0759546886,0.0411739159,0.00411141442,1,1,9.14210502e-07,0.000508087334,22,0.157603,,0.569579835,0.080858897,0.0638268055,-0.813914618,0.051675389,0.138816889,-0.212237953
1781682722.572260,2026-06-17T15:52:02.572,1781682722.387899,left,base,1,pelvis,1000,0.001,0.0197886473,0.225278461,-0.0251609551,-0.683229737,0.726582456,0.0121968549,0.0715981671,0.713693092,0.236351424,-0.161927681,-0.756029938,0.152442739,-0.33084147,-0.381828134,1,1,1.17668616e-06,0.000507525176,34,0.2717,,0.296940162,-0.0774535737,-0.151604984,-0.59787049,0.0467001352,0.225868632,0.253419169
1781682722.572886,2026-06-17T15:52:02.572,1781682722.404381,right,base,1,pelvis,1000,0.001,-0.0496124283,-0.238041913,-0.00336746412,0.689258105,0.719669693,-0.000526454226,0.0836571629,0.667207845,0.0162311733,-0.0164643297,-0.767215437,-0.0630396989,0.0864287581,-0.017750544,1,1,1.00325995e-06,0.000505644617,22,0.175162,,0.569561667,0.0807978393,0.0639684014,-0.813928125,0.0515483667,0.13893319,-0.212310397
1781682722.588939,2026-06-17T15:52:02.588,1781682722.387899,left,base,1,pelvis,1000,0.001,0.0197886473,0.225278461,-0.0251609551,-0.683229737,0.726582456,0.0121968549,0.0715981671,0.69752487,0.224094694,-0.161656399,-0.749625262,0.148092336,-0.30964449,-0.357086639,1,1,1.24875387e-06,0.000527204295,33,0.239441,,0.2968986,-0.0771283235,-0.152551027,-0.597878814,0.0477283453,0.225843418,0.253672243
1781682722.589357,2026-06-17T15:52:02.589,1781682722.421050,right,base,1,pelvis,1000,0.001,-0.0504248783,-0.240502563,-0.00339696412,0.690845846,0.71815828,0.000120356387,0.0835505103,0.65653458,0.0233051773,-0.00770091787,-0.772320099,-0.050480976,0.0921430234,-0.0390094288,1,1,1.07474621e-06,0.000527751806,20,0.153885,,0.571933761,0.0767788233,0.059964089,-0.815218964,0.0480730998,0.135917553,-0.206403355
1781682722.605707,2026-06-17T15:52:02.605,1781682722.437903,left,base,1,pelvis,1000,0.001,0.0212920473,0.231188461,-0.0262559551,-0.68840768,0.722195295,0.0127008041,0.0660871491,0.681036263,0.211682561,-0.161242669,-0.743378831,0.143918896,-0.287602048,-0.331957396,1,1,1.10119409e-06,0.00050435274,33,0.281059,,0.289537761,-0.0655072074,-0.144900581,-0.594754177,0.0611016533,0.234641893,0.235798394
1781682722.606166,2026-06-17T15:52:02.606,1781682722.521062,right,base,1,pelvis,1000,0.001,-0.0517999783,-0.249586063,-0.00476596412,0.699489536,0.710021371,0.00337639436,0.0810718293,0.646872833,0.0297087698,0.000231975221,-0.776940986,-0.0391124579,0.0973157411,-0.0582535844,1,1,1.05818675e-06,0.000495414908,18,0.163657,,0.571084962,0.0620939491,0.0420884812,-0.810167234,0.0287312956,0.125655559,-0.179746903
1781682722.622916,2026-06-17T15:52:02.622,1781682722.437903,left,base,1,pelvis,1000,0.001,0.0212920473,0.231188461,-0.0262559551,-0.68840768,0.722195295,0.0127008041,0.0660871491,0.663740317,0.198678739,-0.160851325,-0.736827637,0.13958788,-0.264483967,-0.305589196,1,1,1.15597608e-06,0.000520212459,32,0.301184,,0.289506657,-0.0652475122,-0.145660333,-0.594760516,0.0619295932,0.23461642,0.236001279
1781682722.623327,2026-06-17T15:52:02.623,1781682722.521062,right,base,1,pelvis,1000,0.001,-0.0517999783,-0.249586063,-0.00476596412,0.699489536,0.710021371,0.00337639436,0.0810718293,0.637958552,0.0353079273,0.00733733179,-0.781494293,-0.0287414123,0.10190757,-0.0758765494,1,1,1.10374144e-06,0.000511604043,16,0.123598,,0.571086221,0.0621400525,0.0419856268,-0.810174828,0.0288411054,0.125681595,-0.179692932
1781682722.639288,2026-06-17T15:52:02.639,1781682722.521310,left,base,1,pelvis,1000,0.001,0.0248848473,0.238003311,-0.0268209551,-0.693658517,0.717946425,0.0169695054,0.0557030303,0.644914189,0.185387546,-0.160048843,-0.729679922,0.135639238,-0.239372949,-0.27835199,1,1,1.19061852e-06,0.000542624496,31,0.244629,,0.27741138,-0.0516854315,-0.13622806,-0.596435387,0.076546961,0.265385211,0.21456547
1781682722.639651,2026-06-17T15:52:02.639,1781682722.554395,right,base,1,pelvis,1000,0.001,-0.0519108783,-0.256559763,-0.00616146412,0.706464663,0.703384798,0.00564683782,0.0782663335,0.629440388,0.038719853,0.0117638324,-0.785146569,-0.0214207055,0.10493252,-0.0891072537,1,1,1.72447002e-06,0.000612655517,13,0.105673,,0.566312263,0.0508148303,0.0276715945,-0.803225321,0.0127833541,0.121314601,-0.157817553
1781682722.656390,2026-06-17T15:52:02.656,1781682722.521310,left,base,1,pelvis,1000,0.001,0.0248848473,0.238003311,-0.0268209551,-0.693658517,0.717946425,0.0169695054,0.0557030303,0.626488272,0.172393503,-0.159302878,-0.722685096,0.1318178,-0.214799218,-0.251685614,1,1,1.06957381e-06,0.00051129335,31,0.259347,,0.277374274,-0.0514887144,-0.136833757,-0.596424566,0.0772280872,0.26537971,0.214777865
1781682722.656773,2026-06-17T15:52:02.656,1781682722.554395,right,base,1,pelvis,1000,0.001,-0.0519108783,-0.256559763,-0.00616146412,0.706464663,0.703384798,0.00564683782,0.0782663335,0.621984739,0.0417061917,0.0156381927,-0.788343278,-0.0150131483,0.107580152,-0.100687624,1,1,1.75422199e-06,0.000573700088,12,0.103241,,0.566312678,0.0508365416,0.0276404005,-0.803213983,0.0128565663,0.121287425,-0.15782709
1781682722.672822,2026-06-17T15:52:02.672,1781682722.521310,left,base,1,pelvis,1000,0.001,0.0248848473,0.238003311,-0.0268209551,-0.693658517,0.717946425,0.0169695054,0.0557030303,0.606057223,0.159278434,-0.157952337,-0.715295853,0.128582865,-0.186694605,-0.224396502,1,1,1.09571387e-06,0.000519415081,30,0.217863,,0.277346574,-0.0512563296,-0.137516224,-0.596428079,0.0779817084,0.265354315,0.214969842
1781682722.673163,2026-06-17T15:52:02.673,1781682722.571062,right,base,1,pelvis,1000,0.001,-0.0518902783,-0.263349413,-0.00731196412,0.712742392,0.697335752,0.0074294686,0.0752724076,0.614163535,0.0429858279,0.0173287172,-0.790433997,-0.0111081287,0.10950965,-0.108713579,1,1,3.57602286e-06,0.000567729916,11,0.085139,,0.56181534,0.0395958293,0.0143742585,-0.797375877,-0.00195955719,0.119674163,-0.136852495
1781682722.689666,2026-06-17T15:52:02.689,1781682722.521310,left,base,1,pelvis,1000,0.001,0.0248848473,0.238003311,-0.0268209551,-0.693658517,0.717946425,0.0169695054,0.0557030303,0.586103941,0.14648344,-0.156670296,-0.708079561,0.125465282,-0.159250631,-0.197735643,1,1,1.11945124e-06,0.000526624506,29,0.232412,,0.277323282,-0.0510595843,-0.138093756,-0.596431252,0.0786208801,0.265331684,0.215132386
1781682722.690362,2026-06-17T15:52:02.690,1781682722.571062,right,base,1,pelvis,1000,0.001,-0.0518902783,-0.263349413,-0.00731196412,0.712742392,0.697335752,0.0074294686,0.0752724076,0.607358476,0.0440992115,0.0187996058,-0.792253085,-0.00771045636,0.111188464,-0.115696788,1,1,7.73428331e-06,0.000632209429,10,0.120329,,0.561817218,0.0395916267,0.0143680516,-0.797392698,-0.00193981945,0.11975047,-0.136811076
1781682722.706460,2026-06-17T15:52:02.706,1781682722.587903,left,base,1,pelvis,1000,0.001,0.0320558973,0.250217011,-0.0265394551,-0.704630163,0.708294706,0.0289779536,0.0312285406,0.565145274,0.133060725,-0.155370104,-0.70050058,0.122242064,-0.130428148,-0.169720904,1,1,1.10516404e-06,0.000525852836,29,0.231037,,0.253039022,-0.0272466669,-0.116710142,-0.603937525,0.105675714,0.343280782,0.176638742
1781682722.706840,2026-06-17T15:52:02.706,1781682722.587728,right,base,1,pelvis,1000,0.001,-0.0523102283,-0.267035913,-0.00771096412,0.715590537,0.694587875,0.00801857329,0.0735769564,0.600207113,0.0433920726,0.0181047202,-0.793057486,-0.0068074274,0.112520922,-0.119018741,1,1,6.76106488e-06,0.000500769996,10,0.10625,,0.560839934,0.0332976404,0.00793718532,-0.795362415,-0.009023822,0.119497909,-0.126052163
1781682722.723363,2026-06-17T15:52:02.723,1781682722.587903,left,base,1,pelvis,1000,0.001,0.0320558973,0.250217011,-0.0265394551,-0.704630163,0.708294706,0.0289779536,0.0312285406,0.544814244,0.120054924,-0.154149746,-0.693149381,0.119160772,-0.102472658,-0.142535824,1,1,1.12265267e-06,0.000531138346,28,0.253765,,0.253031231,-0.0271437888,-0.117010665,-0.603940069,0.106015553,0.343258544,0.176731265
1781682722.723987,2026-06-17T15:52:02.723,1781682722.621064,right,base,1,pelvis,1000,0.001,-0.0550920783,-0.272559163,-0.00570446412,0.719771152,0.690530323,0.00877487183,0.0708545187,0.594094148,0.0427876123,0.0175107341,-0.793745086,-0.00603552088,0.113659903,-0.121858336,1,1,1.44906641e-05,0.000546972575,9,0.096289,,0.576517158,0.0238965651,-0.00129117705,-0.814273713,-0.0193520614,0.124890879,-0.109822254
1781682722.740052,2026-06-17T15:52:02.740,1781682722.621274,left,base,1,pelvis,1000,0.001,0.0334492973,0.253472961,-0.0255944551,-0.708749282,0.704268227,0.0324611634,0.0250398137,0.524515444,0.109807154,-0.151545073,-0.686942913,0.118222616,-0.0714615947,-0.120330853,1,1,1.03496088e-06,0.000506803994,28,0.230264,,0.252320572,-0.0211074508,-0.109605993,-0.614613534,0.114571808,0.366952676,0.169317671
1781682722.740413,2026-06-17T15:52:02.740,1781682722.621064,right,base,1,pelvis,1000,0.001,-0.0550920783,-0.272559163,-0.00570446412,0.719771152,0.690530323,0.00877487183,0.0708545187,0.588263462,0.0320977245,0.015832139,-0.794028663,-0.00655947994,0.11468352,-0.122593669,1,1,1.01535675e-05,0.000494983835,9,0.092768,,0.576511602,0.0231159816,0.000419303586,-0.814229961,-0.0210955297,0.124756478,-0.110684814
1781682722.756892,2026-06-17T15:52:02.756,1781682722.637938,left,base,1,pelvis,1000,0.001,0.0336380473,0.254893761,-0.0244899551,-0.710717886,0.702307394,0.0330934245,0.0234357809,0.505175858,0.100043639,-0.149063483,-0.68102973,0.117328793,-0.0419159502,-0.09917517,1,1,1.04958363e-06,0.000514874075,27,0.231545,,0.258593232,-0.0181714858,-0.106238518,-0.628560414,0.11821901,0.377167912,0.167048538
1781682722.757502,2026-06-17T15:52:02.757,1781682722.621064,right,base,1,pelvis,1000,0.001,-0.0550920783,-0.272559163,-0.00570446412,0.719771152,0.690530323,0.00877487183,0.0708545187,0.586166745,0.0298704136,0.0127756252,-0.797642407,-0.00884295714,0.116505535,-0.12031397,1,1,2.08590104e-05,0.000543756797,8,0.093065,,0.576515865,0.0231921822,0.000290470456,-0.814216806,-0.0209077244,0.124771948,-0.110647687
1781682722.773549,2026-06-17T15:52:02.773,1781682722.654593,left,base,1,pelvis,1000,0.001,0.0336050473,0.256299711,-0.0235834551,-0.712589239,0.700428735,0.0337010765,0.0219180423,0.485887024,0.0908017388,-0.146053505,-0.675963231,0.117118479,-0.00975973275,-0.0786934396,1,1,1.05248799e-06,0.000518169152,26,0.240703,,0.263992056,-0.01536953,-0.103044596,-0.639988707,0.121745249,0.385656207,0.164760111
1781682722.773864,2026-06-17T15:52:02.773,1781682722.621064,right,base,1,pelvis,1000,0.001,-0.0550920783,-0.272559163,-0.00570446412,0.719771152,0.690530323,0.00877487183,0.0708545187,0.584262451,0.0285382295,0.0103385741,-0.800913989,-0.0112595457,0.118132878,-0.118414801,1,1,4.22271746e-05,0.0005776052,7,0.059571,,0.576531008,0.0231879904,0.000345443477,-0.814186563,-0.0209298867,0.124750947,-0.110680223
1781682722.790410,2026-06-17T15:52:02.790,1781682722.654593,left,base,1,pelvis,1000,0.001,0.0336050473,0.256299711,-0.0235834551,-0.712589239,0.700428735,0.0337010765,0.0219180423,0.468170587,0.0823078099,-0.142950121,-0.672268414,0.11720426,0.0236299342,-0.0595390565,1,1,1.03516462e-06,0.000511746497,25,0.203395,,0.263984661,-0.0153161387,-0.103193332,-0.639987109,0.121922659,0.385653123,0.164815406
1781682722.790955,2026-06-17T15:52:02.790,1781682722.671066,right,base,1,pelvis,1000,0.001,-0.0597692783,-0.281363413,-0.00317546412,0.726725169,0.683646796,0.00956281337,0.0663787578,0.582697924,0.0274437361,0.00833634628,-0.803601849,-0.0132449619,0.119469867,-0.116854485,1,1,8.50242419e-06,0.000539778022,9,0.091132,,0.596745494,0.00857823252,-0.015300333,-0.835304688,-0.038403734,0.130371709,-0.0852326968
1781682722.807161,2026-06-17T15:52:02.807,1781682722.671245,left,base,1,pelvis,1000,0.001,0.0333244973,0.257670261,-0.0227454551,-0.714378655,0.698620345,0.0341673652,0.0206238342,0.450737493,0.07396796,-0.139542923,-0.66951232,0.117591977,0.0545403251,-0.0403880294,1,1,1.02595207e-06,0.00051130346,24,0.20361,,0.269620965,-0.0126469802,-0.100077523,-0.650675411,0.1251883,0.392713064,0.162628012
1781682722.807555,2026-06-17T15:52:02.807,1781682722.671066,right,base,1,pelvis,1000,0.001,-0.0597692783,-0.281363413,-0.00317546412,0.726725169,0.683646796,0.00956281337,0.0663787578,0.581306474,0.0120914749,0.00655561602,-0.823332659,-0.0150107404,0.123262939,-0.101461677,1,1,2.35145227e-06,0.000489586281,10,0.105764,,0.59678895,0.00828329921,-0.014768722,-0.835264712,-0.0390548022,0.130046321,-0.0853730184
1781682722.824079,2026-06-17T15:52:02.824,1781682722.688028,left,base,1,pelvis,1000,0.001,0.0333646473,0.259092811,-0.0225539551,-0.715727855,0.697255007,0.0344855206,0.0194895304,0.434190473,0.0660520011,-0.136308903,-0.666896311,0.117959988,0.0885850471,-0.0222103949,1,1,1.17072407e-06,0.000544277977,22,0.217088,,0.270447278,-0.0100198973,-0.097584505,-0.653372931,0.127733619,0.396322657,0.159555126
1781682722.824622,2026-06-17T15:52:02.824,1781682722.671066,right,base,1,pelvis,1000,0.001,-0.0597692783,-0.281363413,-0.00317546412,0.726725169,0.683646796,0.00956281337,0.0663787578,0.584932601,0.0109738609,0.00142235897,-0.826144502,-0.0205049996,0.124932559,-0.097650013,1,1,4.28754898e-06,0.000496790389,9,0.087135,,0.596783668,0.00832905498,-0.0148529989,-0.835262639,-0.0389524321,0.130051688,-0.0853440259
1781682722.840767,2026-06-17T15:52:02.840,1781682722.688028,left,base,1,pelvis,1000,0.001,0.0333646473,0.259092811,-0.0225539551,-0.715727855,0.697255007,0.0344855206,0.0194895304,0.418214506,0.0584121149,-0.132791657,-0.665321629,0.118661693,0.12063257,-0.00426677756,1,1,1.11529847e-06,0.000526174404,21,0.167874,,0.270439,-0.0100032145,-0.0976372726,-0.653367321,0.127805775,0.396331663,0.15959037
1781682722.841079,2026-06-17T15:52:02.841,1781682722.687734,right,base,1,pelvis,1000,0.001,-0.0607690283,-0.284459663,-0.00250796412,0.730262469,0.680069513,0.00997774436,0.0642076978,0.588011487,0.0102751692,-0.00278218102,-0.828512861,-0.0253220583,0.126260514,-0.0944618927,1,1,5.40692605e-06,0.00054581445,9,0.086575,,0.60144871,0.00357885822,-0.0218501275,-0.841078999,-0.0471135766,0.133814957,-0.0752340672
1781682722.857557,2026-06-17T15:52:02.857,1781682722.688028,left,base,1,pelvis,1000,0.001,0.0333646473,0.259092811,-0.0225539551,-0.715727855,0.697255007,0.0344855206,0.0194895304,0.403393092,0.051548217,-0.129260294,-0.664123146,0.119571629,0.148284959,0.0121649592,1,1,1.0714854e-06,0.000511637269,20,0.172439,,0.270432107,-0.00997838406,-0.0977119427,-0.653363139,0.127902911,0.396333812,0.159633144
1781682722.858249,2026-06-17T15:52:02.858,1781682722.704401,right,base,1,pelvis,1000,0.001,-0.0605914783,-0.285528613,-0.00173846412,0.733211594,0.677037897,0.0105133235,0.0625293052,0.590398163,0.0050503269,-0.00917463296,-0.836115463,-0.0343241974,0.130867635,-0.0819722988,1,1,4.80873088e-06,0.000523649108,9,0.093448,,0.605181113,0.00236145772,-0.0262276369,-0.848971285,-0.0534097208,0.139591358,-0.0697764049
1781682722.874341,2026-06-17T15:52:02.874,1781682722.737914,left,base,1,pelvis,1000,0.001,0.0341606473,0.263366311,-0.0228494551,-0.719374682,0.693585571,0.0348718548,0.0149357057,0.38869253,0.0447402861,-0.125757725,-0.662934434,0.120474146,0.175711875,0.0284627146,1,1,1.09214307e-06,0.000509311076,19,0.161524,,0.265279335,-0.00160828739,-0.0910330126,-0.650180716,0.135358288,0.404752493,0.146710671
1781682722.874673,2026-06-17T15:52:02.874,1781682722.737736,right,base,1,pelvis,1000,0.001,-0.0603799283,-0.287948413,-0.000215964122,0.739260468,0.67068851,0.0120295275,0.0593815945,0.593793615,0.00371075435,-0.0146297144,-0.844404267,-0.0416998557,0.136874998,-0.075954697,1,1,2.37891031e-06,0.000491637434,10,0.081186,,0.612642687,-0.000309051378,-0.0358373719,-0.863816536,-0.0661650079,0.149664814,-0.0580309296
1781682722.891156,2026-06-17T15:52:02.891,1781682722.737914,left,base,1,pelvis,1000,0.001,0.0341606473,0.263366311,-0.0228494551,-0.719374682,0.693585571,0.0348718548,0.0149357057,0.375286267,0.0385317543,-0.122563537,-0.661850382,0.121297201,0.207354409,0.0433255467,1,1,1.18108896e-06,0.000514073008,17,0.143368,,0.265283486,-0.0016512247,-0.0909122518,-0.650181598,0.135211307,0.404761943,0.146658577
1781682722.891718,2026-06-17T15:52:02.891,1781682722.754405,right,base,1,pelvis,1000,0.001,-0.0606234283,-0.289437563,0.000137035878,0.741651767,0.668115803,0.0125920708,0.0584411594,0.599146284,0.00100110199,-0.0246288375,-0.859358977,-0.0548361806,0.147008624,-0.0640280749,1,1,1.42929171e-05,0.000614997516,8,0.097045,,0.614628163,-0.00229617417,-0.039985727,-0.866673759,-0.0714973762,0.151275068,-0.052843766
1781682722.907930,2026-06-17T15:52:02.907,1781682722.754596,left,base,1,pelvis,1000,0.001,0.0342700473,0.265273211,-0.0226089551,-0.721094995,0.691862169,0.0346808565,0.012082464,0.36156777,0.0335260603,-0.118631499,-0.660395108,0.1230507,0.231971085,0.056218266,1,1,1.14295128e-06,0.000496848036,16,0.143701,,0.265703963,0.0027610218,-0.0878917231,-0.653228111,0.138980801,0.410999336,0.139261073
1781682722.908266,2026-06-17T15:52:02.908,1781682722.754405,right,base,1,pelvis,1000,0.001,-0.0606234283,-0.289437563,0.000137035878,0.741651767,0.668115803,0.0125920708,0.0584411594,0.603361114,-0.00102859713,-0.0291904629,-0.862375949,-0.0605819078,0.148714422,-0.0586311104,1,1,2.62683409e-05,0.000581206036,7,0.061719,,0.614609173,-0.00238720561,-0.039818469,-0.866672067,-0.0717261818,0.151287155,-0.0528784287
1781682722.924795,2026-06-17T15:52:02.924,1781682722.771247,left,base,1,pelvis,1000,0.001,0.0340646473,0.266652411,-0.0220424551,-0.722288048,0.690677424,0.0342550739,0.00955312961,0.349067753,0.0289649732,-0.115048706,-0.659069091,0.124648452,0.2596325,0.0679658513,1,1,1.25478534e-06,0.000499190251,14,0.132613,,0.269114776,0.00647814174,-0.0857026662,-0.660276659,0.141703156,0.41755818,0.132843954
1781682722.925503,2026-06-17T15:52:02.925,1781682722.754405,right,base,1,pelvis,1000,0.001,-0.0606234283,-0.289437563,0.000137035878,0.741651767,0.668115803,0.0125920708,0.0584411594,0.606735944,-0.00140827571,-0.0324239788,-0.863663276,-0.0638514286,0.149481415,-0.0568976215,1,1,4.60210801e-05,0.000541609675,6,0.066993,,0.614564222,-0.0023317546,-0.039887196,-0.866670285,-0.0716714445,0.151347582,-0.0528738964
1781682722.941536,2026-06-17T15:52:02.941,1781682722.787925,left,base,1,pelvis,1000,0.001,0.0337770473,0.268321711,-0.0212249551,-0.723482389,0.689496796,0.0334478199,0.0069745471,0.337114028,0.0252075285,-0.111154604,-0.65823154,0.1267036,0.286982719,0.0781890366,1,1,2.21110996e-06,0.000590760516,12,0.11017,,0.274496748,0.0111218198,-0.0834717257,-0.670408065,0.144564781,0.42476122,0.125256458
1781682722.941861,2026-06-17T15:52:02.941,1781682722.787739,right,base,1,pelvis,1000,0.001,-0.0609200283,-0.292321513,0.00102553588,0.74749718,0.661699673,0.0133646402,0.0567705498,0.609437075,-0.00171216112,-0.0350120056,-0.864693622,-0.0664682728,0.150095297,-0.0555101796,1,1,8.96362951e-06,0.000576601149,8,0.067983,,0.61905924,-0.00479000672,-0.0501559927,-0.874155454,-0.0833165026,0.15642467,-0.0437520732
1781682722.958412,2026-06-17T15:52:02.958,1781682722.821322,left,base,1,pelvis,1000,0.001,0.0339649473,0.270386761,-0.0207079551,-0.725007009,0.687985059,0.0320195377,0.0040181876,0.327148758,0.0224627423,-0.10742463,-0.658531251,0.128901781,0.312465391,0.0861986988,1,1,3.72338835e-06,0.000635101249,11,0.108122,,0.276919699,0.0166782471,-0.0807651139,-0.676593979,0.148124935,0.430787285,0.115222598
1781682722.959145,2026-06-17T15:52:02.959,1781682722.787739,right,base,1,pelvis,1000,0.001,-0.0609200283,-0.292321513,0.00102553588,0.74749718,0.661699673,0.0133646402,0.0567705498,0.611311434,-0.00364745148,-0.0404632448,-0.870284863,-0.0735105862,0.154116201,-0.0489607788,1,1,1.84019952e-05,0.000493538661,7,0.090812,,0.619051174,-0.0048627069,-0.05004305,-0.874150272,-0.0835477531,0.156390939,-0.0437417651
1781682722.975295,2026-06-17T15:52:02.975,1781682722.821322,left,base,1,pelvis,1000,0.001,0.0339649473,0.270386761,-0.0207079551,-0.725007009,0.687985059,0.0320195377,0.0040181876,0.318521649,0.0206045157,-0.103499912,-0.660477284,0.131468186,0.336292384,0.0925983694,1,1,2.95368274e-06,0.000496556575,11,0.160615,,0.276862212,0.0166227324,-0.0806548966,-0.676547282,0.148063872,0.430925167,0.115271118
1781682722.975791,2026-06-17T15:52:02.975,1781682722.821085,right,base,1,pelvis,1000,0.001,-0.0613767783,-0.294205863,0.00194753588,0.751650447,0.657064767,0.0137916821,0.0556532775,0.613750418,-0.00400712407,-0.0435144896,-0.871503312,-0.0765974561,0.154842899,-0.0473210956,1,1,8.22913337e-06,0.000525923748,8,0.104705,,0.623955246,-0.00607174505,-0.0573167637,-0.881590959,-0.0917093897,0.160554139,-0.037943593
1781682722.992039,2026-06-17T15:52:02.992,1781682722.821322,left,base,1,pelvis,1000,0.001,0.0339649473,0.270386761,-0.0207079551,-0.725007009,0.687985059,0.0320195377,0.0040181876,0.311428713,0.0199351054,-0.0996237359,-0.663225105,0.134308083,0.352403318,0.0964556936,1,1,5.37131849e-06,0.000540871012,10,0.153705,,0.276881306,0.0166413887,-0.0807007415,-0.676558672,0.148084121,0.430882026,0.115263676
1781682722.992542,2026-06-17T15:52:02.992,1781682722.837750,right,base,1,pelvis,1000,0.001,-0.0622406783,-0.296080663,0.00337053588,0.75567916,0.652513201,0.0142449661,0.0545216484,0.615525152,-0.00500657179,-0.0482922452,-0.877972707,-0.0825758644,0.158397135,-0.0427994178,1,1,1.15370089e-05,0.000611918525,8,0.103501,,0.631911226,-0.00729537355,-0.0643305536,-0.892707666,-0.0999724764,0.165354466,-0.0321527733
1781682723.008732,2026-06-17T15:52:03.008,1781682722.821322,left,base,1,pelvis,1000,0.001,0.0339649473,0.270386761,-0.0207079551,-0.725007009,0.687985059,0.0320195377,0.0040181876,0.305073565,0.0193353254,-0.0961507493,-0.665687104,0.136852582,0.366838438,0.0999117897,1,1,1.01395673e-05,0.000580183289,9,0.137882,,0.276902687,0.0166535992,-0.0807337065,-0.676566857,0.148092458,0.430837602,0.115255582
1781682723.009227,2026-06-17T15:52:03.009,1781682722.854418,right,base,1,pelvis,1000,0.001,-0.0633494283,-0.297579813,0.00503803588,0.758782431,0.648971503,0.0146315983,0.0535828922,0.621448681,-0.00626408793,-0.0556033954,-0.889183245,-0.0911363426,0.163258984,-0.0368547641,1,1,1.31673376e-05,0.000556752348,8,0.12372,,0.641456433,-0.00816651032,-0.0699602605,-0.90546675,-0.106569689,0.170006732,-0.0274207587
1781682723.025501,2026-06-17T15:52:03.025,1781682722.854609,left,base,1,pelvis,1000,0.001,0.0348654473,0.274029911,-0.0202634551,0.727774652,-0.685250844,-0.0278387531,0.000583266208,0.299526826,0.0188118407,-0.0931195458,-0.667835924,0.139073406,0.37943733,0.102928251,1,1,9.39032994e-06,0.000546939156,9,0.132252,,0.277883474,0.0267197869,-0.0763123142,-0.681817869,0.154694228,0.436239254,0.095586882
1781682723.026305,2026-06-17T15:52:03.026,1781682722.871084,right,base,1,pelvis,1000,0.001,-0.0645717283,-0.299090963,0.00691553588,0.761665979,0.645686961,0.0149917271,0.0522353585,0.631330843,-0.00716864386,-0.0615210498,-0.902027674,-0.0980224509,0.16797065,-0.0319726231,1,1,1.31679221e-05,0.000534358643,8,0.103842,,0.65200673,-0.00930868347,-0.0753404843,-0.91972592,-0.112991457,0.175953523,-0.0221355973
1781682723.042253,2026-06-17T15:52:03.042,1781682722.854609,left,base,1,pelvis,1000,0.001,0.0348654473,0.274029911,-0.0202634551,0.727774652,-0.685250844,-0.0278387531,0.000583266208,0.294634195,0.0183500887,-0.0904458014,-0.669731341,0.141032337,0.395771725,0.105588992,1,1,1.94790161e-05,0.00055095442,8,0.131574,,0.277854405,0.0266625872,-0.0762457085,-0.68177641,0.154552063,0.436327556,0.0956268075
1781682723.042692,2026-06-17T15:52:03.042,1781682722.871084,right,base,1,pelvis,1000,0.001,-0.0645717283,-0.299090963,0.00691553588,0.761665979,0.645686961,0.0149917271,0.0522353585,0.642209491,-0.00834288391,-0.0671846524,-0.916367979,-0.104728456,0.173972579,-0.026541399,1,1,5.59265744e-05,0.000580135285,6,0.084957,,0.651942807,-0.00931438968,-0.0752895588,-0.919715008,-0.113020751,0.175924728,-0.0221179519
1781682723.059041,2026-06-17T15:52:03.059,1781682722.871264,left,base,1,pelvis,1000,0.001,0.0351040973,0.275223511,-0.0200324551,0.728694643,-0.684353409,-0.0257112632,0.00186011342,0.290803959,0.020263912,-0.0872140244,-0.672495058,0.144156278,0.40502507,0.1033019,1,1,1.62114591e-05,0.000498271248,8,0.119335,,0.27933546,0.030261504,-0.0748615685,-0.684749598,0.156871062,0.436926595,0.0883040545
1781682723.059862,2026-06-17T15:52:03.059,1781682722.887752,right,base,1,pelvis,1000,0.001,-0.0654629783,-0.300578963,0.00836803588,0.764469792,0.642489855,0.015294322,0.050584658,0.645157454,-0.00863349044,-0.0696387206,-0.917378374,-0.107214771,0.17456864,-0.0252157049,1,1,2.37035081e-05,0.000557627111,7,0.097674,,0.659733873,-0.0106486692,-0.0805711696,-0.930620997,-0.1192879,0.181986172,-0.0165806142
1781682723.075841,2026-06-17T15:52:03.075,1781682722.887929,left,base,1,pelvis,1000,0.001,0.0362618973,0.277730411,-0.0204089551,0.730240224,-0.682801491,-0.0228199044,0.00325459521,0.287507578,0.0219109879,-0.0844326905,-0.67487357,0.146844807,0.413659318,0.101333581,1,1,1.62585095e-05,0.000527771074,8,0.136881,,0.275125029,0.0362438122,-0.0723631477,-0.679970401,0.160270773,0.434847777,0.0768474469
1781682723.076430,2026-06-17T15:52:03.076,1781682722.904420,right,base,1,pelvis,1000,0.001,-0.0660381283,-0.302041163,0.00941603588,0.767182062,0.63939395,0.0155414589,0.0486366525,0.650577503,-0.00974451097,-0.0729520275,-0.927460821,-0.111565995,0.180122943,-0.0207037389,1,1,1.09580188e-05,0.000497295101,8,0.10372,,0.664915803,-0.0122417756,-0.0856669601,-0.938497593,-0.125554862,0.188180808,-0.0106976042
1781682723.092559,2026-06-17T15:52:03.092,1781682722.887929,left,base,1,pelvis,1000,0.001,0.0362618973,0.277730411,-0.0204089551,0.730240224,-0.682801491,-0.0228199044,0.00325459521,0.285288276,0.0292977583,-0.0818334607,-0.677555603,0.149567637,0.419978013,0.0977951523,1,1,9.85258912e-06,0.000520545818,8,0.110761,,0.275086058,0.0365234823,-0.0730809235,-0.679960447,0.161176797,0.434841683,0.0771867573
1781682723.093226,2026-06-17T15:52:03.093,1781682722.921088,right,base,1,pelvis,1000,0.001,-0.0661776283,-0.303137863,0.00979203588,0.769224485,0.637032555,0.0159571266,0.0472078929,0.656052506,-0.011363783,-0.0782896777,-0.935422948,-0.11807525,0.18636403,-0.0146978637,1,1,2.33864628e-05,0.000574223606,7,0.0929,,0.666343468,-0.0136189429,-0.0894108779,-0.941157095,-0.130231356,0.191726035,-0.0059643619
1781682723.109254,2026-06-17T15:52:03.109,1781682722.904601,left,base,1,pelvis,1000,0.001,0.0377900973,0.280641011,-0.0210879551,0.731918987,-0.681086021,-0.0199038083,0.00450185691,0.282293764,0.0313443526,-0.0790431155,-0.678267102,0.152721223,0.424359259,0.0916230934,1,1,1.1620049e-05,0.000531432974,8,0.116308,,0.267987873,0.0429364374,-0.0701177603,-0.670950616,0.164441676,0.431313742,0.0647943387
1781682723.109780,2026-06-17T15:52:03.109,1781682722.921088,right,base,1,pelvis,1000,0.001,-0.0661776283,-0.303137863,0.00979203588,0.769224485,0.637032555,0.0159571266,0.0472078929,0.65878307,-0.0127670949,-0.0822726783,-0.938179369,-0.12299196,0.189961632,-0.00984168229,1,1,4.29818898e-05,0.000487975671,6,0.082772,,0.666296873,-0.0136104238,-0.0894382858,-0.941157118,-0.130284382,0.191809003,-0.00590675437
1781682723.126121,2026-06-17T15:52:03.126,1781682722.904601,left,base,1,pelvis,1000,0.001,0.0377900973,0.280641011,-0.0210879551,0.731918987,-0.681086021,-0.0199038083,0.00450185691,0.280192502,0.0366007497,-0.0773049581,-0.678760763,0.155186276,0.427415199,0.0874144694,1,1,7.53808621e-06,0.000500658594,8,0.143687,,0.267964044,0.0431730308,-0.0707063615,-0.670945621,0.165188312,0.431290305,0.0650157734
1781682723.126668,2026-06-17T15:52:03.126,1781682722.921088,right,base,1,pelvis,1000,0.001,-0.0661776283,-0.303137863,0.00979203588,0.769224485,0.637032555,0.0159571266,0.0472078929,0.661082969,-0.0130262299,-0.084444143,-0.939085203,-0.125194209,0.19049837,-0.00866218818,1,1,0.000186972977,0.000598848317,4,0.065169,,0.666004878,-0.0135076103,-0.0893275765,-0.941085674,-0.130178483,0.191948017,-0.00607192759
1781682723.142808,2026-06-17T15:52:03.142,1781682722.937929,left,base,1,pelvis,1000,0.001,0.0390534973,0.284145761,-0.0215299551,0.735245977,-0.677618601,-0.0141763395,0.00673917426,0.276571165,0.038480664,-0.0751723852,-0.67644335,0.157932522,0.428571968,0.0807026632,1,1,4.14912687e-06,0.00051885359,9,0.137131,,0.26386539,0.0517686733,-0.0654666897,-0.664962697,0.171701175,0.425691305,0.0460141921
1781682723.143392,2026-06-17T15:52:03.143,1781682722.954423,right,base,1,pelvis,1000,0.001,-0.0662959283,-0.305670663,0.0104385359,0.774091915,0.631266266,0.0174317392,0.0445055538,0.662862533,-0.0132267377,-0.0861243307,-0.9397861,-0.126898216,0.190913674,-0.00774954546,1,1,1.70395005e-05,0.000622566228,7,0.095939,,0.668443242,-0.0165991389,-0.0983837683,-0.945232384,-0.14133726,0.197837255,0.00483966747
1781682723.159513,2026-06-17T15:52:03.159,1781682722.937929,left,base,1,pelvis,1000,0.001,0.0390534973,0.284145761,-0.0215299551,0.735245977,-0.677618601,-0.0141763395,0.00673917426,0.274036779,0.0459459418,-0.0738573545,-0.674824531,0.160069006,0.4271297,0.0692580063,1,1,5.53948731e-06,0.000578174857,8,0.110662,,0.263885073,0.0518101585,-0.0655960889,-0.664981887,0.171774702,0.425649806,0.0460613331
1781682723.160103,2026-06-17T15:52:03.160,1781682722.987758,right,base,1,pelvis,1000,0.001,-0.0665950783,-0.308330963,0.0117260359,0.779421167,0.624831912,0.0186034526,0.0417329356,0.664149817,-0.0158221089,-0.0919083892,-0.942530411,-0.134765585,0.196227958,0.00130908267,1,1,9.00223004e-06,0.000613958093,8,0.102728,,0.673590833,-0.019151814,-0.108327987,-0.954071077,-0.153430732,0.206477008,0.0153070838
1781682723.176288,2026-06-17T15:52:03.176,1781682722.971284,left,base,1,pelvis,1000,0.001,0.0391361473,0.285891311,-0.0206874551,0.737693026,-0.674996941,-0.010608488,0.00869419775,0.271018682,0.0476736871,-0.0713676412,-0.671898286,0.163520552,0.426702894,0.0623610042,1,1,2.26225515e-06,0.000487739954,9,0.136776,,0.269614894,0.0568640508,-0.0614704365,-0.674396214,0.177007646,0.427827083,0.035328854
1781682723.176835,2026-06-17T15:52:03.176,1781682722.987758,right,base,1,pelvis,1000,0.001,-0.0665950783,-0.308330963,0.0117260359,0.779421167,0.624831912,0.0186034526,0.0417329356,0.66607759,-0.0183944317,-0.102040916,-0.951437507,-0.147045824,0.20490113,0.0118682259,1,1,0.000105070572,0.000578168923,5,0.072933,,0.673405954,-0.0190729757,-0.108378698,-0.95400529,-0.153413307,0.206440907,0.0154000782
1781682723.193091,2026-06-17T15:52:03.193,1781682722.971284,left,base,1,pelvis,1000,0.001,0.0391361473,0.285891311,-0.0206874551,0.737693026,-0.674996941,-0.010608488,0.00869419775,0.268703109,0.0515504215,-0.0694574598,-0.669653185,0.16616868,0.426375435,0.056407767,1,1,2.73253292e-06,0.000549866312,8,0.116026,,0.269604684,0.0569525404,-0.0617432933,-0.674390774,0.177289378,0.427813747,0.035481488
1781682723.193734,2026-06-17T15:52:03.193,1781682722.987758,right,base,1,pelvis,1000,0.001,-0.0665950783,-0.308330963,0.0117260359,0.779421167,0.624831912,0.0186034526,0.0417329356,0.668389281,-0.0186274648,-0.103975336,-0.95224781,-0.149010346,0.205385999,0.0129263012,1,1,0.000181755731,0.00053779899,4,0.066869,,0.673239504,-0.0190124659,-0.108343495,-0.953981079,-0.153421598,0.206584683,0.0152927173
1781682723.209770,2026-06-17T15:52:03.209,1781682723.004611,left,base,1,pelvis,1000,0.001,0.0397759473,0.290245411,-0.0188309551,0.742462705,-0.669753112,-0.00491440993,0.0124799875,0.268977099,0.0531471586,-0.067057372,-0.671078458,0.169425772,0.426811653,0.0500735872,1,1,3.67887197e-06,0.000614770394,9,0.122989,,0.279384922,0.0679901003,-0.0529848009,-0.692671421,0.187531342,0.435555487,0.015455342
1781682723.210292,2026-06-17T15:52:03.210,1781682723.004426,right,base,1,pelvis,1000,0.001,-0.0669438283,-0.309301963,0.0121595359,0.781241511,0.622596369,0.0191674198,0.0408420381,0.670178244,-0.0188078035,-0.105472337,-0.952874884,-0.150530643,0.205761228,0.0137451205,1,1,7.18003423e-05,0.000559418079,5,0.073037,,0.675513152,-0.020063262,-0.111849695,-0.956467736,-0.157641346,0.208409115,0.0192708158
1781682723.226575,2026-06-17T15:52:03.226,1781682723.004611,left,base,1,pelvis,1000,0.001,0.0397759473,0.290245411,-0.0188309551,0.742462705,-0.669753112,-0.00491440993,0.0124799875,0.269182198,0.0630543207,-0.0652607489,-0.680856614,0.171863919,0.427138191,0.0347344392,1,1,2.35064099e-06,0.000517035603,9,0.124195,,0.279450699,0.0679634454,-0.0528152392,-0.692706902,0.187365616,0.435385456,0.0152393771
1781682723.227179,2026-06-17T15:52:03.227,1781682723.037761,right,base,1,pelvis,1000,0.001,-0.0679524283,-0.311330813,0.0128915359,0.78504798,0.617855266,0.020770093,0.0390274505,0.671417775,-0.0193743568,-0.106509575,-0.954073795,-0.151840551,0.206975646,0.0161432185,1,1,1.94136768e-05,0.000628388644,7,0.093541,,0.679517189,-0.0223480342,-0.119330992,-0.959636657,-0.166513018,0.210426326,0.0286490877
1781682723.243263,2026-06-17T15:52:03.243,1781682723.037936,left,base,1,pelvis,1000,0.001,0.0392705473,0.291824661,-0.0179084551,0.744809386,-0.667121588,-0.00283260594,0.0141330115,0.272249768,0.0645383215,-0.0615698392,-0.684408877,0.176574516,0.429668951,0.0289379494,1,1,2.82635563e-06,0.000505780183,9,0.118501,,0.286040583,0.0718477377,-0.0485247954,-0.702335706,0.192300761,0.438760395,0.00810168167
1781682723.243772,2026-06-17T15:52:03.243,1781682723.054430,right,base,1,pelvis,1000,0.001,-0.0682522283,-0.312186163,0.0133285359,0.787011977,0.615388937,0.0214620808,0.0380523722,0.672906035,-0.0216766361,-0.113787271,-0.957312643,-0.160879391,0.209034501,0.0256028668,1,1,4.52839287e-05,0.00061562398,6,0.08109,,0.681434645,-0.0230411412,-0.123035097,-0.962046286,-0.170987759,0.212420704,0.0328342637
1781682723.260151,2026-06-17T15:52:03.260,1781682723.037936,left,base,1,pelvis,1000,0.001,0.0392705473,0.291824661,-0.0179084551,0.744809386,-0.667121588,-0.00283260594,0.0141330115,0.274558525,0.0673371863,-0.0587919366,-0.691533942,0.180119869,0.431573686,0.0245753166,1,1,6.74773889e-06,0.000553827683,8,0.111443,,0.2860577,0.0719585956,-0.0488244075,-0.702351803,0.192627191,0.438646692,0.00823372231
1781682723.260829,2026-06-17T15:52:03.260,1781682723.071096,right,base,1,pelvis,1000,0.001,-0.0684033283,-0.313045963,0.0136515359,0.788758188,0.613180037,0.0220110542,0.0372327337,0.675024454,-0.0223892318,-0.117656021,-0.959789712,-0.165520136,0.21106825,0.029874544,1,1,4.28931072e-05,0.000578264684,6,0.086459,,0.682650718,-0.0238074507,-0.126444446,-0.963768903,-0.174967745,0.214446153,0.0364659
1781682723.276880,2026-06-17T15:52:03.276,1781682723.054618,left,base,1,pelvis,1000,0.001,0.0386763473,0.293334411,-0.0171554551,0.74714609,-0.664472438,-0.000875092051,0.0157585778,0.27805163,0.0687093996,-0.0556684365,-0.694820086,0.183825576,0.433760048,0.0195636585,1,1,7.30740318e-06,0.000569618724,8,0.126881,,0.291718035,0.0754823798,-0.0444645688,-0.709962566,0.197294856,0.441166344,0.00129451695
1781682723.277437,2026-06-17T15:52:03.277,1781682723.071096,right,base,1,pelvis,1000,0.001,-0.0684033283,-0.313045963,0.0136515359,0.788758188,0.613180037,0.0220110542,0.0372327337,0.677052069,-0.0231749364,-0.121230613,-0.961581128,-0.169667165,0.213133157,0.033593963,1,1,7.87688373e-05,0.000464573278,5,0.073275,,0.682565291,-0.0237429687,-0.126540162,-0.963754868,-0.174965995,0.214530372,0.0365309352
1781682723.293621,2026-06-17T15:52:03.293,1781682723.054618,left,base,1,pelvis,1000,0.001,0.0386763473,0.293334411,-0.0171554551,0.74714609,-0.664472438,-0.000875092051,0.0157585778,0.28064369,0.0713552698,-0.0533506433,-0.700090023,0.186575396,0.435382438,0.0158447579,1,1,1.58168749e-05,0.000636442871,7,0.106306,,0.291713532,0.07554476,-0.0446591859,-0.709961572,0.197481148,0.441081784,0.00140525258
1781682723.294248,2026-06-17T15:52:03.294,1781682723.071096,right,base,1,pelvis,1000,0.001,-0.0684033283,-0.313045963,0.0136515359,0.788758188,0.613180037,0.0220110542,0.0372327337,0.678753712,-0.0233671817,-0.122815296,-0.962246076,-0.171278214,0.213532227,0.0344668544,1,1,0.000137719655,0.000436507587,4,0.063225,,0.682438124,-0.0236946003,-0.126503019,-0.963728263,-0.174975885,0.214623184,0.0364393127
1781682723.310287,2026-06-17T15:52:03.310,1781682723.054618,left,base,1,pelvis,1000,0.001,0.0386763473,0.293334411,-0.0171554551,0.74714609,-0.664472438,-0.000875092051,0.0157585778,0.283985898,0.0726008207,-0.0506688495,-0.703069531,0.189810501,0.437128005,0.0114535336,1,1,2.69263869e-05,0.000590336791,6,0.094147,,0.291666088,0.0755145446,-0.0445894468,-0.709914046,0.197432792,0.441102537,0.00136530417
1781682723.310695,2026-06-17T15:52:03.310,1781682723.087764,right,base,1,pelvis,1000,0.001,-0.0684941283,-0.313914963,0.0137395359,0.789948018,0.61166166,0.0223686927,0.0367666128,0.680071285,-0.023516036,-0.124042306,-0.962760942,-0.172525639,0.213841224,0.0351427289,1,1,0.000133645071,0.000545876836,4,0.061061,,0.682600814,-0.0247395236,-0.128916208,-0.96366684,-0.177758648,0.215477152,0.0391370717
1781682723.327272,2026-06-17T15:52:03.327,1781682723.071284,left,base,1,pelvis,1000,0.001,0.0388631473,0.295443311,-0.0164649551,0.749359546,-0.661936859,0.000875918429,0.0172944293,0.286489474,0.073533836,-0.0486599755,-0.705301416,0.192233848,0.438435573,0.00816416213,1,1,1.37983692e-05,0.000533952594,7,0.1311,,0.294649993,0.0801158269,-0.0402364726,-0.715454362,0.20205582,0.444625166,-0.00629535
1781682723.327845,2026-06-17T15:52:03.327,1781682723.087764,right,base,1,pelvis,1000,0.001,-0.0684941283,-0.313914963,0.0137395359,0.789948018,0.61166166,0.0223686927,0.0367666128,0.681013646,-0.0241610659,-0.124919896,-0.963129187,-0.17341783,0.214277842,0.0365131243,1,1,9.61279314e-05,0.000470989127,4,0.063864,,0.682657762,-0.0247608346,-0.129005959,-0.963687525,-0.177776345,0.215508077,0.0392413967
1781682723.343894,2026-06-17T15:52:03.343,1781682723.104630,left,base,1,pelvis,1000,0.001,0.0403246473,0.298812011,-0.0148544551,0.751678133,-0.659270316,0.00207276753,0.0183939815,0.288411098,0.0764952665,-0.0471180606,-0.707014503,0.194093893,0.439439198,0.00563939896,1,1,8.73850634e-06,0.000525773101,8,0.135124,,0.299024181,0.0870906268,-0.0350118835,-0.728408186,0.207598979,0.454558157,-0.0134010746
1781682723.344488,2026-06-17T15:52:03.344,1781682723.087764,right,base,1,pelvis,1000,0.001,-0.0684941283,-0.313914963,0.0137395359,0.789948018,0.61166166,0.0223686927,0.0367666128,0.681514784,-0.0243437102,-0.126181706,-0.963298948,-0.174788416,0.214656517,0.0373416188,1,1,0.000171111246,0.000832821557,3,0.056905,,0.682569643,-0.0247339941,-0.128779325,-0.963657252,-0.177559462,0.215441067,0.0390894145
1781682723.360723,2026-06-17T15:52:03.360,1781682723.104630,left,base,1,pelvis,1000,0.001,0.0403246473,0.298812011,-0.0148544551,0.751678133,-0.659270316,0.00207276753,0.0183939815,0.290269678,0.0835734741,-0.0450680209,-0.720073348,0.196465768,0.446340111,-4.89083116e-05,1,1,5.59276284e-06,0.00050654432,8,0.13956,,0.299061815,0.087272954,-0.0353953471,-0.728450378,0.208097123,0.454425496,-0.0132871446
1781682723.361241,2026-06-17T15:52:03.361,1781682723.104432,right,base,1,pelvis,1000,0.001,-0.0685896283,-0.314991363,0.0137000359,0.791050257,0.610244225,0.0227044151,0.0364141031,0.681880628,-0.0244770453,-0.127102859,-0.963422877,-0.175788978,0.214932959,0.0379464413,1,1,0.000112589942,0.000467178649,4,0.064334,,0.682172623,-0.0262488177,-0.131520185,-0.962477223,-0.180555314,0.215837102,0.0422166903
1781682723.377274,2026-06-17T15:52:03.377,1781682723.154618,left,base,1,pelvis,1000,0.001,0.0417652473,0.304157661,-0.0131734551,0.75537546,-0.654982499,0.00372612972,0.0197978964,0.292916653,0.0846369056,-0.0420274893,-0.722593435,0.199831959,0.448824885,-0.0040860134,1,1,1.14543587e-05,0.000605729765,8,0.084252,,0.302880871,0.0974663401,-0.0268185488,-0.739809749,0.215650122,0.464269102,-0.024685167
1781682723.377594,2026-06-17T15:52:03.377,1781682723.154437,right,base,1,pelvis,1000,0.001,-0.0688448783,-0.316698163,0.0136740359,0.793565096,0.606973131,0.0243333294,0.0352979533,0.682149133,-0.0257186723,-0.127778925,-0.963128315,-0.176523324,0.215135849,0.0398174985,1,1,2.97336189e-05,0.000581162002,6,0.068044,,0.68160299,-0.0290028475,-0.136710157,-0.960052052,-0.186944313,0.215662367,0.0500148626
1781682723.394147,2026-06-17T15:52:03.394,1781682723.154618,left,base,1,pelvis,1000,0.001,0.0417652473,0.304157661,-0.0131734551,0.75537546,-0.654982499,0.00372612972,0.0197978964,0.294898598,0.0941732544,-0.0397508653,-0.732107483,0.202352423,0.456686557,-0.0124001414,1,1,5.50240569e-06,0.00057693564,8,0.086169,,0.30288463,0.0976409229,-0.0271676322,-0.739821983,0.216104963,0.464234772,-0.0245805786
1781682723.394644,2026-06-17T15:52:03.394,1781682723.154437,right,base,1,pelvis,1000,0.001,-0.0688448783,-0.316698163,0.0136740359,0.793565096,0.606973131,0.0243333294,0.0352979533,0.682156236,-0.0284839031,-0.13247955,-0.960688004,-0.182641091,0.215347903,0.0476731048,1,1,7.64490917e-05,0.000485337843,4,0.051005,,0.681622107,-0.0289733478,-0.136644363,-0.960043048,-0.187052465,0.215678147,0.0500627847
1781682723.410975,2026-06-17T15:52:03.410,1781682723.171117,left,base,1,pelvis,1000,0.001,0.0420528973,0.306241911,-0.0123209551,0.757229689,-0.65281165,0.00474017023,0.0204371863,0.297343907,0.0951820664,-0.0357891475,-0.734467014,0.206426073,0.459009413,-0.0161635665,1,1,6.78587829e-06,0.000532708737,8,0.122478,,0.30617935,0.101561406,-0.0228978184,-0.746291156,0.219832409,0.468188918,-0.0294187296
1781682723.411495,2026-06-17T15:52:03.411,1781682723.187772,right,base,1,pelvis,1000,0.001,-0.0693160283,-0.317367263,0.0142455359,0.794630074,0.605551573,0.0258767411,0.0346515933,0.681981624,-0.0286476891,-0.133814788,-0.960487289,-0.183999247,0.215447152,0.0484121957,1,1,0.00010578007,0.000622445756,4,0.062661,,0.684615424,-0.0300923174,-0.138905324,-0.962725181,-0.190190619,0.215431103,0.0548503877
1781682723.427752,2026-06-17T15:52:03.427,1781682723.171117,left,base,1,pelvis,1000,0.001,0.0420528973,0.306241911,-0.0123209551,0.757229689,-0.65281165,0.00474017023,0.0204371863,0.299167518,0.0985216855,-0.0328346617,-0.739203304,0.209464033,0.461228569,-0.0189701738,1,1,1.12173887e-05,0.00059466738,7,0.112841,,0.306183757,0.101678817,-0.023213128,-0.746298753,0.220174871,0.468096146,-0.0292427242
1781682723.428409,2026-06-17T15:52:03.428,1781682723.187772,right,base,1,pelvis,1000,0.001,-0.0693160283,-0.317367263,0.0142455359,0.794630074,0.605551573,0.0258767411,0.0346515933,0.681852772,-0.029602022,-0.134917379,-0.96106034,-0.186132844,0.215520391,0.0526380201,1,1,0.000104135503,0.00043966517,4,0.066596,,0.684599939,-0.0301256028,-0.139025316,-0.962753697,-0.190271191,0.215440719,0.0551456212
1781682723.444386,2026-06-17T15:52:03.444,1781682723.187958,left,base,1,pelvis,1000,0.001,0.0420312973,0.306810561,-0.0112984551,0.758355292,-0.651487738,0.00557385831,0.0207342751,0.301309603,0.099450307,-0.0297989983,-0.741368613,0.212631528,0.463354926,-0.0221621632,1,1,1.14585103e-05,0.000520342139,7,0.10207,,0.311870362,0.102824921,-0.0204525257,-0.756181738,0.222583534,0.472155122,-0.0305926641
1781682723.444907,2026-06-17T15:52:03.444,1781682723.237774,right,base,1,pelvis,1000,0.001,-0.0711451283,-0.317984713,0.0163070359,0.795621002,0.603885325,0.0315214372,0.0362785594,0.68271704,-0.029755406,-0.136164968,-0.961581169,-0.187402279,0.215492459,0.0533301372,1,1,3.85920383e-05,0.000551520085,6,0.083331,,0.698285325,-0.030950293,-0.142165538,-0.973710134,-0.194977619,0.204906618,0.0649836891
1781682723.461262,2026-06-17T15:52:03.461,1781682723.237957,left,base,1,pelvis,1000,0.001,0.0407452473,0.308302861,-0.00619395512,0.762774056,-0.646227218,0.0133776,0.0196764463,0.302894053,0.100137187,-0.0275535893,-0.74961911,0.21497445,0.465747661,-0.0245232029,1,1,5.53378029e-06,0.00050989408,9,0.137731,,0.346416121,0.106823317,-0.00929826807,-0.807933492,0.233371731,0.479402612,-0.0381670967
1781682723.461782,2026-06-17T15:52:03.461,1781682723.237774,right,base,1,pelvis,1000,0.001,-0.0711451283,-0.317984713,0.0163070359,0.795621002,0.603885325,0.0315214372,0.0362785594,0.693803715,-0.0304865584,-0.138398408,-0.972125112,-0.191142639,0.205311438,0.062883127,1,1,0.000147925476,0.000400201245,4,0.061869,,0.698169322,-0.0308542417,-0.142186859,-0.973640049,-0.19485196,0.204512154,0.06523423
1781682723.477897,2026-06-17T15:52:03.477,1781682723.237957,left,base,1,pelvis,1000,0.001,0.0407452473,0.308302861,-0.00619395512,0.762774056,-0.646227218,0.0133776,0.0196764463,0.324207156,0.10373017,-0.0253915038,-0.800304992,0.217291214,0.472325842,-0.0267796643,1,1,7.51308505e-06,0.000570274746,9,0.096984,,0.346567874,0.106950746,-0.00952616031,-0.808031746,0.233646169,0.478964979,-0.0382006563
1781682723.478183,2026-06-17T15:52:03.478,1781682723.254439,right,base,1,pelvis,1000,0.001,-0.0727547783,-0.317622863,0.0177175359,0.795732592,0.603424081,0.0348764328,0.0383751864,0.69520158,-0.0306312025,-0.139573419,-0.972619498,-0.192338813,0.20518517,0.0635383163,1,1,0.000223438791,0.000580773508,4,0.050713,,0.707854837,-0.029612375,-0.142879319,-0.980669076,-0.196074345,0.195085307,0.0684491292
