wall_time_s,wall_time_iso,target_timestamp_s,hand_side,frame_id,hand_command,reference_frame,max_iters,eps,target_x,target_y,target_z,target_qx,target_qy,target_qz,target_qw,current_q0,current_q1,current_q2,current_q3,current_q4,current_q5,current_q6,success,has_solution,position_error_m,orientation_error_rad,iterations,solve_time_ms,message,q_target0,q_target1,q_target2,q_target3,q_target4,q_target5,q_target6
1781681237.394586,2026-06-17T15:27:17.394,1781681237.308746,right,base,1,pelvis,1000,0.001,-0.00768,-0.270748118,-0.05335,0.707388045,0.706824957,0.000562863772,0.000563312174,0,0,0,0,0,0,0,1,1,0,1.77397932e-16,1,0.045708,,0,0,0,0,0,0,0
1781681237.410884,2026-06-17T15:27:17.410,1781681237.308746,right,base,1,pelvis,1000,0.001,-0.00768,-0.270748118,-0.05335,0.707388045,0.706824957,0.000562863772,0.000563312174,0,0,0,0,0,0,0,1,1,0,1.77397932e-16,1,0.032899,,0,0,0,0,0,0,0
1781681237.427691,2026-06-17T15:27:17.427,1781681237.308746,right,base,1,pelvis,1000,0.001,-0.00768,-0.270748118,-0.05335,0.707388045,0.706824957,0.000562863772,0.000563312174,0,0,0,0,0,0,0,1,1,0,1.77397932e-16,1,0.031854,,0,0,0,0,0,0,0
1781681237.444377,2026-06-17T15:27:17.444,1781681237.308746,right,base,1,pelvis,1000,0.001,-0.00768,-0.270748118,-0.05335,0.707388045,0.706824957,0.000562863772,0.000563312174,0,0,0,0,0,0,0,1,1,0,1.77397932e-16,1,0.03742,,0,0,0,0,0,0,0
1781681237.461236,2026-06-17T15:27:17.461,1781681237.308746,right,base,1,pelvis,1000,0.001,-0.00768,-0.270748118,-0.05335,0.707388045,0.706824957,0.000562863772,0.000563312174,0,0,0,0,0,0,0,1,1,0,1.77397932e-16,1,0.031214,,0,0,0,0,0,0,0
1781681237.478076,2026-06-17T15:27:17.478,1781681237.308746,right,base,1,pelvis,1000,0.001,-0.00768,-0.270748118,-0.05335,0.707388045,0.706824957,0.000562863772,0.000563312174,0,0,0,0,0,0,0,1,1,0,1.77397932e-16,1,0.05018,,0,0,0,0,0,0,0
1781681237.494971,2026-06-17T15:27:17.494,1781681237.308746,right,base,1,pelvis,1000,0.001,-0.00768,-0.270748118,-0.05335,0.707388045,0.706824957,0.000562863772,0.000563312174,0,0,0,0,0,0,0,1,1,0,1.77397932e-16,1,0.047646,,0,0,0,0,0,0,0
1781681237.511575,2026-06-17T15:27:17.511,1781681237.442090,right,base,1,pelvis,1000,0.001,-0.0077319,-0.270548951,-0.0532203333,-0.706362373,-0.707850095,-0.000461288707,0.000477473827,0,0,0,0,0,0,0,1,1,0.000123077864,0.00057209006,3,0.074965,,-0.00168787556,6.35810404e-05,0.00121849416,0.00258942616,0.00121900212,0.000454911624,0.00105257857
1781681237.528383,2026-06-17T15:27:17.528,1781681237.442090,right,base,1,pelvis,1000,0.001,-0.0077319,-0.270548951,-0.0532203333,-0.706362373,-0.707850095,-0.000461288707,0.000477473827,0,0,0,0,0,0,0,1,1,0.000123077864,0.00057209006,3,0.055023,,-0.00168787556,6.35810404e-05,0.00121849416,0.00258942616,0.00121900212,0.000454911624,0.00105257857
1781681237.545198,2026-06-17T15:27:17.545,1781681237.442090,right,base,1,pelvis,1000,0.001,-0.0077319,-0.270548951,-0.0532203333,-0.706362373,-0.707850095,-0.000461288707,0.000477473827,-3.5727138e-06,1.34581521e-07,2.57917765e-06,5.48101934e-06,2.58025284e-06,9.62908096e-07,2.22798533e-06,1,1,0.000123046337,0.000571071639,3,0.061727,,-0.00170858549,6.36232893e-05,0.00121890067,0.00262706579,0.00121942122,0.000438439417,0.00105292189
1781681237.562050,2026-06-17T15:27:17.562,1781681237.442090,right,base,1,pelvis,1000,0.001,-0.0077319,-0.270548951,-0.0532203333,-0.706362373,-0.707850095,-0.000461288707,0.000477473827,-4.45444104e-05,1.67795543e-06,3.21570532e-05,6.8337065e-05,3.21704587e-05,1.20054882e-05,2.77784056e-05,1,1,0.000122673311,0.00055939261,3,0.077356,,-0.00194589318,6.41101516e-05,0.00122356277,0.00305836314,0.00122422687,0.000249696409,0.00105685661
1781681237.578738,2026-06-17T15:27:17.578,1781681237.442090,right,base,1,pelvis,1000,0.001,-0.0077319,-0.270548951,-0.0532203333,-0.706362373,-0.707850095,-0.000461288707,0.000477473827,-0.000172579101,6.50092878e-06,0.00012458657,0.000264759352,0.000124638507,4.65130494e-05,0.000107622308,1,1,0.000121372653,0.000522898197,3,0.062879,,-0.00268469543,6.56589218e-05,0.00123813483,0.00440108446,0.00123923788,-0.000337824275,0.00106912401
1781681237.595557,2026-06-17T15:27:17.595,1781681237.442090,right,base,1,pelvis,1000,0.001,-0.0077319,-0.270548951,-0.0532203333,-0.706362373,-0.707850095,-0.000461288707,0.000477473827,-0.000404570408,1.5239872e-05,0.000292063404,0.000620664951,0.000292185158,0.000109038715,0.00025229475,1,1,0.000118509193,0.000456780125,3,0.064501,,-0.00400836723,6.85653083e-05,0.0012645521,0.00680664272,0.00126641118,-0.001389987,0.00109124662
1781681237.612236,2026-06-17T15:27:17.612,1781681237.442090,right,base,1,pelvis,1000,0.001,-0.0077319,-0.270548951,-0.0532203333,-0.706362373,-0.707850095,-0.000461288707,0.000477473827,-0.000633750458,2.03075943e-05,0.000387154986,0.00100064268,0.000387375372,6.4123598e-05,0.000334395937,1,1,0.000115158658,0.000419234451,3,0.052025,,-0.00545151732,7.10248623e-05,0.00127933335,0.00943501244,0.0012820216,-0.00255832146,0.00110313278
1781681237.629122,2026-06-17T15:27:17.629,1781681237.442090,right,base,1,pelvis,1000,0.001,-0.0077319,-0.270548951,-0.0532203333,-0.706362373,-0.707850095,-0.000461288707,0.000477473827,-0.00104514923,2.61906814e-05,0.000494118271,0.00170845084,0.00049453843,-0.000113146698,0.000426663434,1,1,0.000131677127,0.000942929998,2,0.045954,,-0.00133244066,5.60018469e-05,0.00106781012,0.00200166927,0.00106866865,0.000519720808,0.000922294084
1781681237.645897,2026-06-17T15:27:17.645,1781681237.442090,right,base,1,pelvis,1000,0.001,-0.0077319,-0.270548951,-0.0532203333,-0.706362373,-0.707850095,-0.000461288707,0.000477473827,-0.00167721279,3.262184e-05,0.000606752039,0.00281677361,0.00060749754,-0.000463890404,0.000523698365,1,1,0.000128414586,0.000831657868,2,0.046242,,-0.00197450101,5.91348806e-05,0.00111267925,0.00315548506,0.0011140674,5.80861373e-05,0.000960842197
1781681237.662671,2026-06-17T15:27:17.662,1781681237.442090,right,base,1,pelvis,1000,0.001,-0.0077319,-0.270548951,-0.0532203333,-0.706362373,-0.707850095,-0.000461288707,0.000477473827,-0.00162235343,3.63420138e-05,0.000680114558,0.00268707605,0.000680878044,-0.000307380413,0.000587122014,1,1,0.000126746562,0.000759300471,2,0.047824,,-0.00189793801,6.05645163e-05,0.00114207767,0.00300383952,0.00114340495,0.000165787448,0.000986376236
1781681237.679334,2026-06-17T15:27:17.679,1781681237.442090,right,base,1,pelvis,1000,0.001,-0.0077319,-0.270548951,-0.0532203333,-0.706362373,-0.707850095,-0.000461288707,0.000477473827,-0.00168355029,4.03030002e-05,0.000755286446,0.00276847703,0.000756158488,-0.000243868963,0.000652067796,1,1,0.000125063368,0.000685113538,2,0.041675,,-0.00194396263,6.21931038e-05,0.00117214699,0.00307567537,0.00117354771,0.000173416901,0.00101242696
1781681237.696310,2026-06-17T15:27:17.696,1781681237.442090,right,base,1,pelvis,1000,0.001,-0.0077319,-0.270548951,-0.0532203333,-0.706362373,-0.707850095,-0.000461288707,0.000477473827,-0.00174533425,4.43019871e-05,0.000831179512,0.00285065895,0.000832161151,-0.000179748202,0.000717636649,1,1,0.000123491244,0.000610219929,2,0.060548,,-0.00199042751,6.38349968e-05,0.00120250485,0.00314819739,0.00120397661,0.000181126851,0.00103871909
1781681237.713007,2026-06-17T15:27:17.713,1781681237.442090,right,base,1,pelvis,1000,0.001,-0.0077319,-0.270548951,-0.0532203333,-0.706362373,-0.707850095,-0.000461288707,0.000477473827,-0.00180593948,4.82246806e-05,0.000905624675,0.00293127299,0.000906713821,-0.000116850749,0.000781954567,1,1,0.000122077622,0.000536760096,2,0.051599,,-0.00203600468,6.54433016e-05,0.00123228361,0.0032193329,0.00123382199,0.000188696824,0.0010645013
1781681237.729779,2026-06-17T15:27:17.729,1781681237.442090,right,base,1,pelvis,1000,0.001,-0.0077319,-0.270548951,-0.0532203333,-0.706362373,-0.707850095,-0.000461288707,0.000477473827,-0.00185888554,5.16516317e-05,0.000970661602,0.00300169918,0.000971844668,-6.19021549e-05,0.00083814411,1,1,0.000120950008,0.000472587993,2,0.043717,,-0.00207582088,6.68465171e-05,0.00125829903,0.00328147612,0.00125989316,0.000195315876,0.00108701846
1781681237.746469,2026-06-17T15:27:17.746,1781681237.442090,right,base,1,pelvis,1000,0.001,-0.0077319,-0.270548951,-0.0532203333,-0.706362373,-0.707850095,-0.000461288707,0.000477473827,-0.00190300292,5.45071433e-05,0.00102485371,0.00306038189,0.00102611503,-1.61161642e-05,0.000884964124,1,1,0.000120088823,0.000419119375,2,0.047819,,-0.00210899709,6.80144412e-05,0.00127997645,0.00333325539,0.00128161527,0.000200835305,0.00110577612
1781681237.763316,2026-06-17T15:27:17.763,1781681237.442090,right,base,1,pelvis,1000,0.001,-0.0077319,-0.270548951,-0.0532203333,-0.706362373,-0.707850095,-0.000461288707,0.000477473827,-0.00193527622,5.65960428e-05,0.001064497,0.00310331021,0.00106581557,1.73777748e-05,0.000919214484,1,1,0.000131504248,0.000950462779,1,0.03621,,-0.00193527622,5.65960428e-05,0.001064497,0.00310331021,0.00106581557,1.73777748e-05,0.000919214484
1781681237.779952,2026-06-17T15:27:17.779,1781681237.442090,right,base,1,pelvis,1000,0.001,-0.0077319,-0.270548951,-0.0532203333,-0.706362373,-0.707850095,-0.000461288707,0.000477473827,-0.00195696996,5.80001776e-05,0.00109114477,0.00313216614,0.00109250183,3.98920252e-05,0.000942237193,1,1,0.000129760234,0.000884755949,1,0.028524,,-0.00195696996,5.80001776e-05,0.00109114477,0.00313216614,0.00109250183,3.98920252e-05,0.000942237193
1781681237.796831,2026-06-17T15:27:17.796,1781681237.442090,right,base,1,pelvis,1000,0.001,-0.0077319,-0.270548951,-0.0532203333,-0.706362373,-0.707850095,-0.000461288707,0.000477473827,-0.00196856742,5.87508266e-05,0.00110539064,0.00314759249,0.00110676827,5.19281194e-05,0.000954545108,1,1,0.000128863535,0.000849629495,1,0.039082,,-0.00196856742,5.87508266e-05,0.00110539064,0.00314759249,0.00110676827,5.19281194e-05,0.000954545108
1781681237.813499,2026-06-17T15:27:17.813,1781681237.442090,right,base,1,pelvis,1000,0.001,-0.0077319,-0.270548951,-0.0532203333,-0.706362373,-0.707850095,-0.000461288707,0.000477473827,-0.00197343497,5.90658805e-05,0.00111136976,0.00315406707,0.00111275602,5.69797737e-05,0.000959710848,1,1,0.00012849475,0.000834886687,1,0.043625,,-0.00197343497,5.90658805e-05,0.00111136976,0.00315406707,0.00111275602,5.69797737e-05,0.000959710848
1781681237.830255,2026-06-17T15:27:17.830,1781681237.442090,right,base,1,pelvis,1000,0.001,-0.0077319,-0.270548951,-0.0532203333,-0.706362373,-0.707850095,-0.000461288707,0.000477473827,-0.00197445977,5.9132211e-05,0.00111262858,0.0031554302,0.00111401666,5.80433325e-05,0.000960798426,1,1,0.000128417683,0.00083178279,1,0.029972,,-0.00197445977,5.9132211e-05,0.00111262858,0.0031554302,0.00111401666,5.80433325e-05,0.000960798426
1781681237.847008,2026-06-17T15:27:17.847,1781681237.442090,right,base,1,pelvis,1000,0.001,-0.0077319,-0.270548951,-0.0532203333,-0.706362373,-0.707850095,-0.000461288707,0.000477473827,-0.00197450101,5.91348806e-05,0.00111267925,0.00315548506,0.0011140674,5.80861373e-05,0.000960842197,1,1,0.000128414586,0.000831657868,1,0.039778,,-0.00197450101,5.91348806e-05,0.00111267925,0.00315548506,0.0011140674,5.80861373e-05,0.000960842197
1781681237.863775,2026-06-17T15:27:17.863,1781681237.442090,right,base,1,pelvis,1000,0.001,-0.0077319,-0.270548951,-0.0532203333,-0.706362373,-0.707850095,-0.000461288707,0.000477473827,-0.00197450101,5.91348806e-05,0.00111267925,0.00315548506,0.0011140674,5.80861373e-05,0.000960842197,1,1,0.000128414586,0.000831657868,1,0.039139,,-0.00197450101,5.91348806e-05,0.00111267925,0.00315548506,0.0011140674,5.80861373e-05,0.000960842197
1781681237.880463,2026-06-17T15:27:17.880,1781681237.775515,right,base,1,pelvis,1000,0.001,-0.00768113333,-0.270480185,-0.0532793333,-0.704990819,-0.709214993,7.64562804e-05,0.00142588817,-0.00197450101,5.91348806e-05,0.00111267925,0.00315548506,0.0011140674,5.80861373e-05,0.000960842197,1,1,4.21975734e-05,0.000840580772,3,0.063499,,-0.00659392979,0.000118481256,0.00302093186,0.0104924862,0.00302523291,-0.000582444441,0.00166062207
1781681237.897244,2026-06-17T15:27:17.897,1781681237.775515,right,base,1,pelvis,1000,0.001,-0.00768113333,-0.270480185,-0.0532793333,-0.704990819,-0.709214993,7.64562804e-05,0.00142588817,-0.00197450101,5.91348806e-05,0.00111267925,0.00315548506,0.0011140674,5.80861373e-05,0.000960842197,1,1,4.21975734e-05,0.000840580772,3,0.061089,,-0.00659392979,0.000118481256,0.00302093186,0.0104924862,0.00302523291,-0.000582444441,0.00166062207
1781681237.914043,2026-06-17T15:27:17.914,1781681237.775515,right,base,1,pelvis,1000,0.001,-0.00768113333,-0.270480185,-0.0532793333,-0.704990819,-0.709214993,7.64562804e-05,0.00142588817,-0.00198421655,5.92596973e-05,0.00111669266,0.00317091617,0.00111808694,5.67389795e-05,0.000962313968,1,1,4.21346704e-05,0.000839094858,3,0.072722,,-0.0066121389,0.000118557136,0.00302156687,0.0105253582,0.0030258823,-0.000596410322,0.00166082157
1781681237.930840,2026-06-17T15:27:17.930,1781681237.775515,right,base,1,pelvis,1000,0.001,-0.00768113333,-0.270480185,-0.0532793333,-0.704990819,-0.709214993,7.64562804e-05,0.00142588817,-0.00209570309,6.06919786e-05,0.00116274694,0.00334798933,0.00116421152,4.12802429e-05,0.000979202643,1,1,4.14113503e-05,0.000822044112,3,0.052057,,-0.00681771129,0.000119421375,0.0030288552,0.0108963983,0.00303333274,-0.000753880513,0.00166311492
1781681237.947690,2026-06-17T15:27:17.947,1781681237.775515,right,base,1,pelvis,1000,0.001,-0.00768113333,-0.270480185,-0.0532793333,-0.704990819,-0.709214993,7.64562804e-05,0.00142588817,-0.00245458533,6.53025835e-05,0.00131099861,0.00391799909,0.00131268949,-8.4824152e-06,0.00103356836,1,1,3.90780996e-05,0.000767159549,3,0.068161,,-0.00743743997,0.00012211949,0.00305233612,0.0120140863,0.00305729826,-0.00122609238,0.00167055049
1781681237.964511,2026-06-17T15:27:17.964,1781681237.775515,right,base,1,pelvis,1000,0.001,-0.00768113333,-0.270480185,-0.0532793333,-0.704990819,-0.709214993,7.64562804e-05,0.00142588817,-0.00308499956,7.34015934e-05,0.00157141816,0.00491928087,0.00157350657,-9.5895731e-05,0.00112906744,1,1,3.50606097e-05,0.000670759596,3,0.057866,,-0.0083760587,0.000126534795,0.00309365321,0.0137035881,0.00309933171,-0.00193173643,0.00168382001
1781681237.981274,2026-06-17T15:27:17.981,1781681237.775515,right,base,1,pelvis,1000,0.001,-0.00768113333,-0.270480185,-0.0532793333,-0.704990819,-0.709214993,7.64562804e-05,0.00142588817,-0.00353036964,7.83867262e-05,0.00172295534,0.00564526762,0.00172533781,-0.000211544821,0.00118447552,1,1,3.24760173e-05,0.000614658459,3,0.055084,,-0.00895126326,0.000129265332,0.00311767655,0.0147396871,0.00312381082,-0.00236629704,0.00169138253
1781681237.998128,2026-06-17T15:27:17.998,1781681237.775515,right,base,1,pelvis,1000,0.001,-0.00768113333,-0.270480185,-0.0532793333,-0.704990819,-0.709214993,7.64562804e-05,0.00142588817,-0.00411601322,8.42058383e-05,0.00188861608,0.00661918561,0.0018913969,-0.00041944491,0.00124482563,1,1,2.94362955e-05,0.000553318047,3,0.072129,,-0.00959867518,0.000132384353,0.00314392122,0.0159062975,0.00315059451,-0.00285669859,0.00169952217
1781681238.014858,2026-06-17T15:27:18.014,1781681237.775515,right,base,1,pelvis,1000,0.001,-0.00768113333,-0.270480185,-0.0532793333,-0.704990819,-0.709214993,7.64562804e-05,0.00142588817,-0.00480914698,9.06651229e-05,0.00206480206,0.00778326061,0.0020680636,-0.000698526429,0.00130883963,1,1,2.62861352e-05,0.000488074459,3,0.065213,,-0.0102152399,0.000135546876,0.00317185992,0.0170156189,0.00317906591,-0.00331881955,0.00170828108
1781681238.031615,2026-06-17T15:27:18.031,1781681237.775515,right,base,1,pelvis,1000,0.001,-0.00768113333,-0.270480185,-0.0532793333,-0.704990819,-0.709214993,7.64562804e-05,0.00142588817,-0.00557088685,9.73002652e-05,0.00223642817,0.00907517096,0.00224023232,-0.00104176812,0.00137097486,1,1,2.33359681e-05,0.000424509894,3,0.051626,,-0.0107492961,0.000138469936,0.00319909999,0.0179747307,0.00320679185,-0.00371402135,0.00171691955
1781681238.048353,2026-06-17T15:27:18.048,1781681237.925442,right,base,1,pelvis,1000,0.001,-0.00782036667,-0.270378418,-0.0531756667,-0.70440745,-0.709792338,0.00101443391,0.0019882373,-0.00637207497,0.000103898112,0.00239779765,0.0104449619,0.00240218864,-0.00143457774,0.00142916289,1,1,4.33276138e-05,0.00077092064,3,0.066281,,-0.0229137825,0.000485770665,0.00390820571,0.0397272767,0.00391996767,-0.0114885471,0.000953203012
1781681238.065201,2026-06-17T15:27:18.065,1781681237.975448,right,base,1,pelvis,1000,0.001,-0.00791023333,-0.270338585,-0.053081,-0.704293675,-0.70990217,0.00176112798,0.0024953807,-0.00719025788,0.00011036022,0.00254757575,0.0118524138,0.00255258374,-0.00186064756,0.00148294989,1,1,4.95573281e-05,0.000964764046,3,0.05793,,-0.0329361096,0.000667578777,0.00405921899,0.0575666678,0.0040741557,-0.0177876173,0.000512069697
1781681238.082028,2026-06-17T15:27:18.082,1781681238.008778,right,base,1,pelvis,1000,0.001,-0.00811826667,-0.270314651,-0.0529286667,-0.704705381,-0.709490261,0.00201699327,0.00313490001,-0.0102738734,0.000183983756,0.00281441539,0.0173190863,0.00282074793,-0.00374882093,0.0013790587,1,1,8.67371317e-05,0.000942566809,3,0.082012,,-0.0442588431,0.00061402473,0.00360835146,0.0783087076,0.0036314643,-0.0260657496,0.00102264405
1781681238.098814,2026-06-17T15:27:18.098,1781681238.008778,right,base,1,pelvis,1000,0.001,-0.00811826667,-0.270314651,-0.0529286667,-0.704705381,-0.709490261,0.00201699327,0.00313490001,-0.0148901736,0.000282492119,0.00306798203,0.0255175234,0.00307606724,-0.00660852541,0.00120245293,1,1,7.22088857e-05,0.000808591398,3,0.073056,,-0.0395507883,0.000615318904,0.0036500587,0.0696765742,0.00367152204,-0.0220261638,0.00100711625
1781681238.115426,2026-06-17T15:27:18.115,1781681238.008778,right,base,1,pelvis,1000,0.001,-0.00811826667,-0.270314651,-0.0529286667,-0.704705381,-0.709490261,0.00201699327,0.00313490001,-0.02110218,0.000352617281,0.00318227997,0.0366838166,0.0031935438,-0.0107240813,0.00116442009,1,1,8.49887724e-05,0.000669632716,3,0.059554,,-0.0374553091,0.00061796436,0.00366895299,0.0658223903,0.00368988438,-0.0201334106,0.00100852953
1781681238.132268,2026-06-17T15:27:18.132,1781681238.008778,right,base,1,pelvis,1000,0.001,-0.00811826667,-0.270314651,-0.0529286667,-0.704705381,-0.709490261,0.00201699327,0.00313490001,-0.0250695791,0.000409111634,0.00328287644,0.0437789555,0.00329633369,-0.01315461,0.00113059168,1,1,7.87466394e-05,0.000553511417,3,0.049674,,-0.0374695149,0.000626099882,0.00368488259,0.0658241011,0.00370609406,-0.0200094263,0.00100416185
1781681238.149070,2026-06-17T15:27:18.149,1781681238.008778,right,base,1,pelvis,1000,0.001,-0.0083374,-0.270097918,-0.052718,-0.704705381,-0.709490261,0.00201699327,0.00313490001,-0.0278922747,0.000456708962,0.0033708629,0.0488026323,0.0033860235,-0.0147450717,0.00110277384,1,1,0.000129998985,0.00045071409,3,0.057842,,-0.0469155691,0.00101098924,0.00368470905,0.0836778023,0.00371263062,-0.0283163762,0.000626220495
1781681238.165989,2026-06-17T15:27:18.165,1781681238.092116,right,base,1,pelvis,1000,0.001,-0.0083558,-0.270484118,-0.053076,-0.705092265,-0.709102333,0.00200433671,0.0038422241,-0.0303774625,0.000498615112,0.00344832889,0.0532256318,0.00346498916,-0.0161453631,0.00107828215,1,1,6.63752965e-05,0.000538037556,3,0.073242,,-0.0307081931,9.81276405e-05,0.00325776703,0.0537375753,0.00329402062,-0.0136821398,0.00238411588
1781681238.182692,2026-06-17T15:27:18.182,1781681238.092116,right,base,1,pelvis,1000,0.001,-0.0083558,-0.270484118,-0.053076,-0.705092265,-0.709102333,0.00200433671,0.0038422241,-0.0343115262,0.000620498017,0.0035045587,0.0604695553,0.0035238978,-0.0190405882,0.000970746304,1,1,5.99537751e-05,0.000479389803,3,0.054297,,-0.0321488437,0.000119883038,0.00326565347,0.0563772203,0.00330517996,-0.0148149447,0.00236495131
1781681238.199548,2026-06-17T15:27:18.199,1781681238.108781,right,base,1,pelvis,1000,0.001,-0.0083911,-0.270624968,-0.0531035,-0.705400893,-0.708791703,0.00201063041,0.00445633906,-0.0334494427,0.000495522926,0.00344551475,0.0588589551,0.00346890057,-0.0177586001,0.00130888951,1,1,6.81859187e-05,0.00060315286,3,0.066818,,-0.0302554064,-0.000337834153,0.00289219931,0.0526684029,0.0029471482,-0.0121815887,0.00357503881
1781681238.216215,2026-06-17T15:27:18.216,1781681238.142122,right,base,1,pelvis,1000,0.001,-0.00851875,-0.270345468,-0.0525605,-0.70567445,-0.708514935,0.00210350759,0.00507266866,-0.0331268837,0.000402361203,0.0034009077,0.0582434648,0.00342829654,-0.0170285498,0.00157080135,1,1,0.000134249308,0.000757781783,3,0.060477,,-0.0524938017,-2.91847885e-05,0.00253933545,0.0932276685,0.00262619825,-0.0295880884,0.0039216724
1781681238.233081,2026-06-17T15:27:18.233,1781681238.142122,right,base,1,pelvis,1000,0.001,-0.00851875,-0.270345468,-0.0525605,-0.70567445,-0.708514935,0.00210350759,0.00507266866,-0.0324261181,0.000221721297,0.00327676069,0.0568829069,0.00331087539,-0.0158456802,0.00205992259,1,1,0.000131620363,0.000652948334,3,0.053275,,-0.0524561518,-5.8774575e-05,0.00252108909,0.0931458542,0.00260773594,-0.0294598447,0.00400018889
1781681238.249811,2026-06-17T15:27:18.249,1781681238.192121,right,base,1,pelvis,1000,0.001,-0.0086303,-0.270118768,-0.0520005,-0.705850163,-0.708336545,0.00187123593,0.00560216472,-0.0375317047,0.000157886189,0.00308914619,0.0661296806,0.00313668097,-0.0193420008,0.00253358587,1,1,0.000221782336,0.000693905477,3,0.053331,,-0.0701043967,7.79226781e-05,0.00225800652,0.125499283,0.00239299868,-0.0437088105,0.00483353232
1781681238.266973,2026-06-17T15:27:18.266,1781681238.192121,right,base,1,pelvis,1000,0.001,-0.0086303,-0.270118768,-0.0520005,-0.705850163,-0.708336545,0.00187123593,0.00560216472,-0.0417493664,0.000105152799,0.00293416018,0.0737683254,0.00299278113,-0.0222302678,0.00292487323,1,1,0.000213948319,0.000584136757,3,0.067188,,-0.0702737164,6.45908593e-05,0.00223152442,0.125797265,0.00237309992,-0.0437521859,0.00489945092
1781681238.283360,2026-06-17T15:27:18.283,1781681238.208786,right,base,1,pelvis,1000,0.001,-0.00866395,-0.270400718,-0.0520125,-0.706073527,-0.708110409,0.00122804189,0.00618990032,-0.049199651,9.79980846e-05,0.0027565008,0.0873606351,0.00283518828,-0.0278737552,0.00342637343,1,1,0.000181069734,0.000699765249,3,0.05065,,-0.0707299899,-0.000793289111,0.00194252687,0.12675454,0.00214832199,-0.0442458479,0.00728568993
1781681238.300289,2026-06-17T15:27:18.300,1781681238.208786,right,base,1,pelvis,1000,0.001,-0.00866395,-0.270400718,-0.0520125,-0.706073527,-0.708110409,0.00122804189,0.00618990032,-0.055144009,9.2289553e-05,0.00261475172,0.0982055302,0.00270944969,-0.032376524,0.00382650536,1,1,0.000150107316,0.000606232497,3,0.06014,,-0.0717123403,-0.000797777308,0.00191709224,0.128545647,0.00213382546,-0.0449908875,0.00735163084
1781681238.316983,2026-06-17T15:27:18.316,1781681238.208786,right,base,1,pelvis,1000,0.001,-0.00866395,-0.270400718,-0.0520125,-0.706073527,-0.708110409,0.00122804189,0.00618990032,-0.0593206466,-0.000145022501,0.00243461294,0.105855922,0.00255908206,-0.0355571942,0.00475347687,1,1,0.00012362288,0.000474353682,3,0.056782,,-0.0724925381,-0.000838374305,0.00188778082,0.129973508,0.00211365864,-0.0455913079,0.00750139254
1781681238.333742,2026-06-17T15:27:18.333,1781681238.225452,right,base,1,pelvis,1000,0.001,-0.0086679,-0.270879818,-0.052208,-0.706228358,-0.707952993,0.000176710092,0.00663592424,-0.0625391601,-0.000314563503,0.0023001965,0.111749159,0.00244862951,-0.0380074217,0.00542829937,1,1,0.000106651396,0.000690284327,3,0.054624,,-0.0681190246,-0.00211500509,0.00169325544,0.122344918,0.00200033578,-0.0430270117,0.0106228945
1781681238.350534,2026-06-17T15:27:18.350,1781681238.292136,right,base,1,pelvis,1000,0.001,-0.0083187,-0.272677218,-0.051231,-0.707295965,-0.70686891,-0.00415536656,0.00717597929,-0.0652017228,-0.000454684687,0.00218987389,0.116624235,0.00235902366,-0.0400361373,0.00598285889,1,1,8.4077829e-05,0.000612049844,5,0.073355,,-0.0954466123,-0.00755538289,0.000243446842,0.173513118,0.000981320628,-0.0719504113,0.0229853168
1781681238.367523,2026-06-17T15:27:18.367,1781681238.292136,right,base,1,pelvis,1000,0.001,-0.0083187,-0.272677218,-0.051231,-0.707295965,-0.70686891,-0.00415536656,0.00717597929,-0.0659827731,-0.00089920289,0.00205691405,0.118155836,0.00226299202,-0.0408368852,0.00722513736,1,1,8.08248352e-05,0.000574624337,5,0.129159,,-0.0954701812,-0.00757246099,0.00024020598,0.173559667,0.000973982547,-0.0719752411,0.0230415263
1781681238.384097,2026-06-17T15:27:18.384,1781681238.342144,right,base,1,pelvis,1000,0.001,-0.00781285,-0.276429668,-0.049088,-0.710978104,-0.703116507,-0.00939063794,0.00700920242,-0.0737687779,-0.00265814031,0.00157769394,0.132784346,0.00192430229,-0.0490588301,0.0113898639,1,1,1.5278161e-05,0.000486439513,8,0.13276,,-0.136988054,-0.0176633833,-0.00459804028,0.251178725,-0.00311462185,-0.115459926,0.0401243973
1781681238.400908,2026-06-17T15:27:18.400,1781681238.342144,right,base,1,pelvis,1000,0.001,-0.00781285,-0.276429668,-0.049088,-0.710978104,-0.703116507,-0.00939063794,0.00700920242,-0.0799938892,-0.00406445609,0.00119454511,0.144480216,0.00165351113,-0.0556324869,0.01471967,1,1,3.15516795e-05,0.00057808365,7,0.120997,,-0.136825043,-0.0176183589,-0.0045450919,0.250861558,-0.00310597055,-0.115260669,0.0400435002
1781681238.417549,2026-06-17T15:27:18.417,1781681238.342144,right,base,1,pelvis,1000,0.001,-0.00781285,-0.276429668,-0.049088,-0.710978104,-0.703116507,-0.00939063794,0.00700920242,-0.0903420608,-0.00653355154,0.000142811693,0.16385298,0.000787782886,-0.0664950833,0.019332291,1,1,5.9669606e-05,0.000629248749,6,0.106705,,-0.136545013,-0.0175648344,-0.00454315431,0.250346824,-0.00308584057,-0.115001817,0.0399598982
1781681238.434337,2026-06-17T15:27:18.434,1781681238.342144,right,base,1,pelvis,1000,0.001,-0.00781285,-0.276429668,-0.049088,-0.710978104,-0.703116507,-0.00939063794,0.00700920242,-0.0994848961,-0.00871505121,-0.000786417721,0.180969239,2.28930977e-05,-0.0760924242,0.0234076421,1,1,4.84720443e-05,0.000512445148,6,0.098825,,-0.136630607,-0.0176103831,-0.00459046648,0.250530658,-0.00310326619,-0.115157108,0.0400725481
1781681238.495356,2026-06-17T15:27:18.495,1781681238.392141,right,base,1,pelvis,1000,0.001,-0.00932385,-0.277951318,-0.047613,-0.716409963,-0.69753008,-0.0135560904,0.00497836297,-0.107571932,-0.0106461976,-0.00160619017,0.196108398,-0.000655476052,-0.0845829977,0.0270195758,1,1,6.82765923e-07,0.000532462252,3267,44.215724,,0.111759409,-0.142041625,0.849309691,-0.292750732,-0.886634291,0.0680509743,-0.0545178124
1781681238.551000,2026-06-17T15:27:18.551,1781681238.408806,right,base,1,pelvis,1000,0.001,-0.0098184,-0.278654668,-0.047111,-0.719286406,-0.69452822,-0.015600059,0.00377568528,-0.127441276,-0.0153909043,-0.0036203201,0.0405026418,-0.00232218687,-0.105443809,0.0358938723,1,1,6.04883408e-07,0.000506409864,4048,54.006956,,0.0311331083,0.143432519,-1.43267924,-0.305743886,1.39821104,0.00162986038,0.186412514
1781681238.552484,2026-06-17T15:27:18.552,1781681238.492147,right,base,1,pelvis,1000,0.001,-0.0107148,-0.281880868,-0.0439165,-0.729416982,-0.683793062,-0.0192538232,0.00268423676,-0.0922440478,-0.0340269476,0.121884221,-0.0085339862,-0.132444452,-0.0799148877,0.0225902286,1,1,5.06078194e-07,0.000524328879,20,0.191331,,0.21674528,-0.0501983324,0.0929232073,-0.374878434,-0.167543406,0.135619281,0.0344565243
1781681238.569282,2026-06-17T15:27:18.569,1781681238.492147,right,base,1,pelvis,1000,0.001,-0.0107148,-0.281880868,-0.0439165,-0.729416982,-0.683793062,-0.0192538232,0.00268423676,-0.0920285602,-0.0337170011,0.119169057,-0.00905308593,-0.129771045,-0.0797724636,0.0228763567,1,1,5.06597206e-07,0.000524289221,20,0.198091,,0.216796537,-0.0496439942,0.0902483863,-0.374878592,-0.164791056,0.135694907,0.0349167263
1781681238.586073,2026-06-17T15:27:18.586,1781681238.508811,right,base,1,pelvis,1000,0.001,-0.01071005,-0.282953518,-0.043916,-0.731639399,-0.681393782,-0.0199129808,0.00312688453,-0.085213602,-0.0340807611,0.118589784,-0.0171272299,-0.13060472,-0.075018545,0.023131943,1,1,5.09036221e-07,0.000519457336,20,0.184364,,0.216444851,-0.0515344122,0.0871346443,-0.37388934,-0.168769566,0.135276016,0.0385730974
1781681238.602823,2026-06-17T15:27:18.602,1781681238.525478,right,base,1,pelvis,1000,0.001,-0.0102332,-0.283366068,-0.0439445,-0.733733299,-0.679116294,-0.020590441,0.00354110076,-0.0781409361,-0.0344452309,0.117926067,-0.0255052793,-0.131405318,-0.0700839231,0.0234079265,1,1,5.1558356e-07,0.000514390725,20,0.199774,,0.215148289,-0.0521501101,0.0841549976,-0.372816132,-0.172211461,0.13557718,0.0409696944
1781681238.619626,2026-06-17T15:27:18.619,1781681238.542146,right,base,1,pelvis,1000,0.001,-0.0095439,-0.283477218,-0.044106,-0.735760336,-0.676895133,-0.0212904778,0.00405249892,-0.0709713288,-0.0348611461,0.117176668,-0.0339842251,-0.132314686,-0.0650858879,0.0237770154,1,1,5.22750597e-07,0.000509778156,20,0.201383,,0.212010451,-0.0521150542,0.0813176292,-0.369187929,-0.175386007,0.135264403,0.0431857787
1781681238.636359,2026-06-17T15:27:18.636,1781681238.542146,right,base,1,pelvis,1000,0.001,-0.0095439,-0.283477218,-0.044106,-0.735760336,-0.676895133,-0.0212904778,0.00405249892,-0.0635711624,-0.035308306,0.116322599,-0.0427477363,-0.133346572,-0.0598959603,0.0242216849,1,1,5.04014981e-07,0.000496647403,20,0.191486,,0.21200529,-0.0521325866,0.0813985897,-0.369186445,-0.175474351,0.13527635,0.0431749528
1781681241.249364,2026-06-17T15:27:21.249,1781681241.142289,right,base,1,pelvis,1000,0.001,-0.00768,-0.270748118,-0.05335,0.707388045,0.706824957,0.000562863772,0.000563312174,-0.056223269,-0.035756428,0.115389254,-0.0514516833,-0.134467479,-0.0546923564,0.0247273287,1,1,1.54183483e-05,0.000493585189,20,0.169851,,-0.00912171237,0.00116458866,0.124921019,0.0170168234,-0.124976122,-0.00825371855,0.000941233103
1781681241.266269,2026-06-17T15:27:21.266,1781681241.175621,right,base,1,pelvis,1000,0.001,-0.00875275,-0.270224968,-0.052855,0.706352989,0.707858192,-0.000995183883,0.00111501472,-0.056223269,-0.035756428,0.115389254,-0.0514516833,-0.134467479,-0.0546923564,0.0247273287,1,1,2.26086334e-05,0.000498542674,20,0.186796,,-0.0437547751,0.0075852091,0.126231193,0.0837907307,-0.123670412,-0.0384429356,-0.000123114266
1781681241.283048,2026-06-17T15:27:21.283,1781681241.175621,right,base,1,pelvis,1000,0.001,-0.00875275,-0.270224968,-0.052855,0.706352989,0.707858192,-0.000995183883,0.00111501472,-0.056163377,-0.0357094811,0.115401374,-0.0513646221,-0.13445541,-0.0546333074,0.0246970835,1,1,2.27909844e-05,0.000497911951,20,0.193981,,-0.0437457179,0.00758404573,0.126231554,0.0837737794,-0.123670599,-0.0384345438,-0.000124024296
1781681241.299851,2026-06-17T15:27:21.299,1781681241.225623,right,base,1,pelvis,1000,0.001,-0.00945205,-0.269612268,-0.052402,0.705616177,0.708586852,-0.00281586812,0.00159869147,-0.0561193632,-0.0355559133,0.115439788,-0.0508852213,-0.134417155,-0.0545758795,0.0246090454,1,1,5.97203654e-05,0.000501134198,20,0.167951,,0.0646588443,-0.0041230278,0.127469364,-0.114180772,-0.12270847,0.0514788595,-0.0163951505
1781681241.316585,2026-06-17T15:27:21.316,1781681241.225623,right,base,1,pelvis,1000,0.001,-0.00945205,-0.269612268,-0.052402,0.705616177,0.708586852,-0.00281586812,0.00159869147,-0.0559572778,-0.0349903831,0.115581251,-0.0491197754,-0.134276278,-0.0543643953,0.0242848354,1,1,5.68716059e-05,0.000494879038,20,0.181444,,0.0647582691,-0.0041359651,0.127466134,-0.114366912,-0.122707849,0.0515705789,-0.0164051909
1781681241.333473,2026-06-17T15:27:21.333,1781681241.225623,right,base,1,pelvis,1000,0.001,-0.00945205,-0.269612268,-0.052402,0.705616177,0.708586852,-0.00281586812,0.00159869147,-0.0530952863,-0.0342579594,0.115863333,-0.0506635492,-0.134001796,-0.051852936,0.0233195766,1,1,3.19965465e-05,0.000526250929,19,0.178666,,0.0656657297,-0.00425434197,0.127496489,-0.116023701,-0.122757339,0.0522759225,-0.0164985164
1781681241.350125,2026-06-17T15:27:21.350,1781681241.225623,right,base,1,pelvis,1000,0.001,-0.00945205,-0.269612268,-0.052402,0.705616177,0.708586852,-0.00281586812,0.00159869147,-0.048035024,-0.0329629674,0.11636208,-0.0533930824,-0.133516486,-0.0474124464,0.0216129109,1,1,1.43511729e-05,0.000503984263,19,0.174329,,0.0662779528,-0.00433711194,0.127543264,-0.117162653,-0.122810388,0.0528153897,-0.0165641097
1781681241.366939,2026-06-17T15:27:21.366,1781681241.225623,right,base,1,pelvis,1000,0.001,-0.00945205,-0.269612268,-0.052402,0.705616177,0.708586852,-0.00281586812,0.00159869147,-0.042162518,-0.0314802017,0.116937159,-0.0566278779,-0.132960789,-0.0422636631,0.0196445019,1,1,9.57059459e-06,0.000519656669,18,0.169327,,0.0664539048,-0.00436210091,0.127583815,-0.117480105,-0.122855431,0.0529383187,-0.016583711
1781681241.383615,2026-06-17T15:27:21.383,1781681241.225623,right,base,1,pelvis,1000,0.001,-0.00945205,-0.269612268,-0.052402,0.705616177,0.708586852,-0.00281586812,0.00159869147,-0.034740673,-0.0296224838,0.117663058,-0.0607709779,-0.132266079,-0.0357562956,0.0171663247,1,1,9.3847588e-06,0.000637037955,17,0.166156,,0.0665213872,-0.004370195,0.127619954,-0.117550551,-0.122906028,0.0528236678,-0.0165889344
1781681241.400362,2026-06-17T15:27:21.400,1781681241.308963,right,base,1,pelvis,1000,0.001,-0.0092348,-0.269672968,-0.0523865,0.705340752,0.708849785,-0.00459201685,0.00230646673,-0.0256951691,-0.0273583575,0.118547761,-0.0658204539,-0.131419389,-0.0278253272,0.0141460027,1,1,6.5788196e-06,0.000639171004,16,0.151433,,0.0657604449,-0.00359424542,0.127989809,-0.11762391,-0.122508262,0.0551877906,-0.0208622878
1781681241.417044,2026-06-17T15:27:21.417,1781681241.325624,right,base,1,pelvis,1000,0.001,-0.0081921,-0.270404718,-0.052844,0.70533482,0.708844806,-0.0057226247,0.0030141534,-0.0149741445,-0.0246748415,0.119596339,-0.0718052566,-0.130415864,-0.0184252862,0.0105662191,1,1,7.8269025e-06,0.000511398711,15,0.152283,,0.0443265109,-0.00181956979,0.127958813,-0.0821374073,-0.12238726,0.0421446115,-0.0207652373
1781681241.433895,2026-06-17T15:27:21.433,1781681241.325624,right,base,1,pelvis,1000,0.001,-0.0081921,-0.270404718,-0.052844,0.70533482,0.708844806,-0.0057226247,0.0030141534,-0.00473007288,-0.0220000136,0.120661351,-0.0776189924,-0.129412502,-0.00908483334,0.00657838843,1,1,6.81727968e-06,0.000639659081,13,0.140893,,0.044466265,-0.00183793136,0.127977216,-0.0823371469,-0.1224225,0.0420759564,-0.0207643262
1781681241.450493,2026-06-17T15:27:21.450,1781681241.342293,right,base,1,pelvis,1000,0.001,-0.0069749,-0.271518818,-0.053582,0.705454272,0.708718795,-0.00604069663,0.00393059493,0.00309713839,-0.0187801278,0.121825696,-0.0783399269,-0.128291591,-0.000910931749,0.00221558289,1,1,0.000317549606,0.000576659392,12,0.119117,,-0.015154192,0.00390428359,0.12780447,0.0235577877,-0.122451168,-0.00415967051,-0.0149887542
1781681241.624719,2026-06-17T15:27:21.624,1781681241.408963,right,base,1,pelvis,1000,0.001,-0.0066754,-0.272200718,-0.054595,0.705837235,0.708335269,-0.00475862889,0.00568327437,0.0106100433,-0.0156895384,0.122943286,-0.079031912,-0.127215691,0.00693474198,-0.00197203161,0,1,0.00126531506,0.000237183781,11000,156.713255,ik_7dof returned an approximate solution outside the exact threshold,0.000598736416,0.000828138525,0.128091079,-0.00470154961,-0.123540046,0.00438706426,-0.0161711889
1781681241.788953,2026-06-17T15:27:21.788,1781681241.508973,right,base,1,pelvis,1000,0.001,-0.0051007,-0.272347518,-0.0555575,0.709316924,0.704825998,-0.00264533036,0.0091003579,-0.0143339874,0.00328051418,0.127649714,0.0202918441,-0.122602847,-0.00380647984,-0.0145743668,0,1,0.0021751977,0.000425139955,11000,161.446509,ik_7dof returned an approximate solution outside the exact threshold,-0.00428141733,0.00137363119,0.123616428,0.00254877363,-0.128693682,-0.00583821809,-0.0176589527
1781681241.950033,2026-06-17T15:27:21.950,1781681241.508973,right,base,1,pelvis,1000,0.001,-0.0051007,-0.272347518,-0.0555575,0.709316924,0.704825998,-0.00264533036,0.0091003579,-0.015154192,0.00390428359,0.12780447,0.0235577877,-0.122451168,-0.00415967051,-0.0149887542,0,1,0.00217469133,1.6282588e-05,11000,159.019023,ik_7dof returned an approximate solution outside the exact threshold,-0.00308915137,0.00138645278,0.759846172,0.00047795168,-0.765346885,-0.00485413297,-0.0176553222
1781681242.114704,2026-06-17T15:27:22.114,1781681241.575642,right,base,1,pelvis,1000,0.001,-0.0056715,-0.271415668,-0.0558945,0.711004136,0.703123667,-0.00137481812,0.00939880265,-0.015154192,0.00390428359,0.12780447,0.0235577877,-0.122451168,-0.00415967051,-0.0149887542,0,1,0.00249352968,1.7335672e-05,11000,162.824386,ik_7dof returned an approximate solution outside the exact threshold,-0.00119464708,0.00235824603,1.19274378,-0.000345003159,-1.20300695,-0.00854937575,-0.0178675646
1781681242.275517,2026-06-17T15:27:22.275,1781681241.658977,right,base,1,pelvis,1000,0.001,-0.00319255,-0.270289468,-0.0572105,0.713162887,0.700939352,0.00402686908,0.00815514953,-0.015154192,0.00390428359,0.12780447,0.0235577877,-0.122451168,-0.00415967051,-0.0149887542,0,1,0.00393945325,0.000948206091,11000,158.546197,ik_7dof returned an approximate solution outside the exact threshold,-0.00238736201,-0.0257788988,1.50267638,-0.0510945808,-1.51793262,-0.0101207618,-0.0309957586
1781681242.438382,2026-06-17T15:27:22.438,1781681241.658977,right,base,1,pelvis,1000,0.001,-0.00319255,-0.270289468,-0.0572105,0.713162887,0.700939352,0.00402686908,0.00815514953,-0.015154192,0.00390428359,0.12780447,0.0235577877,-0.122451168,-0.00415967051,-0.0149887542,0,1,0.003806079,0.000596407016,11000,160.951166,ik_7dof returned an approximate solution outside the exact threshold,0.00927092371,0.00281978693,-0.0476379986,-0.0248941464,0.0306480371,-0.000114752924,-0.00759336986
1781681242.604683,2026-06-17T15:27:22.604,1781681241.758984,right,base,1,pelvis,1000,0.001,-0.0018574,-0.268968518,-0.057439,0.713743907,0.700272626,0.0115306182,0.00741140969,-0.015154192,0.00390428359,0.12780447,0.0235577877,-0.122451168,-0.00415967051,-0.0149887542,0,1,0.00394739471,1.91969226e-05,11000,163.471985,ik_7dof returned an approximate solution outside the exact threshold,-0.00422888718,0.00204680456,1.90426345,0.000820970796,-1.92256322,-0.0206897348,0.00470594878
1781681242.767482,2026-06-17T15:27:22.767,1781681241.842317,right,base,1,pelvis,1000,0.001,-0.00109345,-0.268069368,-0.0583055,0.714233066,0.699625347,0.0176163063,0.00922858385,-0.015154192,0.00390428359,0.12780447,0.0235577877,-0.122451168,-0.00415967051,-0.0149887542,0,1,0.00477965721,0.000538838192,11000,161.30235,ik_7dof returned an approximate solution outside the exact threshold,-0.00335445778,0.00171989644,-0.0689043901,0.000875373659,0.0484020451,-0.0340347631,0.0103310512
1781681242.933030,2026-06-17T15:27:22.933,1781681242.075662,right,base,1,pelvis,1000,0.001,-0.0008339,-0.267663168,-0.0591125,0.713949628,0.699614277,0.0249188667,0.0139585868,-0.015154192,0.00390428359,0.12780447,0.0235577877,-0.122451168,-0.00415967051,-0.0149887542,0,1,0.00579092007,0.00247303183,11000,163.222124,ik_7dof returned an approximate solution outside the exact threshold,-0.0307356148,0.00547927147,0.116341864,0.0582602502,-0.134028167,-0.0803427307,0.0178454957
1781681243.096097,2026-06-17T15:27:23.096,1781681242.275705,right,base,1,pelvis,1000,0.001,0.00047735,-0.268689568,-0.0568145,0.71563258,0.69768257,0.0286456175,0.0169844389,-0.015154192,0.00390428359,0.12780447,0.0235577877,-0.122451168,-0.00415967051,-0.0149887542,0,1,0.00327317335,8.72459503e-06,11000,161.067111,ik_7dof returned an approximate solution outside the exact threshold,0.00102429408,-0.00045737913,1.75689264,0.000167664883,-1.7820657,-0.0637198613,0.017925147
1781681243.098013,2026-06-17T15:27:23.098,1781681242.375705,right,base,1,pelvis,1000,0.001,0.0007281,-0.276505818,-0.050478,0.71850395,0.694643573,0.0313294263,0.0155192547,-0.015154192,0.00390428359,0.12780447,0.0235577877,-0.122451168,-0.00415967051,-0.0149887542,1,1,3.85277993e-06,0.000620892446,12,0.166141,,-0.114804382,-0.00447994141,0.106987799,0.212366383,-0.141763466,-0.159209348,0.053653091
1781681243.138315,2026-06-17T15:27:23.138,1781681242.992414,right,base,1,pelvis,1000,0.001,-0.0026535,-0.345390718,-0.02896,-0.783514517,-0.615641011,-0.0826224079,0.0162691524,-0.015154192,0.00390428359,0.12780447,0.0235577877,-0.122451168,-0.00415967051,-0.0149887542,1,1,3.00792222e-07,0.000528779178,2047,23.44112,,0.280482369,-0.176854635,-0.0464827733,-0.46755966,-0.260447518,0.155559912,0.278675664
1781681243.148784,2026-06-17T15:27:23.148,1781681243.042416,right,base,1,pelvis,1000,0.001,-0.0031751,-0.347587868,-0.028516,-0.787293386,-0.610088735,-0.0872340993,0.0187369114,-0.0156312041,0.00386414942,0.127704823,0.0244615892,-0.122543613,-0.00490187257,-0.0146601749,1,1,1.0195946e-06,0.000512913444,1130,9.550296,,0.229812647,-0.0434225076,-0.626181532,-0.460221295,0.333916801,0.14922192,0.41761101
1781681243.167030,2026-06-17T15:27:23.167,1781681243.042416,right,base,1,pelvis,1000,0.001,-0.0031751,-0.347587868,-0.028516,-0.787293386,-0.610088735,-0.0872340993,0.0187369114,-0.0153737053,0.00370699729,0.12755335,0.02403373,-0.122663534,-0.00476233583,-0.0144050915,1,1,7.51591006e-07,0.000536137463,1214,11.133097,,0.0529830373,-0.440004682,1.45003428,-0.459710854,-1.71757922,-0.079841802,0.144798077
1781681243.183278,2026-06-17T15:27:23.183,1781681243.042416,right,base,1,pelvis,1000,0.001,-0.0031751,-0.347587868,-0.028516,-0.787293386,-0.610088735,-0.0872340993,0.0187369114,-0.0150204769,0.00363910005,0.12646748,0.0233360868,-0.12200576,-0.00454049801,-0.0137827064,1,1,1.01033045e-06,0.000517811383,1169,10.152818,,0.225768623,-0.0380205694,-0.652305365,-0.46014503,0.36110413,0.147184516,0.423014354
1781681243.197650,2026-06-17T15:27:23.197,1781681243.075753,right,base,1,pelvis,1000,0.001,-0.0037956,-0.349838868,-0.028184,-0.790174617,-0.6056811,-0.0913874228,0.0205625545,-0.0149951463,0.00347384743,0.126960495,0.0231561569,-0.122600095,-0.00456854695,-0.0137236367,1,1,7.51913983e-07,0.000541043468,1047,8.29397,,-0.173217054,-0.045745096,-2.48010184,-0.450750264,2.20277954,-0.169638115,0.529880393
1781681243.236781,2026-06-17T15:27:23.236,1781681243.075753,right,base,1,pelvis,1000,0.001,-0.0037956,-0.349838868,-0.028184,-0.790174617,-0.6056811,-0.0913874228,0.0205625545,-0.014858504,0.00345029781,0.126518233,0.0228818656,-0.122325575,-0.00448242149,-0.0134757718,1,1,1.09900037e-06,0.000537784444,2040,30.448015,,-0.179459514,-0.345169146,2.52285897,-0.449982224,-2.74013356,-0.234639346,0.28774009
1781681243.280435,2026-06-17T15:27:23.280,1781681243.092419,right,base,1,pelvis,1000,0.001,-0.00331765,-0.350797268,-0.0286565,-0.791026497,-0.604360849,-0.0926511971,0.0209952853,-0.0149356878,0.00342632004,0.125247769,0.0226510179,-0.121192321,-0.00456291817,-0.0132109407,1,1,8.41916742e-07,0.000536417567,3102,42.372538,,0.188676374,-0.379203781,0.830250322,-0.437200574,-1.16286587,0.0319390387,0.189447266
1781681243.305133,2026-06-17T15:27:23.305,1781681243.125757,right,base,1,pelvis,1000,0.001,-0.00304215,-0.351546618,-0.0288325,-0.792083592,-0.602728346,-0.0941234748,0.0215150271,-0.0151230158,0.00302940667,0.127977707,0.0221128742,-0.124174267,-0.00482488489,-0.0128682756,1,1,6.19339504e-07,0.000512376501,2036,23.593769,,-0.171680978,-0.340313175,2.53137063,-0.428962622,-2.75975505,-0.226122667,0.303721015
1781681243.331651,2026-06-17T15:27:23.331,1781681243.175762,right,base,1,pelvis,1000,0.001,-0.00304005,-0.352845918,-0.028635,-0.794863838,-0.598394296,-0.0979286621,0.0229286572,-0.0149045639,0.00261969211,0.128730471,0.0216205376,-0.125287637,-0.00478547776,-0.0126514142,1,1,1.51194296e-06,0.000541758253,2072,24.626181,,-0.192484268,-0.120554465,-2.75508995,-0.420959813,2.47490663,-0.19482887,0.504605367
1781681243.341797,2026-06-17T15:27:23.341,1781681243.175762,right,base,1,pelvis,1000,0.001,-0.00304005,-0.352845918,-0.028635,-0.794863838,-0.598394296,-0.0979286621,0.0229286572,-0.0151237754,0.00214018855,0.132089946,0.0209905127,-0.128971263,-0.00509496099,-0.0122090486,1,1,7.55493875e-07,0.000539916428,1085,9.024066,,0.223410797,-0.334454644,0.571716359,-0.420224266,-0.928218547,0.0687718799,0.236513847
1781681243.359640,2026-06-17T15:27:23.359,1781681243.242424,right,base,1,pelvis,1000,0.001,-0.0039781,-0.355275568,-0.028384,-0.798926077,-0.592184762,-0.102011917,0.0250579346,-0.0152070075,0.00208261019,0.130735046,0.0207831135,-0.127749311,-0.00518399964,-0.0119665171,1,1,4.42526269e-07,0.000506365876,1186,10.120654,,0.1823459,-0.378686115,0.828649564,-0.406228141,-1.19016814,0.0259167891,0.233892439
1781681243.374507,2026-06-17T15:27:23.374,1781681243.242424,right,base,1,pelvis,1000,0.001,-0.0039781,-0.355275568,-0.028384,-0.798926077,-0.592184762,-0.102011917,0.0250579346,-0.0149788738,0.00176085938,0.131156652,0.0203614827,-0.12851461,-0.00511329316,-0.0117289542,1,1,7.07314558e-08,0.000522973719,1051,8.281827,,0.136526055,-0.40874964,1.07606574,-0.406081678,-1.42099834,-0.0158695022,0.222923596
1781681243.407445,2026-06-17T15:27:23.407,1781681243.259094,right,base,1,pelvis,1000,0.001,-0.00504105,-0.355993518,-0.0278855,-0.800364093,-0.590032808,-0.103034562,0.0257387621,-0.0147914817,0.00139956274,0.131819035,0.019956366,-0.129522824,-0.00508382502,-0.0114956965,1,1,1.13110022e-06,0.000537880033,2052,23.918231,,0.251306725,-0.150924748,-0.297629634,-0.409907118,-0.0662810644,0.14193753,0.396805374
1781681243.432982,2026-06-17T15:27:23.432,1781681243.275761,right,base,1,pelvis,1000,0.001,-0.00577515,-0.356503418,-0.027595,-0.801452747,-0.588419952,-0.103705152,0.0260901559,-0.0143984096,0.000334132914,0.134271871,0.0188496623,-0.132877643,-0.00511184258,-0.0108867539,1,1,1.05184361e-06,0.000505355468,2086,24.323457,,0.0431242069,-0.439020708,1.52782721,-0.409877369,-1.84661805,-0.0945244893,0.235474079
1781681243.503965,2026-06-17T15:27:23.503,1781681243.275761,right,base,1,pelvis,1000,0.001,-0.00577515,-0.356503418,-0.027595,-0.801452747,-0.588419952,-0.103705152,0.0260901559,-0.0137137998,-5.5597237e-05,0.133159043,0.0177449375,-0.132706052,-0.00473295855,-0.00983630378,1,1,7.08400381e-07,0.000507787069,5058,69.787937,,0.261089491,-0.183339914,-0.15943712,-0.410806645,-0.215459093,0.13772329,0.373309618
1781681243.514030,2026-06-17T15:27:23.514,1781681243.342432,right,base,1,pelvis,1000,0.001,-0.0057335,-0.357526318,-0.0276705,-0.803200747,-0.585884416,-0.104527623,0.0261148775,-0.0131341893,-0.00453198238,0.147381294,0.0133842216,-0.15018382,-0.00564861555,-0.00733472968,1,1,1.01687839e-07,0.000501726785,1054,8.353344,,0.244247893,-0.303767953,0.376937976,-0.403637356,-0.768034295,0.089811907,0.290047014
1781681243.591740,2026-06-17T15:27:23.591,1781681243.392433,right,base,1,pelvis,1000,0.001,-0.005267,-0.359521068,-0.027977,-0.807380048,-0.579863564,-0.105905091,0.0260732939,-0.0126219022,-0.00486601989,0.146808116,0.0125917754,-0.150305763,-0.00538077735,-0.00662363433,1,1,1.16156848e-06,0.000514558397,5064,69.85768,,-0.025384393,-0.424829849,1.84895724,-0.386535918,-2.1665824,-0.136467426,0.278679659
1781681243.601815,2026-06-17T15:27:23.601,1781681243.492455,right,base,1,pelvis,1000,0.001,-0.0053842,-0.360979268,-0.027959,-0.81142805,-0.574044345,-0.106510835,0.0267030287,-0.00791433416,-0.010343897,0.15102563,0.00496368138,-0.16162667,-0.00363621242,-0.00118664919,1,1,1.56904094e-07,0.000528584126,1054,8.76555,,0.247629861,-0.23217916,0.0180884659,-0.379079539,-0.431667505,0.123535535,0.355654436
1781681243.648586,2026-06-17T15:27:23.648,1781681243.492455,right,base,1,pelvis,1000,0.001,-0.0053842,-0.360979268,-0.027959,-0.81142805,-0.574044345,-0.106510835,0.0267030287,-0.00796683711,-0.0115895561,0.156128442,0.00378710344,-0.167652185,-0.00403541149,-0.000345563982,1,1,5.68021228e-07,0.000501223047,3071,38.969983,,0.155032695,-0.396658769,0.965628227,-0.378980774,-1.36226112,0.00342625048,0.25947551
1781681243.650557,2026-06-17T15:27:23.650,1781681243.542456,right,base,1,pelvis,1000,0.001,-0.00554025,-0.361382668,-0.027935,-0.812664299,-0.572243626,-0.106706396,0.026976195,-0.0040015658,-0.015011735,0.15398692,-0.00215260598,-0.171748061,-0.0020563037,0.00517734222,1,1,2.41971891e-06,0.000528192299,30,0.270124,,0.246842399,-0.221891168,-0.0348297379,-0.377030282,-0.381565933,0.127576081,0.365285548
1781681243.667352,2026-06-17T15:27:23.667,1781681243.575794,right,base,1,pelvis,1000,0.001,-0.005625,-0.361915518,-0.0278925,-0.813863436,-0.570544194,-0.106602971,0.0272293338,-0.00388802663,-0.0152842039,0.154566374,-0.00242163453,-0.172598003,-0.00205238954,0.00535889305,1,1,2.44288197e-06,0.000532423731,30,0.262615,,0.245993676,-0.222715877,-0.0360348938,-0.37516421,-0.384272093,0.128700942,0.366300724
1781681243.684246,2026-06-17T15:27:23.684,1781681243.575794,right,base,1,pelvis,1000,0.001,-0.005625,-0.361915518,-0.0278925,-0.813863436,-0.570544194,-0.106602971,0.0272293338,-0.00226482149,-0.0166217579,0.153340241,-0.00484681561,-0.173950841,-0.00121318704,0.00768902429,1,1,2.42935659e-06,0.000528832609,30,0.27967,,0.245994244,-0.222761777,-0.0358170078,-0.375161975,-0.384499349,0.128687256,0.366267464
1781681243.701002,2026-06-17T15:27:23.701,1781681243.575794,right,base,1,pelvis,1000,0.001,-0.005625,-0.361915518,-0.0278925,-0.813863436,-0.570544194,-0.106602971,0.0272293338,-0.000540214049,-0.0180534569,0.152024686,-0.0074193444,-0.175411905,-0.000310696793,0.0101802357,1,1,2.41279533e-06,0.000525242083,30,0.325563,,0.24599412,-0.222794863,-0.0356607991,-0.375159386,-0.384662925,0.128677539,0.36624456
1781681243.717631,2026-06-17T15:27:23.717,1781681243.575794,right,base,1,pelvis,1000,0.001,-0.005625,-0.361915518,-0.0278925,-0.813863436,-0.570544194,-0.106602971,0.0272293338,0.00127411807,-0.0195596417,0.150640688,-0.0101257119,-0.176948983,0.000638746543,0.0128010552,1,1,2.39461283e-06,0.000521410509,30,0.241678,,0.245993536,-0.222818334,-0.0355507857,-0.375156599,-0.384779126,0.12867084,0.36622929
1781681243.734532,2026-06-17T15:27:23.734,1781681243.575794,right,base,1,pelvis,1000,0.001,-0.005625,-0.361915518,-0.0278925,-0.813863436,-0.570544194,-0.106602971,0.0272293338,0.00318583284,-0.0211466697,0.149182404,-0.0129773413,-0.178568562,0.0016391504,0.0155625449,1,1,2.37535747e-06,0.000517160695,30,0.267775,,0.245992559,-0.22283236,-0.0354860694,-0.375153699,-0.384849132,0.128667153,0.366221374
1781681243.751416,2026-06-17T15:27:23.751,1781681243.642466,right,base,1,pelvis,1000,0.001,-0.00565765,-0.362470868,-0.0280335,-0.814750419,-0.569293997,-0.106415649,0.0276009092,0.0052053261,-0.0228240241,0.147645931,-0.0159896781,-0.180283668,0.00269570519,0.0184791292,1,1,2.42061845e-06,0.000515659026,30,0.282968,,0.242798958,-0.223653256,-0.0365934118,-0.369516961,-0.385907359,0.128447263,0.368050755
1781681243.768121,2026-06-17T15:27:23.768,1781681243.642466,right,base,1,pelvis,1000,0.001,-0.00565765,-0.362470868,-0.0280335,-0.814750419,-0.569293997,-0.106415649,0.0276009092,0.00735992416,-0.024613594,0.146006668,-0.0192035412,-0.182113514,0.00382294387,0.021590834,1,1,2.3983859e-06,0.000510595261,30,0.256196,,0.242797427,-0.223656435,-0.0365806404,-0.369513708,-0.385924674,0.128447046,0.368051433
1781681243.785031,2026-06-17T15:27:23.785,1781681243.692463,right,base,1,pelvis,1000,0.001,-0.00576995,-0.363081968,-0.028017,-0.815334907,-0.568433937,-0.106379531,0.0282000683,0.00952441744,-0.0264434521,0.144327946,-0.0224241246,-0.18398708,0.00496866935,0.0247759905,1,1,2.42903097e-06,0.000507871966,30,0.325653,,0.240979634,-0.224874675,-0.0373664257,-0.366048058,-0.386742841,0.129025237,0.370406224
1781681243.801835,2026-06-17T15:27:23.801,1781681243.692463,right,base,1,pelvis,1000,0.001,-0.00576995,-0.363081968,-0.028017,-0.815334907,-0.568433937,-0.106379531,0.0282000683,0.0118437514,-0.0284042121,0.142529134,-0.0258750979,-0.185994674,0.00619635623,0.0281890025,1,1,2.40420933e-06,0.000502332072,30,0.408628,,0.240977766,-0.224873535,-0.0373749727,-0.366044459,-0.386738615,0.129026402,0.370410517
1781681243.818403,2026-06-17T15:27:23.818,1781681243.725816,right,base,1,pelvis,1000,0.001,-0.0056951,-0.363824568,-0.027871,-0.815658738,-0.567863855,-0.106804108,0.02871145,0.0142290117,-0.0304494317,0.140656456,-0.0294162327,-0.188084423,0.00747498116,0.0317514177,1,1,2.43096763e-06,0.000498894701,30,0.240105,,0.239796766,-0.226537709,-0.0379850074,-0.363941867,-0.387459756,0.129590502,0.373536007
1781681243.835327,2026-06-17T15:27:23.835,1781681243.725816,right,base,1,pelvis,1000,0.001,-0.0056951,-0.363824568,-0.027871,-0.815658738,-0.567863855,-0.106804108,0.02871145,0.0166657702,-0.032538808,0.138743347,-0.0330338214,-0.190219291,0.00878121188,0.0353907462,1,1,2.64377385e-06,0.000535931704,29,0.406343,,0.239808237,-0.22653506,-0.0379799337,-0.363970134,-0.387435317,0.129602247,0.37351055
1781681243.851883,2026-06-17T15:27:23.851,1781681243.725816,right,base,1,pelvis,1000,0.001,-0.0056951,-0.363824568,-0.027871,-0.815658738,-0.567863855,-0.106804108,0.02871145,0.0192566227,-0.0347913975,0.136691292,-0.0368761111,-0.19250952,0.010183971,0.0393170698,1,1,2.61151963e-06,0.000529200545,29,0.238639,,0.239805789,-0.226531662,-0.0380004121,-0.363965562,-0.387419733,0.129604209,0.373517489
1781681243.868588,2026-06-17T15:27:23.868,1781681243.775812,right,base,1,pelvis,1000,0.001,-0.00536265,-0.365018468,-0.0278165,-0.815982379,-0.567297533,-0.10740634,0.0284630338,0.0219052569,-0.0370942247,0.134593471,-0.0408040923,-0.194850825,0.0116180148,0.043330959,1,1,2.66880795e-06,0.000524749297,29,0.248214,,0.236699156,-0.228712556,-0.0387314235,-0.35875824,-0.388001352,0.127882147,0.377054862
1781681243.885398,2026-06-17T15:27:23.885,1781681243.775812,right,base,1,pelvis,1000,0.001,-0.00536265,-0.365018468,-0.0278165,-0.815982379,-0.567297533,-0.10740634,0.0284630338,0.0246120676,-0.0394476328,0.132449573,-0.0448183505,-0.197243557,0.0130835569,0.0474330121,1,1,2.6341964e-06,0.000517768244,29,0.238286,,0.23669652,-0.228708468,-0.0387558161,-0.358753335,-0.387981931,0.12788422,0.377062586
1781681243.902115,2026-06-17T15:27:23.902,1781681243.809150,right,base,1,pelvis,1000,0.001,-0.00406845,-0.368109268,-0.0281555,-0.816508502,-0.56652153,-0.107811205,0.0272757474,0.0274192507,-0.0419527419,0.130183822,-0.0489736566,-0.199768426,0.0146030302,0.0517958845,1,1,2.89348004e-06,0.000512595332,29,0.262902,,0.223149112,-0.233858077,-0.03929786,-0.337813594,-0.387585772,0.121187613,0.384110818
1781681243.918898,2026-06-17T15:27:23.918,1781681243.809150,right,base,1,pelvis,1000,0.001,-0.00406845,-0.368109268,-0.0281555,-0.816508502,-0.56652153,-0.107811205,0.0272757474,0.0303018008,-0.0445251079,0.127857241,-0.0532405238,-0.202361082,0.0161632982,0.0562758908,1,1,2.85207728e-06,0.000505047261,29,0.295999,,0.223146009,-0.233853374,-0.0393273935,-0.337807834,-0.387561533,0.121189691,0.384119516
1781681243.935565,2026-06-17T15:27:23.935,1781681243.809150,right,base,1,pelvis,1000,0.001,-0.00406845,-0.368109268,-0.0281555,-0.816508502,-0.56652153,-0.107811205,0.0272757474,0.0331357818,-0.047307444,0.125400819,-0.0574224575,-0.205083045,0.0177066793,0.0610935776,1,1,3.08504813e-06,0.000540293318,28,0.254644,,0.223158046,-0.233846561,-0.0393457569,-0.337837686,-0.387514979,0.121205174,0.384097808
1781681243.952433,2026-06-17T15:27:23.952,1781681243.875813,right,base,1,pelvis,1000,0.001,-0.0038702,-0.370600618,-0.028401,-0.817192183,-0.565581791,-0.107883513,0.0259869495,0.0359302106,-0.0500509487,0.12297868,-0.0615460266,-0.207767019,0.0192285205,0.0658440269,1,1,3.32097411e-06,0.000534292064,28,0.322924,,0.213817876,-0.237697534,-0.0403060251,-0.320840055,-0.387667145,0.114167659,0.389315378
1781681243.969003,2026-06-17T15:27:23.969,1781681243.892477,right,base,1,pelvis,1000,0.001,-0.0037092,-0.372393218,-0.0284885,-0.817709215,-0.564797075,-0.108280747,0.0251233619,0.0389158935,-0.0529822221,0.120390767,-0.0659518175,-0.210634688,0.0208545183,0.0709196026,1,1,3.50459632e-06,0.000527961373,28,0.249326,,0.207495132,-0.24060666,-0.0411572001,-0.309131101,-0.388027322,0.109088477,0.393767472
1781681243.985891,2026-06-17T15:27:23.985,1781681243.892477,right,base,1,pelvis,1000,0.001,-0.0037092,-0.372393218,-0.0284885,-0.817709215,-0.564797075,-0.108280747,0.0251233619,0.0417123744,-0.0559356069,0.11782141,-0.0700271864,-0.213465232,0.0223464877,0.0760103837,1,1,3.44727951e-06,0.000518980803,28,0.289859,,0.207490999,-0.24059956,-0.0412042774,-0.309123506,-0.387986391,0.109090882,0.393779063
1781681244.002589,2026-06-17T15:27:24.002,1781681243.942479,right,base,1,pelvis,1000,0.001,-0.00293885,-0.375813318,-0.028223,-0.819116766,-0.562625933,-0.109355178,0.0232643054,0.0445574187,-0.0591047984,0.115093134,-0.0741305155,-0.216460941,0.0238350913,0.0814635019,1,1,3.68310409e-06,0.000517527108,28,0.338604,,0.200031524,-0.246128341,-0.0442307455,-0.29607305,-0.390284326,0.103759505,0.400687617
1781681244.019326,2026-06-17T15:27:24.019,1781681243.959146,right,base,1,pelvis,1000,0.001,-0.00282575,-0.377385468,-0.0281495,-0.8198998,-0.561470816,-0.109642459,0.0222120004,0.0474243519,-0.0622983729,0.112343867,-0.0782654146,-0.219479698,0.0253351477,0.0869585751,1,1,3.76983052e-06,0.000511806657,28,0.23259,,0.19652428,-0.248483021,-0.0458342293,-0.289163567,-0.391425365,0.100529332,0.403452726
1781681244.036132,2026-06-17T15:27:24.036,1781681243.975813,right,base,1,pelvis,1000,0.001,-0.00285635,-0.380118218,-0.028429,-0.820856078,-0.56007504,-0.10983401,0.0211598376,0.0502252165,-0.0656722828,0.109470186,-0.082262931,-0.222614548,0.0267745034,0.092716578,1,1,4.36740226e-06,0.000506122203,28,0.258115,,0.183208867,-0.252998061,-0.0466646534,-0.264402663,-0.391453354,0.0907540631,0.411100301
1781681244.053063,2026-06-17T15:27:24.053,1781681243.975813,right,base,1,pelvis,1000,0.001,-0.00285635,-0.380118218,-0.028429,-0.820856078,-0.56007504,-0.10983401,0.0211598376,0.0530275622,-0.0691740065,0.106495344,-0.0862260946,-0.225848105,0.0281872707,0.0986687017,1,1,4.6876708e-06,0.000538981191,27,0.241139,,0.183225103,-0.252990251,-0.0466983278,-0.264440329,-0.391394574,0.0907752327,0.411079705
1781681244.069712,2026-06-17T15:27:24.069,1781681243.975813,right,base,1,pelvis,1000,0.001,-0.00285635,-0.380118218,-0.028429,-0.820856078,-0.56007504,-0.10983401,0.0211598376,0.0556808636,-0.0729206322,0.1033737,-0.0898576156,-0.229223402,0.0294624811,0.105036553,1,1,4.59235735e-06,0.000527396149,27,0.21136,,0.183218727,-0.252982231,-0.0467614048,-0.264428515,-0.39133952,0.0907767498,0.411094006
1781681244.086670,2026-06-17T15:27:24.086,1781681244.009149,right,base,1,pelvis,1000,0.001,-0.00353035,-0.383025318,-0.028549,-0.82221471,-0.558047063,-0.110149868,0.0203335404,0.0582324345,-0.0765236081,0.100371744,-0.0933499,-0.232469287,0.0306887986,0.111160254,1,1,5.47548324e-06,0.000523392794,27,0.24027,,0.170590873,-0.257953339,-0.0482715726,-0.238614774,-0.392184979,0.0803450267,0.420193287
1781681244.103275,2026-06-17T15:27:24.103,1781681244.009149,right,base,1,pelvis,1000,0.001,-0.00353035,-0.383025318,-0.028549,-0.82221471,-0.558047063,-0.110149868,0.0203335404,0.0609283925,-0.0803304675,0.0971999144,-0.0970398042,-0.235898849,0.0319845103,0.11763048,1,1,5.35912236e-06,0.000511660147,27,0.21108,,0.170583401,-0.257947291,-0.0483268818,-0.238600776,-0.392137732,0.08034489,0.420206705
1781681244.120183,2026-06-17T15:27:24.120,1781681244.009149,right,base,1,pelvis,1000,0.001,-0.00353035,-0.383025318,-0.028549,-0.82221471,-0.558047063,-0.110149868,0.0203335404,0.0633210242,-0.0842058688,0.0940259965,-0.100128707,-0.239308722,0.033039647,0.124231839,1,1,5.24431349e-06,0.000500001625,27,0.240175,,0.170575994,-0.257940395,-0.0483884783,-0.238586949,-0.392084117,0.0803449741,0.420220655
1781681244.136913,2026-06-17T15:27:24.136,1781681244.042486,right,base,1,pelvis,1000,0.001,-0.00446125,-0.384959568,-0.028491,-0.823803369,-0.555515017,-0.11112594,0.0200524263,0.065792594,-0.0882091278,0.0907473645,-0.10331952,-0.242831094,0.0341295949,0.13105099,1,1,6.07352145e-06,0.000498128891,27,0.235439,,0.162715888,-0.261469313,-0.0507297712,-0.22013325,-0.394184175,0.0724462565,0.428666505
1781681244.153785,2026-06-17T15:27:24.153,1781681244.075817,right,base,1,pelvis,1000,0.001,-0.0054899,-0.386137318,-0.0283055,-0.825466902,-0.552618711,-0.113070204,0.0207865902,0.0682665997,-0.0922163325,0.087465501,-0.106513477,-0.246356938,0.035220617,0.137876863,1,1,7.07494594e-06,0.000499303387,27,0.233075,,0.157068714,-0.26429405,-0.0533528461,-0.205049433,-0.397046622,0.0662825632,0.438728232
1781681244.170639,2026-06-17T15:27:24.170,1781681244.075817,right,base,1,pelvis,1000,0.001,-0.0054899,-0.386137318,-0.0283055,-0.825466902,-0.552618711,-0.113070204,0.0207865902,0.0705867363,-0.0963740136,0.0840707491,-0.109304535,-0.249988298,0.0361350608,0.145020079,1,1,7.53117532e-06,0.000529198646,26,0.347295,,0.157092705,-0.26428617,-0.0533970932,-0.205100556,-0.396982329,0.0663100067,0.438706089
1781681244.204063,2026-06-17T15:27:24.204,1781681244.142489,right,base,1,pelvis,1000,0.001,-0.00699225,-0.389161418,-0.027449,-0.828467902,-0.546935905,-0.118075296,0.0236701634,0.072785336,-0.100642983,0.0805770792,-0.111738622,-0.253726908,0.0369014898,0.152486914,1,1,1.02767735e-05,0.000502305263,27,0.229996,,0.14387049,-0.272496214,-0.0578815822,-0.173187986,-0.402410713,0.0562605696,0.464431095
1781681244.220841,2026-06-17T15:27:24.220,1781681244.142489,right,base,1,pelvis,1000,0.001,-0.00699225,-0.389161418,-0.027449,-0.828467902,-0.546935905,-0.118075296,0.0236701634,0.0771859887,-0.109187628,0.073584252,-0.11661062,-0.261210001,0.0384355515,0.167432312,1,1,1.06546022e-05,0.000518168187,26,0.226731,,0.143890101,-0.272483499,-0.0579963784,-0.173229873,-0.402287438,0.0562887897,0.464420905
1781681244.237514,2026-06-17T15:27:24.237,1781681244.192494,right,base,1,pelvis,1000,0.001,-0.00732605,-0.391714568,-0.026975,-0.830512465,-0.543204436,-0.120384066,0.0261851636,0.0790716664,-0.113805603,0.0698667136,-0.118210493,-0.265202818,0.0389396002,0.175830725,1,1,1.60714133e-05,0.000521283075,26,0.215969,,0.125521094,-0.279385235,-0.0593340818,-0.138583923,-0.403887465,0.048314716,0.483056979
1781681244.254407,2026-06-17T15:27:24.254,1781681244.192494,right,base,1,pelvis,1000,0.001,-0.00732605,-0.391714568,-0.026975,-0.830512465,-0.543204436,-0.120384066,0.0261851636,0.0808977618,-0.118277662,0.0662666395,-0.119759813,-0.269069473,0.0394277224,0.183963771,1,1,1.56905977e-05,0.000506862347,26,0.223283,,0.125496134,-0.279382316,-0.05940283,-0.13853844,-0.403824,0.0483014897,0.483076803
1781681244.271269,2026-06-17T15:27:24.271,1781681244.192494,right,base,1,pelvis,1000,0.001,-0.00732605,-0.391714568,-0.026975,-0.830512465,-0.543204436,-0.120384066,0.0261851636,0.0822497215,-0.123158762,0.0624612958,-0.12033013,-0.273154074,0.0396969729,0.193025442,1,1,1.64842314e-05,0.000534139776,25,0.292741,,0.125544522,-0.279373207,-0.0594701562,-0.138632074,-0.4037467,0.0483463863,0.483046966
1781681244.288008,2026-06-17T15:27:24.288,1781681244.209160,right,base,1,pelvis,1000,0.001,-0.00740935,-0.392207368,-0.02701,-0.831422738,-0.541499845,-0.121405169,0.0278376242,0.083566977,-0.127914567,0.0587536336,-0.120885807,-0.277133825,0.039959312,0.201854505,1,1,2.24791699e-05,0.00052675613,25,0.241713,,0.111452347,-0.281681567,-0.0590320159,-0.113432552,-0.403350486,0.0414705615,0.492588379
1781681244.304638,2026-06-17T15:27:24.304,1781681244.209160,right,base,1,pelvis,1000,0.001,-0.00740935,-0.392207368,-0.02701,-0.831422738,-0.541499845,-0.121405169,0.0278376242,0.084896548,-0.132714835,0.0550113071,-0.121446679,-0.281150783,0.0402241037,0.210766113,1,1,2.19092391e-05,0.00051035712,25,0.207242,,0.111411741,-0.281680481,-0.059102123,-0.113359083,-0.403282807,0.0414457583,0.492614096
1781681244.321630,2026-06-17T15:27:24.321,1781681244.209160,right,base,1,pelvis,1000,0.001,-0.00740935,-0.392207368,-0.02701,-0.831422738,-0.541499845,-0.121405169,0.0278376242,0.0857475222,-0.137488438,0.0513568161,-0.121189869,-0.285066644,0.0402640461,0.21979704,1,1,2.28884649e-05,0.000537031419,24,0.286497,,0.111478624,-0.281671493,-0.0591677032,-0.113484906,-0.403213337,0.0415035634,0.492577674
1781681244.338253,2026-06-17T15:27:24.338,1781681244.209160,right,base,1,pelvis,1000,0.001,-0.00740935,-0.392207368,-0.02701,-0.831422738,-0.541499845,-0.121405169,0.0278376242,0.0866219065,-0.142393362,0.0476017909,-0.120925993,-0.289090228,0.0403050874,0.229076406,1,1,2.2244975e-05,0.000518996792,24,0.200622,,0.111432898,-0.281670606,-0.0592411501,-0.113402079,-0.403142203,0.0414750645,0.492606456
1781681244.355119,2026-06-17T15:27:24.355,1781681244.275828,right,base,1,pelvis,1000,0.001,-0.0082232,-0.392888018,-0.0265815,-0.83289541,-0.538665822,-0.123042978,0.0313814187,0.0874738115,-0.147172187,0.0439433029,-0.120668901,-0.293010371,0.0403450735,0.23811721,1,1,3.06191924e-05,0.000517539831,24,0.217243,,0.100655222,-0.285318559,-0.0597689382,-0.0917825014,-0.40423834,0.0389267049,0.506251749
1781681244.371963,2026-06-17T15:27:24.371,1781681244.325832,right,base,1,pelvis,1000,0.001,-0.00838235,-0.393395618,-0.02646,-0.833573091,-0.53734892,-0.123728358,0.0332164737,0.0883412668,-0.152038242,0.0402180343,-0.120407117,-0.297002071,0.0403857895,0.247323042,1,1,4.40605855e-05,0.000507380702,24,0.32569,,0.0867399202,-0.287828252,-0.0587041857,-0.0670392344,-0.403252189,0.0326494195,0.515441417
1781681244.388555,2026-06-17T15:27:24.388,1781681244.325832,right,base,1,pelvis,1000,0.001,-0.00838235,-0.393395618,-0.02646,-0.833573091,-0.53734892,-0.123728358,0.0332164737,0.0887918224,-0.156914839,0.0365596083,-0.11935977,-0.300925742,0.040332403,0.256796991,1,1,4.54555343e-05,0.000531780105,23,0.200499,,0.0868809841,-0.28781645,-0.0587844252,-0.0672939711,-0.403192445,0.0327591072,0.515381483
1781681244.405234,2026-06-17T15:27:24.405,1781681244.325832,right,base,1,pelvis,1000,0.001,-0.00838235,-0.393395618,-0.02646,-0.833573091,-0.53734892,-0.123728358,0.0332164737,0.0887151752,-0.161805008,0.0330011031,-0.117405377,-0.304748067,0.0400454111,0.266458453,1,1,4.43460824e-05,0.000512568673,23,0.186491,,0.0867680496,-0.287821172,-0.0588571279,-0.0670929631,-0.403102837,0.0326813341,0.515431585
1781681244.422225,2026-06-17T15:27:24.422,1781681244.325832,right,base,1,pelvis,1000,0.001,-0.00838235,-0.393395618,-0.02646,-0.833573091,-0.53734892,-0.123728358,0.0332164737,0.0886386505,-0.16668736,0.0294482862,-0.115454108,-0.308564282,0.039758878,0.276104472,1,1,4.56453985e-05,0.000535983508,22,0.307464,,0.0868996357,-0.287810151,-0.0589324315,-0.0673310153,-0.403045992,0.0327847238,0.515375384
1781681244.438859,2026-06-17T15:27:24.438,1781681244.325832,right,base,1,pelvis,1000,0.001,-0.00838235,-0.393395618,-0.02646,-0.833573091,-0.53734892,-0.123728358,0.0332164737,0.0885608545,-0.171650824,0.0258364455,-0.113470422,-0.312443897,0.0394675846,0.285910741,1,1,4.44130575e-05,0.000514701682,22,0.290948,,0.0867745544,-0.287816093,-0.0589930859,-0.0671080654,-0.402966706,0.0326974843,0.515430454
1781681244.455637,2026-06-17T15:27:24.455,1781681244.359166,right,base,1,pelvis,1000,0.001,-0.0083441,-0.394122818,-0.02646,-0.834195965,-0.536078997,-0.124528389,0.0350582505,0.0884866474,-0.176385306,0.0223912316,-0.111578251,-0.316144532,0.0391897296,0.295264614,1,1,0.000242429855,0.000526050792,22,0.286921,,0.03628738,-0.292595309,-0.0525941516,0.0210450868,-0.396451944,0.000344617438,0.536211933
1781681244.472183,2026-06-17T15:27:24.472,1781681244.359166,right,base,1,pelvis,1000,0.001,-0.0083441,-0.394122818,-0.02646,-0.834195965,-0.536078997,-0.124528389,0.0350582505,0.0884123515,-0.181125459,0.0189418907,-0.109683812,-0.319849599,0.0389115418,0.304629691,1,1,0.000236604727,0.00054587079,21,0.184073,,0.0373326561,-0.29253902,-0.0527836219,0.0192085607,-0.396548409,0.00111282483,0.535874741
1781681244.489012,2026-06-17T15:27:24.489,1781681244.409168,right,base,1,pelvis,1000,0.001,-0.00973695,-0.394555318,-0.025704,-0.835202568,-0.533813549,-0.126609318,0.0380768431,0.0861640522,-0.185933473,0.0158563363,-0.104045101,-0.323153678,0.0372480399,0.314618496,1,1,0.000187863476,0.000533722181,21,0.203123,,0.0470401492,-0.294957654,-0.0556393864,0.0074451928,-0.400045751,0.0092981507,0.544132591
1781681244.505795,2026-06-17T15:27:24.505,1781681244.409168,right,base,1,pelvis,1000,0.001,-0.00973695,-0.394555318,-0.025704,-0.835202568,-0.533813549,-0.126609318,0.0380768431,0.0839509964,-0.190764873,0.0127455495,-0.0984592019,-0.326479953,0.0356103794,0.324645906,1,1,0.000190387971,0.000512953234,21,0.287326,,0.0461822618,-0.295007002,-0.055613714,0.00895070633,-0.399836416,0.00867520193,0.544412505
1781681244.522435,2026-06-17T15:27:24.522,1781681244.409168,right,base,1,pelvis,1000,0.001,-0.00973695,-0.394555318,-0.025704,-0.835202568,-0.533813549,-0.126609318,0.0380768431,0.08223401,-0.195611622,0.0095644791,-0.0935328342,-0.329902022,0.0343864102,0.334855795,1,1,0.000188297695,0.000531730905,20,0.175944,,0.0468654415,-0.294968413,-0.0557821633,0.00774943464,-0.399853059,0.00917802537,0.544186862
1781681244.539236,2026-06-17T15:27:24.539,1781681244.442506,right,base,1,pelvis,1000,0.001,-0.0103465,-0.394640718,-0.025469,-0.835598953,-0.532873044,-0.127680642,0.0389661786,0.0805198223,-0.200337671,0.00646538787,-0.0886599492,-0.333227261,0.0331638943,0.344819793,1,1,0.000250148962,0.00052577519,20,0.175317,,0.0405328923,-0.296235346,-0.0556869621,0.0214496742,-0.399843197,0.00373186208,0.550700819
1781681244.556050,2026-06-17T15:27:24.556,1781681244.442506,right,base,1,pelvis,1000,0.001,-0.0103465,-0.394640718,-0.025469,-0.835598953,-0.532873044,-0.127680642,0.0389661786,0.0788660483,-0.204987819,0.00340654752,-0.0839223987,-0.336501248,0.0319852303,0.354616677,1,1,0.000245130057,0.00054313923,19,0.176404,,0.0414030139,-0.296186193,-0.0558803154,0.0199219886,-0.399891266,0.00436991334,0.550417163
1781681244.572891,2026-06-17T15:27:24.572,1781681244.442506,right,base,1,pelvis,1000,0.001,-0.0103465,-0.394640718,-0.025469,-0.835598953,-0.532873044,-0.127680642,0.0389661786,0.0769057577,-0.209654058,0.000384608598,-0.0785338548,-0.339740445,0.0305404024,0.364644078,1,1,0.0002535083,0.000519950749,19,0.181976,,0.0399546187,-0.296270317,-0.055759465,0.0224611703,-0.399605288,0.003317052,0.550882857
1781681244.589669,2026-06-17T15:27:24.589,1781681244.442506,right,base,1,pelvis,1000,0.001,-0.0103465,-0.394640718,-0.025469,-0.835598953,-0.532873044,-0.127680642,0.0389661786,0.0750527068,-0.214170567,-0.00255211559,-0.0733949932,-0.342879992,0.0291744447,0.374340426,1,1,0.00024915948,0.000535350642,18,0.201768,,0.0406731274,-0.296229718,-0.0559256117,0.0211992,-0.399637341,0.00384484068,0.550648238
1781681244.606302,2026-06-17T15:27:24.606,1781681244.442506,right,base,1,pelvis,1000,0.001,-0.0103465,-0.394640718,-0.025469,-0.835598953,-0.532873044,-0.127680642,0.0389661786,0.0731561672,-0.218606861,-0.00542719658,-0.0682153661,-0.345945166,0.0277772298,0.383879969,1,1,0.000245459251,0.000550697876,17,0.159855,,0.0413075546,-0.29619371,-0.0560758244,0.0200843701,-0.399660587,0.00431138761,0.550440145
1781681244.623197,2026-06-17T15:27:24.623,1781681244.542522,right,base,1,pelvis,1000,0.001,-0.0108146,-0.394730468,-0.025125,-0.836340168,-0.531391503,-0.128892062,0.0393068819,0.0713819027,-0.222846719,-0.0081854835,-0.0633314301,-0.3488779,0.0264700126,0.392989061,1,1,0.000119322309,0.000523524673,17,0.218425,,0.0623608447,-0.295805904,-0.0608211949,-0.0141212136,-0.404542128,0.0182643884,0.54789627
1781681244.639745,2026-06-17T15:27:24.639,1781681244.542522,right,base,1,pelvis,1000,0.001,-0.0108146,-0.394730468,-0.025125,-0.836340168,-0.531391503,-0.128892062,0.0393068819,0.0696510116,-0.227068112,-0.0109417516,-0.0585305391,-0.351800634,0.025194701,0.40205096,1,1,0.000119583765,0.00053910449,16,0.150159,,0.0625894415,-0.295791007,-0.0609083845,-0.0145260073,-0.404509209,0.0184350985,0.547814766
1781681244.656590,2026-06-17T15:27:24.656,1781681244.542522,right,base,1,pelvis,1000,0.001,-0.0108146,-0.394730468,-0.025125,-0.836340168,-0.531391503,-0.128892062,0.0393068819,0.069228731,-0.231049727,-0.0138310023,-0.0559581431,-0.354855668,0.0247932648,0.410499002,1,1,0.000118437813,0.00050911129,16,0.213553,,0.061876283,-0.29583486,-0.0608732457,-0.0132715386,-0.404357455,0.0179175021,0.548059361
1781681244.673314,2026-06-17T15:27:24.673,1781681244.542522,right,base,1,pelvis,1000,0.001,-0.0108146,-0.394730468,-0.025125,-0.836340168,-0.531391503,-0.128892062,0.0393068819,0.0688080227,-0.235016517,-0.0167094959,-0.0533953247,-0.357899327,0.0243933233,0.418915592,1,1,0.0001184917,0.000521257573,15,0.209261,,0.062007846,-0.295826088,-0.0609285028,-0.0135057096,-0.404330413,0.0180175077,0.548010758
1781681244.690044,2026-06-17T15:27:24.690,1781681244.592530,right,base,1,pelvis,1000,0.001,-0.011043,-0.394867868,-0.0247935,-0.837142446,-0.529878184,-0.129952006,0.0391677349,0.0683780987,-0.238788624,-0.0194486429,-0.0509067464,-0.360780778,0.0239916766,0.426925414,1,1,6.6953099e-05,0.000504610403,15,0.170481,,0.0794444155,-0.295411275,-0.0653560105,-0.0420690047,-0.408852985,0.0293243542,0.545321403
1781681244.706787,2026-06-17T15:27:24.706,1781681244.625857,right,base,1,pelvis,1000,0.001,-0.01132135,-0.394961868,-0.0242105,-0.837845569,-0.528389017,-0.131655263,0.0385582756,0.0679566333,-0.242486516,-0.0221338983,-0.0484671299,-0.363605536,0.0235979321,0.434777646,1,1,3.57900255e-05,0.000539036056,14,0.140442,,0.104844212,-0.294469607,-0.0711649301,-0.0836352097,-0.414888536,0.0441081858,0.54094067
1781681244.723848,2026-06-17T15:27:24.723,1781681244.625857,right,base,1,pelvis,1000,0.001,-0.01132135,-0.394961868,-0.0242105,-0.837845569,-0.528389017,-0.131655263,0.0385582756,0.0687108304,-0.245961138,-0.0249715208,-0.0480470795,-0.366576126,0.0239738837,0.442035075,1,1,3.38939663e-05,0.000505189588,14,0.272449,,0.104685228,-0.294480073,-0.0712009653,-0.0833490312,-0.414832972,0.0439932061,0.541016477
1781681244.740505,2026-06-17T15:27:24.740,1781681244.625857,right,base,1,pelvis,1000,0.001,-0.01132135,-0.394961868,-0.0242105,-0.837845569,-0.528389017,-0.131655263,0.0385582756,0.0712453947,-0.249363748,-0.0282117425,-0.0505433973,-0.369964985,0.0253861978,0.448972776,1,1,3.35627389e-05,0.000511174208,13,0.257805,,0.104676108,-0.294478821,-0.0712320939,-0.0833356988,-0.414793713,0.0439909283,0.541016593
1781681244.757224,2026-06-17T15:27:24.757,1781681244.625857,right,base,1,pelvis,1000,0.001,-0.01132135,-0.394961868,-0.0242105,-0.837845569,-0.528389017,-0.131655263,0.0385582756,0.0735904086,-0.252511891,-0.0312096404,-0.0528530251,-0.373100403,0.0266928903,0.455391633,1,1,3.7587353e-05,0.000624826849,12,0.121728,,0.105084026,-0.294444103,-0.0712598247,-0.0840836082,-0.414794194,0.0443110509,0.540803275
1781681244.774144,2026-06-17T15:27:24.774,1781681244.625857,right,base,1,pelvis,1000,0.001,-0.01132135,-0.394961868,-0.0242105,-0.837845569,-0.528389017,-0.131655263,0.0385582756,0.0758692579,-0.255571209,-0.0341229525,-0.0550974867,-0.376147356,0.0279627145,0.461629381,1,1,3.5301581e-05,0.000578842303,12,0.247819,,0.104886761,-0.294459557,-0.0712563873,-0.083726493,-0.414777118,0.0441647848,0.540898352
1781681244.790890,2026-06-17T15:27:24.790,1781681244.692523,right,base,1,pelvis,1000,0.001,-0.0117918,-0.394847518,-0.0235985,-0.838032724,-0.527806384,-0.132818884,0.0384801128,0.0780707021,-0.258526611,-0.0369373089,-0.0572657112,-0.379090813,0.0291894068,0.467655254,1,1,2.18312564e-05,0.000553346668,12,0.192493,,0.125842257,-0.29351874,-0.0751876904,-0.117649464,-0.41895091,0.056194831,0.537352948
1781681244.807471,2026-06-17T15:27:24.807,1781681244.692523,right,base,1,pelvis,1000,0.001,-0.0117918,-0.394847518,-0.0235985,-0.838032724,-0.527806384,-0.132818884,0.0384801128,0.0801490149,-0.261316712,-0.0395942524,-0.0808945973,-0.381869637,0.0303474877,0.473344087,1,1,1.73538051e-05,0.000493089146,12,0.122903,,0.125541383,-0.293541798,-0.0751291783,-0.117048545,-0.418960597,0.0557737026,0.537564383
1781681244.824557,2026-06-17T15:27:24.824,1781681244.692523,right,base,1,pelvis,1000,0.001,-0.0117918,-0.394847518,-0.0235985,-0.838032724,-0.527806384,-0.132818884,0.0384801128,0.0837750621,-0.263872146,-0.0424188164,-0.0838113279,-0.38481227,0.0323986375,0.478423594,1,1,1.93042955e-05,0.000595828973,11,0.232684,,0.125723593,-0.293521651,-0.0751260004,-0.117389434,-0.418931532,0.0558930608,0.537443574
1781681244.841002,2026-06-17T15:27:24.841,1781681244.692523,right,base,1,pelvis,1000,0.001,-0.0117918,-0.394847518,-0.0235985,-0.838032724,-0.527806384,-0.132818884,0.0384801128,0.0873502519,-0.266411863,-0.0452188177,-0.0866564279,-0.387735361,0.034399539,0.483486035,1,1,1.7651379e-05,0.000543888907,11,0.118401,,0.125606113,-0.293531869,-0.0751420053,-0.117175391,-0.418923489,0.0558210414,0.537510964
1781681244.857953,2026-06-17T15:27:24.857,1781681244.792525,right,base,1,pelvis,1000,0.001,-0.01223325,-0.393228218,-0.022512,-0.836796294,-0.529439812,-0.133717809,0.039812007,0.0905381505,-0.268676459,-0.0477155019,-0.0891933254,-0.390341801,0.0361836879,0.488000075,1,1,1.00473337e-05,0.000633830316,10,0.105842,,0.163031408,-0.289826495,-0.0785156241,-0.181285216,-0.422776634,0.0802520364,0.527464564
1781681244.874655,2026-06-17T15:27:24.874,1781681244.792525,right,base,1,pelvis,1000,0.001,-0.01223325,-0.393228218,-0.022512,-0.836796294,-0.529439812,-0.133717809,0.039812007,0.0936916277,-0.270916603,-0.0501852283,-0.140311938,-0.392920098,0.0392381352,0.492465375,1,1,3.61135435e-06,0.000624409046,11,0.11649,,0.16255945,-0.289868265,-0.078531775,-0.180240238,-0.422780539,0.0793739599,0.528001343
1781681244.891414,2026-06-17T15:27:24.891,1781681244.792525,right,base,1,pelvis,1000,0.001,-0.01223325,-0.393228218,-0.022512,-0.836796294,-0.529439812,-0.133717809,0.039812007,0.100051622,-0.272651059,-0.0527837531,-0.153898779,-0.395658603,0.0430000185,0.495675576,1,1,3.33661438e-06,0.000635837274,11,0.109382,,0.162474527,-0.289875545,-0.0785398215,-0.180064127,-0.422777086,0.0792555071,0.528084559
1781681244.908180,2026-06-17T15:27:24.908,1781681244.792525,right,base,1,pelvis,1000,0.001,-0.01223325,-0.393228218,-0.022512,-0.836796294,-0.529439812,-0.133717809,0.039812007,0.10602224,-0.274295611,-0.0552431511,-0.156414861,-0.398249235,0.0464743823,0.498763266,1,1,2.97992943e-06,0.00057423375,11,0.1264,,0.162455793,-0.289879236,-0.0785545902,-0.180043305,-0.422786423,0.0793097831,0.528089559
1781681244.925395,2026-06-17T15:27:24.925,1781681244.875867,right,base,1,pelvis,1000,0.001,-0.00699485,-0.383577468,-0.0240175,-0.83242185,-0.536499537,-0.132537581,0.0409377564,0.11162443,-0.275838683,-0.057550787,-0.158775683,-0.400680006,0.0497343537,0.501660425,1,1,5.05351795e-06,0.000557704573,10,0.22723,,0.183178885,-0.27128507,-0.0725544049,-0.238223105,-0.417145153,0.101997801,0.496764883
1781681244.941711,2026-06-17T15:27:24.941,1781681244.875867,right,base,1,pelvis,1000,0.001,-0.00699485,-0.383577468,-0.0240175,-0.83242185,-0.536499537,-0.132537581,0.0409377564,0.117026265,-0.277326568,-0.0597758934,-0.211423512,-0.403023844,0.0738788819,0.50445397,1,1,5.71121999e-06,0.00063348004,11,0.107189,,0.182940004,-0.271272566,-0.0729473917,-0.237737458,-0.416717875,0.101733483,0.49712524
1781681244.958836,2026-06-17T15:27:24.958,1781681244.892532,right,base,1,pelvis,1000,0.001,-0.0046722,-0.377215918,-0.0244815,-0.83002905,-0.540395985,-0.131798175,0.040659517,0.123856235,-0.27670281,-0.061095219,-0.218025162,-0.404481808,0.0767820379,0.503660105,1,1,4.76860987e-06,0.000572302946,11,0.249139,,0.201930464,-0.258699027,-0.0706450057,-0.281067054,-0.414505396,0.115890296,0.47534227
1781681244.975478,2026-06-17T15:27:24.975,1781681244.892532,right,base,1,pelvis,1000,0.001,-0.0046722,-0.377215918,-0.0244815,-0.83002905,-0.540395985,-0.131798175,0.040659517,0.130687801,-0.276078906,-0.062414853,-0.261658224,-0.405940112,0.0930800235,0.502866055,1,1,4.4779585e-06,0.000589019697,12,0.253174,,0.201869075,-0.258672639,-0.0708997982,-0.280951534,-0.414221955,0.115859836,0.475465445
1781681244.992112,2026-06-17T15:27:24.992,1781681244.892532,right,base,1,pelvis,1000,0.001,-0.0046722,-0.377215918,-0.0244815,-0.83002905,-0.540395985,-0.131798175,0.040659517,0.138749323,-0.274112272,-0.0633461426,-0.263854446,-0.406909324,0.0956611383,0.499751579,1,1,3.9968563e-06,0.000523081824,12,0.121072,,0.201882267,-0.258675005,-0.0708817591,-0.281001074,-0.414249762,0.115952928,0.475421165
1781681245.009031,2026-06-17T15:27:25.009,1781681244.925869,right,base,1,pelvis,1000,0.001,-0.0059907,-0.372577618,-0.023296,-0.827189208,-0.545072211,-0.130909801,0.0389477016,0.146287899,-0.272273211,-0.0642170202,-0.265908201,-0.407815663,0.0980748182,0.496839136,1,1,4.87763596e-06,0.000575830714,11,0.235574,,0.239084944,-0.24890774,-0.0708204327,-0.342948896,-0.413536901,0.129814863,0.454469549
1781681245.025913,2026-06-17T15:27:25.025,1781681244.975869,right,base,1,pelvis,1000,0.001,-0.00703225,-0.365996768,-0.0243855,-0.822349457,-0.55290028,-0.129238049,0.0366084353,0.164941773,-0.270558303,-0.0650291062,-0.3173122,-0.408660818,0.113909289,0.481774484,1,1,3.02679206e-06,0.000505340303,12,0.252414,,0.251016352,-0.236219489,-0.0622709352,-0.362779974,-0.405164266,0.122998013,0.434958018
1781681245.042368,2026-06-17T15:27:25.042,1781681244.975869,right,base,1,pelvis,1000,0.001,-0.00703225,-0.365996768,-0.0243855,-0.822349457,-0.55290028,-0.129238049,0.0366084353,0.186389548,-0.267705384,-0.0657922359,-0.349544834,-0.409303345,0.116005185,0.459079603,1,1,2.14196824e-06,0.000504245135,12,0.12058,,0.251134346,-0.236459298,-0.0609344385,-0.362965782,-0.406530579,0.122927929,0.434578225
1781681245.059443,2026-06-17T15:27:25.059,1781681245.009204,right,base,1,pelvis,1000,0.001,-0.005481,-0.359210018,-0.0256575,-0.816762909,-0.561794286,-0.126983106,0.0340708252,0.19514055,-0.263498362,-0.0653217335,-0.351495648,-0.408750297,0.116939539,0.455483772,1,1,4.39006412e-06,0.000592137853,11,0.236357,,0.256475322,-0.223623967,-0.0507504168,-0.380652242,-0.395160688,0.119802051,0.41199396
1781681245.076093,2026-06-17T15:27:25.076,1781681245.009204,right,base,1,pelvis,1000,0.001,-0.005481,-0.359210018,-0.0256575,-0.816762909,-0.561794286,-0.126983106,0.0340708252,0.208569207,-0.259552313,-0.0646814568,-0.370577924,-0.408426354,0.117813478,0.430203715,1,1,3.87920416e-06,0.000568471625,11,0.228783,,0.256626161,-0.223950977,-0.0490115861,-0.38091487,-0.39694447,0.119768541,0.411439127
1781681245.092712,2026-06-17T15:27:25.092,1781681245.009204,right,base,1,pelvis,1000,0.001,-0.005481,-0.359210018,-0.0256575,-0.816762909,-0.561794286,-0.126983106,0.0340708252,0.215855618,-0.254199304,-0.062605854,-0.372338023,-0.406449886,0.118109758,0.426943213,1,1,8.3363805e-06,0.000636927241,10,0.103267,,0.256636444,-0.223900861,-0.0492331887,-0.380920667,-0.396747677,0.119714322,0.411463598
1781681245.109682,2026-06-17T15:27:25.109,1781681245.042538,right,base,1,pelvis,1000,0.001,-0.00420305,-0.354308568,-0.0247505,-0.812219461,-0.568738523,-0.125823732,0.0316927038,0.222210723,-0.249484349,-0.0604868487,-0.373674938,-0.40496823,0.11836832,0.424526515,1,1,7.86527423e-06,0.00059167262,10,0.226722,,0.278283192,-0.21516121,-0.0435267487,-0.424990315,-0.39028229,0.129334946,0.390360614
1781681245.126250,2026-06-17T15:27:25.126,1781681245.042538,right,base,1,pelvis,1000,0.001,-0.00420305,-0.354308568,-0.0247505,-0.812219461,-0.568738523,-0.125823732,0.0316927038,0.249418536,-0.245214978,-0.0585680988,-0.418546317,-0.403626597,0.123226373,0.401457987,1,1,7.45117979e-06,0.000609491868,10,0.115384,,0.278412711,-0.215555638,-0.0416995714,-0.425187048,-0.392061807,0.129149998,0.389821906
1781681245.142981,2026-06-17T15:27:25.142,1781681245.075876,right,base,1,pelvis,1000,0.001,-0.00373995,-0.351250618,-0.0247895,-0.8085618,-0.574106994,-0.125496711,0.0296572137,0.254523305,-0.240033716,-0.055974974,-0.419852462,-0.401326042,0.124279489,0.39901029,1,1,6.77197295e-06,0.000538184178,10,0.11259,,0.285395567,-0.210227109,-0.0363223538,-0.439619544,-0.385527557,0.127068358,0.379303468
1781681245.159797,2026-06-17T15:27:25.159,1781681245.092540,right,base,1,pelvis,1000,0.001,-0.00316845,-0.348697268,-0.025423,-0.804680505,-0.579719585,-0.125131046,0.0275083552,0.265816818,-0.231106976,-0.0533725247,-0.435165589,-0.399637144,0.125167398,0.386883744,1,1,5.94787971e-06,0.00056542908,10,0.115801,,0.285265953,-0.205948325,-0.0290819436,-0.441763282,-0.378577553,0.120084717,0.371119335
1781681245.176488,2026-06-17T15:27:25.176,1781681245.125877,right,base,1,pelvis,1000,0.001,0.00185435,-0.346407568,-0.030109,-0.798064549,-0.58927373,-0.123775781,0.0230000706,0.26964931,-0.222762916,-0.0432180515,-0.438170201,-0.390924217,0.122132313,0.377257694,1,1,4.95355344e-06,0.000551579591,10,0.124114,,0.237824583,-0.200629807,-0.0120829507,-0.375655336,-0.36150496,0.0872747162,0.366124792
1781681245.193290,2026-06-17T15:27:25.193,1781681245.125877,right,base,1,pelvis,1000,0.001,0.00185435,-0.346407568,-0.030109,-0.798064549,-0.58927373,-0.123775781,0.0230000706,0.248218844,-0.214026447,-0.0233965919,-0.388356215,-0.371395508,0.0890370793,0.371027823,1,1,3.91350472e-05,0.0005122435,7,0.079824,,0.237979761,-0.200728118,-0.0116946939,-0.375930003,-0.36181662,0.0872656443,0.36582511
1781681245.210006,2026-06-17T15:27:25.210,1781681245.125877,right,base,1,pelvis,1000,0.001,0.00185435,-0.346407568,-0.030109,-0.798064549,-0.58927373,-0.123775781,0.0230000706,0.245930012,-0.211076486,-0.0209053104,-0.378908542,-0.369217594,0.0886490042,0.369948168,1,1,8.11389742e-05,0.000548047918,6,0.090341,,0.237995956,-0.200773911,-0.0118101062,-0.375960093,-0.361749468,0.087534861,0.365803985
1781681245.226851,2026-06-17T15:27:25.226,1781681245.142543,right,base,1,pelvis,1000,0.001,0.0050185,-0.345496318,-0.0323105,-0.79493787,-0.593845889,-0.122502417,0.0203469976,0.24404135,-0.208642285,-0.0188495954,-0.378150506,-0.367420458,0.0883287787,0.369057276,1,1,3.84791728e-05,0.000577264775,7,0.087872,,0.212283437,-0.197802397,-0.00396212919,-0.341566182,-0.353025485,0.0721815634,0.3618019
1781681245.243617,2026-06-17T15:27:25.243,1781681245.175884,right,base,1,pelvis,1000,0.001,0.00674405,-0.344295768,-0.033402,-0.791353209,-0.599088868,-0.120674763,0.0170360675,0.216958454,-0.203773217,-0.00901496413,-0.343485787,-0.35744525,0.0729937393,0.363993121,1,1,2.72172733e-05,0.000576379706,7,0.083579,,0.20298317,-0.194468567,0.00302016658,-0.33142165,-0.345152551,0.0633749704,0.352281373
1781681245.260412,2026-06-17T15:27:25.260,1781681245.192545,right,base,1,pelvis,1000,0.001,0.006799,-0.343233418,-0.0333175,-0.788819104,-0.602832259,-0.118959245,0.0143661625,0.206426989,-0.198855555,-0.00069788202,-0.332844134,-0.348407114,0.0639828264,0.353902392,1,1,4.39579253e-05,0.000563704655,6,0.090176,,0.210052549,-0.191976136,0.00657031118,-0.344631306,-0.340716287,0.0635904724,0.341514605
1781681245.277141,2026-06-17T15:27:25.277,1781681245.209214,right,base,1,pelvis,1000,0.001,0.00668115,-0.341979968,-0.033329,-0.786445251,-0.606311149,-0.117264484,0.0118193839,0.207023506,-0.195306029,0.0037467168,-0.344020832,-0.343189239,0.0638035613,0.342754961,1,1,4.37566275e-05,0.000512736376,6,0.072975,,0.216228999,-0.1890595,0.0100682586,-0.355742556,-0.336355299,0.0628014533,0.330960432
1781681245.293962,2026-06-17T15:27:25.293,1781681245.242547,right,base,1,pelvis,1000,0.001,0.0075342,-0.340308468,-0.033566,-0.783931245,-0.610012014,-0.115098707,0.00945696282,0.213273912,-0.192304285,0.0073158254,-0.355137289,-0.338767202,0.063250874,0.332178393,1,1,4.3106388e-05,0.000537309388,6,0.074811,,0.218805011,-0.185348607,0.0143957792,-0.364237445,-0.331150377,0.0636189435,0.318863912
1781681245.310787,2026-06-17T15:27:25.310,1781681245.242547,right,base,1,pelvis,1000,0.001,0.0075342,-0.340308468,-0.033566,-0.783931245,-0.610012014,-0.115098707,0.00945696282,0.215927428,-0.188509133,0.0117136912,-0.363640433,-0.33350199,0.0631088017,0.320060483,1,1,0.00019751537,0.000416398024,4,0.07071,,0.218719788,-0.185515226,0.0145409094,-0.364435197,-0.331130832,0.063670415,0.318636131
1781681245.327643,2026-06-17T15:27:25.327,1781681245.242547,right,base,1,pelvis,1000,0.001,0.0075342,-0.340308468,-0.033566,-0.783931245,-0.610012014,-0.115098707,0.00945696282,0.21681608,-0.187533103,0.0125419704,-0.363824801,-0.332775767,0.0632663431,0.319690959,1,1,0.000343189289,0.000736764646,3,0.055395,,0.218570421,-0.185661112,0.01436032,-0.36437444,-0.331233359,0.0636354728,0.318728335
1781681245.344463,2026-06-17T15:27:25.344,1781681245.275884,right,base,1,pelvis,1000,0.001,0.01042215,-0.336999468,-0.032128,-0.779428323,-0.61676946,-0.109806877,0.00541964417,0.217498123,-0.186783997,0.0131776776,-0.363966305,-0.33221839,0.0633872566,0.319407349,1,1,2.14538258e-05,0.000634389114,7,0.086417,,0.240727583,-0.179288898,0.0205547326,-0.416316144,-0.322831125,0.0861631,0.288768365
1781681245.361312,2026-06-17T15:27:25.361,1781681245.275884,right,base,1,pelvis,1000,0.001,0.01042215,-0.336999468,-0.032128,-0.779428323,-0.61676946,-0.109806877,0.00541964417,0.238005482,-0.182262471,0.0180303835,-0.414188702,-0.325047056,0.0856186639,0.289919126,1,1,0.000408027033,0.000869265073,3,0.062425,,0.240459604,-0.17975069,0.0204506441,-0.416390429,-0.323044711,0.0862372741,0.288496437
1781681245.378040,2026-06-17T15:27:25.378,1781681245.275884,right,base,1,pelvis,1000,0.001,0.01042215,-0.336999468,-0.032128,-0.779428323,-0.61676946,-0.109806877,0.00541964417,0.238853968,-0.181335601,0.0188172297,-0.415898041,-0.324356344,0.0857883661,0.289560431,1,1,0.000317340938,0.000678312543,3,0.081786,,0.240601979,-0.179596076,0.0205443926,-0.416672985,-0.322900862,0.0862707844,0.288443553
1781681245.394797,2026-06-17T15:27:25.394,1781681245.275884,right,base,1,pelvis,1000,0.001,0.01042215,-0.336999468,-0.032128,-0.779428323,-0.61676946,-0.109806877,0.00541964417,0.239488631,-0.180642306,0.019405787,-0.416039668,-0.323839695,0.0859153025,0.289292129,1,1,0.000210317994,0.000467728564,3,0.055155,,0.24070544,-0.179479932,0.0206138049,-0.416697564,-0.322793062,0.0862937323,0.28840484
1781681245.411548,2026-06-17T15:27:25.411,1781681245.275884,right,base,1,pelvis,1000,0.001,0.01042215,-0.336999468,-0.032128,-0.779428323,-0.61676946,-0.109806877,0.00541964417,0.23995163,-0.180136535,0.0198351502,-0.416142987,-0.32346279,0.0860079049,0.289096397,1,1,0.000330660216,0.000791557303,2,0.066739,,0.240533682,-0.17960659,0.0204284581,-0.416534287,-0.322927319,0.08621631,0.28858522
1781681245.428264,2026-06-17T15:27:25.428,1781681245.275884,right,base,1,pelvis,1000,0.001,0.01042215,-0.336999468,-0.032128,-0.779428323,-0.61676946,-0.109806877,0.00541964417,0.240271311,-0.179787321,0.0201316074,-0.416214325,-0.323202553,0.0860718429,0.288961253,1,1,0.000196006576,0.000540540595,2,0.045128,,0.240664115,-0.179465037,0.0205379247,-0.416566748,-0.322814313,0.0862442196,0.288532113
1781681245.445196,2026-06-17T15:27:25.445,1781681245.375890,right,base,1,pelvis,1000,0.001,0.02124935,-0.325366618,-0.0069375,-0.770864967,-0.63042354,-0.0912862885,0.000419749266,0.2404812,-0.179558042,0.0203262488,-0.416261163,-0.323031693,0.086113822,0.288872523,1,1,5.83936182e-06,0.000604847744,10,0.147724,,0.414762563,-0.17015966,0.0175422413,-0.780494957,-0.316948129,0.271447783,0.175803272
1781681245.462080,2026-06-17T15:27:25.462,1781681245.392558,right,base,1,pelvis,1000,0.001,0.02195505,-0.323860468,-0.0026415,0.769395729,0.632609841,0.0885150755,0.000287578924,0.291451039,-0.179416031,0.0204468057,-0.467231002,-0.322925865,0.137083661,0.237902684,1,1,3.50655696e-06,0.000488608496,11,0.136739,,0.437236072,-0.170991083,0.0211848933,-0.8259312,-0.319883292,0.294359628,0.15948348
1781681245.478824,2026-06-17T15:27:25.478,1781681245.425892,right,base,1,pelvis,1000,0.001,0.02189025,-0.320588418,0.0060925,0.766606984,0.636615091,0.0838653261,0.00125117207,0.342880073,-0.178292728,0.0200943235,-0.518660035,-0.322200439,0.188512694,0.18647365,1,1,9.57921468e-07,0.000595168942,15,0.145115,,0.482580678,-0.170794744,0.0241007288,-0.911056542,-0.321577415,0.333708127,0.132561376
1781681245.495578,2026-06-17T15:27:25.495,1781681245.425892,right,base,1,pelvis,1000,0.001,0.02189025,-0.320588418,0.0060925,0.766606984,0.636615091,0.0838653261,0.00125117207,0.436431947,-0.176674735,0.020335986,-0.612211909,-0.321686976,0.282064569,0.150798765,1,1,1.01103406e-06,0.000511307938,22,0.1865,,0.482576607,-0.170704294,0.0239020581,-0.911043748,-0.321183584,0.333719811,0.132789799
1781681245.512490,2026-06-17T15:27:25.512,1781681245.442559,right,base,1,pelvis,1000,0.001,0.0213218,-0.316891318,0.0154475,0.763631938,0.640773929,0.0791881502,0.00206704917,0.441812613,-0.176568163,0.0204042203,-0.618431773,-0.32168499,0.288284432,0.15046822,1,1,9.34171229e-07,0.000512990498,22,0.301969,,0.528025508,-0.168057726,0.0236538645,-0.994445015,-0.318236167,0.371992087,0.107849887
1781681245.529235,2026-06-17T15:27:25.529,1781681245.442559,right,base,1,pelvis,1000,0.001,0.0213218,-0.316891318,0.0154475,0.763631938,0.640773929,0.0791881502,0.00206704917,0.492276967,-0.175787978,0.020903744,-0.669458833,-0.321670453,0.339311492,0.123603152,1,1,9.9657402e-07,0.000507175537,25,0.274515,,0.528006298,-0.168809909,0.0248908325,-0.994447702,-0.31972607,0.371799552,0.107221763
1781681245.545803,2026-06-17T15:27:25.545,1781681245.459240,right,base,1,pelvis,1000,0.001,0.0213511,-0.313204968,0.0240195,0.760552502,0.644983245,0.0744906372,0.00276597611,0.497307164,-0.17470025,0.021290715,-0.719959464,-0.321187213,0.363734007,0.120764192,1,1,1.00539585e-06,0.000537780897,23,0.208038,,0.565262748,-0.165189679,0.0250564042,-1.06566022,-0.314730729,0.406836404,0.0845002445
1781681245.562813,2026-06-17T15:27:25.562,1781681245.459240,right,base,1,pelvis,1000,0.001,0.0213511,-0.313204968,0.0240195,0.760552502,0.644983245,0.0744906372,0.00276597611,0.538668457,-0.173852854,0.0218086349,-0.769146886,-0.32097701,0.399490166,0.0962745276,1,1,9.98296486e-07,0.000518669832,25,0.338925,,0.565238115,-0.166302208,0.0267346168,-1.06566321,-0.316856159,0.406530234,0.0835445017
1781681245.579286,2026-06-17T15:27:25.579,1781681245.459240,right,base,1,pelvis,1000,0.001,0.0213511,-0.313204968,0.0240195,0.760552502,0.644983245,0.0744906372,0.00276597611,0.542807192,-0.172504648,0.0223140688,-0.820504393,-0.320004933,0.400633424,0.093492809,1,1,9.28864628e-07,0.000506108985,23,0.191225,,0.565243795,-0.166216649,0.0266065326,-1.06566251,-0.316687949,0.406535757,0.0836207079
1781681245.596201,2026-06-17T15:27:25.596,1781681245.525899,right,base,1,pelvis,1000,0.001,0.02217745,-0.307882368,0.044011,0.752153664,0.655824499,0.0643280227,0.00458226479,0.54634317,-0.171526904,0.0230109176,-0.869360652,-0.319508565,0.401562988,0.0919245722,1,1,4.00222738e-07,0.00051729468,18,0.171066,,0.641031801,-0.167452846,0.0303766462,-1.21338954,-0.30912471,0.481449023,0.039554171
1781681245.612912,2026-06-17T15:27:25.612,1781681245.525899,right,base,1,pelvis,1000,0.001,0.02217745,-0.307882368,0.044011,0.752153664,0.655824499,0.0643280227,0.00458226479,0.597837292,-0.170630275,0.023649955,-0.920854773,-0.319053376,0.45305711,0.0467015479,1,1,6.45389178e-07,0.000573031544,18,0.159403,,0.640874433,-0.172133904,0.0363583249,-1.21341951,-0.317515929,0.48026929,0.0351695843
1781681245.629683,2026-06-17T15:27:25.629,1781681245.525899,right,base,1,pelvis,1000,0.001,0.02217745,-0.307882368,0.044011,0.752153664,0.655824499,0.0643280227,0.00458226479,0.627817512,-0.170199983,0.0254728774,-0.970357623,-0.317312774,0.477592038,0.0410808361,1,1,6.08000161e-07,0.000544613354,18,0.165677,,0.640881274,-0.171968597,0.0361421011,-1.21341676,-0.317168577,0.480306015,0.035364051
1781681245.646459,2026-06-17T15:27:25.646,1781681245.525899,right,base,1,pelvis,1000,0.001,0.02217745,-0.307882368,0.044011,0.752153664,0.655824499,0.0643280227,0.00458226479,0.630260226,-0.170561785,0.0275093479,-1.02055785,-0.317350781,0.478092904,0.0399749478,1,1,5.39693671e-07,0.000523751045,17,0.156286,,0.640891498,-0.17157685,0.0356287316,-1.21340946,-0.31642371,0.480418545,0.0357852943
1781681245.664798,2026-06-17T15:27:25.664,1781681245.592575,right,base,1,pelvis,1000,0.001,0.0235684,-0.305999718,0.0557905,0.744016425,0.665773199,0.0559667539,0.00730268044,0.632359803,-0.170872763,0.0292597484,-1.07105061,-0.317383448,0.478523411,0.0390244073,1,1,0.000135511809,0.000984022543,228,1.569918,,0.677936157,-0.189816887,0.0565393951,-1.29284214,-0.328945343,0.52,-0.00257924828
1781681245.680077,2026-06-17T15:27:25.680,1781681245.592575,right,base,1,pelvis,1000,0.001,0.0235684,-0.305999718,0.0557905,0.744016425,0.665773199,0.0559667539,0.00730268044,0.671245159,-0.188813958,0.0510473134,-1.12733337,-0.322927684,0.517993435,0.000454868754,1,1,9.4813327e-05,0.000914632283,13,0.131775,,0.677895436,-0.190613444,0.057672533,-1.29288933,-0.330780822,0.52,-0.00414951038
1781681245.696971,2026-06-17T15:27:25.696,1781681245.592575,right,base,1,pelvis,1000,0.001,0.0235684,-0.305999718,0.0557905,0.744016425,0.665773199,0.0559667539,0.00730268044,0.672591429,-0.189811082,0.0532837455,-1.17188093,-0.325971124,0.518397169,-0.00172345624,1,1,7.84591513e-05,0.000850168759,10,0.11065,,0.677827072,-0.191171675,0.0583421409,-1.29285205,-0.33180191,0.52,-0.00476518937
1781681245.715047,2026-06-17T15:27:25.715,1781681245.642572,right,base,1,pelvis,1000,0.001,0.0252993,-0.308761318,0.055346,0.737767069,0.673082033,0.0502027839,0.011832519,0.673860562,-0.190560647,0.0550027087,-1.22254321,-0.32814187,0.518780691,-0.00291891485,1,1,0.000136157706,0.00098897308,224,1.414356,,0.669798313,-0.212501127,0.0808732486,-1.2898035,-0.343720627,0.52,-0.0231559633
1781681245.730536,2026-06-17T15:27:25.730,1781681245.675905,right,base,1,pelvis,1000,0.001,0.0258342,-0.313509368,0.052775,0.735653538,0.675492086,0.0483019804,0.0138287114,0.671607833,-0.212038121,0.0784230569,-1.27681252,-0.341046104,0.519112396,-0.0217962594,1,1,0.000149285739,0.000593732755,5,0.070129,,0.658947586,-0.219696424,0.0795557226,-1.27095124,-0.338402039,0.514929442,-0.0151491845
1781681245.747308,2026-06-17T15:27:25.747,1781681245.692577,right,base,1,pelvis,1000,0.001,0.025503,-0.317111218,0.0500225,0.73499679,0.676206966,0.0479911079,0.014856372,0.660300151,-0.219347535,0.0790511232,-1.27103315,-0.339958053,0.51493266,-0.0161360387,1,1,0.000293559391,0.000342976718,4,0.060948,,0.649968766,-0.225794135,0.079881787,-1.2521552,-0.337974378,0.504904996,-0.00766849902
1781681245.764182,2026-06-17T15:27:25.764,1781681245.692577,right,base,1,pelvis,1000,0.001,0.025503,-0.317111218,0.0500225,0.73499679,0.676206966,0.0479911079,0.014856372,0.651018694,-0.225521455,0.0792002356,-1.25222773,-0.339177374,0.504912402,-0.00843499954,1,1,0.000234844459,0.00091604132,2,0.053316,,0.649940832,-0.226092202,0.07983309,-1.25139112,-0.338632966,0.504447505,-0.00776124942
1781681245.780931,2026-06-17T15:27:25.780,1781681245.692577,right,base,1,pelvis,1000,0.001,0.025503,-0.317111218,0.0500225,0.73499679,0.676206966,0.0479911079,0.014856372,0.650683196,-0.225825631,0.0794180211,-1.25146236,-0.338792964,0.50445496,-0.00819006908,1,1,0.000237648979,0.000735839338,2,0.044799,,0.649805876,-0.226197241,0.0799013818,-1.25108163,-0.338450681,0.504267282,-0.00764867366
1781681245.797823,2026-06-17T15:27:25.797,1781681245.692577,right,base,1,pelvis,1000,0.001,0.025503,-0.317111218,0.0500225,0.73499679,0.676206966,0.0479911079,0.014856372,0.650453724,-0.225908031,0.0795463227,-1.25144034,-0.338743507,0.504452655,-0.00805751694,1,1,0.000192183345,0.000619533693,2,0.047409,,0.649713304,-0.226234954,0.0799588589,-1.25107236,-0.338439548,0.504264805,-0.00759996317
1781681245.814587,2026-06-17T15:27:25.814,1781681245.742580,right,base,1,pelvis,1000,0.001,0.0318092,-0.334182868,0.0284835,0.73606042,0.674823277,0.0504257096,0.0169071124,0.650275593,-0.225971995,0.079645919,-1.25142325,-0.338705116,0.504450867,-0.00795462111,1,1,0.000311017644,0.000260237044,6,0.11182,,0.548670168,-0.245531647,0.0858303272,-1.08733502,-0.335455061,0.443146684,0.04538623
1781681245.831360,2026-06-17T15:27:25.831,1781681245.742580,right,base,1,pelvis,1000,0.001,0.0318092,-0.334182868,0.0284835,0.73606042,0.674823277,0.0504257096,0.0169071124,0.600293522,-0.243611274,0.0797157386,-1.20144118,-0.338678202,0.454468796,0.0399961794,1,1,2.4516477e-06,0.000492367012,11,0.149181,,0.547679666,-0.24476579,0.0845510116,-1.08523275,-0.333505231,0.441784018,0.047143816
1781681245.848094,2026-06-17T15:27:25.848,1781681245.742580,right,base,1,pelvis,1000,0.001,0.0318092,-0.334182868,0.0284835,0.73606042,0.674823277,0.0504257096,0.0169071124,0.553791681,-0.243962889,0.0808353035,-1.15077175,-0.338088053,0.441997216,0.0427358786,1,1,2.27858184e-06,0.000554104428,11,0.164978,,0.54764864,-0.24544692,0.0856042953,-1.08524428,-0.334917489,0.441469881,0.0464159793
1781681245.864792,2026-06-17T15:27:25.864,1781681245.742580,right,base,1,pelvis,1000,0.001,0.0318092,-0.334182868,0.0284835,0.73606042,0.674823277,0.0504257096,0.0169071124,0.552599868,-0.244176304,0.0815410287,-1.10098637,-0.337217637,0.441643279,0.043573079,1,1,0.000104621422,0.00058625997,5,0.091817,,0.547716488,-0.245250603,0.0852945829,-1.08566118,-0.334810634,0.441853193,0.0462761807
1781681245.881509,2026-06-17T15:27:25.881,1781681245.759248,right,base,1,pelvis,1000,0.001,0.03474535,-0.342792118,0.016907,0.737588684,0.672988684,0.0523416809,0.0175929805,0.55159474,-0.244434246,0.0823658949,-1.08578902,-0.336750694,0.441608079,0.044150204,1,1,0.000402757882,0.000348733752,5,0.09695,,0.4898727,-0.251827882,0.0898840199,-0.988305326,-0.332785738,0.404113023,0.0752875336
1781681245.898704,2026-06-17T15:27:25.898,1781681245.809247,right,base,1,pelvis,1000,0.001,0.03031805,-0.345574718,0.0154885,0.741180298,0.668904068,0.0538221345,0.0179524791,0.501468903,-0.251022473,0.0858974714,-1.03566318,-0.336187196,0.404273442,0.0730100048,1,1,1.24399731e-05,0.000566619701,9,0.097052,,0.492090969,-0.253453597,0.0840531823,-0.971882232,-0.338247709,0.385419854,0.0842823779
1781681245.915211,2026-06-17T15:27:25.915,1781681245.825916,right,base,1,pelvis,1000,0.001,0.02510965,-0.349457318,0.016309,0.746280808,0.663107393,0.0550980178,0.0178255141,0.492313125,-0.252834555,0.0868284761,-0.984277779,-0.335392831,0.385562643,0.0825271919,1,1,1.831236e-05,0.000520031642,8,0.10085,,0.506651547,-0.257562985,0.0725274732,-0.974191646,-0.34807133,0.376515247,0.0920202531
1781681245.931962,2026-06-17T15:27:25.931,1781681245.859250,right,base,1,pelvis,1000,0.001,0.01747675,-0.357448318,0.0198885,0.755948689,0.651921821,0.0570539044,0.0168633207,0.503996739,-0.257089818,0.0747158658,-0.973197746,-0.345544228,0.376630796,0.0906818209,1,1,8.34811727e-06,0.000558658494,9,0.092748,,0.536517179,-0.267851345,0.048032239,-0.990795119,-0.369115506,0.372168353,0.106647371
1781681245.948635,2026-06-17T15:27:25.948,1781681245.859250,right,base,1,pelvis,1000,0.001,0.01747675,-0.357448318,0.0198885,0.755948689,0.651921821,0.0570539044,0.0168633207,0.534542065,-0.267496372,0.0496602775,-0.990052462,-0.367239787,0.372256128,0.105651865,1,1,0.000126540879,0.000527708406,3,0.054952,,0.536225185,-0.26763716,0.0479742808,-0.990663525,-0.368943644,0.372253124,0.106539864
1781681245.965457,2026-06-17T15:27:25.965,1781681245.892587,right,base,1,pelvis,1000,0.001,0.01835515,-0.361577368,0.0185185,0.760436744,0.646518973,0.0589460563,0.0165691824,0.53509256,-0.267595309,0.0492065176,-0.990259452,-0.367762579,0.372231664,0.105929328,1,1,4.79894077e-05,0.000626614873,6,0.08513,,0.526181717,-0.271429999,0.0404727009,-0.972219535,-0.376856781,0.367091044,0.117870477
1781681245.982223,2026-06-17T15:27:25.982,1781681245.892587,right,base,1,pelvis,1000,0.001,0.01835515,-0.361577368,0.0185185,0.760436744,0.646518973,0.0589460563,0.0165691824,0.527016238,-0.271208292,0.0414862709,-0.972377229,-0.375689369,0.367147412,0.11724827,1,1,0.000108300665,0.000439206236,3,0.052804,,0.526244536,-0.271302145,0.0403098773,-0.972047477,-0.376855928,0.367062727,0.117946806
1781681245.999149,2026-06-17T15:27:25.999,1781681245.909253,right,base,1,pelvis,1000,0.001,0.01975465,-0.364856668,0.0178545,0.766721313,0.638822835,0.0615140535,0.0161194028,0.526755703,-0.271277508,0.0411698363,-0.972327997,-0.376053833,0.367129814,0.117442521,1,1,1.67010606e-05,0.000631118081,7,0.083038,,0.518202358,-0.272798273,0.0299663639,-0.959359744,-0.387881083,0.365635061,0.126988494
1781681246.015899,2026-06-17T15:27:26.015,1781681245.909253,right,base,1,pelvis,1000,0.001,0.01975465,-0.364856668,0.0178545,0.766721313,0.638822835,0.0615140535,0.0161194028,0.519005145,-0.272585262,0.0309416799,-0.959515454,-0.386758112,0.365689609,0.126388827,1,1,0.000102880973,0.000431549496,3,0.069922,,0.518320542,-0.272630483,0.0298028051,-0.959304184,-0.387888807,0.365618768,0.126998518
1781681246.032741,2026-06-17T15:27:26.032,1781681245.942588,right,base,1,pelvis,1000,0.001,0.0210887,-0.367388718,0.0179605,0.774197665,0.629436235,0.0646884965,0.0156012606,0.518753506,-0.272652032,0.0306359601,-0.959466645,-0.387110115,0.365672511,0.126576797,1,1,5.31427705e-06,0.00057129911,8,0.089187,,0.514537156,-0.27235621,0.0169698563,-0.953501586,-0.401457239,0.366799818,0.133990233
1781681246.049489,2026-06-17T15:27:26.049,1781681245.942588,right,base,1,pelvis,1000,0.001,0.0210887,-0.367388718,0.0179605,0.774197665,0.629436235,0.0646884965,0.0156012606,0.515308319,-0.272702475,0.0179096466,-0.953652906,-0.400375642,0.366499278,0.133412744,1,1,7.52575649e-05,0.000454849828,3,0.056178,,0.514672089,-0.27233754,0.0169339533,-0.953485067,-0.401577316,0.366717993,0.133928268
1781681246.066343,2026-06-17T15:27:26.066,1781681245.959254,right,base,1,pelvis,1000,0.001,0.02138285,-0.368093768,0.0193505,0.780333262,0.621549966,0.0672813061,0.0151283036,0.51506684,-0.272594048,0.0176153653,-0.953605522,-0.400714328,0.366593388,0.133593576,1,1,6.96809804e-06,0.000639582632,7,0.083024,,0.520417512,-0.270089051,0.00531897739,-0.961759982,-0.413444153,0.371295201,0.135407372
1781681246.083133,2026-06-17T15:27:26.083,1781681246.009257,right,base,1,pelvis,1000,0.001,0.0221696,-0.371320518,0.0185755,0.793491815,0.603951319,0.0737008567,0.0134806761,0.519341082,-0.271136052,0.00622445666,-0.961362709,-0.412402507,0.371005384,0.134852834,1,1,8.43863134e-07,0.00060251808,10,0.101096,,0.513338328,-0.266723002,-0.0161168314,-0.94513048,-0.437707905,0.368311564,0.148825198
1781681246.099902,2026-06-17T15:27:26.099,1781681246.009257,right,base,1,pelvis,1000,0.001,0.0221696,-0.371320518,0.0185755,0.793491815,0.603951319,0.0737008567,0.0134806761,0.514063648,-0.267749904,-0.0152228323,-0.945275397,-0.436679592,0.368359891,0.148277599,1,1,9.26898213e-05,0.00054188443,3,0.074145,,0.513459122,-0.266865938,-0.0160708684,-0.945101137,-0.437965898,0.368298842,0.148752202
1781681246.116644,2026-06-17T15:27:26.116,1781681246.025925,right,base,1,pelvis,1000,0.001,0.02237175,-0.373033818,0.0177115,0.797579923,0.598343276,0.07548597,0.012387863,0.513833636,-0.267424255,-0.0155063353,-0.945229441,-0.437005688,0.368344565,0.148451252,1,1,1.91258111e-05,0.000622775236,6,0.114858,,0.50720844,-0.267038759,-0.022205754,-0.933219065,-0.445173663,0.366586189,0.155696579
1781681246.133345,2026-06-17T15:27:26.133,1781681246.025925,right,base,1,pelvis,1000,0.001,0.02237175,-0.373033818,0.0177115,0.797579923,0.598343276,0.07548597,0.012387863,0.507906704,-0.267184853,-0.0213455526,-0.933361845,-0.444184084,0.366633115,0.15516872,1,1,7.85674301e-05,0.000428283546,3,0.069811,,0.507257173,-0.266990594,-0.0222995198,-0.93308551,-0.445278256,0.366593991,0.155755089
1781681246.150058,2026-06-17T15:27:26.150,1781681246.042594,right,base,1,pelvis,1000,0.001,0.0230004,-0.374476068,0.0171575,0.800524688,0.594224531,0.0769683514,0.0115456941,0.50768717,-0.267138921,-0.0216159988,-0.933316955,-0.444495206,0.366618361,0.155334678,1,1,4.86261363e-05,0.00061169316,5,0.098032,,0.501775391,-0.26776207,-0.0268012447,-0.924400038,-0.450675869,0.366289485,0.161245819
1781681246.166829,2026-06-17T15:27:26.166,1781681246.042594,right,base,1,pelvis,1000,0.001,0.0230004,-0.374476068,0.0171575,0.800524688,0.594224531,0.0769683514,0.0115456941,0.502447816,-0.267586409,-0.0259734895,-0.9245398,-0.449723553,0.366334655,0.160737069,1,1,0.000229096991,0.000959785461,2,0.062877,,0.501948894,-0.267649759,-0.026668713,-0.924289054,-0.450436923,0.366309899,0.161191449
1781681246.183595,2026-06-17T15:27:26.183,1781681246.109281,right,base,1,pelvis,1000,0.001,0.02457735,-0.381692618,0.016712,0.813225793,0.576041842,0.0825522504,0.00497319068,0.502234836,-0.267642047,-0.0262356678,-0.924495533,-0.450025184,0.366320348,0.160898208,1,1,2.4096733e-06,0.000603533929,10,0.152634,,0.486053291,-0.275509293,-0.0489809924,-0.897297503,-0.477000662,0.376282223,0.188234981
1781681246.200370,2026-06-17T15:27:26.200,1781681246.125948,right,base,1,pelvis,1000,0.001,0.0243573,-0.383284168,0.017076,0.815162307,0.573231633,0.0830731082,0.00384276556,0.486703875,-0.27533831,-0.0481793254,-0.897439456,-0.476078132,0.376029132,0.187738493,1,1,0.000119987699,0.000594268578,4,0.096355,,0.486080004,-0.277530643,-0.0531162007,-0.895738886,-0.481375701,0.379147762,0.192423802
1781681246.217043,2026-06-17T15:27:26.217,1781681246.159283,right,base,1,pelvis,1000,0.001,0.02424275,-0.385434018,0.017001,0.817279953,0.570038703,0.0842654225,0.00294859026,0.486498815,-0.277362452,-0.052329105,-0.895878487,-0.480470045,0.37889884,0.191935888,1,1,6.40309898e-05,0.00050013444,5,0.107479,,0.48334697,-0.280667586,-0.0574682341,-0.88883668,-0.486078513,0.379400671,0.19954928
1781681246.233781,2026-06-17T15:27:26.233,1781681246.175954,right,base,1,pelvis,1000,0.001,0.0241776,-0.387813218,0.0165275,0.819508967,0.566523732,0.0863218905,0.00210824316,0.483973165,-0.280501806,-0.056695222,-0.888975447,-0.485189144,0.379156508,0.199068894,1,1,7.0005896e-05,0.000557266148,5,0.089531,,0.478326576,-0.284091518,-0.0615028359,-0.877275858,-0.490844915,0.37677501,0.209207172
1781681246.250480,2026-06-17T15:27:26.250,1781681246.192619,right,base,1,pelvis,1000,0.001,0.0241287,-0.389890118,0.015844,0.82142722,0.563358564,0.0887836017,0.00138704693,0.478941837,-0.283928075,-0.0607438969,-0.877414983,-0.489971705,0.37681313,0.208733629,1,1,6.4385019e-05,0.000541200947,5,0.096149,,0.472461661,-0.287168559,-0.0646772886,-0.864062819,-0.494944608,0.37237576,0.219536141
1781681246.267240,2026-06-17T15:27:26.267,1781681246.192619,right,base,1,pelvis,1000,0.001,0.0241287,-0.389890118,0.015844,0.82142722,0.563358564,0.0887836017,0.00138704693,0.473066776,-0.287007415,-0.0639319251,-0.864202753,-0.4940869,0.372414305,0.219068888,1,1,0.000209138771,0.00089421389,2,0.066128,,0.472595618,-0.287121326,-0.0645334476,-0.863861322,-0.49471484,0.372290764,0.219610021
1781681246.283940,2026-06-17T15:27:26.283,1781681246.192619,right,base,1,pelvis,1000,0.001,0.0241287,-0.389890118,0.015844,0.82142722,0.563358564,0.0887836017,0.00138704693,0.472875933,-0.287058237,-0.064166999,-0.86415862,-0.494357405,0.372402149,0.219216251,1,1,0.000148063839,0.000677664224,2,0.041441,,0.472519189,-0.287147435,-0.064616792,-0.863842686,-0.4948358,0.372283633,0.219664913
1781681246.300981,2026-06-17T15:27:26.300,1781681246.192619,right,base,1,pelvis,1000,0.001,0.0241287,-0.389890118,0.015844,0.82142722,0.563358564,0.0887836017,0.00138704693,0.472734262,-0.287095965,-0.0643415064,-0.864125858,-0.494558215,0.372393124,0.219325646,1,1,0.000103117774,0.000517578591,2,0.059054,,0.47246246,-0.287166788,-0.0646786534,-0.863828902,-0.494925587,0.372278324,0.21970566
1781681246.317564,2026-06-17T15:27:26.317,1781681246.225957,right,base,1,pelvis,1000,0.001,0.02383535,-0.391361268,0.0154025,0.823237952,0.560176059,0.0920978579,0.00020616215,0.472630082,-0.287123708,-0.0644698316,-0.864101767,-0.494705882,0.372386488,0.21940609,1,1,4.34423533e-05,0.000539894556,5,0.071074,,0.468652423,-0.289710877,-0.0677569984,-0.853238692,-0.499515439,0.36778536,0.230834343
1781681246.334344,2026-06-17T15:27:26.334,1781681246.275967,right,base,1,pelvis,1000,0.001,0.02274315,-0.392961918,0.015286,-0.825629768,-0.555548462,-0.0984585962,0.00270131346,0.469213579,-0.28956107,-0.0670661728,-0.853370864,-0.498720242,0.367822156,0.230399014,1,1,8.61412596e-06,0.000541595033,7,0.079034,,0.467049898,-0.293746426,-0.0723595818,-0.841086267,-0.507180961,0.361280378,0.251080593
1781681246.351079,2026-06-17T15:27:26.351,1781681246.275967,right,base,1,pelvis,1000,0.001,0.02274315,-0.392961918,0.015286,-0.825629768,-0.555548462,-0.0984585962,0.00270131346,0.467600859,-0.293598485,-0.0716806827,-0.841218831,-0.50639893,0.361318023,0.250648666,1,1,0.000179466196,0.000821797295,2,0.073933,,0.467242227,-0.293691926,-0.0721991111,-0.840995496,-0.50697407,0.361219415,0.251209117
1781681246.367852,2026-06-17T15:27:26.367,1781681246.275967,right,base,1,pelvis,1000,0.001,0.02274315,-0.392961918,0.015286,-0.825629768,-0.555548462,-0.0984585962,0.00270131346,0.467426967,-0.293645178,-0.0718949542,-0.841176992,-0.506645752,0.361306141,0.250784989,1,1,0.000122835796,0.000624337739,2,0.07452,,0.46717259,-0.293715576,-0.072275306,-0.840977863,-0.507084044,0.361212654,0.251260208
1781681246.384537,2026-06-17T15:27:26.384,1781681246.292651,right,base,1,pelvis,1000,0.001,0.0219153,-0.393347918,0.0155385,-0.826056624,-0.554476683,-0.100830094,0.00439928615,0.467296673,-0.293680163,-0.072055503,-0.841145643,-0.506830689,0.361297239,0.250887133,1,1,5.5062963e-05,0.000462941198,4,0.0583,,0.468578643,-0.295579193,-0.0735464346,-0.839141339,-0.509730694,0.359873366,0.259231258
1781681246.401370,2026-06-17T15:27:26.401,1781681246.292651,right,base,1,pelvis,1000,0.001,0.0219153,-0.393347918,0.0155385,-0.826056624,-0.554476683,-0.100830094,0.00439928615,0.467848184,-0.29543896,-0.0729045272,-0.839267064,-0.508991009,0.359909261,0.258821208,1,1,0.000188203804,0.00058452721,2,0.0528,,0.468332931,-0.295581623,-0.0733878706,-0.839101406,-0.509507305,0.35983527,0.259426214
1781681246.418174,2026-06-17T15:27:26.418,1781681246.292651,right,base,1,pelvis,1000,0.001,0.0219153,-0.393347918,0.0155385,-0.826056624,-0.554476683,-0.100830094,0.00439928615,0.468080986,-0.295483654,-0.0731091072,-0.839226995,-0.509226752,0.359897821,0.258951894,1,1,0.000135071123,0.000440500381,2,0.051567,,0.468426755,-0.295605562,-0.0734574453,-0.839085472,-0.509616135,0.35982835,0.259473837
1781681246.435013,2026-06-17T15:27:26.435,1781681246.342650,right,base,1,pelvis,1000,0.001,0.0208088,-0.393835568,0.01576,-0.826393061,-0.552876291,-0.106352425,0.00956442439,0.468251605,-0.295516409,-0.0732590427,-0.839197628,-0.509399526,0.359889437,0.259047672,1,1,1.53459135e-05,0.000594634661,6,0.082282,,0.468346986,-0.300526465,-0.0738577405,-0.831466705,-0.514240934,0.358401653,0.279662074
1781681246.451805,2026-06-17T15:27:26.451,1781681246.375989,right,base,1,pelvis,1000,0.001,0.02123435,-0.394971568,0.014844,-0.826367032,-0.551984902,-0.110660793,0.0135788507,0.468376528,-0.300392839,-0.0733688214,-0.831587193,-0.513540674,0.3584359,0.279270079,1,1,4.38921278e-05,0.000631951421,5,0.076677,,0.458341459,-0.305751031,-0.0718018452,-0.813155779,-0.515905083,0.355182692,0.298499942
1781681246.468580,2026-06-17T15:27:26.468,1781681246.392656,right,base,1,pelvis,1000,0.001,0.02173445,-0.395572818,0.013921,-0.826182572,-0.552010755,-0.111780893,0.0145435914,0.458826639,-0.305618742,-0.0723674581,-0.813277892,-0.515217178,0.355216988,0.298111137,1,1,0.000217650299,0.000711844084,3,0.066892,,0.451663496,-0.307302477,-0.070567527,-0.802419619,-0.514887623,0.352517101,0.304848592
1781681246.485269,2026-06-17T15:27:26.485,1781681246.425983,right,base,1,pelvis,1000,0.001,0.02421085,-0.397249118,0.0103935,-0.825358061,-0.552687274,-0.114276437,0.0161785142,0.452141194,-0.307172283,-0.0711230788,-0.802541698,-0.515352405,0.352551316,0.30446558,1,1,0.000329528619,0.000502959402,4,0.063853,,0.423210298,-0.311664345,-0.0630407081,-0.760486973,-0.51085228,0.340721959,0.321755131
1781681246.502092,2026-06-17T15:27:26.502,1781681246.442648,right,base,1,pelvis,1000,0.001,0.0258303,-0.398156618,0.0086185,-0.824960096,-0.553000976,-0.115549529,0.0167052939,0.423685137,-0.311535611,-0.0635878064,-0.760615276,-0.511309536,0.340757927,0.321375596,1,1,0.000493781434,0.000673317231,3,0.065592,,0.40826147,-0.313599634,-0.0593435267,-0.739151312,-0.508675543,0.334675963,0.329518327
1781681246.518752,2026-06-17T15:27:26.518,1781681246.442648,right,base,1,pelvis,1000,0.001,0.0258303,-0.398156618,0.0086185,-0.824960096,-0.553000976,-0.115549529,0.0167052939,0.408730607,-0.313472863,-0.0598813904,-0.739281481,-0.509124901,0.334712466,0.329144174,1,1,0.0002559212,0.000629803019,2,0.048722,,0.406614132,-0.313777881,-0.0590423105,-0.736625249,-0.508550058,0.333939221,0.330321653
1781681246.535545,2026-06-17T15:27:26.535,1781681246.442648,right,base,1,pelvis,1000,0.001,0.0258303,-0.398156618,0.0086185,-0.824960096,-0.553000976,-0.115549529,0.0167052939,0.407075302,-0.313653314,-0.0595707331,-0.736753607,-0.508984831,0.333975222,0.329953953,1,1,0.000175269708,0.000633540186,2,0.056437,,0.405932933,-0.313853729,-0.058903268,-0.735581231,-0.508501417,0.333629655,0.330650052
1781681246.552345,2026-06-17T15:27:26.552,1781681246.492659,right,base,1,pelvis,1000,0.001,0.02663055,-0.398507468,0.007961,-0.824730316,-0.553230894,-0.116078157,0.0167733792,0.40638592,-0.313731393,-0.0594023875,-0.735707474,-0.50884632,0.333665067,0.330288918,1,1,0.00022562669,0.000422937886,3,0.065667,,0.400024716,-0.314589934,-0.05727904,-0.727774094,-0.507374832,0.331367742,0.333448807
1781681246.569082,2026-06-17T15:27:26.569,1781681246.492659,right,base,1,pelvis,1000,0.001,0.02663055,-0.398507468,0.007961,-0.824730316,-0.553230894,-0.116078157,0.0167733792,0.400470804,-0.314469621,-0.0577891013,-0.727899565,-0.507800883,0.33140295,0.33309353,1,1,0.000159608461,0.000536631926,2,0.044515,,0.39946317,-0.314642102,-0.05722632,-0.726894888,-0.507386142,0.331107565,0.333669124
1781681246.585903,2026-06-17T15:27:26.585,1781681246.492659,right,base,1,pelvis,1000,0.001,0.02663055,-0.398507468,0.007961,-0.824730316,-0.553230894,-0.116078157,0.0167733792,0.399901449,-0.314523914,-0.057627581,-0.727018295,-0.507665966,0.331142196,0.333320107,1,1,0.000144394196,0.000515380811,2,0.057155,,0.399229208,-0.314662386,-0.0571631873,-0.726531982,-0.507327494,0.330999725,0.333763189
1781681246.602729,2026-06-17T15:27:26.602,1781681246.509332,right,base,1,pelvis,1000,0.001,0.0270087,-0.398502768,0.0077985,-0.824682405,-0.553433945,-0.115490382,0.0164854542,0.399763139,-0.314561211,-0.0575009529,-0.726979351,-0.507577661,0.331131268,0.333430248,1,1,0.000281354288,0.000615085096,2,0.052936,,0.398261354,-0.31451123,-0.0568624319,-0.726018721,-0.506920529,0.331283411,0.332822661
1781681246.619381,2026-06-17T15:27:26.619,1781681246.509332,right,base,1,pelvis,1000,0.001,0.0270087,-0.398502768,0.0077985,-0.824682405,-0.553433945,-0.115490382,0.0164854542,0.398684452,-0.314589491,-0.0573459235,-0.726137948,-0.507324405,0.331132819,0.333041518,1,1,0.000173957315,0.000509031586,2,0.045516,,0.397822258,-0.314519835,-0.0568038266,-0.725669566,-0.506811618,0.331280342,0.332671769
1781681246.636279,2026-06-17T15:27:26.636,1781681246.509332,right,base,1,pelvis,1000,0.001,0.0270087,-0.398502768,0.0077985,-0.824682405,-0.553433945,-0.115490382,0.0164854542,0.398553269,-0.314565226,-0.0571960152,-0.726100982,-0.507199182,0.331179511,0.332973661,1,1,0.000154118488,0.000425035007,2,0.049842,,0.397769142,-0.314510684,-0.0567419926,-0.725653618,-0.506763327,0.331298387,0.332644328
1781681246.653044,2026-06-17T15:27:26.653,1781681246.559330,right,base,1,pelvis,1000,0.001,0.02707235,-0.398441818,0.007918,-0.824794328,-0.553679951,-0.113581411,0.0158773892,0.398452187,-0.314546528,-0.0570805046,-0.726072497,-0.507102692,0.331215489,0.332921374,1,1,6.56971592e-05,0.000726230612,3,0.091705,,0.398519944,-0.313794967,-0.0568054174,-0.728722906,-0.506095904,0.333842813,0.32787034
1781681246.669764,2026-06-17T15:27:26.669,1781681246.575995,right,base,1,pelvis,1000,0.001,0.02741465,-0.398612868,0.007551,-0.824982666,-0.554116533,-0.110178155,0.0148068493,0.398379838,-0.314328127,-0.0569978283,-0.728556939,-0.506479281,0.333699487,0.328078845,1,1,3.58514719e-05,0.00050759726,4,0.078346,,0.396502541,-0.312674119,-0.0561987734,-0.729193836,-0.504453032,0.337226068,0.319276211
1781681246.686401,2026-06-17T15:27:26.686,1781681246.575995,right,base,1,pelvis,1000,0.001,0.02741465,-0.398612868,0.007551,-0.824982666,-0.554116533,-0.110178155,0.0148068493,0.396897406,-0.313198295,-0.0566497798,-0.729030645,-0.504830088,0.337084648,0.319482548,1,1,0.000456509905,0.000643699605,1,0.041312,,0.396897406,-0.313198295,-0.0566497798,-0.729030645,-0.504830088,0.337084648,0.319482548
1781681246.703268,2026-06-17T15:27:26.703,1781681246.609336,right,base,1,pelvis,1000,0.001,0.02755945,-0.398570168,0.007195,-0.825106278,-0.55466592,-0.106596482,0.0135106373,0.396774012,-0.313093981,-0.0565088421,-0.729081642,-0.504712259,0.337114313,0.319418069,1,1,4.09840111e-05,0.000508042493,4,0.08075,,0.395298229,-0.311010594,-0.0557174277,-0.730295075,-0.502591578,0.34006145,0.310056991
1781681246.719852,2026-06-17T15:27:26.719,1781681246.609336,right,base,1,pelvis,1000,0.001,0.02755945,-0.398570168,0.007195,-0.825106278,-0.55466592,-0.106596482,0.0135106373,0.395679885,-0.311517247,-0.056153205,-0.730137247,-0.502956135,0.339924378,0.310257795,1,1,0.000451718042,0.000626326755,1,0.038541,,0.395679885,-0.311517247,-0.056153205,-0.730137247,-0.502956135,0.339924378,0.310257795
1781681246.736649,2026-06-17T15:27:26.736,1781681246.659355,right,base,1,pelvis,1000,0.001,0.02760855,-0.398453068,0.006503,-0.825055602,-0.555370835,-0.103526889,0.0113434097,0.395560462,-0.311416723,-0.0560168466,-0.730186632,-0.502842062,0.339952595,0.310194961,1,1,5.8541791e-05,0.000503524149,4,0.076649,,0.393167671,-0.308751353,-0.0548865047,-0.728743468,-0.50019346,0.339106247,0.301184789
1781681246.753360,2026-06-17T15:27:26.753,1781681246.692690,right,base,1,pelvis,1000,0.001,0.0276009,-0.398175068,0.006254,-0.824769191,-0.556167014,-0.101737115,0.0091430184,0.393536878,-0.309241391,-0.05530782,-0.728846868,-0.500546181,0.339134111,0.301380236,1,1,4.85942514e-05,0.000399294858,4,0.063777,,0.393755419,-0.306699331,-0.0545383105,-0.730581503,-0.498409866,0.337346441,0.29390386
1781681246.770092,2026-06-17T15:27:26.770,1781681246.692690,right,base,1,pelvis,1000,0.001,0.0276009,-0.398175068,0.006254,-0.824769191,-0.556167014,-0.101737115,0.0091430184,0.393420904,-0.307181477,-0.0549526268,-0.730431469,-0.498756953,0.337374106,0.294097139,1,1,0.000450989833,0.000810145172,1,0.033317,,0.393420904,-0.307181477,-0.0549526268,-0.730431469,-0.498756953,0.337374106,0.294097139
1781681246.786864,2026-06-17T15:27:26.786,1781681246.692690,right,base,1,pelvis,1000,0.001,0.0276009,-0.398175068,0.006254,-0.824769191,-0.556167014,-0.101737115,0.0091430184,0.393526964,-0.30702861,-0.0548212657,-0.730479038,-0.498646907,0.337365335,0.294035858,1,1,0.000320013818,0.000612933515,1,0.049839,,0.393526964,-0.30702861,-0.0548212657,-0.730479038,-0.498646907,0.337365335,0.294035858
1781681246.803588,2026-06-17T15:27:26.803,1781681246.692690,right,base,1,pelvis,1000,0.001,0.0276009,-0.398175068,0.006254,-0.824769191,-0.556167014,-0.101737115,0.0091430184,0.393605602,-0.306915267,-0.0547238683,-0.730514308,-0.498565314,0.337358832,0.293990422,1,1,0.000223298258,0.000491331275,1,0.040891,,0.393605602,-0.306915267,-0.0547238683,-0.730514308,-0.498565314,0.337358832,0.293990422
1781681246.820271,2026-06-17T15:27:26.820,1781681246.692690,right,base,1,pelvis,1000,0.001,0.0276009,-0.398175068,0.006254,-0.824769191,-0.556167014,-0.101737115,0.0091430184,0.393662307,-0.306833536,-0.0546536357,-0.730539741,-0.498506477,0.337354142,0.293957659,1,1,0.000154168248,0.000428445093,1,0.032326,,0.393662307,-0.306833536,-0.0546536357,-0.730539741,-0.498506477,0.337354142,0.293957659
1781681246.837064,2026-06-17T15:27:26.837,1781681246.692690,right,base,1,pelvis,1000,0.001,0.0276009,-0.398175068,0.006254,-0.824769191,-0.556167014,-0.101737115,0.0091430184,0.393700984,-0.30677779,-0.0546057318,-0.730557088,-0.498466347,0.337350943,0.293935312,1,1,0.000107888881,0.000403547645,1,0.036183,,0.393700984,-0.30677779,-0.0546057318,-0.730557088,-0.498466347,0.337350943,0.293935312
1781681246.853737,2026-06-17T15:27:26.853,1781681246.692690,right,base,1,pelvis,1000,0.001,0.0276009,-0.398175068,0.006254,-0.824769191,-0.556167014,-0.101737115,0.0091430184,0.393726721,-0.306740694,-0.0545738546,-0.730568632,-0.498439642,0.337348815,0.293920441,1,1,7.82163668e-05,0.000396844784,1,0.02872,,0.393726721,-0.306740694,-0.0545738546,-0.730568632,-0.498439642,0.337348815,0.293920441
1781681246.870649,2026-06-17T15:27:26.870,1781681246.776033,right,base,1,pelvis,1000,0.001,0.02756935,-0.398231068,0.005965,-0.824031705,-0.557431139,-0.100965017,0.0069527469,0.393741745,-0.306719039,-0.0545552465,-0.73057537,-0.498424053,0.337347572,0.29391176,1,1,5.21231482e-05,0.000937725302,3,0.077404,,0.393760257,-0.305799595,-0.0537032371,-0.730366136,-0.49644762,0.333615395,0.290347128
1781681246.887316,2026-06-17T15:27:26.887,1781681246.776033,right,base,1,pelvis,1000,0.001,0.02756935,-0.398231068,0.005965,-0.824031705,-0.557431139,-0.100965017,0.0069527469,0.393750116,-0.306228597,-0.0540718935,-0.730456355,-0.496756626,0.333640507,0.290519534,1,1,0.000136915895,0.000400316484,2,0.069037,,0.393756563,-0.305876958,-0.0537275295,-0.730373735,-0.496371844,0.333193958,0.290000808
1781681246.904239,2026-06-17T15:27:26.904,1781681246.776033,right,base,1,pelvis,1000,0.001,0.02756935,-0.398231068,0.005965,-0.824031705,-0.557431139,-0.100965017,0.0069527469,0.393753309,-0.306093529,-0.053955825,-0.73042795,-0.496659338,0.333632601,0.290465253,1,1,0.000241702986,0.000944340261,1,0.051625,,0.393753309,-0.306093529,-0.053955825,-0.73042795,-0.496659338,0.333632601,0.290465253
1781681246.920902,2026-06-17T15:27:26.920,1781681246.859370,right,base,1,pelvis,1000,0.001,0.0275603,-0.397856718,0.0062935,-0.823123487,-0.558692183,-0.101464172,0.00598263227,0.393755724,-0.305991325,-0.0538679978,-0.730406457,-0.496585722,0.333626618,0.29042418,1,1,9.02173009e-05,0.000730147156,3,0.074705,,0.396498625,-0.305379029,-0.0530703313,-0.734462621,-0.49527395,0.331547236,0.288756756
1781681246.937790,2026-06-17T15:27:26.937,1781681246.859370,right,base,1,pelvis,1000,0.001,0.0275603,-0.397856718,0.0062935,-0.823123487,-0.558692183,-0.101464172,0.00598263227,0.396089892,-0.30578752,-0.0534213974,-0.734335062,-0.495568295,0.331571408,0.288921101,1,1,0.000185112417,0.000406320587,2,0.082295,,0.396648105,-0.30548211,-0.0530973926,-0.734872409,-0.495264587,0.331314655,0.288624889
1781681246.954413,2026-06-17T15:27:26.954,1781681246.909375,right,base,1,pelvis,1000,0.001,0.0275129,-0.397222318,0.006737,-0.822302657,-0.559756057,-0.102260727,0.00585150764,0.396220411,-0.305657078,-0.0533092928,-0.734375795,-0.495474303,0.331563689,0.288868621,1,1,0.00016668825,0.000619896395,3,0.083869,,0.400043217,-0.305058238,-0.0524645848,-0.739995611,-0.494651297,0.331014004,0.288351831
1781681246.971271,2026-06-17T15:27:26.971,1781681246.909375,right,base,1,pelvis,1000,0.001,0.0275129,-0.397222318,0.006737,-0.822302657,-0.559756057,-0.102260727,0.00585150764,0.399647084,-0.305453738,-0.0528045265,-0.739871433,-0.494936329,0.331037472,0.288510983,1,1,0.000207434978,0.000421259137,2,0.07777,,0.400321653,-0.30515812,-0.0524826523,-0.740585973,-0.494694028,0.330955531,0.288349822
1781681246.987987,2026-06-17T15:27:26.987,1781681246.942708,right,base,1,pelvis,1000,0.001,0.0273942,-0.396024368,0.007551,-0.821877251,-0.560248835,-0.102950973,0.00633441438,0.399931863,-0.305327766,-0.0526962504,-0.740463722,-0.494845542,0.330978628,0.288460291,1,1,0.000282737316,0.000425787797,3,0.092446,,0.40603647,-0.303998196,-0.0526371278,-0.750000711,-0.495058295,0.33341958,0.286822266
1781681247.004690,2026-06-17T15:27:27.004,1781681246.942708,right,base,1,pelvis,1000,0.001,0.0273942,-0.396024368,0.007551,-0.821877251,-0.560248835,-0.102950973,0.00633441438,0.40565218,-0.304381279,-0.0526288201,-0.749879269,-0.494797711,0.333316965,0.286976554,1,1,0.00054023909,0.000692763344,1,0.044051,,0.40565218,-0.304381279,-0.0526288201,-0.749879269,-0.494797711,0.333316965,0.286976554
1781681247.021386,2026-06-17T15:27:27.021,1781681246.942708,right,base,1,pelvis,1000,0.001,0.0273942,-0.396024368,0.007551,-0.821877251,-0.560248835,-0.102950973,0.00633441438,0.405774028,-0.304259814,-0.0526314542,-0.749917775,-0.494880335,0.333349502,0.286927634,1,1,0.000452910864,0.000548181034,1,0.046055,,0.405774028,-0.304259814,-0.0526314542,-0.749917775,-0.494880335,0.333349502,0.286927634
1781681247.038289,2026-06-17T15:27:27.038,1781681246.976038,right,base,1,pelvis,1000,0.001,0.0268702,-0.394415068,0.0087125,-0.821717155,-0.560503111,-0.102814661,0.00680628023,0.405863881,-0.304170243,-0.0526333967,-0.74994617,-0.494941264,0.333373495,0.286891559,1,1,0.000391170983,0.000251176708,3,0.095883,,0.415261934,-0.301904798,-0.0536835151,-0.765002679,-0.495947168,0.338336284,0.282394678
1781681247.054867,2026-06-17T15:27:27.054,1781681246.976038,right,base,1,pelvis,1000,0.001,0.0268702,-0.394415068,0.0087125,-0.821717155,-0.560503111,-0.102814661,0.00680628023,0.414894528,-0.302270237,-0.0533575548,-0.764885187,-0.495570512,0.338237896,0.282542271,1,1,0.000551276778,0.000822454593,1,0.041445,,0.414894528,-0.302270237,-0.0533575548,-0.764885187,-0.495570512,0.338237896,0.282542271
1781681247.071739,2026-06-17T15:27:27.071,1781681246.976038,right,base,1,pelvis,1000,0.001,0.0268702,-0.394415068,0.0087125,-0.821717155,-0.560503111,-0.102814661,0.00680628023,0.41500965,-0.302155731,-0.0534596907,-0.764922002,-0.495688533,0.338268725,0.282496025,1,1,0.000497031035,0.000579777496,1,0.061117,,0.41500965,-0.302155731,-0.0534596907,-0.764922002,-0.495688533,0.338268725,0.282496025
1781681247.088343,2026-06-17T15:27:27.088,1781681246.976038,right,base,1,pelvis,1000,0.001,0.0268702,-0.394415068,0.0087125,-0.821717155,-0.560503111,-0.102814661,0.00680628023,0.415097224,-0.302068627,-0.053537385,-0.764950007,-0.495778311,0.338292176,0.282460845,1,1,0.000457865528,0.000409633576,1,0.057079,,0.415097224,-0.302068627,-0.053537385,-0.764950007,-0.495778311,0.338292176,0.282460845
1781681247.105182,2026-06-17T15:27:27.105,1781681246.976038,right,base,1,pelvis,1000,0.001,0.0268702,-0.394415068,0.0087125,-0.821717155,-0.560503111,-0.102814661,0.00680628023,0.415159076,-0.302007105,-0.0535922603,-0.764969787,-0.49584172,0.338308739,0.282435998,1,1,0.00043159772,0.000309891105,1,0.052527,,0.415159076,-0.302007105,-0.0535922603,-0.764969787,-0.49584172,0.338308739,0.282435998
1781681247.121819,2026-06-17T15:27:27.121,1781681246.976038,right,base,1,pelvis,1000,0.001,0.0268702,-0.394415068,0.0087125,-0.821717155,-0.560503111,-0.102814661,0.00680628023,0.415202263,-0.30196415,-0.0536305755,-0.764983597,-0.495885995,0.338320304,0.282418649,1,1,0.000414077719,0.000262788412,1,0.045713,,0.415202263,-0.30196415,-0.0536305755,-0.764983597,-0.495885995,0.338320304,0.282418649
1781681247.138714,2026-06-17T15:27:27.138,1781681247.076040,right,base,1,pelvis,1000,0.001,0.02669145,-0.391586968,0.009287,-0.820558573,-0.562309653,-0.102110799,0.00805400479,0.415230045,-0.301936516,-0.0536552233,-0.764992482,-0.495914476,0.338327744,0.282407489,1,1,0.000209427705,0.000344207617,4,0.09363,,0.423155603,-0.298069532,-0.051843346,-0.780151279,-0.494618402,0.344335336,0.275791166
1781681247.155288,2026-06-17T15:27:27.155,1781681247.076040,right,base,1,pelvis,1000,0.001,0.02669145,-0.391586968,0.009287,-0.820558573,-0.562309653,-0.102110799,0.00805400479,0.422820282,-0.298402638,-0.0521290965,-0.78004273,-0.494857945,0.344245136,0.275926228,1,1,0.000203549767,0.000388795115,2,0.062396,,0.423338858,-0.298055416,-0.0518562352,-0.780714938,-0.494685465,0.344537049,0.275568968
1781681247.172169,2026-06-17T15:27:27.172,1781681247.076040,right,base,1,pelvis,1000,0.001,0.02669145,-0.391586968,0.009287,-0.820558573,-0.562309653,-0.102110799,0.00805400479,0.423008559,-0.298298786,-0.0520400085,-0.780607963,-0.494783263,0.344448183,0.275702022,1,1,0.00046498712,0.000868553546,1,0.047787,,0.423008559,-0.298298786,-0.0520400085,-0.780607963,-0.494783263,0.344448183,0.275702022
1781681247.189010,2026-06-17T15:27:27.189,1781681247.076040,right,base,1,pelvis,1000,0.001,0.02669145,-0.391586968,0.009287,-0.820558573,-0.562309653,-0.102110799,0.00805400479,0.423115292,-0.298220143,-0.0519806239,-0.780642531,-0.494751661,0.344476899,0.275659027,1,1,0.00037914602,0.00071101447,1,0.057203,,0.423115292,-0.298220143,-0.0519806239,-0.780642531,-0.494751661,0.344476899,0.275659027
1781681247.205719,2026-06-17T15:27:27.205,1781681247.076040,right,base,1,pelvis,1000,0.001,0.02669145,-0.391586968,0.009287,-0.820558573,-0.562309653,-0.102110799,0.00805400479,0.423192075,-0.298163568,-0.0519379026,-0.780667399,-0.494728926,0.344497558,0.275628096,1,1,0.000317901456,0.00059863622,1,0.043507,,0.423192075,-0.298163568,-0.0519379026,-0.780667399,-0.494728926,0.344497558,0.275628096
1781681247.222441,2026-06-17T15:27:27.222,1781681247.126057,right,base,1,pelvis,1000,0.001,0.0265437,-0.390503418,0.0094875,-0.819956531,-0.563235524,-0.101743868,0.00923135633,0.423247548,-0.298122694,-0.0519070383,-0.780685366,-0.494712501,0.344512483,0.27560575,1,1,0.000217579366,0.000610545799,3,0.090934,,0.425312397,-0.297134048,-0.0505218303,-0.78472483,-0.493898087,0.347265399,0.274303048
1781681247.239259,2026-06-17T15:27:27.239,1781681247.176075,right,base,1,pelvis,1000,0.001,0.02660315,-0.389248568,0.00957,-0.819070225,-0.564423817,-0.10215071,0.0107216755,0.425001538,-0.297442737,-0.0507866853,-0.784623825,-0.494120076,0.347181551,0.274428317,1,1,0.000272212571,0.000854502453,3,0.078364,,0.426337075,-0.296478867,-0.0484867791,-0.787617999,-0.492927103,0.349379145,0.274700001
1781681247.255931,2026-06-17T15:27:27.255,1781681247.176075,right,base,1,pelvis,1000,0.001,0.02660315,-0.389248568,0.00957,-0.819070225,-0.564423817,-0.10215071,0.0107216755,0.426030858,-0.296782912,-0.0487477891,-0.787518259,-0.4931458,0.349296375,0.274524373,1,1,0.000230202088,0.000611180267,2,0.061333,,0.426369676,-0.296512219,-0.0482830887,-0.787921841,-0.49293121,0.349589602,0.274644791
1781681247.272799,2026-06-17T15:27:27.272,1781681247.176075,right,base,1,pelvis,1000,0.001,0.02660315,-0.389248568,0.00957,-0.819070225,-0.564423817,-0.10215071,0.0107216755,0.426126557,-0.296687892,-0.0486662185,-0.787549429,-0.493077453,0.349322242,0.27457926,1,1,0.000191072772,0.000525890701,2,0.066434,,0.426407968,-0.296467662,-0.0482646441,-0.78793477,-0.492887435,0.349602652,0.274671761
1781681247.289553,2026-06-17T15:27:27.289,1781681247.242730,right,base,1,pelvis,1000,0.001,0.0269256,-0.386944968,0.0091975,-0.817053754,-0.566890805,-0.104342793,0.0130598697,0.426199554,-0.296615412,-0.0486039976,-0.787573206,-0.493025319,0.349341973,0.274621127,1,1,6.98272693e-05,0.000489023169,5,0.106289,,0.425196671,-0.295177154,-0.0431322199,-0.787287426,-0.490176102,0.348409038,0.279144103
1781681247.306285,2026-06-17T15:27:27.306,1781681247.242730,right,base,1,pelvis,1000,0.001,0.0269256,-0.386944968,0.0091975,-0.817053754,-0.566890805,-0.104342793,0.0130598697,0.42541192,-0.295467953,-0.0433822449,-0.787343197,-0.490385436,0.348424657,0.27897579,1,1,0.000126369234,0.000404200969,2,0.058439,,0.425238608,-0.295345886,-0.0430399803,-0.787247101,-0.490231385,0.348378384,0.279283841
1781681247.323036,2026-06-17T15:27:27.323,1781681247.242730,right,base,1,pelvis,1000,0.001,0.0269256,-0.386944968,0.0091975,-0.817053754,-0.566890805,-0.104342793,0.0130598697,0.425343872,-0.29537602,-0.0433032027,-0.787325566,-0.490319258,0.348419719,0.279029,1,1,0.000237794992,0.000844156851,1,0.058325,,0.425343872,-0.29537602,-0.0433032027,-0.787325566,-0.490319258,0.348419719,0.279029
1781681247.339807,2026-06-17T15:27:27.339,1781681247.242730,right,base,1,pelvis,1000,0.001,0.0269256,-0.386944968,0.0091975,-0.817053754,-0.566890805,-0.104342793,0.0130598697,0.425292955,-0.295307232,-0.0432440593,-0.787312373,-0.49026974,0.348416025,0.279068814,1,1,0.00017938754,0.000720344614,1,0.0432,,0.425292955,-0.295307232,-0.0432440593,-0.787312373,-0.49026974,0.348416025,0.279068814
1781681247.356522,2026-06-17T15:27:27.356,1781681247.276067,right,base,1,pelvis,1000,0.001,0.02700345,-0.386196918,0.0090085,-0.816511861,-0.567502225,-0.105191896,0.0135746257,0.42525594,-0.295257225,-0.0432010641,-0.787302783,-0.490233742,0.348413339,0.279097758,1,1,0.00014587146,0.000509808488,3,0.078946,,0.424627554,-0.294738512,-0.0416949874,-0.786450043,-0.489474373,0.347246313,0.280707043
1781681247.373419,2026-06-17T15:27:27.373,1781681247.276067,right,base,1,pelvis,1000,0.001,0.02700345,-0.386196918,0.0090085,-0.816511861,-0.567502225,-0.105191896,0.0135746257,0.424830455,-0.295012601,-0.0419307364,-0.786502674,-0.489671712,0.347261131,0.28054829,1,1,0.000151036023,0.000402181931,2,0.066767,,0.424637774,-0.294807021,-0.0415778806,-0.786373463,-0.489512355,0.347111363,0.280813095
1781681247.390119,2026-06-17T15:27:27.390,1781681247.326080,right,base,1,pelvis,1000,0.001,0.0268667,-0.385435368,0.0090415,-0.816181438,-0.5678429,-0.105856841,0.01402251,0.424765812,-0.294925278,-0.0418556287,-0.786485906,-0.489608841,0.34725641,0.280598867,1,1,0.000168748386,0.000432902526,3,0.084395,,0.425530854,-0.294037537,-0.0408417887,-0.787581341,-0.489241668,0.346659029,0.281425708
1781681247.406904,2026-06-17T15:27:27.406,1781681247.326080,right,base,1,pelvis,1000,0.001,0.0268667,-0.385435368,0.0090415,-0.816181438,-0.5678429,-0.105856841,0.01402251,0.425263008,-0.294303753,-0.0410707864,-0.78749408,-0.489433315,0.346673468,0.281271489,1,1,0.00017130707,0.000368123997,2,0.062494,,0.425511969,-0.294059629,-0.0407810914,-0.787671564,-0.489318423,0.346589835,0.281445361
1781681247.423618,2026-06-17T15:27:27.423,1781681247.326080,right,base,1,pelvis,1000,0.001,0.0268667,-0.385435368,0.0090415,-0.816181438,-0.5678429,-0.105856841,0.01402251,0.425348069,-0.29421921,-0.0409980628,-0.787521792,-0.489372453,0.346668883,0.281320465,1,1,0.000342963619,0.000755284038,1,0.058002,,0.425348069,-0.29421921,-0.0409980628,-0.787521792,-0.489372453,0.346668883,0.281320465
1781681247.440310,2026-06-17T15:27:27.440,1781681247.326080,right,base,1,pelvis,1000,0.001,0.0268667,-0.385435368,0.0090415,-0.816181438,-0.5678429,-0.105856841,0.01402251,0.425411128,-0.294156534,-0.0409441495,-0.787542336,-0.489327333,0.346665483,0.281356773,1,1,0.00028085252,0.000636981132,1,0.04083,,0.425411128,-0.294156534,-0.0409441495,-0.787542336,-0.489327333,0.346665483,0.281356773
1781681247.457062,2026-06-17T15:27:27.457,1781681247.392751,right,base,1,pelvis,1000,0.001,0.02680595,-0.384354168,0.008667,-0.816152833,-0.567839969,-0.106066867,0.0142176444,0.425456336,-0.294111602,-0.0409054988,-0.787557064,-0.489294987,0.346663046,0.281382802,1,1,0.000549459203,0.000436604669,2,0.070477,,0.425214496,-0.292730915,-0.0402133274,-0.787165626,-0.488969061,0.345884705,0.280848243
1781681247.473873,2026-06-17T15:27:27.473,1781681247.392751,right,base,1,pelvis,1000,0.001,0.02680595,-0.384354168,0.008667,-0.816152833,-0.567839969,-0.106066867,0.0142176444,0.425400383,-0.292982241,-0.0404294787,-0.787213799,-0.489149937,0.345898392,0.280949578,1,1,0.000722190814,0.000671321061,1,0.050379,,0.425400383,-0.292982241,-0.0404294787,-0.787213799,-0.489149937,0.345898392,0.280949578
1781681247.490485,2026-06-17T15:27:27.490,1781681247.392751,right,base,1,pelvis,1000,0.001,0.02680595,-0.384354168,0.008667,-0.816152833,-0.567839969,-0.106066867,0.0142176444,0.425341175,-0.292902189,-0.0403606304,-0.787198455,-0.489092325,0.345894033,0.280917301,1,1,0.000666585924,0.000593496205,1,0.045978,,0.425341175,-0.292902189,-0.0403606304,-0.787198455,-0.489092325,0.345894033,0.280917301
1781681247.507333,2026-06-17T15:27:27.507,1781681247.426087,right,base,1,pelvis,1000,0.001,0.02631865,-0.382863118,0.0086575,-0.816158368,-0.567782126,-0.106359274,0.0140242476,0.425297721,-0.292843438,-0.0403101021,-0.787187194,-0.489050043,0.345890833,0.280893612,1,1,0.00086663542,0.000371444629,2,0.065329,,0.427045718,-0.290450532,-0.0398961816,-0.789409066,-0.48886624,0.344880937,0.278962365
1781681247.524080,2026-06-17T15:27:27.524,1781681247.426087,right,base,1,pelvis,1000,0.001,0.02631865,-0.382863118,0.0086575,-0.816158368,-0.567782126,-0.106359274,0.0140242476,0.426803476,-0.290691456,-0.0401032629,-0.789330046,-0.489019221,0.344894123,0.279059579,1,1,0.000432001597,0.000181444772,2,0.092329,,0.427645776,-0.289592741,-0.0397983143,-0.79026079,-0.488859498,0.344476824,0.278226188
1781681247.540760,2026-06-17T15:27:27.540,1781681247.426087,right,base,1,pelvis,1000,0.001,0.02631865,-0.382863118,0.0086575,-0.816158368,-0.567782126,-0.106359274,0.0140242476,0.427406914,-0.289830323,-0.0400024756,-0.790182823,-0.488970634,0.344489854,0.278322083,1,1,0.000651095247,0.000507029584,1,0.042643,,0.427406914,-0.289830323,-0.0400024756,-0.790182823,-0.488970634,0.344489854,0.278322083
1781681247.557444,2026-06-17T15:27:27.557,1781681247.426087,right,base,1,pelvis,1000,0.001,0.02631865,-0.382863118,0.0086575,-0.816158368,-0.567782126,-0.106359274,0.0140242476,0.427482719,-0.289754924,-0.0399376827,-0.790207567,-0.488935364,0.344485719,0.27829165,1,1,0.000580671314,0.000394887229,1,0.044771,,0.427482719,-0.289754924,-0.0399376827,-0.790207567,-0.488935364,0.344485719,0.27829165
1781681247.574356,2026-06-17T15:27:27.574,1781681247.492754,right,base,1,pelvis,1000,0.001,0.0266753,-0.381078418,0.008604,-0.815987355,-0.568025413,-0.10654061,0.0126832745,0.427538596,-0.289699346,-0.039889923,-0.790225806,-0.488909366,0.344482671,0.278269217,1,1,0.000365438507,0.000410813282,3,0.090804,,0.429969556,-0.285588039,-0.0393474454,-0.795122911,-0.488128789,0.342917298,0.272868361
1781681247.591001,2026-06-17T15:27:27.591,1781681247.509417,right,base,1,pelvis,1000,0.001,0.02709425,-0.380997018,0.008418,-0.81572822,-0.568428924,-0.106469829,0.0118407964,0.429740441,-0.285816048,-0.0395431667,-0.795047834,-0.488292578,0.342929899,0.272960658,1,1,0.000287241841,0.000883640169,2,0.057567,,0.429401463,-0.28490642,-0.03903104,-0.79511188,-0.487587263,0.341870044,0.271454014
1781681247.607836,2026-06-17T15:27:27.607,1781681247.509417,right,base,1,pelvis,1000,0.001,0.02709425,-0.380997018,0.008418,-0.81572822,-0.568428924,-0.106469829,0.0118407964,0.429567111,-0.285131327,-0.0392240806,-0.795071492,-0.487748828,0.341882544,0.271545135,1,1,0.000186033024,0.000387710859,2,0.065136,,0.429328828,-0.284639216,-0.0388866902,-0.795114046,-0.487385577,0.341445732,0.270883178
1781681247.624494,2026-06-17T15:27:27.624,1781681247.559431,right,base,1,pelvis,1000,0.001,0.02719585,-0.381047368,0.0081185,-0.815498324,-0.568818478,-0.106225829,0.0111398149,0.429492113,-0.284860927,-0.0390769819,-0.795084645,-0.487544847,0.341458082,0.270973037,1,1,0.000212971874,0.000852971163,2,0.063532,,0.428445351,-0.284354502,-0.0384423608,-0.793808791,-0.486747733,0.340102327,0.270142435
1781681247.641390,2026-06-17T15:27:27.641,1781681247.559431,right,base,1,pelvis,1000,0.001,0.02719585,-0.381047368,0.0081185,-0.815498324,-0.568818478,-0.106225829,0.0111398149,0.428606505,-0.284573258,-0.0386301294,-0.793850158,-0.486904909,0.340114604,0.270231138,1,1,0.000350429933,0.000907971304,1,0.029888,,0.428606505,-0.284573258,-0.0386301294,-0.793850158,-0.486904909,0.340114604,0.270231138
1781681247.658034,2026-06-17T15:27:27.658,1781681247.559431,right,base,1,pelvis,1000,0.001,0.02719585,-0.381047368,0.0081185,-0.815498324,-0.568818478,-0.106225829,0.0111398149,0.428554353,-0.284502465,-0.0385693644,-0.793836771,-0.486854044,0.340110631,0.270202433,1,1,0.000303601132,0.000883884759,1,0.032808,,0.428554353,-0.284502465,-0.0385693644,-0.793836771,-0.486854044,0.340110631,0.270202433
1781681247.674907,2026-06-17T15:27:27.674,1781681247.559431,right,base,1,pelvis,1000,0.001,0.02719585,-0.381047368,0.0081185,-0.815498324,-0.568818478,-0.106225829,0.0111398149,0.428517302,-0.284452171,-0.0385261945,-0.79382726,-0.486817908,0.340107808,0.270182039,1,1,0.00027138581,0.000870321476,1,0.042611,,0.428517302,-0.284452171,-0.0385261945,-0.79382726,-0.486817908,0.340107808,0.270182039
1781681247.691546,2026-06-17T15:27:27.691,1781681247.626103,right,base,1,pelvis,1000,0.001,0.0263887,-0.380306518,0.008458,-0.815609294,-0.568761423,-0.105730644,0.0106280001,0.428489474,-0.284414396,-0.0384937707,-0.793820117,-0.486790767,0.340105688,0.270166722,1,1,0.000458440606,0.000800512236,2,0.045748,,0.431005676,-0.283088453,-0.0386578146,-0.796954037,-0.486569098,0.339648736,0.267651263
1781681247.708350,2026-06-17T15:27:27.708,1781681247.626103,right,base,1,pelvis,1000,0.001,0.0263887,-0.380306518,0.008458,-0.815609294,-0.568761423,-0.105730644,0.0106280001,0.43079768,-0.283295538,-0.038475155,-0.796885785,-0.486717841,0.339660382,0.267735362,1,1,0.000563043585,0.000821882557,1,0.040272,,0.43079768,-0.283295538,-0.038475155,-0.796885785,-0.486717841,0.339660382,0.267735362
1781681247.725097,2026-06-17T15:27:27.725,1781681247.626103,right,base,1,pelvis,1000,0.001,0.0263887,-0.380306518,0.008458,-0.815609294,-0.568761423,-0.105730644,0.0106280001,0.43086457,-0.283228941,-0.038533897,-0.796907734,-0.486670006,0.339656636,0.267708316,1,1,0.000528806447,0.000810915592,1,0.035575,,0.43086457,-0.283228941,-0.038533897,-0.796907734,-0.486670006,0.339656636,0.267708316
1781681247.742031,2026-06-17T15:27:27.742,1781681247.626103,right,base,1,pelvis,1000,0.001,0.0263887,-0.380306518,0.008458,-0.815609294,-0.568761423,-0.105730644,0.0106280001,0.430913016,-0.283180707,-0.0385764417,-0.796923632,-0.486635361,0.339653924,0.267688728,1,1,0.000504330698,0.000805365966,1,0.031439,,0.430913016,-0.283180707,-0.0385764417,-0.796923632,-0.486635361,0.339653924,0.267688728
1781681247.758676,2026-06-17T15:27:27.758,1781681247.626103,right,base,1,pelvis,1000,0.001,0.0263887,-0.380306518,0.008458,-0.815609294,-0.568761423,-0.105730644,0.0106280001,0.430948469,-0.28314541,-0.0386075759,-0.796935265,-0.486610008,0.339651939,0.267674393,1,1,0.000486617072,0.000802608112,1,0.034054,,0.430948469,-0.28314541,-0.0386075759,-0.796935265,-0.486610008,0.339651939,0.267674393
1781681247.775524,2026-06-17T15:27:27.775,1781681247.626103,right,base,1,pelvis,1000,0.001,0.0263887,-0.380306518,0.008458,-0.815609294,-0.568761423,-0.105730644,0.0106280001,0.430972451,-0.283121532,-0.0386286369,-0.796943135,-0.486592858,0.339650596,0.267664697,1,1,0.000474740063,0.000801374206,1,0.048588,,0.430972451,-0.283121532,-0.0386286369,-0.796943135,-0.486592858,0.339650596,0.267664697
1781681247.792217,2026-06-17T15:27:27.792,1781681247.709443,right,base,1,pelvis,1000,0.001,0.02569155,-0.379397318,0.0087975,-0.816230304,-0.568106913,-0.104440557,0.010714306,0.430988116,-0.283105936,-0.0386423935,-0.796948275,-0.486581656,0.339649719,0.267658363,1,1,0.000267830525,0.000556343489,3,0.053284,,0.436178199,-0.280367665,-0.0397446141,-0.804348112,-0.48711552,0.34208376,0.261857565
1781681247.809146,2026-06-17T15:27:27.809,1781681247.709443,right,base,1,pelvis,1000,0.001,0.02569155,-0.379397318,0.0087975,-0.816230304,-0.568106913,-0.104440557,0.010714306,0.435986188,-0.280558692,-0.0395761971,-0.804284766,-0.486920477,0.342032451,0.261935421,1,1,0.000368218453,0.000843218959,1,0.05777,,0.435986188,-0.280558692,-0.0395761971,-0.804284766,-0.486920477,0.342032451,0.261935421
1781681247.825783,2026-06-17T15:27:27.825,1781681247.709443,right,base,1,pelvis,1000,0.001,0.02569155,-0.379397318,0.0087975,-0.816230304,-0.568106913,-0.104440557,0.010714306,0.436047966,-0.28049723,-0.0396303839,-0.804305147,-0.486983231,0.342048959,0.261910372,1,1,0.000335394665,0.000735314218,1,0.047627,,0.436047966,-0.28049723,-0.0396303839,-0.804305147,-0.486983231,0.342048959,0.261910372
1781681247.842519,2026-06-17T15:27:27.842,1781681247.709443,right,base,1,pelvis,1000,0.001,0.02569155,-0.379397318,0.0087975,-0.816230304,-0.568106913,-0.104440557,0.010714306,0.436092816,-0.28045261,-0.0396697229,-0.804319943,-0.487028789,0.342060944,0.261892186,1,1,0.00031183222,0.000664446177,1,0.039133,,0.436092816,-0.28045261,-0.0396697229,-0.804319943,-0.487028789,0.342060944,0.261892186
1781681247.859206,2026-06-17T15:27:27.859,1781681247.709443,right,base,1,pelvis,1000,0.001,0.02569155,-0.379397318,0.0087975,-0.816230304,-0.568106913,-0.104440557,0.010714306,0.436125193,-0.2804204,-0.039698121,-0.804330625,-0.487061677,0.342069595,0.261879058,1,1,0.000294997259,0.000618601848,1,0.041847,,0.436125193,-0.2804204,-0.039698121,-0.804330625,-0.487061677,0.342069595,0.261879058
1781681247.876015,2026-06-17T15:27:27.876,1781681247.709443,right,base,1,pelvis,1000,0.001,0.02569155,-0.379397318,0.0087975,-0.816230304,-0.568106913,-0.104440557,0.010714306,0.43614739,-0.280398317,-0.0397175904,-0.804337948,-0.487084224,0.342075527,0.261870058,1,1,0.000283555293,0.000590370911,1,0.04871,,0.43614739,-0.280398317,-0.0397175904,-0.804337948,-0.487084224,0.342075527,0.261870058
1781681247.892720,2026-06-17T15:27:27.892,1781681247.826151,right,base,1,pelvis,1000,0.001,0.0251279,-0.378609768,0.0092565,-0.817117928,-0.567225738,-0.102275446,0.0106295123,0.43616189,-0.280383891,-0.0397303087,-0.804342732,-0.487098953,0.342079401,0.261864178,1,1,0.000217473095,0.000891170487,3,0.076656,,0.440949816,-0.277753271,-0.0413887914,-0.812416504,-0.487983872,0.346861828,0.254641104
1781681247.909523,2026-06-17T15:27:27.909,1781681247.826151,right,base,1,pelvis,1000,0.001,0.0251279,-0.378609768,0.0092565,-0.817117928,-0.567225738,-0.102275446,0.0106295123,0.440772277,-0.277929782,-0.0412332078,-0.812357575,-0.487803748,0.346814195,0.254713382,1,1,0.000123126638,0.000458252559,2,0.069882,,0.4414201,-0.277518947,-0.041513099,-0.813309323,-0.488013887,0.34738564,0.253842302
1781681247.926223,2026-06-17T15:27:27.926,1781681247.826151,right,base,1,pelvis,1000,0.001,0.0251279,-0.378609768,0.0092565,-0.817117928,-0.567225738,-0.102275446,0.0106295123,0.441244862,-0.277693159,-0.0413595474,-0.813251118,-0.487861151,0.347338603,0.253913676,1,1,0.000217078552,0.000780722604,1,0.052844,,0.441244862,-0.277693159,-0.0413595474,-0.813251118,-0.487861151,0.347338603,0.253913676
1781681247.943004,2026-06-17T15:27:27.943,1781681247.826151,right,base,1,pelvis,1000,0.001,0.0251279,-0.378609768,0.0092565,-0.817117928,-0.567225738,-0.102275446,0.0106295123,0.44130046,-0.277637886,-0.041408265,-0.813269584,-0.48790961,0.347353526,0.253891031,1,1,0.00018671272,0.000672617409,1,0.040255,,0.44130046,-0.277637886,-0.041408265,-0.813269584,-0.48790961,0.347353526,0.253891031
1781681247.959762,2026-06-17T15:27:27.959,1781681247.859442,right,base,1,pelvis,1000,0.001,0.025069,-0.378380868,0.009502,-0.817720272,-0.566781006,-0.0999493194,0.0101479606,0.441341868,-0.277596721,-0.0414445486,-0.813283338,-0.4879457,0.347364641,0.253874166,1,1,7.72794028e-05,0.000868527415,3,0.086845,,0.443403464,-0.27593741,-0.0426187128,-0.818075857,-0.48823091,0.351477609,0.247555971
1781681247.976416,2026-06-17T15:27:27.976,1781681247.909479,right,base,1,pelvis,1000,0.001,0.02559745,-0.378694768,0.0094485,-0.817927428,-0.566859419,-0.0979191053,0.00877326162,0.443234855,-0.27610501,-0.0424710035,-0.81801964,-0.488059963,0.351432165,0.247624931,1,1,7.53125611e-05,0.000909703822,3,0.055845,,0.442844624,-0.275009924,-0.0431624331,-0.819838761,-0.487512213,0.353731538,0.24151826
1781681247.993204,2026-06-17T15:27:27.993,1781681247.942778,right,base,1,pelvis,1000,0.001,0.02656535,-0.379611568,0.0089125,-0.817905878,-0.567157989,-0.0964889242,0.00718875924,0.442965454,-0.27517543,-0.043016583,-0.819783171,-0.487630745,0.353686558,0.24158665,1,1,0.000247397313,0.000822184876,3,0.054825,,0.438485533,-0.275228074,-0.0428326269,-0.815766615,-0.48631621,0.353344446,0.237981172
1781681248.010082,2026-06-17T15:27:28.010,1781681247.942778,right,base,1,pelvis,1000,0.001,0.02656535,-0.379611568,0.0089125,-0.817905878,-0.567157989,-0.0964889242,0.00718875924,0.438605026,-0.275197319,-0.0429722254,-0.815796303,-0.486433273,0.353352914,0.238048859,1,1,0.00028105421,0.000930714379,1,0.038273,,0.438605026,-0.275197319,-0.0429722254,-0.815796303,-0.486433273,0.353352914,0.238048859
1781681248.026869,2026-06-17T15:27:28.026,1781681247.976113,right,base,1,pelvis,1000,0.001,0.0274412,-0.380750268,0.008274,-0.81786671,-0.567411066,-0.0954287796,0.00566339986,0.438566807,-0.275207156,-0.042927576,-0.815786807,-0.486395831,0.353350206,0.23802721,1,1,0.000295104154,0.00074088962,3,0.063365,,0.432903825,-0.275974677,-0.0424501367,-0.809176923,-0.4849165,0.351544883,0.23625025
1781681248.043628,2026-06-17T15:27:28.043,1781681247.976113,right,base,1,pelvis,1000,0.001,0.0274412,-0.380750268,0.008274,-0.81786671,-0.567411066,-0.0954287796,0.00566339986,0.433020543,-0.27594467,-0.0425861893,-0.809206179,-0.485030642,0.351553224,0.236316294,1,1,0.000322294905,0.000865819714,1,0.030924,,0.433020543,-0.27594467,-0.0425861893,-0.809206179,-0.485030642,0.351553224,0.236316294
1781681248.060366,2026-06-17T15:27:28.060,1781681247.976113,right,base,1,pelvis,1000,0.001,0.0274412,-0.380750268,0.008274,-0.81786671,-0.567411066,-0.0954287796,0.00566339986,0.432983312,-0.275954242,-0.0425427899,-0.809196846,-0.484994232,0.351550563,0.236295227,1,1,0.000313183706,0.000820709838,1,0.043815,,0.432983312,-0.275954242,-0.0425427899,-0.809196846,-0.484994232,0.351550563,0.236295227
1781681248.077161,2026-06-17T15:27:28.077,1781681247.976113,right,base,1,pelvis,1000,0.001,0.0274412,-0.380750268,0.008274,-0.81786671,-0.567411066,-0.0954287796,0.00566339986,0.432955878,-0.275961295,-0.0425108115,-0.80918997,-0.484967403,0.351548603,0.236279703,1,1,0.00030672212,0.00079039826,1,0.031692,,0.432955878,-0.275961295,-0.0425108115,-0.80918997,-0.484967403,0.351548603,0.236279703
1781681248.093983,2026-06-17T15:27:28.093,1781681248.042781,right,base,1,pelvis,1000,0.001,0.02801545,-0.381657268,0.007559,-0.817764251,-0.567710027,-0.0945988506,0.00424404638,0.432936089,-0.275966382,-0.0424877452,-0.80918501,-0.484948051,0.351547188,0.236268506,1,1,0.000256581965,0.000658810005,3,0.064086,,0.427498259,-0.276558591,-0.041799493,-0.801840852,-0.483419286,0.348608916,0.235229767
1781681250.205977,2026-06-17T15:27:30.205,1781681250.159602,right,base,1,pelvis,1000,0.001,0.0593507086,-0.288715131,-0.0504450309,0.710698095,0.698703496,0.0563151336,0.0595839535,0.42760942,-0.276530051,-0.0419288025,-0.801868997,-0.483527816,0.34861698,0.235292571,1,1,1.42976165e-05,0.000506180142,29,0.352461,,-0.0556273041,-0.0386995176,0.211208909,-0.0534005127,-0.230671223,-0.0541839752,0.0225832784
1781681250.222399,2026-06-17T15:27:30.222,1781681250.159602,right,base,1,pelvis,1000,0.001,0.0593507086,-0.288715131,-0.0504450309,0.710698095,0.698703496,0.0563151336,0.0595839535,0.42760942,-0.276530051,-0.0419288025,-0.801868997,-0.483527816,0.34861698,0.235292571,1,1,1.42976165e-05,0.000506180142,29,0.331662,,-0.0556273041,-0.0386995176,0.211208909,-0.0534005127,-0.230671223,-0.0541839752,0.0225832784
1781681250.239552,2026-06-17T15:27:30.239,1781681250.159602,right,base,1,pelvis,1000,0.001,0.0593507086,-0.288715131,-0.0504450309,0.710698095,0.698703496,0.0563151336,0.0595839535,0.427604121,-0.276527443,-0.0419260265,-0.801860789,-0.483525043,0.348612563,0.235290239,1,1,1.42975522e-05,0.000506177194,29,0.350235,,-0.055627307,-0.0386995111,0.211208738,-0.0534005057,-0.23067105,-0.0541839763,0.0225832796
1781681250.255941,2026-06-17T15:27:30.255,1781681250.159602,right,base,1,pelvis,1000,0.001,0.0593507086,-0.288715131,-0.0504450309,0.710698095,0.698703496,0.0563151336,0.0595839535,0.427522487,-0.276487266,-0.0418832634,-0.801734348,-0.483482328,0.348544517,0.235254305,1,1,1.42965612e-05,0.000506131772,29,0.329924,,-0.0556273522,-0.0386994119,0.211206108,-0.0534003982,-0.230668386,-0.0541839917,0.0225832973
1781681250.273088,2026-06-17T15:27:30.273,1781681250.159602,right,base,1,pelvis,1000,0.001,0.0593507086,-0.288715131,-0.0504450309,0.710698095,0.698703496,0.0563151336,0.0595839535,0.427208921,-0.276332941,-0.0417190057,-0.801248677,-0.483318252,0.348283145,0.235116281,1,1,1.4292753e-05,0.000505957184,29,0.366775,,-0.055627526,-0.038699031,0.211196021,-0.0533999847,-0.230658169,-0.0541840514,0.0225833651
1781681250.289504,2026-06-17T15:27:30.289,1781681250.209614,right,base,1,pelvis,1000,0.001,0.0597963586,-0.288221581,-0.0500150309,0.711426969,0.697961503,0.056854589,0.0590674479,0.426384639,-0.275927261,-0.0412872156,-0.799971976,-0.482886942,0.347596066,0.234753452,1,1,4.01956342e-06,0.000504218426,29,0.350371,,-0.0348892874,-0.0427588829,0.209734875,-0.0937342972,-0.231999992,-0.0355164773,0.0192850166
1781681250.306553,2026-06-17T15:27:30.306,1781681250.226293,right,base,1,pelvis,1000,0.001,0.0600629086,-0.287461831,-0.0493350309,0.712058575,0.697287824,0.0578934399,0.0584005691,0.424850638,-0.275172285,-0.0404836479,-0.797596016,-0.482084266,0.346317403,0.234078221,1,1,1.09751921e-06,0.000500974179,29,0.356297,,-0.0119115138,-0.0469116303,0.208193507,-0.137419763,-0.23331592,-0.0163105301,0.0162777153
1781681250.323105,2026-06-17T15:27:30.323,1781681250.226293,right,base,1,pelvis,1000,0.001,0.0600629086,-0.287461831,-0.0493350309,0.712058575,0.697287824,0.0578934399,0.0584005691,0.422982704,-0.274227984,-0.0394670043,-0.794736209,-0.481068168,0.344766004,0.233205511,1,1,1.09469488e-06,0.000499827092,29,0.382781,,-0.0119105734,-0.0469070477,0.208134627,-0.137419977,-0.233256142,-0.0163091638,0.0162800114
1781681250.339899,2026-06-17T15:27:30.339,1781681250.276293,right,base,1,pelvis,1000,0.001,0.0602336086,-0.286300731,-0.0488830309,0.712407856,0.696881616,0.0593262738,0.0575452223,0.420354565,-0.272854272,-0.0379703498,-0.790763934,-0.479570959,0.342583957,0.23189458,1,1,6.75415981e-07,0.000495521127,29,0.358601,,0.000360091331,-0.0481720113,0.20735171,-0.160596377,-0.234160591,-0.00673763301,0.0156946671
1781681250.356565,2026-06-17T15:27:30.356,1781681250.276293,right,base,1,pelvis,1000,0.001,0.0602336086,-0.286300731,-0.0488830309,0.712407856,0.696881616,0.0593262738,0.0575452223,0.416580168,-0.27088142,-0.0358209327,-0.78505916,-0.477420746,0.339450215,0.230011888,1,1,8.29241981e-07,0.000535363989,28,0.331804,,0.000363890231,-0.0481643084,0.207213837,-0.160600555,-0.234061236,-0.00672834254,0.0157198185
1781681250.373390,2026-06-17T15:27:30.373,1781681250.309625,right,base,1,pelvis,1000,0.001,0.0601759086,-0.284993231,-0.0487890309,0.712566325,0.69661963,0.0609742075,0.0570304299,0.41196532,-0.268412125,-0.0331247518,-0.778135418,-0.474723595,0.335611851,0.227635643,1,1,7.65078103e-07,0.00052943797,28,0.340821,,0.0038213828,-0.0470844854,0.206935207,-0.166073833,-0.234507846,-0.00643721103,0.0165201989
1781681250.390160,2026-06-17T15:27:30.390,1781681250.309625,right,base,1,pelvis,1000,0.001,0.0601759086,-0.284993231,-0.0487890309,0.712566325,0.69661963,0.0609742075,0.0570304299,0.405968534,-0.265203388,-0.029621186,-0.769138327,-0.471218768,0.33062407,0.224547818,1,1,7.57102469e-07,0.000524704691,28,0.361578,,0.00382483956,-0.0470679983,0.206759622,-0.166074772,-0.23432809,-0.00643218555,0.0165286591
1781681250.406926,2026-06-17T15:27:30.406,1781681250.309625,right,base,1,pelvis,1000,0.001,0.0601759086,-0.284993231,-0.0487890309,0.712566325,0.69661963,0.0609742075,0.0570304299,0.399286935,-0.261579384,-0.025690846,-0.759118524,-0.467285861,0.32502386,0.221091478,1,1,7.47925158e-07,0.000519292621,28,0.341929,,0.0038285799,-0.0470500979,0.206569119,-0.166075764,-0.23413276,-0.0064267922,0.0165378167
1781681250.423646,2026-06-17T15:27:30.423,1781681250.359629,right,base,1,pelvis,1000,0.001,0.0599985086,-0.283641731,-0.0488960309,0.712560112,0.696477629,0.0626034439,0.0570772037,0.391223039,-0.257205642,-0.0209473934,-0.747025814,-0.462539309,0.318265074,0.216920087,1,1,8.11503542e-07,0.000511328397,28,0.350906,,0.00297565409,-0.0446652873,0.206533607,-0.162676975,-0.23409495,-0.0112814815,0.0171955899
1781681250.440574,2026-06-17T15:27:30.440,1781681250.359629,right,base,1,pelvis,1000,0.001,0.0599985086,-0.283641731,-0.0488960309,0.712560112,0.696477629,0.0626034439,0.0570772037,0.381754502,-0.252070041,-0.0153776833,-0.732826687,-0.456965961,0.31032898,0.212022086,1,1,7.99483626e-07,0.000503313512,28,0.356418,,0.00298021316,-0.0446435897,0.206299591,-0.162678359,-0.233853683,-0.0112747629,0.0172057568
1781681250.457259,2026-06-17T15:27:30.457,1781681250.359629,right,base,1,pelvis,1000,0.001,0.0599985086,-0.283641731,-0.0488960309,0.712560112,0.696477629,0.0626034439,0.0570772037,0.372022968,-0.246741427,-0.00967636873,-0.718178478,-0.451239989,0.302066208,0.20701663,1,1,9.51348283e-07,0.00053746906,27,0.35089,,0.00298644561,-0.0446243918,0.206044466,-0.162684162,-0.233632089,-0.0112598569,0.0172334968
1781681250.474147,2026-06-17T15:27:30.474,1781681250.359629,right,base,1,pelvis,1000,0.001,0.0599985086,-0.283641731,-0.0488960309,0.712560112,0.696477629,0.0626034439,0.0570772037,0.361152377,-0.240789109,-0.00330772691,-0.701815727,-0.444843805,0.292836295,0.201425296,1,1,9.30431212e-07,0.000526986283,27,0.363749,,0.00299094296,-0.0446022615,0.205808925,-0.162685433,-0.233386869,-0.0112531124,0.017242535
1781681250.490852,2026-06-17T15:27:30.490,1781681250.426300,right,base,1,pelvis,1000,0.001,0.0597912586,-0.282431431,-0.0488645309,0.712436034,0.696448291,0.0639519188,0.0574876268,0.34880536,-0.234028356,0.00392589347,-0.683230613,-0.4375789,0.282352791,0.195074556,1,1,9.25769822e-07,0.000514772672,27,0.352498,,0.00559371652,-0.0429762994,0.2057434,-0.165610824,-0.233060005,-0.0135222428,0.0163845159
1781681250.507732,2026-06-17T15:27:30.507,1781681250.426300,right,base,1,pelvis,1000,0.001,0.0597912586,-0.282431431,-0.0488645309,0.712436034,0.696448291,0.0639519188,0.0574876268,0.336525919,-0.22730207,0.0110945098,-0.664746698,-0.430328294,0.271927209,0.188759961,1,1,9.03569457e-07,0.000502133808,27,0.33834,,0.00559816043,-0.0429544659,0.205517108,-0.165612112,-0.232821795,-0.0135158029,0.0163925204
1781681250.524334,2026-06-17T15:27:30.524,1781681250.426300,right,base,1,pelvis,1000,0.001,0.0597912586,-0.282431431,-0.0488645309,0.712436034,0.696448291,0.0639519188,0.0574876268,0.323375989,-0.219977697,0.0188290828,-0.644913023,-0.422489637,0.260584583,0.181910446,1,1,1.04243909e-06,0.000529943414,26,0.343521,,0.00560422005,-0.0429352605,0.205275819,-0.1656185,-0.232607827,-0.0134995085,0.0164155349
1781681250.541339,2026-06-17T15:27:30.541,1781681250.426300,right,base,1,pelvis,1000,0.001,0.0597912586,-0.282431431,-0.0488645309,0.712436034,0.696448291,0.0639519188,0.0574876268,0.309418693,-0.21220363,0.0270385351,-0.623861621,-0.414169709,0.248545554,0.174640392,1,1,1.00632657e-06,0.000513065632,26,0.344082,,0.00560802177,-0.042915521,0.205077588,-0.165619423,-0.232393425,-0.0134941851,0.0164199914
1781681250.557928,2026-06-17T15:27:30.557,1781681250.476308,right,base,1,pelvis,1000,0.001,0.0595792586,-0.281484231,-0.0486045309,0.712176407,0.696571795,0.0649571091,0.0580781646,0.294223943,-0.203740313,0.0359758379,-0.600943799,-0.405112137,0.235439144,0.166725775,1,1,8.75564549e-07,0.000495662824,26,0.310409,,0.0133370668,-0.0427167563,0.205067703,-0.178262635,-0.231890072,-0.0111796526,0.0141334244
1781681250.574742,2026-06-17T15:27:30.574,1781681250.476308,right,base,1,pelvis,1000,0.001,0.0595792586,-0.281484231,-0.0486045309,0.712176407,0.696571795,0.0649571091,0.0580781646,0.27935145,-0.195452948,0.0446897179,-0.578511362,-0.396211873,0.222611511,0.158980458,1,1,9.85278312e-07,0.000517295293,25,0.299313,,0.0133417162,-0.0427008044,0.204885248,-0.178268116,-0.231728608,-0.0111642737,0.0141504477
1781681250.591476,2026-06-17T15:27:30.591,1781681250.476308,right,base,1,pelvis,1000,0.001,0.0595792586,-0.281484231,-0.0486045309,0.712176407,0.696571795,0.0649571091,0.0580781646,0.264053199,-0.186669225,0.0539129138,-0.555493413,-0.386761872,0.209166388,0.150650434,1,1,1.09620559e-06,0.00053641207,24,0.296572,,0.0133461976,-0.0426861261,0.204718147,-0.178273853,-0.231579963,-0.011149123,0.0141652495
1781681250.608295,2026-06-17T15:27:30.608,1781681250.542979,right,base,1,pelvis,1000,0.001,0.0594251086,-0.280769081,-0.0479800309,0.71195699,0.696737634,0.0651834989,0.0585237178,0.248282127,-0.177614025,0.0634211692,-0.531764051,-0.377019802,0.195305719,0.142062954,1,1,8.30905112e-07,0.000511904419,24,0.300567,,0.0276080003,-0.0441854553,0.204553809,-0.204023231,-0.231144521,-0.00126222177,0.00981727886
1781681250.624973,2026-06-17T15:27:30.624,1781681250.542979,right,base,1,pelvis,1000,0.001,0.0594251086,-0.280769081,-0.0479800309,0.71195699,0.696737634,0.0651834989,0.0585237178,0.231847684,-0.16817794,0.0733293656,-0.507036574,-0.366867955,0.180862036,0.133114264,1,1,9.02020832e-07,0.000524227922,23,0.287837,,0.0276104994,-0.0441755853,0.204458289,-0.204027106,-0.231060526,-0.00124991485,0.00982549762
1781681250.642088,2026-06-17T15:27:30.642,1781681250.576309,right,base,1,pelvis,1000,0.001,0.0590294586,-0.280306431,-0.0471090309,0.711842263,0.696852662,0.0648590458,0.058908959,0.216784575,-0.159033232,0.0830074461,-0.484688698,-0.356858064,0.167429987,0.124020851,1,1,7.90930103e-07,0.000536350482,22,0.283557,,0.0452218089,-0.0466287914,0.2040491,-0.235642073,-0.230811469,0.0119004777,0.00448821593
1781681250.658551,2026-06-17T15:27:30.658,1781681250.576309,right,base,1,pelvis,1000,0.001,0.0590294586,-0.280306431,-0.0471090309,0.711842263,0.696852662,0.0648590458,0.058908959,0.201062423,-0.149488423,0.0931089631,-0.461363056,-0.34641022,0.153410257,0.114529581,1,1,7.2262065e-07,0.000498073449,22,0.286649,,0.0452235647,-0.0466196156,0.204003699,-0.235641566,-0.23072816,0.0118971672,0.00447955749
1781681250.675300,2026-06-17T15:27:30.675,1781681250.576309,right,base,1,pelvis,1000,0.001,0.0590294586,-0.280306431,-0.0471090309,0.711842263,0.696852662,0.0648590458,0.058908959,0.187514465,-0.140546351,0.102753512,-0.441740068,-0.336360676,0.141108145,0.104963167,1,1,7.59400895e-07,0.000499050449,21,0.208433,,0.0452252201,-0.0466117421,0.203942957,-0.235643896,-0.230667569,0.0119054326,0.00448339883
1781681250.692127,2026-06-17T15:27:30.692,1781681250.576309,right,base,1,pelvis,1000,0.001,0.0590294586,-0.280306431,-0.0471090309,0.711842263,0.696852662,0.0648590458,0.058908959,0.173940806,-0.131587316,0.112416356,-0.422079856,-0.326292069,0.128782697,0.0953786056,1,1,7.87805503e-07,0.000495325323,20,0.26696,,0.0452264929,-0.0466060812,0.203902225,-0.235645956,-0.230622436,0.0119116841,0.00448406871
1781681250.708899,2026-06-17T15:27:30.708,1781681250.576309,right,base,1,pelvis,1000,0.001,0.0590294586,-0.280306431,-0.0471090309,0.711842263,0.696852662,0.0648590458,0.058908959,0.160553909,-0.122751549,0.121946248,-0.40269015,-0.316361996,0.116626836,0.0859259191,1,1,9.29630167e-07,0.000528363451,18,0.227083,,0.0452273693,-0.0466040182,0.203866223,-0.235651482,-0.230617661,0.0119298316,0.00449357405
1781681250.725660,2026-06-17T15:27:30.725,1781681250.576309,right,base,1,pelvis,1000,0.001,0.0590294586,-0.280306431,-0.0471090309,0.711842263,0.696852662,0.0648590458,0.058908959,0.147658259,-0.114240021,0.131126429,-0.384011971,-0.306796319,0.104917047,0.0768201097,1,1,9.41446895e-07,0.000514405362,17,0.243716,,0.0452280649,-0.0466022594,0.203861646,-0.235652931,-0.230598837,0.0119315354,0.00448821808
1781681250.742530,2026-06-17T15:27:30.742,1781681250.659647,right,base,1,pelvis,1000,0.001,0.0586547586,-0.280110931,-0.0457140309,0.712371909,0.696385032,0.0637332073,0.0592640582,0.135285452,-0.106073585,0.139934409,-0.366091084,-0.297618474,0.0936820226,0.0680834876,1,1,6.94100951e-07,0.000493337365,16,0.217893,,0.0683548696,-0.050403524,0.20249597,-0.278255684,-0.23144441,0.0315007598,-0.00297603437
1781681250.759173,2026-06-17T15:27:30.759,1781681250.659647,right,base,1,pelvis,1000,0.001,0.0586547586,-0.280110931,-0.0457140309,0.712371909,0.696385032,0.0637332073,0.0592640582,0.123485815,-0.098285459,0.148334359,-0.34900038,-0.288865792,0.0829674596,0.059751589,1,1,7.71564221e-07,0.000508971363,14,0.193721,,0.0683536989,-0.0504090949,0.202522865,-0.278258034,-0.231486026,0.0315088579,-0.00297556625
1781681250.776115,2026-06-17T15:27:30.776,1781681250.659647,right,base,1,pelvis,1000,0.001,0.0586547586,-0.280110931,-0.0457140309,0.712371909,0.696385032,0.0637332073,0.0592640582,0.115791235,-0.0916026178,0.155893649,-0.339126603,-0.280851538,0.0757842958,0.0509967475,1,1,1.35737413e-06,0.000629107515,12,0.191046,,0.0683547049,-0.0504092279,0.202452366,-0.278272471,-0.231530428,0.0315609485,-0.00293942438
1781681250.792732,2026-06-17T15:27:30.792,1781681250.692981,right,base,1,pelvis,1000,0.001,0.0584023586,-0.280059431,-0.0438690309,0.713299846,0.695509632,0.0626678832,0.0595182136,0.10849529,-0.0852659955,0.163061314,-0.329764358,-0.27325248,0.0689732712,0.0426954695,1,1,8.01997273e-07,0.000524645901,12,0.174604,,0.0937237463,-0.0549295703,0.20035805,-0.325529782,-0.233134936,0.0535034097,-0.0104693688
1781681250.809557,2026-06-17T15:27:30.809,1781681250.692981,right,base,1,pelvis,1000,0.001,0.0584023586,-0.280059431,-0.0438690309,0.713299846,0.695509632,0.0626678832,0.0595182136,0.101960984,-0.079590867,0.169480731,-0.321379457,-0.266446704,0.0628732643,0.0352607799,1,1,1.42423911e-06,0.000578477982,11,0.155146,,0.0937213256,-0.0549341032,0.200346243,-0.325532086,-0.233173709,0.0535262195,-0.0104491179
1781681250.826272,2026-06-17T15:27:30.826,1781681250.709645,right,base,1,pelvis,1000,0.001,0.0586765586,-0.280636581,-0.0423395309,0.714509835,0.694345457,0.0615239103,0.0597903918,0.100490108,-0.0751872419,0.174994315,-0.322120557,-0.260498414,0.0612001436,0.0270950119,1,1,2.74698107e-06,0.000596287281,10,0.150459,,0.110750334,-0.0589281695,0.197826577,-0.359025762,-0.235272916,0.0705320549,-0.0156186364
1781681250.843131,2026-06-17T15:27:30.843,1781681250.742980,right,base,1,pelvis,1000,0.001,0.0590245586,-0.282111531,-0.0413245309,0.716091471,0.692820023,0.0601885741,0.0599229183,0.0991886285,-0.0712907684,0.179872917,-0.322776306,-0.25523517,0.0597197109,0.0198696695,1,1,5.56323302e-06,0.000573946882,9,0.156685,,0.120354747,-0.06294203,0.194792573,-0.378979738,-0.237900672,0.0822700141,-0.0178982768
1781681250.859829,2026-06-17T15:27:30.859,1781681250.759646,right,base,1,pelvis,1000,0.001,0.0592063086,-0.283839681,-0.0411195309,0.717637207,0.691313995,0.058900702,0.0601041344,0.101628188,-0.0686822172,0.183661201,-0.330425067,-0.251023065,0.0620011529,0.0123815139,1,1,1.02048047e-05,0.000529361744,8,0.137214,,0.121405833,-0.0655709348,0.192110363,-0.38216238,-0.24020714,0.0860522073,-0.0179140156
1781681250.876686,2026-06-17T15:27:30.876,1781681250.826317,right,base,1,pelvis,1000,0.001,0.0581296586,-0.291697231,-0.0394530309,0.721659504,0.687245598,0.0561646859,0.061209281,0.105892488,-0.0673750963,0.18619597,-0.343926036,-0.248034913,0.0666166561,0.00548638212,1,1,3.03542167e-05,0.000535474781,7,0.130439,,0.138857176,-0.0809173026,0.183350342,-0.4114542,-0.24752924,0.100341139,-0.0138987905
1781681250.893352,2026-06-17T15:27:30.893,1781681250.826317,right,base,1,pelvis,1000,0.001,0.0581296586,-0.291697231,-0.0394530309,0.721659504,0.687245598,0.0561646859,0.061209281,0.109793881,-0.0669213744,0.187683359,-0.379939891,-0.246066335,0.0715044305,-0.000398496849,1,1,8.63621955e-06,0.000559876518,9,0.134788,,0.139079898,-0.0809252799,0.183331037,-0.411711944,-0.247420103,0.0999540965,-0.0140960381
1781681250.910252,2026-06-17T15:27:30.910,1781681250.842985,right,base,1,pelvis,1000,0.001,0.0578676086,-0.298250981,-0.0385915309,0.72384314,0.684982983,0.054904019,0.0619271451,0.117563878,-0.0706631498,0.186524938,-0.388365161,-0.246457439,0.0792138503,-0.00400776562,1,1,2.47462407e-05,0.000619508234,8,0.133824,,0.145565806,-0.0930442576,0.177751992,-0.422812372,-0.252018906,0.106024692,-0.00703870997
1781681250.927034,2026-06-17T15:27:30.927,1781681250.842985,right,base,1,pelvis,1000,0.001,0.0578676086,-0.298250981,-0.0385915309,0.72384314,0.684982983,0.054904019,0.0619271451,0.123924658,-0.078058249,0.185576616,-0.398624283,-0.24677761,0.0855250392,-0.00696243379,1,1,4.50356432e-05,0.000635895827,7,0.130055,,0.145508274,-0.0930984528,0.178242794,-0.422768303,-0.252429854,0.105922247,-0.00726263798
1781681250.943821,2026-06-17T15:27:30.943,1781681250.842985,right,base,1,pelvis,1000,0.001,0.0578676086,-0.298250981,-0.0385915309,0.72384314,0.684982983,0.054904019,0.0619271451,0.130137794,-0.0823607059,0.18333018,-0.405568641,-0.248282377,0.0914104536,-0.00698433255,1,1,8.01725645e-05,0.000600763136,6,0.102938,,0.145423421,-0.0930008062,0.178107149,-0.422692835,-0.252283534,0.105969667,-0.0073019514
1781681250.960471,2026-06-17T15:27:30.960,1781681250.842985,right,base,1,pelvis,1000,0.001,0.0578676086,-0.298250981,-0.0385915309,0.72384314,0.684982983,0.054904019,0.0619271451,0.135103462,-0.0857993197,0.181534781,-0.411118718,-0.249485018,0.0961142004,-0.0070018345,1,1,0.00013581141,0.000544083024,5,0.095212,,0.145291329,-0.092873542,0.178008063,-0.422586507,-0.252168737,0.10604626,-0.00738966805
1781681250.977361,2026-06-17T15:27:30.977,1781681250.842985,right,base,1,pelvis,1000,0.001,0.0578676086,-0.298250981,-0.0385915309,0.72384314,0.684982983,0.054904019,0.0619271451,0.13872805,-0.0883092653,0.180224267,-0.415169882,-0.250362862,0.0995476037,-0.00701460969,1,1,0.000221923301,0.000480771163,4,0.10231,,0.145095093,-0.0927022752,0.177949892,-0.422434326,-0.252079109,0.106141745,-0.00752950643
1781681250.993926,2026-06-17T15:27:30.993,1781681250.842985,right,base,1,pelvis,1000,0.001,0.0578676086,-0.298250981,-0.0385915309,0.72384314,0.684982983,0.054904019,0.0619271451,0.141450134,-0.0901942476,0.179240064,-0.418212328,-0.251022127,0.102126108,-0.00702420392,1,1,0.000335328777,0.00076049742,3,0.072327,,0.144863057,-0.0925394417,0.177980752,-0.422145405,-0.251960746,0.105866794,-0.00746610677
1781681251.010861,2026-06-17T15:27:31.010,1781681250.959657,right,base,1,pelvis,1000,0.001,0.0529069086,-0.335147481,-0.0312505309,0.739793395,0.667369447,0.0521986829,0.0678163131,0.143272405,-0.0914561291,0.178581199,-0.420249061,-0.251463465,0.10385226,-0.00703062668,1,1,3.9406503e-06,0.000499874467,11,0.164194,,0.200602285,-0.161637543,0.136798397,-0.500719363,-0.287016236,0.133179815,0.0338744154
1781681251.027411,2026-06-17T15:27:31.027,1781681250.959657,right,base,1,pelvis,1000,0.001,0.0529069086,-0.335147481,-0.0312505309,0.739793395,0.667369447,0.0521986829,0.0678163131,0.143739502,-0.139825524,0.178404877,-0.466969243,-0.251609492,0.104443831,-0.00715850609,1,1,1.56913895e-06,0.000570461601,12,0.123349,,0.200474809,-0.16317652,0.142622384,-0.500760332,-0.293056958,0.13238369,0.0322190552
1781681251.044263,2026-06-17T15:27:31.044,1781681250.959657,right,base,1,pelvis,1000,0.001,0.0529069086,-0.335147481,-0.0312505309,0.739793395,0.667369447,0.0521986829,0.0678163131,0.156802106,-0.146322597,0.168846974,-0.474761941,-0.259743183,0.111045104,0.00226763816,1,1,2.5601204e-06,0.000581580888,11,0.140733,,0.200522038,-0.162833836,0.141401638,-0.500761386,-0.291780817,0.13246675,0.0324760332
1781681251.060877,2026-06-17T15:27:31.060,1781681250.992992,right,base,1,pelvis,1000,0.001,0.0561928586,-0.344059081,-0.0346645309,0.744475099,0.661765217,0.0541311377,0.0699531624,0.168040665,-0.150659718,0.162098443,-0.48145329,-0.268316016,0.116536291,0.00997521585,1,1,2.41661803e-06,0.000520519525,11,0.110375,,0.153363385,-0.169938937,0.135549854,-0.421622077,-0.29725676,0.10024261,0.0569801713
1781681251.077669,2026-06-17T15:27:31.077,1781681250.992992,right,base,1,pelvis,1000,0.001,0.0561928586,-0.344059081,-0.0346645309,0.744475099,0.661765217,0.0541311377,0.0699531624,0.176870875,-0.155714484,0.156471921,-0.449459259,-0.27469503,0.112185707,0.0160921664,1,1,3.06122217e-06,0.000567592577,10,0.107647,,0.153302059,-0.170000235,0.135901232,-0.421704519,-0.297568803,0.100704881,0.05672697
1781681251.094375,2026-06-17T15:27:31.094,1781681251.042994,right,base,1,pelvis,1000,0.001,0.0530512086,-0.359341731,-0.0375405309,0.756327562,0.646838041,0.0628023337,0.0750002362,0.17068068,-0.15946019,0.150962542,-0.442128932,-0.28063618,0.109040748,0.0268591484,1,1,2.21474942e-06,0.000536535173,12,0.127224,,0.108572956,-0.186112184,0.116195761,-0.316901453,-0.316455492,0.0338301581,0.10487076
1781681251.111214,2026-06-17T15:27:31.111,1781681251.042994,right,base,1,pelvis,1000,0.001,0.0530512086,-0.359341731,-0.0375405309,0.756327562,0.646838041,0.0628023337,0.0750002362,0.165775275,-0.162428465,0.146596649,-0.392193353,-0.285344229,0.0619448144,0.0353914164,1,1,3.4398636e-06,0.000634412188,11,0.110994,,0.108588235,-0.18626513,0.117222294,-0.316981159,-0.317418503,0.0338254988,0.104575503
1781681251.128007,2026-06-17T15:27:31.128,1781681251.042994,right,base,1,pelvis,1000,0.001,0.0530512086,-0.359341731,-0.0375405309,0.756327562,0.646838041,0.0628023337,0.0750002362,0.154820204,-0.166964239,0.140774439,-0.367540438,-0.291302485,0.0565560099,0.0486977151,1,1,2.97913661e-06,0.000562942095,11,0.127093,,0.108575488,-0.186228618,0.116968397,-0.316972076,-0.317263767,0.0339146821,0.104626898
1781681251.144775,2026-06-17T15:27:31.144,1781681251.059662,right,base,1,pelvis,1000,0.001,0.0480202586,-0.365572881,-0.0375470309,0.761783645,0.639581551,0.0689020019,0.0766396254,0.145321148,-0.170929899,0.135935296,-0.357152271,-0.296668415,0.0518856833,0.0601786501,1,1,2.53720278e-06,0.000498799648,12,0.120748,,0.108274311,-0.195572883,0.105832101,-0.292384964,-0.328871915,0.00554278873,0.129295867
1781681251.161438,2026-06-17T15:27:31.161,1781681251.059662,right,base,1,pelvis,1000,0.001,0.0480202586,-0.365572881,-0.0375470309,0.761783645,0.639581551,0.0689020019,0.0766396254,0.137161353,-0.18038612,0.131778417,-0.324390206,-0.301277809,0.0204083573,0.0801936315,1,1,2.74687149e-06,0.000560434978,11,0.11219,,0.108281902,-0.195640472,0.106321774,-0.292405882,-0.329296167,0.00549376049,0.129183121
1781681251.178347,2026-06-17T15:27:31.178,1781681251.092996,right,base,1,pelvis,1000,0.001,0.0428949586,-0.372600081,-0.0365615309,0.767314302,0.632054201,0.0756917616,0.0775048746,0.130347717,-0.183968248,0.125658415,-0.316841074,-0.307786479,0.01690199,0.0917754607,1,1,2.58861255e-06,0.000493088081,12,0.124043,,0.116018853,-0.208226513,0.0934561834,-0.28197216,-0.342644532,-0.0152199248,0.156683854
1781681251.195324,2026-06-17T15:27:31.195,1781681251.109664,right,base,1,pelvis,1000,0.001,0.0387998086,-0.377782931,-0.0345010309,0.772589918,0.62468695,0.0825320415,0.0778427563,0.124562347,-0.199457252,0.120462001,-0.300188056,-0.313312905,-0.00649964967,0.128551198,1,1,1.60476094e-06,0.000549977343,12,0.135549,,0.138498039,-0.21973416,0.0794795475,-0.301914395,-0.356993078,-0.0201817815,0.177360456
1781681251.212121,2026-06-17T15:27:31.212,1781681251.143001,right,base,1,pelvis,1000,0.001,0.0353670086,-0.380191481,-0.0311240309,0.780933597,0.612663512,0.0937425403,0.0774498169,0.122133103,-0.212432367,0.112783208,-0.295008576,-0.321653014,-0.0130068669,0.154151302,1,1,1.14864153e-06,0.000535239481,13,0.127871,,0.17850059,-0.228133215,0.0584688154,-0.352344134,-0.380320655,-0.0147525783,0.197258348
1781681251.228952,2026-06-17T15:27:31.228,1781681251.159668,right,base,1,pelvis,1000,0.001,0.0346173086,-0.380724781,-0.0311525309,0.784350249,0.607652527,0.0980272108,0.0770957819,0.137148682,-0.220358289,0.0965196837,-0.343814037,-0.336157346,-0.0151669182,0.172640026,1,1,1.1564901e-06,0.000620166223,12,0.131714,,0.176509525,-0.22836257,0.0506726073,-0.342700737,-0.386227825,-0.023401219,0.209098285
1781681251.245751,2026-06-17T15:27:31.245,1781681251.159668,right,base,1,pelvis,1000,0.001,0.0346173086,-0.380724781,-0.0311525309,0.784350249,0.607652527,0.0980272108,0.0770957819,0.148968799,-0.22258069,0.0835357019,-0.346252298,-0.34878108,-0.0168821568,0.187754843,1,1,1.85502728e-06,0.000601740008,11,0.140577,,0.176492344,-0.228152113,0.0494973759,-0.342645161,-0.385068227,-0.0233460956,0.209353306
1781681251.262477,2026-06-17T15:27:31.262,1781681251.159668,right,base,1,pelvis,1000,0.001,0.0346173086,-0.380724781,-0.0311525309,0.784350249,0.607652527,0.0980272108,0.0770957819,0.15722846,-0.224314717,0.0736798247,-0.345187159,-0.360011627,-0.0188372702,0.194155894,1,1,3.10804009e-06,0.000554841306,10,0.108847,,0.176485811,-0.228210758,0.0498023887,-0.342646391,-0.385416562,-0.0233414347,0.209310465
1781681251.279443,2026-06-17T15:27:31.279,1781681251.193004,right,base,1,pelvis,1000,0.001,0.0338993086,-0.380533931,-0.0312775309,0.787671729,0.602855811,0.101046935,0.0769911347,0.162929578,-0.225450389,0.0665230644,-0.344434859,-0.367427091,-0.0201716505,0.198653545,1,1,2.43485254e-06,0.000540009458,10,0.110642,,0.175676354,-0.227102212,0.0438618174,-0.336329525,-0.391971966,-0.0292630415,0.216110007
1781681251.296249,2026-06-17T15:27:31.296,1781681251.209670,right,base,1,pelvis,1000,0.001,0.0329691586,-0.379992531,-0.0307805309,0.790992304,0.598035327,0.103643824,0.0770900828,0.16744994,-0.226350852,0.0608485374,-0.343838367,-0.373306742,-0.0235837117,0.202219691,1,1,2.07252408e-06,0.000570134292,10,0.115981,,0.184133434,-0.225961533,0.0371441909,-0.346004711,-0.399402981,-0.0288652047,0.218641439
1781681251.312926,2026-06-17T15:27:31.312,1781681251.209670,right,base,1,pelvis,1000,0.001,0.0329691586,-0.379992531,-0.0307805309,0.790992304,0.598035327,0.103643824,0.0770900828,0.169902407,-0.226574848,0.0557844397,-0.341599823,-0.378871237,-0.0252768391,0.206360686,1,1,3.63637145e-06,0.000589270051,9,0.091031,,0.184129792,-0.225960651,0.0371418688,-0.346012056,-0.399379543,-0.0288430518,0.218629811
1781681251.329802,2026-06-17T15:27:31.329,1781681251.209670,right,base,1,pelvis,1000,0.001,0.0329691586,-0.379992531,-0.0307805309,0.790992304,0.598035327,0.103643824,0.0770900828,0.174185774,-0.226390248,0.0501739505,-0.342925641,-0.385051043,-0.0263568937,0.210057044,1,1,6.17880593e-06,0.000544963608,8,0.105973,,0.184116707,-0.225956929,0.0371190432,-0.34599475,-0.399397773,-0.0288380599,0.218644661
1781681251.346569,2026-06-17T15:27:31.346,1781681251.209670,right,base,1,pelvis,1000,0.001,0.0329691586,-0.379992531,-0.0307805309,0.790992304,0.598035327,0.103643824,0.0770900828,0.177441072,-0.226249954,0.0459100587,-0.343933244,-0.389747608,-0.0271777198,0.212866223,1,1,1.02542082e-05,0.000487198026,7,0.084686,,0.184098202,-0.225952476,0.0370956349,-0.345971736,-0.399427615,-0.0288327882,0.218661001
1781681251.363234,2026-06-17T15:27:31.363,1781681251.209670,right,base,1,pelvis,1000,0.001,0.0329691586,-0.379992531,-0.0307805309,0.790992304,0.598035327,0.103643824,0.0770900828,0.17988935,-0.22614444,0.0427032268,-0.344691052,-0.393279849,-0.0277950552,0.21497898,1,1,4.02125148e-05,0.000544815958,5,0.073496,,0.184004754,-0.225947864,0.0371378369,-0.34591358,-0.399389542,-0.0288112493,0.21863295
1781681251.380187,2026-06-17T15:27:31.380,1781681251.293026,right,base,1,pelvis,1000,0.001,0.0301217086,-0.382915581,-0.0296835309,0.809579266,0.572579502,0.106968386,0.072745375,0.181591685,-0.226071075,0.0404734546,-0.34521797,-0.395735885,-0.0282243004,0.21644802,1,1,4.01547609e-07,0.000505072423,12,0.126338,,0.193190892,-0.227602568,0.00525916118,-0.350689565,-0.43436004,-0.0131809127,0.235034787
1781681251.397176,2026-06-17T15:27:31.397,1781681251.293026,right,base,1,pelvis,1000,0.001,0.0301217086,-0.382915581,-0.0296835309,0.809579266,0.572579502,0.106968386,0.072745375,0.182760646,-0.226020696,0.0270133429,-0.345918905,-0.409171587,-0.0171401445,0.220933994,1,1,1.1951131e-06,0.000541320947,10,0.246386,,0.19319933,-0.227470498,0.00458666388,-0.350732201,-0.433642923,-0.0130636513,0.235090791
1781681251.413821,2026-06-17T15:27:31.413,1781681251.309694,right,base,1,pelvis,1000,0.001,0.0300938586,-0.383175881,-0.0296265309,0.812238902,0.568718751,0.107816287,0.0721290238,0.185955291,-0.226505202,0.0203503286,-0.347380094,-0.416886472,-0.0159274849,0.225252878,1,1,9.3978931e-07,0.000495459477,10,0.175762,,0.192684716,-0.227429008,0.000255229074,-0.349231323,-0.438901105,-0.0115025609,0.237943405
1781681251.430491,2026-06-17T15:27:31.430,1781681251.359697,right,base,1,pelvis,1000,0.001,0.0294382086,-0.382496481,-0.0296295309,0.816515724,0.562008062,0.110664153,0.0721280505,0.188164967,-0.22679965,0.0155418783,-0.3484026,-0.421997756,-0.0150539189,0.228253774,1,1,9.39373703e-07,0.000588791188,10,0.19841,,0.194549258,-0.225032499,-0.00768132294,-0.347978058,-0.447623385,-0.0142344387,0.242503432
1781681251.447353,2026-06-17T15:27:31.447,1781681251.359697,right,base,1,pelvis,1000,0.001,0.0294382086,-0.382496481,-0.0296295309,0.816515724,0.562008062,0.110664153,0.0721280505,0.189497914,-0.226985258,0.0110335983,-0.348647004,-0.426982827,-0.014006566,0.231111403,1,1,1.40155103e-06,0.000629042411,9,0.200081,,0.194550684,-0.225038053,-0.00764891927,-0.34799072,-0.447615692,-0.0142216702,0.24248403
1781681251.463968,2026-06-17T15:27:31.463,1781681251.393034,right,base,1,pelvis,1000,0.001,0.0294516086,-0.380862481,-0.0292825309,0.817943925,0.559495943,0.112401803,0.0727863951,0.191053734,-0.226383806,0.00526938163,-0.348440968,-0.433340142,-0.014076751,0.23462016,1,1,1.2465367e-06,0.00054351863,9,0.192731,,0.202362672,-0.221714229,-0.0110718685,-0.360381238,-0.451376156,-0.0128668169,0.23971799
1781681251.481148,2026-06-17T15:27:31.481,1781681251.393034,right,base,1,pelvis,1000,0.001,0.0294516086,-0.380862481,-0.0292825309,0.817943925,0.559495943,0.112401803,0.0727863951,0.19218746,-0.225945528,0.00106899584,-0.35649137,-0.437972719,-0.0141278949,0.237176993,1,1,7.20721916e-06,0.000546277098,8,0.181303,,0.202323417,-0.221716401,-0.0110757663,-0.360257533,-0.45137804,-0.0130840775,0.239836185
1781681251.497462,2026-06-17T15:27:31.497,1781681251.409710,right,base,1,pelvis,1000,0.001,0.0295912586,-0.378799731,-0.0287685309,0.818952782,0.55759443,0.113980214,0.0735751548,0.195334245,-0.224636957,-0.00268568664,-0.35769435,-0.442117864,-0.0137378941,0.237962821,1,1,1.73437674e-05,0.000626141212,7,0.165129,,0.212542815,-0.217765066,-0.0137853656,-0.377562537,-0.454335859,-0.0101802632,0.234816539
1781681251.514259,2026-06-17T15:27:31.514,1781681251.459705,right,base,1,pelvis,1000,0.001,0.0284469086,-0.366966431,-0.0247590309,0.818472993,0.558592777,0.112697053,0.0733174068,0.197630475,-0.223682084,-0.00542550349,-0.373890225,-0.445142605,-0.0131167865,0.238536246,1,1,7.23381035e-05,0.000603460687,7,0.162361,,0.276647981,-0.198327782,-0.0148451557,-0.490437919,-0.455498442,0.0260975316,0.191887312
1781681251.530886,2026-06-17T15:27:31.530,1781681251.476371,right,base,1,pelvis,1000,0.001,0.0274752586,-0.361736581,-0.0231070309,0.817491092,0.560269527,0.11174996,0.0729267993,0.218091868,-0.221897154,-0.0079473421,-0.423755709,-0.447915845,0.0156700716,0.218201687,1,1,0.000236693596,0.000571372872,6,0.140644,,0.299662738,-0.190388555,-0.0124957821,-0.530189087,-0.454166094,0.0381550816,0.174780078
1781681251.547736,2026-06-17T15:27:31.547,1781681251.493046,right,base,1,pelvis,1000,0.001,0.0269523086,-0.357868681,-0.0219190309,0.816161931,0.562484015,0.110656966,0.072432525,0.252633939,-0.217116299,-0.00934650741,-0.473657671,-0.449453913,0.0296592149,0.19601719,1,1,0.000228178148,0.000547741262,6,0.143707,,0.315210633,-0.18492293,-0.00868543519,-0.557834145,-0.452336328,0.0471870583,0.161471419
1781681251.564481,2026-06-17T15:27:31.564,1781681251.509717,right,base,1,pelvis,1000,0.001,0.0270358086,-0.355449231,-0.0211770309,0.814678506,0.564941169,0.109422621,0.0718825289,0.278305567,-0.211257689,-0.0100368153,-0.524167601,-0.450486803,0.0404461063,0.178211617,1,1,3.60613015e-05,0.000508615674,8,0.164332,,0.323993134,-0.181751552,-0.00475674274,-0.575251229,-0.449861416,0.0542859465,0.152305091
1781681251.581458,2026-06-17T15:27:31.581,1781681251.509717,right,base,1,pelvis,1000,0.001,0.0270358086,-0.355449231,-0.0211770309,0.814678506,0.564941169,0.109422621,0.0718825289,0.295651721,-0.205089789,-0.00972030676,-0.567649349,-0.450919983,0.0490591927,0.16520797,1,1,1.42075097e-05,0.000569499526,9,0.202874,,0.324044048,-0.181898991,-0.00424250495,-0.575260899,-0.450364926,0.0541030254,0.152292867
1781681251.598117,2026-06-17T15:27:31.598,1781681251.526381,right,base,1,pelvis,1000,0.001,0.0280508586,-0.355754731,-0.0212590309,0.813360569,0.567120716,0.108276344,0.0713786534,0.302938132,-0.199131307,-0.00845305979,-0.569599789,-0.45064972,0.0503936346,0.161901597,1,1,2.51895145e-05,0.000598370217,8,0.1887,,0.32092442,-0.183279655,-0.0018126729,-0.5744872,-0.447429241,0.0578156765,0.151027354
1781681251.614985,2026-06-17T15:27:31.614,1781681251.543053,right,base,1,pelvis,1000,0.001,0.0295747586,-0.354254431,-0.0218380309,0.811899961,0.56950975,0.107135631,0.0707039939,0.308670687,-0.194450856,-0.00730943557,-0.571137397,-0.450572367,0.0549631258,0.158032514,1,1,4.47218146e-05,0.000607334893,7,0.166092,,0.315129278,-0.181359591,0.00222665389,-0.571242595,-0.443430206,0.0605391165,0.146927252
1781681251.631531,2026-06-17T15:27:31.631,1781681251.543053,right,base,1,pelvis,1000,0.001,0.0295747586,-0.354254431,-0.0218380309,0.811899961,0.56950975,0.107135631,0.0707039939,0.312333956,-0.191111211,-0.00566617131,-0.572138825,-0.449632726,0.058020273,0.15310168,1,1,8.02786938e-05,0.000561800494,6,0.13599,,0.315122867,-0.18147046,0.00238531017,-0.571320265,-0.443670259,0.0607154429,0.146797908
1781681251.648482,2026-06-17T15:27:31.648,1781681251.543053,right,base,1,pelvis,1000,0.001,0.0295747586,-0.354254431,-0.0218380309,0.811899961,0.56950975,0.107135631,0.0707039939,0.313174392,-0.188179308,-0.00329312941,-0.571869366,-0.447767888,0.0587775837,0.151245288,1,1,0.000140424141,0.000524869437,5,0.131311,,0.315081574,-0.181562953,0.00230964707,-0.57134383,-0.443623252,0.0608540998,0.146892289
1781681251.665179,2026-06-17T15:27:31.665,1781681251.609719,right,base,1,pelvis,1000,0.001,0.0412094086,-0.330456031,-0.0286370309,0.801468341,0.584499683,0.105540525,0.0697840767,0.313841613,-0.185851674,-0.00140917539,-0.571655443,-0.446287396,0.0593788114,0.149771502,1,1,8.26936433e-06,0.000497029348,10,0.200896,,0.262560433,-0.140676669,0.036973807,-0.524505501,-0.411249404,0.0471360574,0.105824937
1781681251.681878,2026-06-17T15:27:31.681,1781681251.609719,right,base,1,pelvis,1000,0.001,0.0412094086,-0.330456031,-0.0286370309,0.801468341,0.584499683,0.105540525,0.0697840767,0.27233254,-0.153626512,0.0260435791,-0.527890518,-0.420446619,0.0489643413,0.111486032,1,1,0.000103465377,0.000609278919,6,0.120064,,0.262656654,-0.140877104,0.0372893102,-0.524666993,-0.411604045,0.0473448671,0.105455501
1781681251.698610,2026-06-17T15:27:31.698,1781681251.609719,right,base,1,pelvis,1000,0.001,0.0412094086,-0.330456031,-0.0286370309,0.801468341,0.584499683,0.105540525,0.0697840767,0.269360275,-0.149687712,0.0293680969,-0.526860938,-0.417649211,0.0484082538,0.109764164,1,1,0.000179808275,0.000564839499,5,0.124406,,0.262718665,-0.14098505,0.037149922,-0.524651504,-0.411505486,0.0473291805,0.105666117
1781681251.715456,2026-06-17T15:27:31.715,1781681251.626388,right,base,1,pelvis,1000,0.001,0.0448543586,-0.326758931,-0.0318475309,0.798345213,0.588476989,0.106497662,0.0706965482,0.267089579,-0.146678622,0.0319078993,-0.526074378,-0.4155121,0.0479834247,0.108448724,1,1,4.42803451e-05,0.00048504408,7,0.147544,,0.231323756,-0.133203202,0.0460739255,-0.480270275,-0.402726899,0.0291012097,0.105763243
1781681251.732198,2026-06-17T15:27:31.732,1781681251.626388,right,base,1,pelvis,1000,0.001,0.0448543586,-0.326758931,-0.0318475309,0.798345213,0.588476989,0.106497662,0.0706965482,0.240163924,-0.144448325,0.0362753554,-0.48344792,-0.410974873,0.0307972537,0.107473737,1,1,3.82978777e-05,0.000493635293,7,0.162798,,0.231195565,-0.133285992,0.0466080982,-0.480079806,-0.403122515,0.0289223825,0.105466376
1781681251.749002,2026-06-17T15:27:31.749,1781681251.693062,right,base,1,pelvis,1000,0.001,0.0588437086,-0.312903781,-0.0403705309,0.779344205,0.612250353,0.108390464,0.0776120018,0.237470898,-0.141022665,0.0392603444,-0.482479898,-0.40846225,0.0302805791,0.10695266,1,1,2.13958306e-06,0.000490988225,12,0.207905,,0.12470702,-0.104727448,0.0875941943,-0.332141865,-0.360595797,-0.0370882786,0.0941995046
1781681251.765647,2026-06-17T15:27:31.765,1781681251.693062,right,base,1,pelvis,1000,0.001,0.0588437086,-0.312903781,-0.0403705309,0.779344205,0.612250353,0.108390464,0.0776120018,0.187157664,-0.138651428,0.0415123801,-0.432166664,-0.402389625,-0.0200326553,0.106497125,1,1,1.33293222e-06,0.000525178505,12,0.196752,,0.124710432,-0.10459602,0.087103628,-0.331975499,-0.360080194,-0.03758207,0.0942561823
1781681251.782430,2026-06-17T15:27:31.782,1781681251.726403,right,base,1,pelvis,1000,0.001,0.0582975086,-0.306180031,-0.0384110309,0.773260656,0.620323926,0.104392946,0.0798016122,0.162274822,-0.132522357,0.0498380161,-0.382175294,-0.394330367,-0.0297228466,0.104275304,1,1,1.40469063e-06,0.00056972471,12,0.186352,,0.155394042,-0.0958142147,0.0983925643,-0.389095435,-0.347618367,-0.0165237534,0.0628624672
1781681251.799235,2026-06-17T15:27:31.799,1781681251.743065,right,base,1,pelvis,1000,0.001,0.0578302586,-0.298508581,-0.0380020309,0.766955322,0.628655013,0.0994649062,0.0817260175,0.155023274,-0.127131369,0.0655393877,-0.381712489,-0.375398523,-0.0222503967,0.0800049624,1,1,1.45534713e-06,0.000520054995,12,0.198042,,0.166015558,-0.0830981515,0.111307443,-0.410594501,-0.332672729,-0.00810993696,0.0340281302
1781681251.816005,2026-06-17T15:27:31.816,1781681251.743065,right,base,1,pelvis,1000,0.001,0.0578302586,-0.298508581,-0.0380020309,0.766955322,0.628655013,0.0994649062,0.0817260175,0.155099458,-0.113886563,0.085088124,-0.404534292,-0.354879768,-0.0127359234,0.0479088158,1,1,6.09061568e-06,0.000578134497,10,0.167267,,0.166018965,-0.0831765343,0.111835604,-0.410588049,-0.333130923,-0.00830200205,0.0337431394
1781681251.832626,2026-06-17T15:27:31.832,1781681251.743065,right,base,1,pelvis,1000,0.001,0.0578302586,-0.298508581,-0.0380020309,0.766955322,0.628655013,0.0994649062,0.0817260175,0.157491084,-0.10714108,0.0913569906,-0.405862033,-0.350014391,-0.0117224085,0.0445846943,1,1,1.19122517e-05,0.000588143688,9,0.153436,,0.166010887,-0.0832231456,0.112006117,-0.410587989,-0.333310131,-0.00830946399,0.0337082662
1781681251.849653,2026-06-17T15:27:31.849,1781681251.776399,right,base,1,pelvis,1000,0.001,0.0573824586,-0.284634031,-0.0401465309,0.756385909,0.642262855,0.0906230446,0.0846536866,0.159470736,-0.101577979,0.0961108711,-0.406959124,-0.346095083,-0.0109283995,0.0420679488,1,1,3.26922533e-06,0.000561860428,11,0.201777,,0.150222542,-0.0556028413,0.135565742,-0.386203775,-0.307601654,-0.0163015731,-0.0082836873
1781681251.866238,2026-06-17T15:27:31.866,1781681251.776399,right,base,1,pelvis,1000,0.001,0.0573824586,-0.284634031,-0.0401465309,0.756385909,0.642262855,0.0906230446,0.0846536866,0.160832161,-0.0694061434,0.123807502,-0.390278358,-0.317578746,-0.0141461053,-0.00194035382,1,1,4.4062604e-05,0.000561411802,7,0.134755,,0.150264087,-0.0555990922,0.135458043,-0.386386541,-0.307419065,-0.0158188442,-0.00860108279
1781681251.883158,2026-06-17T15:27:31.883,1781681251.793067,right,base,1,pelvis,1000,0.001,0.0571477586,-0.279633481,-0.0408650309,0.75227648,0.647213176,0.0880274183,0.0862923858,0.158011026,-0.0657357976,0.126934058,-0.389194912,-0.314925803,-0.0147192517,-0.00362706813,1,1,2.07223709e-05,0.000544988807,8,0.169355,,0.143910095,-0.0453484359,0.144081713,-0.375172651,-0.298107308,-0.0214653923,-0.0232000071
1781681251.899763,2026-06-17T15:27:31.899,1781681251.809740,right,base,1,pelvis,1000,0.001,0.0567369086,-0.274957431,-0.0413185309,0.748167191,0.651987953,0.0858220401,0.0882731089,0.150327168,-0.0537021135,0.136966226,-0.377657976,-0.304150435,-0.0201522762,-0.0193363132,1,1,1.7803893e-05,0.000500289522,8,0.141061,,0.140144225,-0.0358752074,0.152275441,-0.367564929,-0.288895719,-0.0266352608,-0.0377859504
1781681251.916571,2026-06-17T15:27:31.916,1781681251.843078,right,base,1,pelvis,1000,0.001,0.0569982086,-0.263254081,-0.0441885309,0.738754491,0.66251348,0.0801744184,0.0942854869,0.146362777,-0.0439811781,0.145370653,-0.369987797,-0.294765188,-0.0253524439,-0.0340128772,1,1,5.71717903e-06,0.000489276721,10,0.157932,,0.101744507,-0.00650394626,0.171237021,-0.298126319,-0.267653825,-0.0598327262,-0.0708967876
1781681251.933394,2026-06-17T15:27:31.933,1781681251.843078,right,base,1,pelvis,1000,0.001,0.0569982086,-0.263254081,-0.0441885309,0.738754491,0.66251348,0.0801744184,0.0942854869,0.112138547,-0.0199727536,0.159787509,-0.319575142,-0.277406382,-0.0575908247,-0.0645523215,1,1,3.41712234e-05,0.000576905686,7,0.144422,,0.101755864,-0.00641380363,0.170877985,-0.29802283,-0.267272048,-0.0602399229,-0.0711064162
1781681251.950151,2026-06-17T15:27:31.950,1781681251.876412,right,base,1,pelvis,1000,0.001,0.0570796086,-0.250281581,-0.0450860309,0.730657806,0.671393552,0.0742661604,0.0992693629,0.109366298,-0.0163804175,0.162841268,-0.301250371,-0.274805227,-0.058188774,-0.0662444873,1,1,1.44374264e-05,0.000614086202,9,0.163655,,0.0793500204,0.0233694975,0.187544345,-0.258144119,-0.249307693,-0.0767366556,-0.109869556
1781681251.966869,2026-06-17T15:27:31.966,1781681251.893076,right,base,1,pelvis,1000,0.001,0.0551782586,-0.241471931,-0.0428660309,0.725629699,0.677055333,0.0697534361,0.100955808,0.0851069022,0.015907799,0.181220632,-0.260569194,-0.254703618,-0.0754693055,-0.106301847,1,1,2.31175162e-05,0.000555612065,8,0.162242,,0.107096698,0.035966822,0.19868437,-0.305596144,-0.236988109,-0.0541264655,-0.1427403
1781681251.983580,2026-06-17T15:27:31.983,1781681251.893076,right,base,1,pelvis,1000,0.001,0.0551782586,-0.241471931,-0.0428660309,0.725629699,0.677055333,0.0697534361,0.100955808,0.101140287,0.028717459,0.192539656,-0.304433283,-0.242237083,-0.0550842982,-0.139218918,1,1,0.00015894244,0.000587156151,5,0.111251,,0.106931099,0.0358494563,0.198718285,-0.305496299,-0.236938791,-0.0543213072,-0.142926629
1781681252.000258,2026-06-17T15:27:32.000,1781681251.893076,right,base,1,pelvis,1000,0.001,0.0551782586,-0.241471931,-0.0428660309,0.725629699,0.677055333,0.0697534361,0.100955808,0.102976714,0.0309525174,0.194434139,-0.304791806,-0.240618767,-0.0547889878,-0.140304599,1,1,0.000275114988,0.00054216786,4,0.099661,,0.106848934,0.0356533231,0.198687955,-0.305588232,-0.236957842,-0.0541156321,-0.142732738
1781681252.017090,2026-06-17T15:27:32.017,1781681251.893076,right,base,1,pelvis,1000,0.001,0.0551782586,-0.241471931,-0.0428660309,0.725629699,0.677055333,0.0697534361,0.100955808,0.10435432,0.0326291586,0.195855295,-0.305060754,-0.239404778,-0.0545674592,-0.141119028,1,1,0.000183469841,0.000369247595,4,0.115121,,0.106937918,0.0357605114,0.198774493,-0.305603319,-0.236875358,-0.0541014729,-0.142783917
1781681252.033781,2026-06-17T15:27:32.033,1781681251.926410,right,base,1,pelvis,1000,0.001,0.0511355086,-0.231562231,-0.0389700309,0.719427535,0.684067505,0.0635737581,0.102147192,0.105375787,0.0338723543,0.196909055,-0.305260173,-0.238504629,-0.0544032001,-0.141722911,1,1,2.23321147e-05,0.000549893331,8,0.146071,,0.151630116,0.047666245,0.212959911,-0.37837814,-0.221900781,-0.0193606474,-0.181757312
1781681252.050662,2026-06-17T15:27:32.050,1781681251.993081,right,base,1,pelvis,1000,0.001,0.0518365586,-0.218490131,-0.0448165309,0.704756823,0.699532093,0.0485371792,0.107781321,0.142102653,0.0362083171,0.20323381,-0.355632774,-0.230218439,-0.0209821372,-0.176083654,1,1,9.55477153e-06,0.000513930266,11,0.188285,,0.0314793656,0.100537811,0.232903366,-0.162784169,-0.19934834,-0.0905117823,-0.221443931
1781681252.067351,2026-06-17T15:27:32.067,1781681251.993081,right,base,1,pelvis,1000,0.001,0.0518365586,-0.218490131,-0.0448165309,0.704756823,0.699532093,0.0485371792,0.107781321,0.0913087667,0.0392458036,0.205812191,-0.304838888,-0.228013435,-0.0717760233,-0.190569402,1,1,3.73663953e-06,0.000541878962,12,0.200359,,0.0309562726,0.100549754,0.234857359,-0.161708067,-0.201145753,-0.0914427809,-0.221738927
1781681252.252310,2026-06-17T15:27:32.252,1781681252.026420,right,base,1,pelvis,1000,0.001,0.0535313086,-0.215277531,-0.0483300309,0.69451228,0.709347915,0.0392073446,0.113758571,0.0712194273,0.0486391744,0.209964077,-0.254763834,-0.223620336,-0.0825199012,-0.195591802,0,1,0.00287917397,0.000895295505,11000,167.609406,ik_7dof returned an approximate solution outside the exact threshold,-0.0589664054,0.118679007,1.58076197,-0.0223929781,-1.52571007,-0.147830779,-0.250318065
1781681252.414876,2026-06-17T15:27:32.414,1781681252.043089,right,base,1,pelvis,1000,0.001,0.0534949086,-0.213647831,-0.0480285309,0.690838568,0.712774615,0.0355754707,0.115882735,0.0334112314,0.0973846181,0.233339545,-0.162809882,-0.202516092,-0.0908987276,-0.220144663,0,1,0.00298880838,0.000765003464,11000,161.229454,ik_7dof returned an approximate solution outside the exact threshold,-0.058762551,0.135974854,0.0180131503,-0.00223944267,0.0463307984,-0.142396468,-0.254407409
1781681252.601975,2026-06-17T15:27:32.601,1781681252.343110,right,base,1,pelvis,1000,0.001,0.0643416086,-0.210992681,-0.0576465309,0.657796789,0.743455626,0.0149532922,0.119806156,0.0309562726,0.100549754,0.234857359,-0.161708067,-0.201145753,-0.0914427809,-0.221738927,0,1,0.0147253271,0.00777013636,11000,168.686257,ik_7dof returned an approximate solution outside the exact threshold,-0.049364299,0.135539289,0.296581362,-0.05944592,-0.140908186,-0.0586846857,-0.296041462
1781681252.771426,2026-06-17T15:27:32.771,1781681252.376452,right,base,1,pelvis,1000,0.001,0.0644587086,-0.216664581,-0.0555975309,0.658289566,0.74301136,0.0152971279,0.119812202,0.0309562726,0.100549754,0.234857359,-0.161708067,-0.201145753,-0.0914427809,-0.221738927,0,1,0.0120182081,0.00628730219,11000,167.701359,ik_7dof returned an approximate solution outside the exact threshold,-0.0470773553,0.125053283,0.296368655,-0.0659686568,-0.140060394,-0.053617981,-0.288284002
1781681252.944216,2026-06-17T15:27:32.944,1781681252.426448,right,base,1,pelvis,1000,0.001,0.0601538086,-0.224731831,-0.0504415309,0.662127959,0.739647212,0.014590035,0.119564617,0.0309562726,0.100549754,0.234857359,-0.161708067,-0.201145753,-0.0914427809,-0.221738927,0,1,0.00550866594,0.00199777802,11000,171.31173,ik_7dof returned an approximate solution outside the exact threshold,-0.0436608023,0.113048405,0.287102125,-0.0621266309,-0.147923017,-0.0608619478,-0.276357398
1781681253.134458,2026-06-17T15:27:33.134,1781681252.426448,right,base,1,pelvis,1000,0.001,0.0601538086,-0.224731831,-0.0504415309,0.662127959,0.739647212,0.014590035,0.119564617,0.0309562726,0.100549754,0.234857359,-0.161708067,-0.201145753,-0.0914427809,-0.221738927,0,1,0.00545807759,0.00122245067,11000,187.586981,ik_7dof returned an approximate solution outside the exact threshold,-0.0766867906,0.0976236914,1.5977911,-0.0459968185,-1.45938182,-0.0845341742,-0.294427926
1781681253.136203,2026-06-17T15:27:33.136,1781681252.443116,right,base,1,pelvis,1000,0.001,0.0560648586,-0.230158281,-0.0434570309,0.664556324,0.737569775,0.0141870323,0.118972465,0.0309562726,0.100549754,0.234857359,-0.161708067,-0.201145753,-0.0914427809,-0.221738927,1,1,2.68876946e-06,0.000511408399,17,0.269578,,0.0343970259,0.0842454964,0.285374178,-0.198351037,-0.145335708,-0.00565635686,-0.278398495
1781681253.153062,2026-06-17T15:27:33.153,1781681253.093164,right,base,1,pelvis,1000,0.001,0.0378775086,-0.355127081,-0.0356385309,0.787125419,0.60685063,0.0891760585,0.064911617,0.0309562726,0.100549754,0.234857359,-0.161708067,-0.201145753,-0.0914427809,-0.221738927,1,1,1.01770792e-06,0.000523602212,26,0.376949,,0.170066634,-0.184066781,0.0665320118,-0.359525548,-0.384731987,0.0137715113,0.156819842
1781681253.169930,2026-06-17T15:27:33.169,1781681253.093164,right,base,1,pelvis,1000,0.001,0.0378775086,-0.355127081,-0.0356385309,0.787125419,0.60685063,0.0891760585,0.064911617,0.0309590094,0.100536785,0.234897541,-0.161737213,-0.201101361,-0.0913745456,-0.221783995,1,1,1.0183511e-06,0.000523782461,26,0.382018,,0.170066634,-0.184067159,0.0665339903,-0.359525623,-0.384733804,0.0137714357,0.15681943
1781681253.186612,2026-06-17T15:27:33.186,1781681253.109832,right,base,1,pelvis,1000,0.001,0.0363824586,-0.356658881,-0.0353110309,0.789177486,0.604031558,0.0906623661,0.0642270041,0.0310356142,0.100380057,0.234804824,-0.161846133,-0.201202484,-0.091316643,-0.221575502,1,1,9.44014898e-07,0.000495382446,27,0.403492,,0.173671293,-0.186967206,0.0623591158,-0.359714597,-0.389651646,0.0121218658,0.163971227
1781681253.203362,2026-06-17T15:27:33.203,1781681253.109832,right,base,1,pelvis,1000,0.001,0.0363824586,-0.356658881,-0.0353110309,0.789177486,0.604031558,0.0906623661,0.0642270041,0.0313309841,0.0997757531,0.23444733,-0.162266101,-0.20159239,-0.0910933843,-0.220771605,1,1,1.07907635e-06,0.000536941419,26,0.361319,,0.173676716,-0.186966675,0.0623742956,-0.359725209,-0.389628308,0.0121140563,0.163951141
1781681253.220093,2026-06-17T15:27:33.220,1781681253.143168,right,base,1,pelvis,1000,0.001,0.0359634586,-0.359844781,-0.0363955309,0.792673122,0.599256145,0.0926056147,0.0631315606,0.0318950385,0.098639472,0.233765393,-0.163048533,-0.202337616,-0.0906843715,-0.219246979,1,1,1.20993361e-06,0.000512419805,27,0.369271,,0.153591874,-0.190556583,0.0571504906,-0.320651653,-0.394890058,-0.00204558548,0.181470295
1781681253.236919,2026-06-17T15:27:33.236,1781681253.159837,right,base,1,pelvis,1000,0.001,0.0358134086,-0.360861081,-0.0367160309,0.79409842,0.59716176,0.093984784,0.0630269108,0.0329681811,0.0964776382,0.232467973,-0.164537152,-0.203755446,-0.0899062034,-0.216346297,1,1,1.3496846e-06,0.000517143666,27,0.358664,,0.146730358,-0.191666245,0.0547834109,-0.30658599,-0.397321639,-0.00859675849,0.18849041
1781681253.253562,2026-06-17T15:27:33.253,1781681253.193171,right,base,1,pelvis,1000,0.001,0.0347093586,-0.362982031,-0.0370410309,0.797094188,0.592495452,0.0976173518,0.0637247734,0.0341354769,0.0936999595,0.230771396,-0.166047898,-0.205605088,-0.0890559614,-0.212496558,1,1,1.68820355e-06,0.000531761236,27,0.349476,,0.137981353,-0.194195437,0.0490158421,-0.283432959,-0.403466489,-0.0238200971,0.202825695
1781681253.287265,2026-06-17T15:27:33.287,1781681253.193171,right,base,1,pelvis,1000,0.001,0.0347093586,-0.362982031,-0.0370410309,0.797094188,0.592495452,0.0976173518,0.0637247734,0.0355817594,0.0900344275,0.228510829,-0.167853111,-0.208067689,-0.088022462,-0.207345876,1,1,1.67666877e-06,0.000524473945,27,0.375988,,0.137980878,-0.194185271,0.0489463406,-0.283432289,-0.403403318,-0.0238114097,0.202836029
1781681253.304239,2026-06-17T15:27:33.304,1781681253.226507,right,base,1,pelvis,1000,0.001,0.0333536586,-0.365173181,-0.0373570309,0.799512754,0.58878739,0.0998743573,0.0642952471,0.0394175724,0.0793873873,0.221787079,-0.172182647,-0.215387184,-0.085617489,-0.191981153,1,1,2.03849735e-06,0.000518649548,27,0.398601,,0.129023088,-0.19681769,0.0442221783,-0.260249266,-0.407891886,-0.0373622087,0.215139737
1781681253.320768,2026-06-17T15:27:33.320,1781681253.243175,right,base,1,pelvis,1000,0.001,0.0330935086,-0.366138831,-0.0376805309,0.800577335,0.587243371,0.100474917,0.0642335244,0.0421790503,0.0717223716,0.216946519,-0.175299565,-0.220656633,-0.0838861011,-0.180919784,1,1,2.30867994e-06,0.000509613522,27,0.353984,,0.120841068,-0.197797728,0.0425630454,-0.244103332,-0.409173667,-0.0439568568,0.221104951
1781681253.337628,2026-06-17T15:27:33.337,1781681253.243175,right,base,1,pelvis,1000,0.001,0.0330935086,-0.366138831,-0.0376805309,0.800577335,0.587243371,0.100474917,0.0642335244,0.0445744717,0.0643152238,0.212182259,-0.177642735,-0.225821148,-0.0826028314,-0.169995263,1,1,2.27512519e-06,0.000494774845,27,0.344983,,0.120839163,-0.197781782,0.0424340654,-0.244100399,-0.409057972,-0.0439422218,0.221123399
1781681253.354401,2026-06-17T15:27:33.354,1781681253.243175,right,base,1,pelvis,1000,0.001,0.0330935086,-0.366138831,-0.0376805309,0.800577335,0.587243371,0.100474917,0.0642335244,0.0470248004,0.0558939368,0.206732653,-0.179778012,-0.231711983,-0.0813611955,-0.157429813,1,1,2.47946578e-06,0.000519350471,26,0.356353,,0.120848386,-0.197764717,0.0423164496,-0.244120135,-0.408917912,-0.0439262867,0.221119142
1781681253.371285,2026-06-17T15:27:33.371,1781681253.293178,right,base,1,pelvis,1000,0.001,0.0340133086,-0.371896881,-0.0403905309,0.804120963,0.582305307,0.101461784,0.0633680647,0.0498510934,0.0461805364,0.200446893,-0.182240914,-0.238506674,-0.0799290502,-0.142936394,1,1,4.43023141e-05,0.000520795409,26,0.38587,,0.00445134359,-0.201387031,0.0435919425,-0.0379494018,-0.404542871,-0.121479112,0.270629782
1781681253.556431,2026-06-17T15:27:33.556,1781681253.326515,right,base,1,pelvis,1000,0.001,0.0342240586,-0.374494531,-0.0411780309,0.806950056,0.578332256,0.102064912,0.0628184937,0.0530620191,0.0351452303,0.193305697,-0.185038994,-0.24622606,-0.0783020029,-0.126470551,0,1,0.00129635049,5.1544959e-05,11000,168.330416,ik_7dof returned an approximate solution outside the exact threshold,-0.0165953609,-0.205409674,-2.58719923,0.000749796955,2.21888026,-0.132556178,0.283599383
1781681253.728757,2026-06-17T15:27:33.728,1781681253.343179,right,base,1,pelvis,1000,0.001,0.0341318086,-0.375874781,-0.0412500309,0.809384674,0.574888635,0.102565337,0.0622885115,0.0241956762,-0.105314068,0.104401592,-0.0976931884,-0.340238894,-0.103941746,0.109338441,0,1,0.00168662085,6.77574676e-05,11000,170.614028,ik_7dof returned an approximate solution outside the exact threshold,-0.0166767985,-0.2079219,-0.414974838,2.69018526e-05,0.0379873328,-0.129747389,0.288108377
1781681253.733894,2026-06-17T15:27:33.733,1781681253.426525,right,base,1,pelvis,1000,0.001,0.0317270586,-0.378216931,-0.0397380309,0.815868691,0.565588323,0.104564634,0.0594505219,0.00610390012,-0.193345939,0.0486815744,-0.0429498233,-0.399160771,-0.120011274,0.257130057,1,1,0.000894267522,0.000263664143,260,2.974775,,-0.0217981144,-0.213936922,0.0229284745,0.0176429917,-0.422149531,-0.130955135,0.306031693
1781681253.747884,2026-06-17T15:27:33.747,1781681253.659882,right,base,1,pelvis,1000,0.001,0.0288080586,-0.378406431,-0.0384315309,0.824182726,0.552796634,0.109547739,0.056017934,0.00592496712,-0.1942166,0.048130487,-0.0424083953,-0.399743526,-0.120170206,0.25859176,1,1,6.37896746e-05,0.00060369221,12,0.205741,,-0.00175606937,-0.21729284,0.00726841621,-0.00564845602,-0.441351482,-0.118532552,0.31956669
1781681253.764819,2026-06-17T15:27:33.764,1781681253.659882,right,base,1,pelvis,1000,0.001,0.0288080586,-0.378406431,-0.0384315309,0.824182726,0.552796634,0.109547739,0.056017934,-0.000179726613,-0.198559066,0.0425809391,-0.0291849256,-0.404677386,-0.122545075,0.269038155,1,1,6.23624376e-05,0.000525693723,12,0.237791,,-0.00570033416,-0.21726941,0.00712500059,0.0013860745,-0.440596098,-0.12138365,0.320961188
1781681253.781563,2026-06-17T15:27:33.781,1781681253.676549,right,base,1,pelvis,1000,0.001,0.0284983586,-0.376878581,-0.0381885309,0.824588432,0.551837728,0.111197038,0.0562517352,-0.000628749139,-0.203895397,0.032522138,-0.022480543,-0.415124032,-0.121402105,0.28343125,1,1,1.09660551e-05,0.000515399904,11,0.232471,,0.0384630093,-0.215139362,0.00211509285,-0.0748954829,-0.446007432,-0.0940724633,0.306932448
1781681253.798433,2026-06-17T15:27:33.798,1781681253.676549,right,base,1,pelvis,1000,0.001,0.0284983586,-0.376878581,-0.0381885309,0.824588432,0.551837728,0.111197038,0.0562517352,-0.0020707358,-0.207697985,0.0253010556,-0.05702061,-0.422366419,-0.116806125,0.29410201,1,1,1.81495416e-05,0.000513163716,11,0.223023,,0.0374823756,-0.215139831,0.00208149775,-0.0729859586,-0.44595163,-0.0951914029,0.307570695
1781681253.815081,2026-06-17T15:27:33.815,1781681253.726558,right,base,1,pelvis,1000,0.001,0.0282989086,-0.375685831,-0.0378195309,0.824519394,0.551603985,0.112656245,0.0566514169,0.00863724726,-0.209663807,0.0191759148,-0.0617426962,-0.428611772,-0.110800471,0.297491485,1,1,2.2430411e-05,0.000636098988,9,0.214071,,0.0615437285,-0.213431094,-0.000334025876,-0.113925527,-0.448603789,-0.0825059939,0.300239331
1781681253.831906,2026-06-17T15:27:33.831,1781681253.726558,right,base,1,pelvis,1000,0.001,0.0282989086,-0.375685831,-0.0378195309,0.824519394,0.551603985,0.112656245,0.0566514169,0.0167998246,-0.211213409,0.0143385468,-0.0992869387,-0.433518595,-0.099633187,0.300343694,1,1,2.18789648e-05,0.000619082602,10,0.197884,,0.0612572611,-0.213435688,-0.000492264196,-0.113307813,-0.44861533,-0.082890766,0.300578568
1781681253.848426,2026-06-17T15:27:33.848,1781681253.726558,right,base,1,pelvis,1000,0.001,0.0282989086,-0.375685831,-0.0378195309,0.824519394,0.551603985,0.112656245,0.0566514169,0.0295814112,-0.211846915,0.0101471656,-0.103468612,-0.437827846,-0.0947406165,0.300313881,1,1,1.91343193e-05,0.000582771493,9,0.128688,,0.0614662013,-0.213438794,-0.000487465642,-0.113710902,-0.448672391,-0.0826817378,0.300479479
1781681253.865400,2026-06-17T15:27:33.865,1781681253.793225,right,base,1,pelvis,1000,0.001,0.0291777086,-0.374499331,-0.0379610309,0.82390488,0.55199782,0.114685174,0.0576755245,0.038531528,-0.212295828,0.0071409593,-0.106248711,-0.440875885,-0.0913924018,0.300388669,1,1,4.75809529e-05,0.000604875663,7,0.167487,,0.0598811518,-0.21132444,-2.94996454e-05,-0.112000794,-0.448235915,-0.0878811172,0.300997142
1781681253.882067,2026-06-17T15:27:33.882,1781681253.793225,right,base,1,pelvis,1000,0.001,0.0291777086,-0.374499331,-0.0379610309,0.82390488,0.55199782,0.114685174,0.0576755245,0.0458157843,-0.212661186,0.00469428988,-0.108511358,-0.443356602,-0.0886673811,0.300449538,1,1,7.73025557e-05,0.000497447998,6,0.167858,,0.0600637594,-0.211334803,-6.5761213e-05,-0.112472955,-0.448258992,-0.0875152524,0.300836614
1781681253.898910,2026-06-17T15:27:33.898,1781681253.793225,right,base,1,pelvis,1000,0.001,0.0291777086,-0.374499331,-0.0379610309,0.82390488,0.55199782,0.114685174,0.0576755245,0.0498514288,-0.212277646,0.00333893707,-0.109512549,-0.444756577,-0.0884417857,0.300606657,1,1,0.000138031608,0.00047474016,5,0.149861,,0.0600647555,-0.21134727,-6.69820895e-05,-0.112689588,-0.448264514,-0.087297181,0.300749608
1781681253.915433,2026-06-17T15:27:33.915,1781681253.826562,right,base,1,pelvis,1000,0.001,0.0294006586,-0.373372131,-0.0379685309,0.823530799,0.552357808,0.115353295,0.0582365224,0.053088851,-0.211969968,0.00225166358,-0.110315712,-0.445879648,-0.0882608115,0.300732699,1,1,0.000596681473,0.00077431701,3,0.099081,,0.0642407924,-0.209707168,0.000129585805,-0.121502107,-0.448066357,-0.0858630595,0.297714372
1781681253.932330,2026-06-17T15:27:33.932,1781681253.826562,right,base,1,pelvis,1000,0.001,0.0294006586,-0.373372131,-0.0379685309,0.823530799,0.552357808,0.115353295,0.0582365224,0.0550569159,-0.21179429,0.00159751973,-0.111294032,-0.446552474,-0.0879889489,0.300737469,1,1,0.000466044129,0.000529606763,3,0.112093,,0.0646110754,-0.209675941,2.03495859e-05,-0.121758682,-0.448177851,-0.0857800656,0.297694118
1781681253.948920,2026-06-17T15:27:33.948,1781681253.859892,right,base,1,pelvis,1000,0.001,0.0291991086,-0.370234281,-0.0374335309,0.822793675,0.553335148,0.115695758,0.0586964494,0.0577610062,-0.21117976,0.00116530291,-0.114299686,-0.44699822,-0.0873630044,0.299847352,1,1,0.000770035999,0.000150800344,3,0.106208,,0.0923468887,-0.205159528,-0.00110869189,-0.170160321,-0.449314389,-0.0701420106,0.283956206
1781681253.965823,2026-06-17T15:27:33.965,1781681253.876564,right,base,1,pelvis,1000,0.001,0.0289503086,-0.366347731,-0.0366735309,0.821951214,0.554529617,0.115861435,0.0589001987,0.0598073735,-0.210714704,0.000838215328,-0.159428265,-0.447335546,-0.0813655032,0.29917374,1,1,1.65215063e-05,0.000600382241,9,0.176492,,0.130118317,-0.197649091,-0.00217271818,-0.235578714,-0.450176736,-0.0499172493,0.264258745
1781681253.982542,2026-06-17T15:27:33.982,1781681253.893232,right,base,1,pelvis,1000,0.001,0.0287565586,-0.361617781,-0.0356310309,0.821030889,0.555861104,0.115964704,0.0589821992,0.0692026327,-0.209110737,0.000276077329,-0.210099842,-0.447906905,-0.0669697234,0.294779923,1,1,6.49304297e-06,0.000590991652,11,0.211501,,0.161336108,-0.189944998,-0.00239745479,-0.291088123,-0.449903648,-0.0322359844,0.245766172
1781681253.999309,2026-06-17T15:27:33.999,1781681253.893232,right,base,1,pelvis,1000,0.001,0.0287565586,-0.361617781,-0.0356310309,0.821030889,0.555861104,0.115964704,0.0589821992,0.0841081191,-0.206306181,-0.000323119553,-0.260262873,-0.448462311,-0.050311617,0.287311682,1,1,5.36611111e-06,0.000573978866,12,0.209099,,0.161345023,-0.189905733,-0.00265689224,-0.291109317,-0.449620196,-0.0321886132,0.245796966
1781681254.016100,2026-06-17T15:27:34.016,1781681253.909897,right,base,1,pelvis,1000,0.001,0.0287210086,-0.358376431,-0.0346340309,0.820091173,0.557245691,0.116033016,0.0588561554,0.10255373,-0.202398375,-0.00081856663,-0.275543606,-0.448806569,-0.045994321,0.277388695,1,1,3.75427277e-06,0.000490786579,12,0.237805,,0.18268697,-0.184992391,-0.00198946127,-0.329620539,-0.44896957,-0.0194052415,0.233220068
1781681254.032848,2026-06-17T15:27:34.032,1781681253.926568,right,base,1,pelvis,1000,0.001,0.0287110586,-0.354542381,-0.0331870309,0.81856679,0.559499824,0.116112605,0.0585339236,0.117877665,-0.199151913,-0.00123016581,-0.314241068,-0.449092566,-0.0324625931,0.268088203,1,1,3.28492974e-06,0.000541041962,12,0.222131,,0.207605012,-0.179551874,-0.000614697843,-0.374803918,-0.447127831,-0.00432254648,0.218919693
1781681254.049594,2026-06-17T15:27:34.049,1781681253.993235,right,base,1,pelvis,1000,0.001,0.0351893586,-0.343633231,-0.0319720309,0.812804364,0.568089146,0.115923039,0.0564414507,0.134896857,-0.195433564,-0.00142955995,-0.356342005,-0.449060266,-0.0193199206,0.258212969,1,1,2.74116885e-06,0.000627702406,12,0.243425,,0.224053023,-0.164129615,0.0116389159,-0.429892782,-0.434735643,0.0230448876,0.1885934
1781681254.066528,2026-06-17T15:27:34.066,1781681253.993235,right,base,1,pelvis,1000,0.001,0.0351893586,-0.343633231,-0.0319720309,0.812804364,0.568089146,0.115923039,0.0564414507,0.152963094,-0.191487344,-0.00122708621,-0.406759667,-0.448580102,0.00852087846,0.225539816,1,1,2.41173663e-06,0.00057929259,12,0.241583,,0.224078863,-0.164351471,0.0126534796,-0.429967216,-0.435744969,0.0230001769,0.188272807
1781681254.083117,2026-06-17T15:27:34.083,1781681253.993235,right,base,1,pelvis,1000,0.001,0.0351893586,-0.343633231,-0.0319720309,0.812804364,0.568089146,0.115923039,0.0564414507,0.171146675,-0.184489707,0.00206381587,-0.416233788,-0.445038928,0.0122358702,0.215775346,1,1,3.72031557e-06,0.00059754453,11,0.22458,,0.224075612,-0.164302933,0.0124486445,-0.429956837,-0.435531887,0.0229923502,0.188320663
1781681254.100029,2026-06-17T15:27:34.100,1781681254.009911,right,base,1,pelvis,1000,0.001,0.0392251086,-0.340009881,-0.0326640309,0.809694255,0.572723967,0.115488738,0.0551799074,0.185420167,-0.179059308,0.00491938408,-0.419937092,-0.442532754,0.015138532,0.208359117,1,1,6.07001589e-06,0.000636270384,10,0.21954,,0.213177753,-0.159389097,0.0202856687,-0.426198586,-0.428216383,0.0277836473,0.181359619
1781681254.116607,2026-06-17T15:27:34.116,1781681254.059912,right,base,1,pelvis,1000,0.001,0.0398893086,-0.332888381,-0.0330120309,0.802726515,0.582667671,0.114407815,0.0551305549,0.19712672,-0.174605508,0.00726140834,-0.422974395,-0.44047729,0.0199081688,0.201324084,1,1,2.45186095e-06,0.000497920153,11,0.213344,,0.21755769,-0.149374005,0.0345112211,-0.438860468,-0.413783872,0.0282444575,0.165306212
1781681254.133561,2026-06-17T15:27:34.133,1781681254.059912,right,base,1,pelvis,1000,0.001,0.0398893086,-0.332888381,-0.0330120309,0.802726515,0.582667671,0.114407815,0.0551305549,0.201832084,-0.170144814,0.0110794731,-0.429316411,-0.436883002,0.022216867,0.184489552,1,1,4.87128825e-06,0.000567793881,10,0.212682,,0.217580621,-0.149571131,0.0354214585,-0.438918219,-0.414760132,0.0281502078,0.164984198
1781681254.150205,2026-06-17T15:27:34.150,1781681254.076581,right,base,1,pelvis,1000,0.001,0.0400893086,-0.328170781,-0.0334170309,0.798862179,0.587924263,0.114008899,0.0562694523,0.206547529,-0.163916526,0.0181056643,-0.43217827,-0.429956549,0.0240242867,0.178737279,1,1,4.57475915e-06,0.00052899507,10,0.213389,,0.219232436,-0.141917793,0.0432096573,-0.443222194,-0.406038625,0.0241644258,0.154098902
1781681254.167228,2026-06-17T15:27:34.167,1781681254.109919,right,base,1,pelvis,1000,0.001,0.0420383586,-0.321303581,-0.0344710309,0.793845207,0.594632966,0.113143873,0.0584798041,0.20980488,-0.159681268,0.0232178874,-0.434553038,-0.42547004,0.0252424017,0.171553793,1,1,5.43665517e-06,0.000611484323,10,0.307498,,0.213103273,-0.129919681,0.0548621437,-0.439657205,-0.394442402,0.0171649176,0.137143141
1781681254.183659,2026-06-17T15:27:34.183,1781681254.109919,right,base,1,pelvis,1000,0.001,0.0420383586,-0.321303581,-0.0344710309,0.793845207,0.594632966,0.113143873,0.0584798041,0.212655999,-0.154309167,0.0292638781,-0.437174799,-0.419593514,0.0230552231,0.153927898,1,1,4.70567976e-06,0.00051864093,10,0.194407,,0.21311544,-0.130160189,0.0559664568,-0.439741897,-0.395430608,0.0171452201,0.136752821
1781681254.200449,2026-06-17T15:27:34.200,1781681254.126606,right,base,1,pelvis,1000,0.001,0.0440920586,-0.314315281,-0.0352315309,0.789455562,0.600420506,0.112153446,0.0606360898,0.212786723,-0.147180894,0.0367454394,-0.437900327,-0.412242641,0.0213336735,0.149022246,1,1,5.2399278e-06,0.000534425326,10,0.183161,,0.208634129,-0.117666021,0.065888038,-0.439478768,-0.384288168,0.0127089272,0.118784298
1781681254.217106,2026-06-17T15:27:34.217,1781681254.143257,right,base,1,pelvis,1000,0.001,0.0465430086,-0.308391931,-0.0358530309,0.785061883,0.606255458,0.110455613,0.0627033951,0.212884904,-0.142097136,0.0424863879,-0.438450369,-0.40722121,0.0180997236,0.134205836,1,1,6.38072943e-06,0.000627268337,10,0.188721,,0.202712714,-0.107308964,0.076946974,-0.438461122,-0.374724046,0.0108517385,0.100898655
1781681254.233863,2026-06-17T15:27:34.233,1781681254.143257,right,base,1,pelvis,1000,0.001,0.0465430086,-0.308391931,-0.0358530309,0.785061883,0.606255458,0.110455613,0.0627033951,0.211620207,-0.13482835,0.0494488857,-0.43875634,-0.399184148,0.01600801,0.115776611,1,1,5.4711736e-06,0.000539362249,10,0.134055,,0.202722846,-0.10737381,0.0773305032,-0.438518166,-0.374961203,0.0108625684,0.100672155
1781681254.250637,2026-06-17T15:27:34.250,1781681254.159925,right,base,1,pelvis,1000,0.001,0.0486517086,-0.306867331,-0.0363790309,0.782413757,0.609865311,0.108732319,0.0637988857,0.208963555,-0.126620719,0.0576501647,-0.438668291,-0.391888946,0.0144701569,0.111339275,1,1,1.09964999e-05,0.00061915066,9,0.184288,,0.194321447,-0.104314325,0.0826289347,-0.431688004,-0.368751898,0.0109553295,0.093452022
1781681254.267541,2026-06-17T15:27:34.267,1781681254.193266,right,base,1,pelvis,1000,0.001,0.0571760086,-0.303477781,-0.0425025309,0.774930816,0.620119441,0.101579555,0.0679389725,0.206902966,-0.120254602,0.064011355,-0.438599998,-0.386230539,0.0132773458,0.107048759,1,1,2.89171432e-06,0.000499231725,11,0.216706,,0.109209555,-0.0894078199,0.100922723,-0.309441645,-0.3483152,-0.02572563,0.0833880237
1781681254.284122,2026-06-17T15:27:34.284,1781681254.226600,right,base,1,pelvis,1000,0.001,0.0633172586,-0.296866781,-0.0491970309,0.767986501,0.629289243,0.094505682,0.0725290212,0.197949617,-0.115435816,0.0696394966,-0.387869054,-0.380946701,-0.00766091093,0.102938431,1,1,0.000100537815,0.000458279215,12,0.219214,,-0.0688637769,-0.0544676816,0.120134721,-0.00625175421,-0.329438626,-0.146285193,0.0931663188
1781681254.301009,2026-06-17T15:27:34.301,1781681254.226600,right,base,1,pelvis,1000,0.001,0.0633172586,-0.296866781,-0.0491970309,0.767986501,0.629289243,0.094505682,0.0725290212,0.181188984,-0.110519821,0.0755480643,-0.338308269,-0.37478348,-0.0572216962,0.0992458798,1,1,0.000104826732,0.000512449811,11,0.204182,,-0.0668884201,-0.0546806873,0.120592743,-0.00982496882,-0.330000211,-0.144906103,0.0925275083
1781681254.317582,2026-06-17T15:27:34.317,1781681254.259938,right,base,1,pelvis,1000,0.001,0.0608239586,-0.288939481,-0.0495625309,0.761537284,0.63738277,0.0894831148,0.0761376439,0.153040395,-0.104209998,0.0805672111,-0.287648851,-0.369678983,-0.0831600289,0.0985615,1,1,2.55262441e-05,0.000526081386,12,0.196345,,-0.0361185053,-0.0406883526,0.132551128,-0.0593741659,-0.317299109,-0.131235255,0.0554991736
1781681254.334496,2026-06-17T15:27:34.334,1781681254.259938,right,base,1,pelvis,1000,0.001,0.0608239586,-0.288939481,-0.0495625309,0.761537284,0.63738277,0.0894831148,0.0761376439,0.127582075,-0.0984766293,0.0852004501,-0.237949306,-0.365085884,-0.0903075747,0.0978630226,1,1,2.56992932e-05,0.000505489655,12,0.212358,,-0.0359949479,-0.0407061657,0.132551127,-0.0596620522,-0.317267322,-0.130955566,0.0554138679
1781681254.351167,2026-06-17T15:27:34.351,1781681254.259938,right,base,1,pelvis,1000,0.001,0.0608239586,-0.288939481,-0.0495625309,0.761537284,0.63738277,0.0894831148,0.0761376439,0.107274599,-0.0913078454,0.0910744231,-0.187543804,-0.359157812,-0.0953847584,0.0926076785,1,1,2.75189312e-05,0.000532028182,12,0.232374,,-0.0357008094,-0.0407457246,0.132583335,-0.0602944436,-0.317244491,-0.130452488,0.0552410485
1781681254.619817,2026-06-17T15:27:34.619,1781681254.293284,right,base,1,pelvis,1000,0.001,0.0623565586,-0.274916231,-0.0512760309,0.751446115,0.649173307,0.0850901529,0.0816236412,0.0888619896,-0.0848079727,0.0964003023,-0.137144739,-0.353782882,-0.0999881959,0.0878427047,0,1,0.0012736688,0.000105750311,11000,251.256562,ik_7dof returned an approximate solution outside the exact threshold,-0.0743099378,-0.00706681414,-0.08120887,0.00605175322,-0.065509316,-0.165234147,0.018747865
1781681254.872584,2026-06-17T15:27:34.872,1781681254.326612,right,base,1,pelvis,1000,0.001,0.0632066086,-0.265811431,-0.0515515309,0.742605679,0.659096806,0.0824617695,0.0856052696,-0.0339254224,-0.0413737415,0.13206762,-0.0609783252,-0.317765271,-0.130018283,0.0557057182,0,1,0.00166478751,0.000542468721,11000,250.006769,ik_7dof returned an approximate solution outside the exact threshold,-0.0706256584,0.0124764336,-0.127972664,-0.00293559992,0.011872265,-0.164893249,-0.0114040106
1781681255.055327,2026-06-17T15:27:35.055,1781681254.509990,right,base,1,pelvis,1000,0.001,0.0624410586,-0.236757281,-0.0577150309,0.706542168,0.698394295,0.0583973758,0.0981494819,-0.0357008094,-0.0407457246,0.132583335,-0.0602944436,-0.317244491,-0.130452488,0.0552410485,0,1,0.0098095643,0.00387924499,11000,180.059729,ik_7dof returned an approximate solution outside the exact threshold,-0.121700502,0.0877959967,0.224205725,0.0892561632,-0.22534152,-0.187008762,-0.121888133
1781681255.234240,2026-06-17T15:27:35.234,1781681254.576674,right,base,1,pelvis,1000,0.001,0.0602388086,-0.223588681,-0.0585710309,0.695315085,0.709345902,0.0461983095,0.105976598,-0.0357008094,-0.0407457246,0.132583335,-0.0602944436,-0.317244491,-0.130452488,0.0552410485,0,1,0.0119767068,0.00451020807,11000,177.893142,ik_7dof returned an approximate solution outside the exact threshold,-0.0370821364,0.0993243878,0.250992702,-0.0620674742,-0.199586573,-0.113309761,-0.197581237
1781681255.417070,2026-06-17T15:27:35.417,1781681254.593341,right,base,1,pelvis,1000,0.001,0.0597103586,-0.221884981,-0.0585030309,0.693335269,0.711240259,0.0440995641,0.107138822,-0.0357008094,-0.0407457246,0.132583335,-0.0602944436,-0.317244491,-0.130452488,0.0552410485,0,1,0.0120707746,0.0051734599,11000,180.543527,ik_7dof returned an approximate solution outside the exact threshold,-0.0969652504,0.118847581,0.249964979,0.0508666137,-0.199294595,-0.161250209,-0.19622703
1781681255.602878,2026-06-17T15:27:35.602,1781681254.693341,right,base,1,pelvis,1000,0.001,0.0609876586,-0.215148081,-0.0572260309,0.681775679,0.721595676,0.0348360599,0.115187033,-0.0357008094,-0.0407457246,0.132583335,-0.0602944436,-0.317244491,-0.130452488,0.0552410485,0,1,0.0125665184,0.00592912874,11000,183.624146,ik_7dof returned an approximate solution outside the exact threshold,-0.109994981,0.140491916,0.266801804,0.0713378174,-0.182302436,-0.159420934,-0.238722741
1781681255.604489,2026-06-17T15:27:35.604,1781681254.793364,right,base,1,pelvis,1000,0.001,0.0556894586,-0.221009431,-0.0355425309,0.675512177,0.722468715,0.0400231305,0.141846406,-0.0357008094,-0.0407457246,0.132583335,-0.0602944436,-0.317244491,-0.130452488,0.0552410485,1,1,1.65845087e-06,0.000499291019,27,0.269911,,0.137888195,0.0790040855,0.280232603,-0.360148265,-0.14610607,-0.0232536835,-0.309144288
1781681255.800186,2026-06-17T15:27:35.800,1781681255.193450,right,base,1,pelvis,1000,0.001,-0.329271711,-0.284497831,0.174071969,0.458067202,0.683238937,0.498705532,0.273224788,-0.0357008094,-0.0407457246,0.132583335,-0.0602944436,-0.317244491,-0.130452488,0.0552410485,0,1,0.210783429,0.349286273,11000,178.244585,ik_7dof returned an approximate solution outside the exact threshold,0.958125537,-0.277100097,1.25892038,-1.01413846,0.644474438,-0.52,-1.57
1781681255.988661,2026-06-17T15:27:35.988,1781681255.193450,right,base,1,pelvis,1000,0.001,-0.329271711,-0.284497831,0.174071969,0.458067202,0.683238937,0.498705532,0.273224788,0.0184622142,-0.00338153895,0.178652675,-0.153854457,-0.263846095,-0.0970044517,-0.0584540073,0,1,0.199936469,0.652874973,11000,185.27964,ik_7dof returned an approximate solution outside the exact threshold,-2.18780969,-3.49,1.90245255,-1.18407006,-0.458325523,-0.52,1.52194875
1781681256.163043,2026-06-17T15:27:36.163,1781681255.193450,right,base,1,pelvis,1000,0.001,-0.329271711,-0.284497831,0.174071969,0.458067202,0.683238937,0.498705532,0.273224788,0.132515228,0.0752975616,0.275662529,-0.35086712,-0.151403186,-0.0265717258,-0.297865748,0,1,0.543291217,0.189301224,11000,172.151853,ik_7dof returned an approximate solution outside the exact threshold,2.79,-3.49,1.46562929,-1.4,0.985002853,-0.470889222,1.57
1781681256.336959,2026-06-17T15:27:36.336,1781681255.193450,right,base,1,pelvis,1000,0.001,-0.329271711,-0.284497831,0.174071969,0.458067202,0.683238937,0.498705532,0.273224788,0.137888195,0.0790040855,0.280232603,-0.360148265,-0.14610607,-0.0232536835,-0.309144288,0,1,0.389363975,0.442694586,11000,172.461173,ik_7dof returned an approximate solution outside the exact threshold,1.95518392,-0.101232796,0.60152186,-1.4,2.11241561,-0.52,-1.57
1781681256.506005,2026-06-17T15:27:36.506,1781681255.193450,right,base,1,pelvis,1000,0.001,-0.329271711,-0.284497831,0.174071969,0.458067202,0.683238937,0.498705532,0.273224788,0.137888195,0.0790040855,0.280232603,-0.360148265,-0.14610607,-0.0232536835,-0.309144288,0,1,0.250799009,0.465878427,11000,166.17507,ik_7dof returned an approximate solution outside the exact threshold,0.758793945,-0.202078924,1.2388583,-0.814741014,0.894847527,-0.52,-1.57
1781681256.671754,2026-06-17T15:27:36.671,1781681255.193450,right,base,1,pelvis,1000,0.001,-0.329271711,-0.284497831,0.174071969,0.458067202,0.683238937,0.498705532,0.273224788,0.137888195,0.0790040855,0.280232603,-0.360148265,-0.14610607,-0.0232536835,-0.309144288,0,1,0.364576597,0.351368565,11000,163.449978,ik_7dof returned an approximate solution outside the exact threshold,2.79,-2.77304825,-0.673791095,-1.4,-0.573967766,-0.52,-1.57
1781681256.831443,2026-06-17T15:27:36.831,1781681255.193450,right,base,1,pelvis,1000,0.001,-0.329271711,-0.284497831,0.174071969,0.458067202,0.683238937,0.498705532,0.273224788,0.137888195,0.0790040855,0.280232603,-0.360148265,-0.14610607,-0.0232536835,-0.309144288,0,1,0.5567911,0.23320331,11000,157.05359,ik_7dof returned an approximate solution outside the exact threshold,2.59692013,-3.49,1.2644828,-1.4,1.19054076,-0.52,1.57
1781681257.000272,2026-06-17T15:27:37.000,1781681255.193450,right,base,1,pelvis,1000,0.001,-0.329271711,-0.284497831,0.174071969,0.458067202,0.683238937,0.498705532,0.273224788,0.137888195,0.0790040855,0.280232603,-0.360148265,-0.14610607,-0.0232536835,-0.309144288,0,1,0.259745431,0.532089537,11000,165.59306,ik_7dof returned an approximate solution outside the exact threshold,1.01533424,0.119400069,-1.28073957,-1.34736175,-0.0561551676,-0.52,1.57
1781681257.167186,2026-06-17T15:27:37.167,1781681255.193450,right,base,1,pelvis,1000,0.001,-0.329271711,-0.284497831,0.174071969,0.458067202,0.683238937,0.498705532,0.273224788,0.137888195,0.0790040855,0.280232603,-0.360148265,-0.14610607,-0.0232536835,-0.309144288,0,1,0.309631471,0.578701994,11000,165.094338,ik_7dof returned an approximate solution outside the exact threshold,0.703465511,0.189287379,-1.62496194,-1.36833903,-0.0433079856,-0.52,1.57
