wall_time_s,wall_time_iso,target_timestamp_s,hand_side,frame_id,hand_command,reference_frame,max_iters,eps,target_x,target_y,target_z,target_qx,target_qy,target_qz,target_qw,current_q0,current_q1,current_q2,current_q3,current_q4,current_q5,current_q6,success,has_solution,position_error_m,orientation_error_rad,iterations,solve_time_ms,message,q_target0,q_target1,q_target2,q_target3,q_target4,q_target5,q_target6
1781684787.130791,2026-06-17T16:26:27.130,1781684787.055809,left,base,1,pelvis,1000,0.001,-0.00768,0.270851882,-0.05335,0.707388045,-0.706824957,-0.000562863772,0.000563312174,0,0,0,0,0,0,0,1,1,0,2.27208464e-16,1,0.084127,,0,0,0,0,0,0,0
1781684787.131406,2026-06-17T16:26:27.131,1781684787.072259,right,base,1,pelvis,1000,0.001,-0.00768,-0.270748118,-0.05335,0.707388045,0.706824957,0.000562863772,0.000563312174,0,0,0,0,0,0,0,1,1,0,5.08270597e-16,1,0.026855,,0,0,0,0,0,0,0
1781684787.147293,2026-06-17T16:26:27.147,1781684787.055809,left,base,1,pelvis,1000,0.001,-0.00768,0.270851882,-0.05335,0.707388045,-0.706824957,-0.000562863772,0.000563312174,0,0,0,0,0,0,0,1,1,0,2.27208464e-16,1,0.049581,,0,0,0,0,0,0,0
1781684787.147904,2026-06-17T16:26:27.147,1781684787.072259,right,base,1,pelvis,1000,0.001,-0.00768,-0.270748118,-0.05335,0.707388045,0.706824957,0.000562863772,0.000563312174,0,0,0,0,0,0,0,1,1,0,5.08270597e-16,1,0.027489,,0,0,0,0,0,0,0
1781684787.164187,2026-06-17T16:26:27.164,1781684787.055809,left,base,1,pelvis,1000,0.001,-0.00768,0.270851882,-0.05335,0.707388045,-0.706824957,-0.000562863772,0.000563312174,0,0,0,0,0,0,0,1,1,0,2.27208464e-16,1,0.038048,,0,0,0,0,0,0,0
1781684787.164514,2026-06-17T16:26:27.164,1781684787.072259,right,base,1,pelvis,1000,0.001,-0.00768,-0.270748118,-0.05335,0.707388045,0.706824957,0.000562863772,0.000563312174,0,0,0,0,0,0,0,1,1,0,5.08270597e-16,1,0.025223,,0,0,0,0,0,0,0
1781684787.181167,2026-06-17T16:26:27.181,1781684787.055809,left,base,1,pelvis,1000,0.001,-0.00768,0.270851882,-0.05335,0.707388045,-0.706824957,-0.000562863772,0.000563312174,0,0,0,0,0,0,0,1,1,0,2.27208464e-16,1,0.075681,,0,0,0,0,0,0,0
1781684787.181803,2026-06-17T16:26:27.181,1781684787.072259,right,base,1,pelvis,1000,0.001,-0.00768,-0.270748118,-0.05335,0.707388045,0.706824957,0.000562863772,0.000563312174,0,0,0,0,0,0,0,1,1,0,5.08270597e-16,1,0.028808,,0,0,0,0,0,0,0
1781684787.197805,2026-06-17T16:26:27.197,1781684787.055809,left,base,1,pelvis,1000,0.001,-0.00768,0.270851882,-0.05335,0.707388045,-0.706824957,-0.000562863772,0.000563312174,0,0,0,0,0,0,0,1,1,0,2.27208464e-16,1,0.060318,,0,0,0,0,0,0,0
1781684787.198193,2026-06-17T16:26:27.198,1781684787.072259,right,base,1,pelvis,1000,0.001,-0.00768,-0.270748118,-0.05335,0.707388045,0.706824957,0.000562863772,0.000563312174,0,0,0,0,0,0,0,1,1,0,5.08270597e-16,1,0.02815,,0,0,0,0,0,0,0
1781684787.214517,2026-06-17T16:26:27.214,1781684787.055809,left,base,1,pelvis,1000,0.001,-0.00768,0.270851882,-0.05335,0.707388045,-0.706824957,-0.000562863772,0.000563312174,0,0,0,0,0,0,0,1,1,0,2.27208464e-16,1,0.040345,,0,0,0,0,0,0,0
1781684787.215041,2026-06-17T16:26:27.215,1781684787.138929,right,base,1,pelvis,1000,0.001,-0.0074735,-0.270799518,-0.053229,-0.706565149,-0.707646961,0.00064172667,0.00102822068,0,0,0,0,0,0,0,1,1,9.90949925e-05,0.000739184574,3,0.066315,,-0.00357139637,-0.000169513932,0.000977454419,0.0043565375,0.000978318984,0.00253618306,0.000633187539
1781684787.231326,2026-06-17T16:26:27.231,1781684787.055809,left,base,1,pelvis,1000,0.001,-0.00768,0.270851882,-0.05335,0.707388045,-0.706824957,-0.000562863772,0.000563312174,0,0,0,0,0,0,0,1,1,0,2.27208464e-16,1,0.044736,,0,0,0,0,0,0,0
1781684787.231690,2026-06-17T16:26:27.231,1781684787.138929,right,base,1,pelvis,1000,0.001,-0.0074735,-0.270799518,-0.053229,-0.706565149,-0.707646961,0.00064172667,0.00102822068,0,0,0,0,0,0,0,1,1,9.90949925e-05,0.000739184574,3,0.056446,,-0.00357139637,-0.000169513932,0.000977454419,0.0043565375,0.000978318984,0.00253618306,0.000633187539
1781684787.248222,2026-06-17T16:26:27.248,1781684787.139153,left,base,1,pelvis,1000,0.001,-0.0079655,0.271563632,-0.053362,0.706686137,-0.70752554,-0.00132737153,0.000743647821,0,0,0,0,0,0,0,1,1,0.000124490372,0.000404841154,3,0.094626,,0.000182808536,0.00092100949,-0.000833446127,-3.87225651e-05,-0.000833497329,0.000977744531,-0.000229279641
1781684787.248714,2026-06-17T16:26:27.248,1781684787.138929,right,base,1,pelvis,1000,0.001,-0.0074735,-0.270799518,-0.053229,-0.706565149,-0.707646961,0.00064172667,0.00102822068,-7.27038063e-06,-3.45083737e-07,1.98982833e-06,8.868712e-06,1.99158835e-06,5.16297108e-06,1.28899566e-06,1,1,9.90411709e-05,0.000737919547,3,0.046152,,-0.0035965069,-0.00016954695,0.000977769217,0.00440167014,0.000978647309,0.00251724176,0.00063338426
1781684787.432629,2026-06-17T16:26:27.432,1781684787.205806,left,base,1,pelvis,1000,0.001,-0.00759795,0.272917532,-0.0555755,0.706587382,-0.70762159,-0.00240471017,0.000416623014,0,0,0,0,0,0,0,1,1,0.00224790746,1.22113802e-05,11000,166.797726,,-0.000258222102,0.00311554958,-0.00185351976,-0.000960599381,-0.000421024819,0.00361312671,-0.000318595196
1781684787.433219,2026-06-17T16:26:27.433,1781684787.138929,right,base,1,pelvis,1000,0.001,-0.0074735,-0.270799518,-0.053229,-0.706565149,-0.707646961,0.00064172667,0.00102822068,-9.95035037e-05,-4.72286702e-06,2.72330846e-05,0.000121378503,2.72571724e-05,7.06611852e-05,1.76413851e-05,1,1,9.83392204e-05,0.000721871311,3,0.067506,,-0.00391415927,-0.000169964001,0.000981763234,0.00497258016,0.000982812009,0.0022776955,0.000635877076
1781684787.584224,2026-06-17T16:26:27.584,1781684787.288956,left,base,1,pelvis,1000,0.001,-0.00611455,0.272833882,-0.056565,0.708186261,-0.706021848,-0.00231476861,0.000105204193,0.000182808536,0.00092100949,-0.000833446127,-3.87225651e-05,-0.000833497329,0.000977744531,-0.000229279641,1,1,0.00323568879,1.08197133e-05,11000,148.501752,,-0.00283976568,0.00293875657,0.000998780428,-0.00108107721,0.00125240967,0.00575468882,0.000186764879
1781684787.584635,2026-06-17T16:26:27.584,1781684787.205599,right,base,1,pelvis,1000,0.001,-0.0067608,-0.270559818,-0.053839,-0.706129592,-0.708078604,0.000658885071,0.00229270135,-0.00357139637,-0.000169513932,0.000977454419,0.0043565375,0.000978318984,0.00253618306,0.000633187539,1,1,0.000599395675,0.000222122032,4,0.060552,,0.0135028215,-0.0002154435,0.00173446168,-0.0302943781,0.00172245957,0.0223951595,0.00242324857
1781684787.711887,2026-06-17T16:26:27.711,1781684787.389233,left,base,1,pelvis,1000,0.001,-0.0049476,0.271509832,-0.0574155,-0.710591046,0.703604739,3.0384203e-05,0.000857534551,-0.00025178619,0.00308352489,-0.00183863394,-0.000947146533,-0.000427043986,0.00357466887,-0.000317291824,1,1,0.00405017195,3.20570579e-05,11000,125.753644,,-0.00431740599,0.000879391321,-1.99489399,0.000301971224,2.00397327,0.00165229862,0.000137740148
1781684787.712288,2026-06-17T16:26:27.712,1781684787.205599,right,base,1,pelvis,1000,0.001,-0.0067608,-0.270559818,-0.053839,-0.706129592,-0.708078604,0.000658885071,0.00229270135,-0.00390904572,-0.000169957287,0.000981698952,0.00496338965,0.000982744979,0.00228155178,0.000635836951,1,1,0.000631563839,0.00022103113,4,0.061697,,0.0174705472,-0.000222061789,0.00173543929,-0.0375391189,0.00172131459,0.025673129,0.00242885456
1781684787.842960,2026-06-17T16:26:27.842,1781684787.389233,left,base,1,pelvis,1000,0.001,-0.0049476,0.271509832,-0.0574155,-0.710591046,0.703604739,3.0384203e-05,0.000857534551,-0.00277634965,0.00294230399,0.000929252236,-0.00107779536,0.00121125622,0.00570126946,0.00017441344,1,1,0.00405053947,9.85465681e-06,11000,128.884685,,-0.00494097741,0.00103586131,0.00425737867,0.00106229765,0.00483106526,0.00112003254,0.000253859773
1781684787.973970,2026-06-17T16:26:27.973,1781684787.255601,right,base,1,pelvis,1000,0.001,-0.00577225,-0.270343118,-0.0545385,-0.706107476,-0.708098503,0.000637921545,0.00288703006,0.0130761126,-0.000214328779,0.00171601389,-0.0294303236,0.00170433154,0.0219022396,0.00237944486,1,1,0.00125015544,1.1674095e-05,11000,128.774521,,-0.0052168726,-1.77069773e-06,-0.062761586,-0.000107532041,0.0663869642,0.0118831204,0.00322031017
1781684788.103813,2026-06-17T16:26:28.103,1781684787.439207,left,base,1,pelvis,1000,0.001,-0.00391385,0.271086282,-0.0586,-0.711475591,0.70270691,-0.00187023487,0.00140820909,-0.00284355805,0.00285233644,-0.0861123923,-0.00101762112,0.088555514,0.00552468615,0.000172814048,1,1,0.00539439424,0.00056453729,11000,127.913435,,-0.00508190542,-0.0278332915,-1.58259139,0.0522606387,1.59462466,-0.000207384677,-0.0254110095
1781684788.237490,2026-06-17T16:26:28.237,1781684787.322269,right,base,1,pelvis,1000,0.001,-0.0046797,-0.270011368,-0.055312,-0.706628846,-0.707577679,0.00060811696,0.00302187469,0.0174705472,-0.000222061789,0.00173543929,-0.0375391189,0.00172131459,0.025673129,0.00242885456,1,1,0.00203212717,2.64133969e-05,11000,132.948742,,-0.0077612903,0.000536039056,0.000929001772,0.000776158055,0.00121641767,0.0136811352,0.00290394334
1781684788.370584,2026-06-17T16:26:28.370,1781684787.439207,left,base,1,pelvis,1000,0.001,-0.00391385,0.271086282,-0.0586,-0.711475591,0.70270691,-0.00187023487,0.00140820909,-0.00329900962,0.00245789151,-0.0664887277,-0.000565969778,0.0703748715,0.00456822201,0.00019041301,1,1,0.00521265258,3.94916853e-05,11000,129.612483,,-0.00525180269,0.000651882937,0.588344172,-0.000344729243,-0.576736378,-0.000716972935,-0.00145503914
1781684788.507324,2026-06-17T16:26:28.507,1781684787.638962,right,base,1,pelvis,1000,0.001,-0.00222175,-0.268133418,-0.06113,-0.706001674,-0.708199612,-0.000103976616,0.00386449158,-0.0052168726,-1.77069773e-06,-0.062761586,-0.000107532041,0.0663869642,0.0118831204,0.00322031017,1,1,0.00801743566,0.000412624659,11000,135.252686,,-0.0334944821,0.00151232319,-0.0627014664,0.0414118133,0.0664671302,-0.0010415608,0.00109843541
1781684788.641199,2026-06-17T16:26:28.641,1781684787.522513,left,base,1,pelvis,1000,0.001,-0.00031125,0.270554782,-0.0639755,-0.713030402,0.701108999,-0.00543243729,0.0020748853,-0.00403486761,-0.0100442464,-0.566488728,0.0212372573,0.570374871,0.00259717674,-0.010376111,1,1,0.0110958391,0.0239620446,11000,130.968625,,0.0229748338,0.0234448469,-0.570192355,-0.0758292955,0.56680431,0.0412388898,0.0111366141
1781684788.776893,2026-06-17T16:26:28.776,1781684787.738962,right,base,1,pelvis,1000,0.001,-0.0017746,-0.268623168,-0.0617285,0.706789967,0.707420846,0.00186239938,0.000470534629,-0.0077612903,0.000536039056,0.000929001772,0.000776158055,0.00121641767,0.0136811352,0.00290394334,1,1,0.00848091454,0.000580691097,11000,133.810383,,-0.0299493026,0.00341174088,-0.00347868655,0.0349284863,0.00452470881,-0.00679006467,-0.00174014306
1781684788.906858,2026-06-17T16:26:28.906,1781684787.555631,left,base,1,pelvis,1000,0.001,9.8e-06,0.270237432,-0.064891,-0.71325346,0.700872064,-0.00657565903,0.00214766786,-0.00474552138,-0.00379802602,-0.0664887277,-0.00631026505,0.0703748715,0.000661812221,-0.00516647125,1,1,0.0116701342,0.0050414877,11000,128.701442,,0.018895379,0.00248857925,-0.0626374793,-0.0537378016,0.0744240496,0.0207568126,-0.00488200474
1781684789.042207,2026-06-17T16:26:29.042,1781684787.805645,right,base,1,pelvis,1000,0.001,-0.00014325,-0.274372368,-0.0596085,0.709481178,0.704714747,0.00268710267,0.00252249744,-0.0334944821,0.00151232319,-0.0627014664,0.0414118133,0.0664671302,-0.0010415608,0.00109843541,1,1,0.006297344,0.00116592222,11000,132.651897,,-0.0122832926,-0.0177300445,1.54887234,-0.0200102071,-1.55377676,0.00669967956,-0.00166491375
1781684789.174385,2026-06-17T16:26:29.174,1781684787.622299,left,base,1,pelvis,1000,0.001,0.0009958,0.269458082,-0.0672105,-0.71330022,0.7007882,-0.00975931916,0.00185757053,0.0175335404,0.0180972796,-0.254213701,-0.0621832422,0.265172356,0.0332739203,0.00793644329,1,1,0.0157028,0.0169507823,11000,130.617267,,-0.101729878,-0.0245476649,-0.25693938,0.169010958,0.26236826,-0.0759333876,-0.0203005427
1781684789.305974,2026-06-17T16:26:29.305,1781684787.888968,right,base,1,pelvis,1000,0.001,0.00039915,-0.286823918,-0.054826,0.719060145,0.694918901,0.00534307582,0.00341756013,-0.0299493026,0.00341174088,-0.00347868655,0.0349284863,0.00452470881,-0.00679006467,-0.00174014306,1,1,0.00170196463,1.58157295e-05,11000,130.040788,,-0.0123507545,-0.031084224,1.54054905,0.000375723318,-1.5738409,0.00261622729,0.0339486955
1781684789.437099,2026-06-17T16:26:29.437,1781684787.622299,left,base,1,pelvis,1000,0.001,0.0009958,0.269458082,-0.0672105,-0.71330022,0.7007882,-0.00975931916,0.00185757053,-0.0390540005,0.00347026746,-0.190899463,0.13500393,0.196210677,-0.0630170193,-0.0040758057,1,1,0.0146518637,0.014964932,11000,129.597724,,0.0501367053,0.0127154702,-0.196891141,-0.114639394,0.199543002,0.044175049,-0.00167134675
1781684789.445020,2026-06-17T16:26:29.445,1781684787.988974,right,base,1,pelvis,1000,0.001,-0.00174055,-0.298949218,-0.046334,-0.732653748,-0.680493207,-0.0120995696,0.00104011553,-0.0289732331,0.00224363035,0.0822906817,0.0318930536,-0.0815734289,-0.00604473915,-0.00173598655,1,1,6.16623979e-07,0.000525159248,1052,7.244139,,0.0402501945,-0.22020431,1.28102925,-0.305420619,-1.36235896,0.0273339407,-0.0567315282
1781684789.580415,2026-06-17T16:26:29.580,1781684787.622299,left,base,1,pelvis,1000,0.001,0.0009958,0.269458082,-0.0672105,-0.71330022,0.7007882,-0.00975931916,0.00185757053,-0.0077349201,0.0057321791,-0.24972924,-0.107005609,0.252327066,0.0326792196,-0.0201226232,1,1,0.014749355,0.019069223,11000,133.303052,,0.0526497867,0.0170396005,-0.253754619,-0.120942258,0.252533894,0.0463385289,0.00173542377
1781684789.635746,2026-06-17T16:26:29.635,1781684788.005643,right,base,1,pelvis,1000,0.001,-0.0020958,-0.300657668,-0.0447965,-0.735120442,-0.677801298,-0.0133202988,0.00243008816,-0.0273820999,-0.000946571202,0.221877769,0.0288761587,-0.224415928,-0.00521569603,0.00167981475,1,1,2.1487878e-07,0.000500132747,5052,53.081047,,0.0661255093,-0.234960217,1.16579171,-0.338280127,-1.261099,0.0458722328,-0.0592460998
1781684789.762615,2026-06-17T16:26:29.762,1781684787.705807,left,base,1,pelvis,1000,0.001,0.00105165,0.269681682,-0.067703,-0.713782268,0.700247096,-0.0127790372,0.00236121357,0.0397995367,0.0154708016,-0.239995271,-0.119220202,0.238780065,0.0437783853,-0.00536963481,1,1,0.0166919729,0.0203461104,11000,124.722769,,-0.112218959,-0.0234814328,-0.239203416,0.192745802,0.239876483,-0.100249731,-0.037492088
1781684789.763149,2026-06-17T16:26:29.763,1781684788.205664,right,base,1,pelvis,1000,0.001,-0.0018264,-0.312923668,-0.0373045,-0.75430833,-0.65580657,-0.0286962371,0.0106401344,-0.00836482019,-0.0625988599,0.519696735,-0.0651235404,-0.544390004,0.00393681832,-0.014744659,1,1,1.16549456e-06,0.000527124669,19,0.207459,,0.221018985,-0.209966266,0.448270449,-0.453340486,-0.6323455,0.162963497,0.0329247446
1781684789.889557,2026-06-17T16:26:29.889,1781684787.705807,left,base,1,pelvis,1000,0.001,0.00105165,0.269681682,-0.067703,-0.713782268,0.700247096,-0.0127790372,0.00236121357,-0.0681521181,0.0170129548,-0.253520919,0.168561798,0.252300288,-0.090831956,-0.0130841781,1,1,0.0146711557,0.0209164338,11000,125.532121,,0.0314620882,0.0118552611,-0.25375658,-0.0792985617,0.251867183,0.0234870793,-0.00406401809
1781684789.891706,2026-06-17T16:26:29.891,1781684788.205664,right,base,1,pelvis,1000,0.001,-0.0018264,-0.312923668,-0.0373045,-0.75430833,-0.65580657,-0.0286962371,0.0106401344,0.0155756947,-0.117994234,0.727345789,-0.152913585,-0.774733761,0.0174144794,-0.0290470177,1,1,1.36586883e-06,0.000538608535,18,0.161188,,0.191486973,-0.255945106,0.66911284,-0.453321891,-0.853477532,0.132566856,-0.000432576479
1781684789.892750,2026-06-17T16:26:29.892,1781684787.839429,left,base,1,pelvis,1000,0.001,-0.00095685,0.286051682,-0.0529385,-0.722626008,0.690936751,-0.0186318546,0.00842093771,0.00333042658,0.00844676005,-0.243316467,-0.0759155524,0.243445524,0.0180681886,-0.0196773348,1,1,7.5686276e-06,0.000611137603,10,0.082461,,0.0342611892,0.0409619661,-0.220028228,-0.0681908077,0.266191025,-0.00627358393,-0.0400082624
1781684789.893049,2026-06-17T16:26:29.893,1781684788.389016,right,base,1,pelvis,1000,0.001,-0.0023026,-0.320089718,-0.0354695,-0.759852767,-0.64869068,-0.0413074392,0.0108567555,0.107228332,-0.15902492,0.602844323,-0.286940438,-0.711211319,0.082347003,-0.00140009176,1,1,1.37649612e-06,0.000511217769,13,0.101006,,0.21962459,-0.256253485,0.556927372,-0.464732529,-0.766619531,0.132488014,0.0471566362
1781684790.035352,2026-06-17T16:26:30.035,1781684789.739146,left,base,1,pelvis,1000,0.001,0.01060105,0.396827082,-0.0260375,0.838666754,-0.523164109,0.141020002,0.0552335874,0.00647770107,0.0128420066,-0.243455899,-0.0759607338,0.243557998,0.0136729421,-0.0240725813,1,1,0.00382005205,0.000294219702,11000,124.077689,,0.0143060287,0.308044961,-1.06501488,-0.000114211526,1.52879932,0.0691194448,-0.580500714
1781684790.035931,2026-06-17T16:26:30.035,1781684789.822479,right,base,1,pelvis,1000,0.001,-0.0049763,-0.388131818,-0.0291455,-0.803197298,-0.584340636,-0.105655639,0.0475079688,0.107923205,-0.159824212,0.603390834,-0.291335684,-0.712384575,0.0827611615,-0.00139211275,1,1,0.000109474519,0.000565678854,27,0.250057,,0.037279842,-0.286775827,0.50447757,-0.0230202129,-0.83192874,0.0256423701,0.493788105
1781684790.165780,2026-06-17T16:26:30.165,1781684789.739146,left,base,1,pelvis,1000,0.001,0.01060105,0.396827082,-0.0260375,0.838666754,-0.523164109,0.141020002,0.0552335874,0.0286602975,0.255620494,-0.671291125,-0.0697571523,0.671393224,0.0207149049,-0.403806499,1,1,0.00398399204,0.00116606498,11000,127.826316,,0.0181500517,0.326621707,-1.30968053,-0.0347251502,1.77476536,0.0665552425,-0.56531765
1781684790.167867,2026-06-17T16:26:30.167,1781684789.822479,right,base,1,pelvis,1000,0.001,-0.0049763,-0.388131818,-0.0291455,-0.803197298,-0.584340636,-0.105655639,0.0475079688,0.179105521,-0.221274291,0.57378174,-0.302132476,-0.746946096,0.114449869,0.0754605634,1,1,0.000111963773,0.000605046812,25,0.214248,,0.0379151274,-0.287089934,0.501190339,-0.0243389064,-0.828796018,0.0262800091,0.493307142
1781684790.297877,2026-06-17T16:26:30.297,1781684789.739146,left,base,1,pelvis,1000,0.001,0.01060105,0.396827082,-0.0260375,0.838666754,-0.523164109,0.141020002,0.0552335874,0.0229475246,0.294142469,-1.06712295,-0.0420403589,1.06722505,0.0399791492,-0.474128013,1,1,0.00382005713,0.000294285376,11000,127.988072,,0.0145908503,0.308131366,2.70407344,0.000607930827,-2.24019121,0.0692878843,-0.580336311
1781684790.298427,2026-06-17T16:26:30.298,1781684790.105834,right,base,1,pelvis,1000,0.001,-0.0086461,-0.387071568,-0.0267695,-0.805228614,-0.578718499,-0.114195543,0.0604247959,0.0973860871,-0.259016035,0.533848933,-0.141309018,-0.795912782,0.0632793153,0.316499352,1,1,5.6535041e-05,0.000532973622,18,0.174947,,0.0690602956,-0.305803285,0.495401451,-0.0717352481,-0.839740759,0.0506287834,0.514210342
1781684790.429241,2026-06-17T16:26:30.429,1781684790.006163,left,base,1,pelvis,1000,0.001,0.0103313,0.396847032,-0.026282,0.838676519,-0.523135926,0.141365335,0.0544641333,0.020739264,0.309092553,-0.675541174,-0.038673193,0.675643274,0.0522120354,-0.516102295,1,1,0.00416008071,0.0016150034,11000,127.839353,,0.0399642256,0.319008154,-0.439433988,-0.048111034,0.911583851,0.0801150663,-0.562965834
1781684790.429681,2026-06-17T16:26:30.429,1781684790.239174,right,base,1,pelvis,1000,0.001,-0.00871195,-0.387526118,-0.0261415,-0.806331682,-0.576214314,-0.118011786,0.0622856394,0.0540767866,-0.290960348,0.510065546,-0.0639908316,-0.819859764,0.0373073563,0.465554093,1,1,6.35129335e-05,0.000585215609,11,0.12239,,0.0640170371,-0.305010827,0.491902255,-0.0586731775,-0.840080848,0.0470187569,0.529847395
1781684790.557331,2026-06-17T16:26:30.557,1781684790.006163,left,base,1,pelvis,1000,0.001,0.0103313,0.396847032,-0.026282,0.838676519,-0.523135926,0.141365335,0.0544641333,0.0201179689,0.308995425,-0.281701338,-0.034703849,0.281803438,0.053937544,-0.52259312,1,1,0.00408528796,0.0009549186,11000,126.732516,,0.0121174072,0.299847375,-1.34486092,0.014901461,1.80758542,0.0687413507,-0.586784233
1781684790.558860,2026-06-17T16:26:30.558,1781684790.239174,right,base,1,pelvis,1000,0.001,-0.00871195,-0.387526118,-0.0261415,-0.806331682,-0.576214314,-0.118011786,0.0622856394,0.0676249462,-0.304381402,0.496806202,-0.0647955777,-0.837836254,0.0491776495,0.520262777,1,1,4.1855471e-05,0.000527995641,5,0.056319,,0.0592944755,-0.302616658,0.494070246,-0.0493283327,-0.840636862,0.044426489,0.533117179
1781684790.688448,2026-06-17T16:26:30.688,1781684790.006163,left,base,1,pelvis,1000,0.001,0.0103313,0.396847032,-0.026282,0.838676519,-0.523135926,0.141365335,0.0544641333,0.0222833859,0.31008791,0.107923496,-0.0361667016,0.103813876,0.0567937629,-0.526998171,1,1,0.00442165112,0.00130623672,11000,126.145833,,0.0594259558,0.297601285,0.240719917,-0.0794205091,0.2367502,0.101560308,-0.571798077
1781684790.689546,2026-06-17T16:26:30.689,1781684790.305849,right,base,1,pelvis,1000,0.001,-0.009009,-0.387335268,-0.026063,-0.8067055,-0.575358164,-0.119507082,0.0625082092,0.0640439109,-0.305006139,0.491938783,-0.0539166704,-0.840064129,0.0460420496,0.529776004,1,1,0.000110707091,0.000491069998,4,0.078471,,0.0547323309,-0.299784606,0.492261726,-0.0375786175,-0.839784892,0.0393821246,0.540270984
1781684790.817878,2026-06-17T16:26:30.817,1781684790.139425,left,base,1,pelvis,1000,0.001,0.01006875,0.397025832,-0.027372,0.838156318,-0.523979774,0.141302913,0.0545222049,0.0210570647,0.308852595,-0.00700362052,-0.0300063528,0.309339714,0.0582349995,-0.534210159,1,1,0.0051079706,0.000392886191,11000,124.865142,,0.0155566362,0.307451414,-1.22241498,-0.000149488905,1.6854583,0.0655714316,-0.580233309
1781684790.819047,2026-06-17T16:26:30.819,1781684790.455868,right,base,1,pelvis,1000,0.001,-0.0099758,-0.387320018,-0.025166,-0.807502943,-0.573525567,-0.12267713,0.0629105964,0.0593264762,-0.302632758,0.494055885,-0.0410855135,-0.840633003,0.0406192433,0.534839111,1,1,5.35773246e-05,0.000567096329,6,0.087039,,0.082734232,-0.313694847,0.48677433,-0.0865469106,-0.848151433,0.0503174867,0.531207466
1781684790.950510,2026-06-17T16:26:30.950,1781684790.372534,left,base,1,pelvis,1000,0.001,0.01032585,0.396312582,-0.0275375,0.837762013,-0.524297041,0.142102174,0.0554472317,0.0260749719,0.307381142,-0.00292662625,-0.0364687666,0.325237761,0.0639011101,-0.53912593,1,1,0.00515990268,0.00331790019,11000,126.935102,,0.0162576349,0.30635187,0.0655672816,-0.00274129906,0.393767663,0.0666498969,-0.580214697
1781684790.950985,2026-06-17T16:26:30.950,1781684790.589206,right,base,1,pelvis,1000,0.001,-0.01026785,-0.387069718,-0.0238245,-0.808367385,-0.571932464,-0.123420457,0.0648291463,0.0770063842,-0.312411406,0.491366654,-0.0858559424,-0.840897446,0.0491803499,0.533278679,1,1,5.6061763e-05,0.000594302863,6,0.079778,,0.116924865,-0.331755596,0.478422374,-0.15238856,-0.854357985,0.07277442,0.513735343
1781684791.082004,2026-06-17T16:26:31.082,1781684790.622552,left,base,1,pelvis,1000,0.001,0.0105757,0.395245132,-0.0270935,0.837212212,-0.524651,0.143191778,0.0575600162,0.0245453817,0.307391361,-0.180266227,-0.0311871695,0.523042822,0.0641440104,-0.545103819,1,1,0.00519420269,0.00135105167,11000,128.168448,,0.0178817053,0.341418677,-1.44878412,-0.0649376645,1.91253898,0.0585073622,-0.55774826
1781684791.082406,2026-06-17T16:26:31.082,1781684790.655878,right,base,1,pelvis,1000,0.001,-0.0104524,-0.387679268,-0.0240465,-0.808652514,-0.57189223,-0.121868628,0.0645633523,0.110080244,-0.330197432,0.483865195,-0.151417553,-0.84810764,0.0713786783,0.516222415,1,1,4.10243304e-05,0.000558788196,6,0.082712,,0.11225491,-0.330006503,0.478936395,-0.143590425,-0.853134703,0.0719915084,0.514628509
1781684791.214711,2026-06-17T16:26:31.214,1781684790.639224,left,base,1,pelvis,1000,0.001,0.0111339,0.394726382,-0.026064,0.836947945,-0.525062285,0.142925906,0.0583088256,0.0232324574,0.307226687,-0.522249068,-0.0266808452,0.884634028,0.0645409867,-0.550665998,1,1,0.00414810424,0.0019768439,11000,129.074848,,-0.0271039476,0.28621419,-0.482146031,0.0781975569,0.924649307,0.0489482389,-0.613272566
1781684791.215375,2026-06-17T16:26:31.215,1781684790.755882,right,base,1,pelvis,1000,0.001,-0.01087755,-0.388076968,-0.024035,-0.808896196,-0.571837067,-0.120314483,0.0649133077,0.115568453,-0.331727357,0.478521018,-0.145145154,-0.854244706,0.0725458912,0.513780418,1,1,0.000472124737,0.000411581945,2,0.063393,,0.114114246,-0.331223102,0.478932235,-0.145137067,-0.853840695,0.0740677122,0.512765341
1781684791.345843,2026-06-17T16:26:31.345,1781684790.722560,left,base,1,pelvis,1000,0.001,0.01142345,0.395407332,-0.027385,0.837202875,-0.524831932,0.142372789,0.0580756336,0.0222957757,0.313212203,-0.684444663,-0.0333779341,1.06457504,0.0634847641,-0.551905791,1,1,0.00537555952,0.0046675474,11000,128.329072,,0.0377714545,0.325408343,-0.642119326,-0.0576070115,1.10527369,0.0837242557,-0.560802184
1781684791.346843,2026-06-17T16:26:31.346,1781684790.955902,right,base,1,pelvis,1000,0.001,-0.0116462,-0.388561718,-0.0239315,-0.809597103,-0.570636228,-0.119326239,0.06846951,0.112272773,-0.330567169,0.478934156,-0.144735172,-0.853140687,0.0734783972,0.513814118,1,1,0.000105642412,0.000611727294,4,0.06726,,0.104349482,-0.328254035,0.480640156,-0.127785705,-0.851824648,0.0774792846,0.522242369
1781684791.494677,2026-06-17T16:26:31.494,1781684790.939240,left,base,1,pelvis,1000,0.001,0.0101257,0.396062032,-0.0294455,0.838643264,-0.523077329,0.141455068,0.0552996242,0.0129158453,0.308085869,-0.646032564,-0.0121921809,1.0380062,0.0607245949,-0.563558003,1,1,0.00757543261,0.00957281971,11000,145.707272,,-0.0124930119,0.243741662,-1.18304875,0.118594138,1.63095883,0.0646244356,-0.627606245
1781684791.495983,2026-06-17T16:26:31.495,1781684790.972567,right,base,1,pelvis,1000,0.001,-0.0118002,-0.388713518,-0.0238475,-0.81005907,-0.569645666,-0.119932735,0.0701730516,0.106514476,-0.330802826,0.478932246,-0.12881128,-0.853387077,0.0769976363,0.520555742,1,1,0.000102937083,0.000506904009,4,0.06211,,0.0974598436,-0.325899962,0.481370389,-0.113718397,-0.85129698,0.0767053646,0.530844576
1781684791.622832,2026-06-17T16:26:31.622,1781684791.005908,left,base,1,pelvis,1000,0.001,0.0096262,0.395628082,-0.0287865,0.838693317,-0.52294215,0.141658119,0.0552992353,0.0187328659,0.312139891,-0.738489624,-0.0228207278,1.13628139,0.0661072633,-0.562913052,1,1,0.00667945108,0.00506306222,11000,124.99239,,0.0196862311,0.327636644,-1.35715124,-0.041411814,1.8215783,0.0615292954,-0.565795363
1781684791.623521,2026-06-17T16:26:31.623,1781684790.972567,right,base,1,pelvis,1000,0.001,-0.0118002,-0.388713518,-0.0238475,-0.81005907,-0.569645666,-0.119932735,0.0701730516,0.0991973859,-0.32794181,0.480638403,-0.114548457,-0.851826252,0.0769914302,0.529488865,1,1,0.000263807808,0.00059736569,3,0.078787,,0.0970161848,-0.325838551,0.481382419,-0.112583975,-0.851175773,0.0766160202,0.531357258
1781684791.759894,2026-06-17T16:26:31.759,1781684791.005908,left,base,1,pelvis,1000,0.001,0.0096262,0.395628082,-0.0287865,0.838693317,-0.52294215,0.141658119,0.0552992353,0.0117079035,0.296752174,-0.997507386,-0.0152731706,1.42165901,0.0657736679,-0.577467238,1,1,0.00665466083,0.00876547364,11000,134.151072,,0.0402453294,0.341021524,-0.971940908,-0.0796145086,1.43846648,0.071279548,-0.544075556
1781684791.760269,2026-06-17T16:26:31.760,1781684791.055910,right,base,1,pelvis,1000,0.001,-0.01171145,-0.388950718,-0.023787,-0.810680225,-0.568530636,-0.120750198,0.0706390705,0.0974739887,-0.325916584,0.48136443,-0.113277092,-0.851301289,0.0767076934,0.530833539,1,1,4.876124e-05,0.00057906642,3,0.054446,,0.092883437,-0.324134317,0.481269429,-0.104521674,-0.851479444,0.0751049672,0.536399961
1781684791.894809,2026-06-17T16:26:31.894,1781684791.005908,left,base,1,pelvis,1000,0.001,0.0096262,0.395628082,-0.0287865,0.838693317,-0.52294215,0.141658119,0.0552992353,0.0138167948,0.304915788,-1.08792951,-0.0579477701,1.52469166,0.0646517636,-0.574382041,1,1,0.00619903079,0.00435304754,11000,130.41695,,0.0234725811,0.29775694,-2.32005057,0.0149592215,2.79,0.0734441326,-0.580331261
1781684791.896615,2026-06-17T16:26:31.896,1781684791.189258,right,base,1,pelvis,1000,0.001,-0.01141535,-0.389416118,-0.0235655,-0.811903808,-0.566932554,-0.120804966,0.069324212,0.0940895811,-0.325550084,0.481382351,-0.105101009,-0.851176247,0.0753039232,0.535457984,1,1,0.000174932927,0.000943224838,3,0.063938,,0.0975865947,-0.326970961,0.478317363,-0.113301359,-0.854281413,0.0776277492,0.532603141
1781684792.031415,2026-06-17T16:26:32.031,1781684791.172590,left,base,1,pelvis,1000,0.001,0.0109585,0.396316432,-0.0289485,0.837579993,-0.524292505,0.143069768,0.0557509207,0.0215376537,0.315463754,-1.49796273,-0.0489403549,1.93472489,0.0665880113,-0.565528274,1,1,0.00695551671,0.00262720104,11000,131.877625,,0.018923372,0.343135593,-1.42125303,-0.0691361321,1.88807314,0.0558241368,-0.551123222
1781684792.032028,2026-06-17T16:26:32.032,1781684791.405924,right,base,1,pelvis,1000,0.001,-0.0114941,-0.389996268,-0.023813,-0.813878526,-0.564112964,-0.121766623,0.0674625717,0.0965049248,-0.326724864,0.479183303,-0.113161523,-0.85291629,0.077403882,0.532991742,1,1,3.12465374e-05,0.00053171929,5,0.097561,,0.0888821916,-0.322064487,0.47555119,-0.093735696,-0.8565119,0.0698008847,0.539168573
1781684792.170629,2026-06-17T16:26:32.170,1781684791.422595,left,base,1,pelvis,1000,0.001,0.01097575,0.396497232,-0.028541,0.837178967,-0.525022525,0.143093672,0.0548354486,0.0221654951,0.322600526,-1.46300882,-0.0590953135,1.91558785,0.0688126717,-0.570331517,1,1,0.00638146067,0.00190910597,11000,135.18495,,0.0131470926,0.307058582,-1.45711797,-0.000974499585,1.91935137,0.0640017445,-0.582320039
1781684792.171304,2026-06-17T16:26:32.171,1781684791.472594,right,base,1,pelvis,1000,0.001,-0.0117375,-0.389991918,-0.0237425,-0.813769167,-0.563815389,-0.123090415,0.0688527311,0.0897372982,-0.323067376,0.476283887,-0.0941492268,-0.855357505,0.0699434065,0.538500863,1,1,0.00010321202,0.000978937172,3,0.07675,,0.0819281191,-0.319089022,0.476611528,-0.0787100226,-0.855150078,0.0658200266,0.548239903
1781684792.299295,2026-06-17T16:26:32.299,1781684791.472800,left,base,1,pelvis,1000,0.001,0.0105207,0.396142182,-0.0281495,0.837405351,-0.524533756,0.143568022,0.0548164109,0.0209554419,0.330264801,-1.44742436,-0.02772478,1.90531857,0.0639649785,-0.563162432,1,1,0.0059523402,0.00154005328,11000,125.70203,,0.0143396168,0.307052163,-1.44361141,-0.00155582313,1.90699709,0.0627407342,-0.582858121
1781684792.299658,2026-06-17T16:26:32.299,1781684791.572597,right,base,1,pelvis,1000,0.001,-0.01151545,-0.391121868,-0.0235685,-0.813497839,-0.56345019,-0.125928119,0.0699089303,0.0826543309,-0.319939352,0.475735535,-0.0790643472,-0.855668938,0.0659418221,0.547671864,1,1,0.000257053535,0.000563713298,4,0.055285,,0.0325225009,-0.297229418,0.484282355,0.019215414,-0.847135306,0.0363846436,0.590925464
1781684792.425994,2026-06-17T16:26:32.425,1781684791.472800,left,base,1,pelvis,1000,0.001,0.0105207,0.396142182,-0.0281495,0.837405351,-0.524533756,0.143568022,0.0548164109,0.0178588714,0.321061871,-1.45126857,-0.0171163754,1.91088359,0.0639795589,-0.570759797,1,1,0.00618863038,0.0020346376,11000,124.023086,,0.0191175271,0.340620547,-1.44656577,-0.0638011128,1.9136729,0.0530785792,-0.556075345
1781684792.426370,2026-06-17T16:26:32.426,1781684791.639273,right,base,1,pelvis,1000,0.001,-0.01124385,-0.391554068,-0.0234635,-0.813462543,-0.563216719,-0.127318787,0.0696817439,0.0345423269,-0.299568092,0.481883975,0.0181758522,-0.848558436,0.0367388873,0.589342607,1,1,0.000489750599,0.000636743749,4,0.059781,,0.0612060333,-0.312730336,0.47858738,-0.0368087321,-0.851772954,0.0518805177,0.575351322
1781684792.553668,2026-06-17T16:26:32.553,1781684791.472800,left,base,1,pelvis,1000,0.001,0.0105207,0.396142182,-0.0281495,0.837405351,-0.524533756,0.143568022,0.0548164109,0.0162899025,0.336332567,-1.44785482,-0.0617307128,1.90915089,0.0560640974,-0.562558428,1,1,0.00595788041,0.00151001977,11000,125.625992,,0.0130328189,0.297939343,-1.43941044,0.0151191985,1.90219464,0.0662665613,-0.589734202
1781684792.554067,2026-06-17T16:26:32.554,1781684791.639273,right,base,1,pelvis,1000,0.001,-0.01124385,-0.391554068,-0.0234635,-0.813462543,-0.563216719,-0.127318787,0.0696817439,0.0605436291,-0.312581014,0.479124377,-0.0367397762,-0.850926882,0.051747656,0.575582403,1,1,0.000483894524,0.000736212602,2,0.045857,,0.0567153892,-0.310513758,0.479262527,-0.0284416939,-0.850784857,0.0491982365,0.578372295
1781684792.685878,2026-06-17T16:26:32.685,1781684791.555937,left,base,1,pelvis,1000,0.001,0.00980775,0.395952732,-0.027882,0.837657587,-0.524012611,0.143915594,0.0550350067,0.0177463561,0.307836647,-1.44359807,0.0107314794,1.90494737,0.064448783,-0.58303773,1,1,0.00572650792,0.00119219104,11000,128.489347,,0.0137157233,0.288403922,-1.44199554,0.0321498695,1.90519046,0.0670415221,-0.598067278
1781684792.686248,2026-06-17T16:26:32.686,1781684791.639273,right,base,1,pelvis,1000,0.001,-0.01124385,-0.391554068,-0.0234635,-0.813462543,-0.563216719,-0.127318787,0.0696817439,0.0571952563,-0.311071962,0.478688562,-0.0286824905,-0.851125314,0.0492808925,0.577995118,1,1,0.000527764661,0.000771496216,1,0.031246,,0.0571952563,-0.311071962,0.478688562,-0.0286824905,-0.851125314,0.0492808925,0.577995118
1781684792.816033,2026-06-17T16:26:32.816,1781684791.789287,left,base,1,pelvis,1000,0.001,0.009266,0.395308632,-0.027532,0.838731373,-0.522068974,0.144525864,0.0555512822,0.0148500091,0.292230986,-1.44102488,0.0304379329,1.90325589,0.0663397953,-0.595475654,1,1,0.00531276968,0.000934862462,11000,127.320398,,0.0196699728,0.32016292,-1.43627358,-0.0275750298,1.90658066,0.0587210248,-0.573812584
1781684792.817864,2026-06-17T16:26:32.817,1781684791.722615,right,base,1,pelvis,1000,0.001,-0.0110957,-0.391636468,-0.0233195,-0.813363594,-0.563013374,-0.129055784,0.0692835433,0.0567591684,-0.310973773,0.479042571,-0.0286382747,-0.850786712,0.0491986869,0.578147057,1,1,0.000450952294,0.000731991348,4,0.053207,,0.0381029025,-0.301441932,0.481522063,0.00948060364,-0.848213741,0.0355080368,0.594242606
1781684792.953358,2026-06-17T16:26:32.953,1781684792.090016,left,base,1,pelvis,1000,0.001,0.0087715,0.395259782,-0.026748,0.838990388,-0.522169216,0.142981892,0.0546865339,0.018748737,0.319949744,-1.43671744,-0.0274807396,1.90504074,0.0588722691,-0.574139215,1,1,0.00440386507,0.00105369081,11000,131.418782,,0.0219115517,0.329643215,-1.43372273,-0.0456862867,1.90525779,0.0558300056,-0.562859376
1781684792.954176,2026-06-17T16:26:32.954,1781684791.805950,right,base,1,pelvis,1000,0.001,-0.010708,-0.391648718,-0.023552,-0.813100796,-0.5630843,-0.130657998,0.068787018,0.0384724677,-0.301870138,0.481082715,0.00929131788,-0.848474512,0.0355731015,0.59395196,1,1,0.000818960215,0.00056975285,63,0.459065,,0.0531748548,-0.308922634,0.475757043,-0.0198628869,-0.848299841,0.0415431649,0.586613483
1781684793.086797,2026-06-17T16:26:33.086,1781684792.122651,left,base,1,pelvis,1000,0.001,0.00892645,0.395555082,-0.027115,0.838875567,-0.522478827,0.142642873,0.0543752736,0.0217971281,0.329616373,-1.43377792,-0.0456738475,1.90529379,0.0558488938,-0.562900359,1,1,0.00463710118,0.000836864508,11000,127.930437,,0.0176912659,0.305490729,-1.43370338,-0.000617671945,1.90196586,0.0623060648,-0.581219442
1781684793.218444,2026-06-17T16:26:33.218,1781684792.239319,right,base,1,pelvis,1000,0.001,-0.00949835,-0.393263968,-0.024352,-0.811170119,-0.565216196,-0.13437276,0.0669152551,0.0528401597,-0.308847421,0.476029473,-0.0198299418,-0.848214727,0.0414770607,0.586729246,1,1,0.00233527616,0.0011918905,11000,129.816731,,0.0574970008,-0.303740549,-0.21433851,-0.0258729171,-0.158242276,0.0396720708,0.599185183
1781684793.346983,2026-06-17T16:26:33.346,1781684792.489538,left,base,1,pelvis,1000,0.001,0.0064291,0.420683782,-0.022212,0.845734743,-0.511009987,0.144268667,0.0528023702,0.017772843,0.305584435,-1.43372322,-0.000658849712,1.90199199,0.0622889301,-0.581156141,1,1,0.00819368824,0.00181522211,11000,125.549274,,0.0234803668,0.347818109,-1.42043197,0.00703040495,1.91316102,0.086016802,-0.627131607
1781684793.479238,2026-06-17T16:26:33.479,1781684792.372675,right,base,1,pelvis,1000,0.001,-0.0062749,-0.403972768,-0.024766,-0.812141381,-0.56443521,-0.135461221,0.0590722409,0.0531748548,-0.308922634,0.475757043,-0.0198628869,-0.848299841,0.0415431649,0.586613483,1,1,0.00523492747,0.00396476987,11000,131.593948,,0.0149320961,-0.333899856,-0.459405849,0.0473458145,0.0966726834,0.00356372606,0.603574358
1781684793.606875,2026-06-17T16:26:33.606,1781684792.539586,left,base,1,pelvis,1000,0.001,0.00426105,0.425214632,-0.021705,0.849093922,-0.505023806,0.144792211,0.0550062049,0.0176912659,0.305490729,-1.43370338,-0.000617671945,1.90196586,0.0623060648,-0.581219442,1,1,0.00999981272,0.00225489092,11000,124.869759,,0.0198475971,0.318493732,-1.37885366,0.0780363565,1.87656454,0.104732222,-0.669088882
1781684793.736362,2026-06-17T16:26:33.736,1781684792.456019,right,base,1,pelvis,1000,0.001,-0.006314,-0.413404568,-0.0252255,-0.81467135,-0.561284836,-0.135812033,0.053150884,0.0543899335,-0.307465802,0.281751484,-0.021552478,-0.654304961,0.041017147,0.590147747,1,1,0.00793152961,0.00063224484,11000,126.964351,,0.0419675126,-0.336438948,2.23171577,0.000922149026,-2.61835,0.0229186582,0.612997862
1781684793.861753,2026-06-17T16:26:33.861,1781684792.622873,left,base,1,pelvis,1000,0.001,-0.00054415,0.437041682,-0.017949,0.857677866,-0.488331981,0.147585801,0.0643349485,0.0234803668,0.347818109,-1.42043197,0.00703040495,1.91316102,0.086016802,-0.627131607,1,1,0.012237813,0.00349933826,11000,123.055237,,0.0316429007,0.359984807,-1.37185322,0.0495041093,1.89822415,0.135514569,-0.694061699
1781684793.992672,2026-06-17T16:26:33.992,1781684792.539354,right,base,1,pelvis,1000,0.001,-0.0147631,-0.419273618,-0.021679,-0.820917746,-0.551188909,-0.14143973,0.0477456141,0.0323227052,-0.322249337,-0.132748883,0.0169796477,-0.234312478,0.0200709106,0.597656726,1,1,0.00819577113,0.0058465175,11000,129.734952,,0.00836935935,-0.357078544,-0.148737999,0.0960446095,-0.252012301,-0.0333567414,0.650050315
1781684794.120007,2026-06-17T16:26:34.120,1781684792.622873,left,base,1,pelvis,1000,0.001,-0.00054415,0.437041682,-0.017949,0.857677866,-0.488331981,0.147585801,0.0643349485,0.0198475971,0.318493732,-1.37885366,0.0780363565,1.87656454,0.104732222,-0.669088882,1,1,0.0122502437,0.00370500299,11000,125.051046,,0.0308872987,0.360236359,-1.35382457,0.0493445224,1.87856921,0.135269006,-0.694191809
1781684794.249506,2026-06-17T16:26:34.249,1781684792.706041,right,base,1,pelvis,1000,0.001,-0.02429995,-0.433941268,-0.0146125,-0.834402993,-0.526742488,-0.155012507,0.0478029299,0.0337009384,-0.324277018,0.205130707,0.0146850475,-0.574989011,0.0204778508,0.599848959,1,1,0.00991529458,0.0156936846,11000,127.495741,,0.0279222791,-0.376681764,0.0883754121,0.105508295,-0.540339618,-0.0236376529,0.727976645
1781684794.375907,2026-06-17T16:26:34.375,1781684792.806245,left,base,1,pelvis,1000,0.001,-0.00213465,0.465940632,-0.017623,0.870533012,-0.4599978,0.154036412,0.0827471003,0.0316429007,0.359984807,-1.37185322,0.0495041093,1.89822415,0.135514569,-0.694061699,1,1,0.0281845859,0.0364235604,11000,124.823815,,0.0410913013,0.482668449,-1.57581053,-0.07836923,2.16733823,0.165321943,-0.723946121
1781684794.505023,2026-06-17T16:26:34.505,1781684792.706041,right,base,1,pelvis,1000,0.001,-0.02429995,-0.433941268,-0.0146125,-0.834402993,-0.526742488,-0.155012507,0.0478029299,0.0269025442,-0.333080168,0.110160751,0.0365200216,-0.488309733,0.00602992485,0.61332181,1,1,0.00994263093,0.0144413583,11000,127.046762,,0.0270107747,-0.378872007,0.0492333107,0.107410224,-0.502495981,-0.0254839432,0.726939325
1781684794.632704,2026-06-17T16:26:34.632,1781684792.822938,left,base,1,pelvis,1000,0.001,-0.0029263,0.468075982,-0.0179945,0.870987969,-0.45797705,0.156055156,0.0853449981,0.0308872987,0.360236359,-1.35382457,0.0493445224,1.87856921,0.135269006,-0.694191809,1,1,0.0269953011,0.0528307179,11000,124.618209,,0.0447397449,0.466057008,-1.34054962,-0.0573189519,1.88517982,0.169363052,-0.702735915
1781684794.760862,2026-06-17T16:26:34.760,1781684792.856063,right,base,1,pelvis,1000,0.001,-0.0259967,-0.445272318,-0.01542,-0.843880856,-0.507565901,-0.166538043,0.0500703186,0.0273217617,-0.351004975,0.101204703,0.0648814023,-0.509699446,-0.00616654607,0.660456914,1,1,0.0169358807,0.0154992196,11000,127.159537,,0.0438662106,-0.40149194,0.0232192533,0.0932229529,-0.520377942,-0.00211034465,0.766976528
1781684794.889381,2026-06-17T16:26:34.889,1781684792.989564,left,base,1,pelvis,1000,0.001,-0.00479155,0.484749382,-0.021415,0.866359011,-0.453107496,0.178451447,0.110773383,0.0382290688,0.44832613,-1.51354325,-0.0425453994,2.08633824,0.156892065,-0.715600008,1,1,0.0455281458,0.0464702501,11000,124.953167,,0.0535165926,0.548055656,-1.48210301,-0.134963674,2.08694577,0.197724969,-0.773090194
1781684795.021840,2026-06-17T16:26:35.021,1781684792.889385,right,base,1,pelvis,1000,0.001,-0.02666005,-0.448488318,-0.016073,-0.845943563,-0.50299662,-0.169325062,0.0519895427,0.0271420228,-0.367111079,0.0711671792,0.089461473,-0.505536112,-0.0173312802,0.698881265,1,1,0.0211979318,0.0354999104,11000,130.669946,,0.0783209669,-0.410127328,-0.0140281227,0.046565797,-0.5168871,0.00288375315,0.795805711
1781684795.149437,2026-06-17T16:26:35.149,1781684793.039608,left,base,1,pelvis,1000,0.001,-0.00490575,0.489033382,-0.022051,0.866358541,-0.451390459,0.180934659,0.11371975,0.0445880268,0.465643826,-1.34458088,-0.0569746843,1.88986741,0.169072441,-0.703035687,1,1,0.0475820066,0.0868815884,11000,125.600726,,0.0756131556,0.608953492,-1.32578863,-0.268497049,1.90513789,0.166398426,-0.662119909
1781684795.278008,2026-06-17T16:26:35.278,1781684793.056085,right,base,1,pelvis,1000,0.001,-0.0320904,-0.452713468,-0.0152055,-0.854422785,-0.48670184,-0.171753094,0.0598656704,0.040058965,-0.393665169,0.0341345533,0.0537370077,-0.516999213,-0.00557537623,0.751474706,1,1,0.0226820397,0.0430792501,11000,125.851384,,0.154200636,-0.419756039,0.00619442709,-0.0720004538,-0.554463241,0.0846500458,0.773309208
1781684795.405459,2026-06-17T16:26:35.405,1781684793.072767,left,base,1,pelvis,1000,0.001,-0.00517025,0.489938032,-0.0221755,0.866530725,-0.450459036,0.181794609,0.114725239,0.0534229743,0.547191547,-1.48066105,-0.200398735,2.01915484,0.19742454,-0.772355655,1,1,0.0645727133,0.0483110705,11000,125.195438,,0.0534229743,0.547191547,-1.48066105,-0.200398735,2.01915484,0.19742454,-0.772355655
1781684795.533676,2026-06-17T16:26:35.533,1781684793.122768,right,base,1,pelvis,1000,0.001,-0.0353153,-0.456293668,-0.014437,-0.858282836,-0.479047558,-0.171549598,0.0665938806,0.139789575,-0.416086188,-0.00749218399,-0.0703754019,-0.538093003,0.0816904483,0.777208793,1,1,0.0183641826,0.0482417654,11000,125.176916,,0.120622281,-0.432850149,1.1211767,-0.0361513766,-1.70486781,0.0843501083,0.71040303
1781684795.663081,2026-06-17T16:26:35.663,1781684793.239594,left,base,1,pelvis,1000,0.001,-0.01185315,0.497967382,-0.019125,0.86852882,-0.439809705,0.192712487,0.122829194,0.0754806829,0.60858478,-1.3267132,-0.266034201,1.90581856,0.166583648,-0.662778003,1,1,0.0525661594,0.0521122721,11000,125.000235,,0.0435703936,0.494557075,-1.31675288,0.0152254987,1.84429069,0.262262256,-0.887778004
1781684795.790359,2026-06-17T16:26:35.790,1781684793.289441,right,base,1,pelvis,1000,0.001,-0.0388636,-0.464496268,-0.0153095,-0.864368039,-0.466569105,-0.169747944,0.0797922211,0.154200338,-0.419755964,0.492507816,-0.0720004202,-1.038093,0.0846499846,0.773309289,1,1,0.0393651115,0.0759397812,11000,126.071843,,0.154200338,-0.419755964,0.492507816,-0.0720004202,-1.038093,0.0846499846,0.773309289
1781684795.916914,2026-06-17T16:26:35.916,1781684793.322946,left,base,1,pelvis,1000,0.001,-0.00868985,0.509975082,-0.022374,0.870280729,-0.434724407,0.19693437,0.121831837,0.0534567547,0.547285568,-1.38693947,-0.0521969031,1.88934499,0.224994696,-0.772187842,1,1,0.077233142,0.0648278756,11000,123.256304,,0.146131458,0.567187914,1.30507604,0.0809528848,-0.646693404,0.232491322,-0.957664463
1781684796.046884,2026-06-17T16:26:36.046,1781684793.456125,right,base,1,pelvis,1000,0.001,-0.0424362,-0.466923818,-0.013142,-0.867956199,-0.45755897,-0.174127146,0.0834958843,0.130632818,-0.428946414,0.553261077,-0.0632212356,-1.08441919,0.0844395096,0.729157107,1,1,0.0223619295,0.074402391,11000,127.749923,,0.129634468,-0.440000833,-2.13136668,0.00495616869,1.52067251,0.102482061,0.749735803
1781684796.178833,2026-06-17T16:26:36.178,1781684793.572981,left,base,1,pelvis,1000,0.001,-0.0068898,0.524135032,-0.0269255,0.872305909,-0.423783304,0.211266442,0.121887664,0.0437069542,0.495285415,-1.2186676,0.0142941915,1.47129733,0.261747478,-0.886181355,1,1,0.0933746352,0.150967496,11000,129.681909,,0.14490538,0.553176503,0.298072533,-0.0312940192,0.377987904,0.281264064,-1.14109949
1781684796.307926,2026-06-17T16:26:36.307,1781684793.572794,right,base,1,pelvis,1000,0.001,-0.04407155,-0.467310868,-0.011428,-0.868731407,-0.454449169,-0.179236235,0.0815847214,0.151172477,-0.420936716,0.0532610767,-0.0708725057,-0.584419194,0.0846229436,0.767636793,1,1,0.0370314199,0.0846028468,11000,126.67973,,0.0311817605,-0.453105064,0.0789718575,0.167160955,-0.575654218,0.0737003677,0.94822398
1781684796.435308,2026-06-17T16:26:36.435,1781684793.622828,left,base,1,pelvis,1000,0.001,-0.0055944,0.528814682,-0.029208,0.874130812,-0.420826996,0.210768229,0.11990295,0.0711260876,0.51453378,-0.718667601,0.0321387847,0.971297333,0.253915578,-0.905317448,1,1,0.0980716139,0.0960328299,11000,125.071211,,-0.0315126522,0.402029213,-1.35126927,0.26,1.89145746,0.308334207,-1.10470945
1781684796.563895,2026-06-17T16:26:36.563,1781684793.656155,right,base,1,pelvis,1000,0.001,-0.0451004,-0.468568018,-0.01144,-0.869681118,-0.452012303,-0.181169033,0.0807304978,0.143983809,-0.427299682,-0.446738923,-0.0455634259,-0.0844191945,0.0905837207,0.76166204,1,1,0.0297752169,0.0487912163,11000,126.681595,,0.212875373,-0.336189958,2.02371535,0.213843149,-2.70546998,0.175357707,0.859977563
1781684796.687826,2026-06-17T16:26:36.687,1781684793.806406,left,base,1,pelvis,1000,0.001,-0.00594745,0.531461532,-0.030454,0.878653693,-0.414134044,0.207828079,0.115187549,0.0963633285,0.527752065,-0.255338249,0.010440705,0.724273673,0.263270511,-0.985970001,1,1,0.0965711202,0.115967941,11000,122.544553,,-0.00270182385,0.585235789,0.21059043,0.183663975,0.381335579,0.200919276,-1.13017764
1781684796.816468,2026-06-17T16:26:36.816,1781684793.656155,right,base,1,pelvis,1000,0.001,-0.0451004,-0.468568018,-0.01144,-0.869681118,-0.452012303,-0.181169033,0.0807304978,0.0993808878,-0.437503357,0.0532610767,0.0385496633,-0.584419194,0.0839078946,0.83543027,1,1,0.0305986288,0.0535262551,11000,126.529195,,0.103498546,-0.452181069,0.0465613681,0.0516032387,-0.600030099,0.102889319,0.866821596
1781684796.949252,2026-06-17T16:26:36.949,1781684793.873084,left,base,1,pelvis,1000,0.001,-0.00593455,0.534019432,-0.0314785,0.883311301,-0.407084427,0.204446211,0.110657858,0.0410835933,0.47340311,-0.295219442,0.118323137,0.787364416,0.25470675,-1.03730009,1,1,0.110476085,0.0542376386,11000,129.392173,,0.11855484,0.581140195,-2.07499152,-0.224625131,2.77395098,0.0972040146,-0.945701304
1781684797.101932,2026-06-17T16:26:37.101,1781684793.656155,right,base,1,pelvis,1000,0.001,-0.0451004,-0.468568018,-0.01144,-0.869681118,-0.452012303,-0.181169033,0.0807304978,0.139574611,-0.401623528,0.417926863,0.0798128606,-0.896475315,0.116294565,0.844123619,1,1,0.0316089205,0.0944470325,11000,151.312787,,0.0854320131,-0.443353823,0.400840984,0.0657339756,-0.903983902,0.149016937,0.876436346
1781684797.230173,2026-06-17T16:26:37.230,1781684793.873084,left,base,1,pelvis,1000,0.001,-0.00593455,0.534019432,-0.0314785,0.883311301,-0.407084427,0.204446211,0.110657858,0.0168063752,0.535409744,-0.795219442,-0.0977524269,1.28736442,0.207890124,-1.08879688,1,1,0.110476085,0.0542376386,11000,126.830439,,0.11855484,0.581140195,-2.07499152,-0.224625131,2.77395098,0.0972040146,-0.945701304
1781684797.358797,2026-06-17T16:26:37.358,1781684793.806164,right,base,1,pelvis,1000,0.001,-0.04548075,-0.469602768,-0.012016,-0.869965621,-0.450970818,-0.182900445,0.0795774299,0.122857115,-0.425051678,0.245837666,0.0667406413,-0.759103858,0.110082631,0.854641765,1,1,0.0309227143,0.0297981097,11000,128.028569,,0.162514724,-0.550078062,1.33241965,-0.193642153,-1.97747985,0.078009461,0.735603408
1781684797.489036,2026-06-17T16:26:37.489,1781684793.873084,left,base,1,pelvis,1000,0.001,-0.00593455,0.534019432,-0.0314785,0.883311301,-0.407084427,0.204446211,0.110657858,0.0599515189,0.554801161,-1.29521944,-0.151551185,1.78736442,0.160955085,-1.02811902,1,1,0.110476085,0.0542376386,11000,128.377094,,0.11855484,0.581140195,-2.07499152,-0.224625131,2.77395098,0.0972040146,-0.945701304
1781684797.622595,2026-06-17T16:26:37.622,1781684793.806164,right,base,1,pelvis,1000,0.001,-0.04548075,-0.469602768,-0.012016,-0.869965621,-0.450970818,-0.182900445,0.0795774299,0.103441698,-0.519315344,0.745837666,-0.177785303,-1.25910386,0.0934590342,0.764769351,1,1,0.0321578293,0.0405502177,11000,132.463035,,0.147623236,-0.44698686,1.79157784,-0.00401643886,-2.45833632,0.131301009,0.853270949
1781684797.752465,2026-06-17T16:26:37.752,1781684793.873084,left,base,1,pelvis,1000,0.001,-0.00593455,0.534019432,-0.0314785,0.883311301,-0.407084427,0.204446211,0.110657858,0.0888100983,0.567771537,-1.70266267,-0.18753567,2.28736442,0.129561552,-0.987533296,1,1,0.114749991,0.170882052,11000,127.55974,,0.0888100983,0.567771537,-1.70266267,-0.18753567,2.28736442,0.129561552,-0.987533296
1781684797.884178,2026-06-17T16:26:37.884,1781684793.872832,right,base,1,pelvis,1000,0.001,-0.0457551,-0.470225368,-0.0124225,-0.869836748,-0.45051472,-0.185189151,0.0782655517,0.141082525,-0.485577756,1.24583767,-0.0217200285,-1.75910386,0.123041337,0.822539502,1,1,0.0334159582,0.0697568501,11000,130.610973,,0.17067883,-0.554221474,1.19580078,-0.198714471,-1.78553326,0.112112874,0.74532467
1781684798.025918,2026-06-17T16:26:38.025,1781684794.056376,left,base,1,pelvis,1000,0.001,-0.00719865,0.532971382,-0.0304675,0.887726545,-0.399889576,0.200409095,0.108931644,0.107017739,0.57595489,-1.73493983,-0.210239231,2.30228495,0.110279581,-0.961926691,1,1,0.0959156959,0.11435672,11000,138.973226,,0.0404361914,0.577797582,-1.74887426,-0.220876302,2.50205488,0.135717036,-0.821391909
1781684798.149379,2026-06-17T16:26:38.149,1781684793.872832,right,base,1,pelvis,1000,0.001,-0.0457551,-0.470225368,-0.0124225,-0.869836748,-0.45051472,-0.185189151,0.0782655517,0.154329467,-0.549338655,1.20460422,-0.196181373,-1.79108009,0.114365295,0.749878665,1,1,0.0329905544,0.0663005957,11000,121.688944,,0.0924591916,-0.371721644,1.13897431,0.154705716,-1.7012597,0.0891633968,0.910741959
1781684798.279896,2026-06-17T16:26:38.279,1781684794.056376,left,base,1,pelvis,1000,0.001,-0.00719865,0.532971382,-0.0304675,0.887726545,-0.399889576,0.200409095,0.108931644,0.0591243739,0.571627481,-1.71802452,-0.217607892,2.46608594,0.131260271,-0.826480034,1,1,0.0842277347,0.10559972,11000,127.48069,,0.160250876,0.56477342,0.239673645,-0.0809782814,0.475543364,0.253706723,-0.978820606
1781684798.406370,2026-06-17T16:26:38.406,1781684793.872832,right,base,1,pelvis,1000,0.001,-0.0457551,-0.470225368,-0.0124225,-0.869836748,-0.45051472,-0.185189151,0.0782655517,0.0968299716,-0.376774138,1.14164944,0.152186653,-1.70302377,0.0898614741,0.906722455,1,1,0.0330286168,0.061464768,11000,124.603838,,0.164476773,-0.514347816,1.11624108,-0.130281956,-1.70880265,0.0989307166,0.786420421
1781684798.533682,2026-06-17T16:26:38.533,1781684794.222856,left,base,1,pelvis,1000,0.001,-0.0067634,0.534075532,-0.0310265,0.885915655,-0.400340606,0.203049643,0.116840464,0.0421028015,0.577247333,-1.21802452,-0.206412641,1.96608594,0.180129915,-0.821845667,1,1,0.0923746502,0.0709106111,11000,124.913422,,0.017718512,0.6610267,-1.68893804,-0.257251516,2.39155399,0.313812824,-0.815141417
1781684798.672549,2026-06-17T16:26:38.672,1781684794.056174,right,base,1,pelvis,1000,0.001,-0.0459516,-0.470689868,-0.012606,-0.869315795,-0.45041307,-0.188582018,0.0765175664,0.16171918,-0.513559735,1.1178033,-0.129917682,-1.70460365,0.0983530308,0.787151784,1,1,0.0338886757,0.0683087988,11000,135.905486,,0.16171918,-0.513559735,1.1178033,-0.129917682,-1.70460365,0.0983530308,0.787151784
1781684798.807595,2026-06-17T16:26:38.807,1781684794.373228,left,base,1,pelvis,1000,0.001,-0.00142545,0.542176582,-0.0370745,0.886546703,-0.399546021,0.202928034,0.114970144,0.0967253338,0.600208566,-1.41407092,-0.225508404,2.07356816,0.262642719,-0.861466194,1,1,0.113833619,0.0689476219,11000,131.840436,,0.0967253338,0.600208566,-1.41407092,-0.225508404,2.07356816,0.262642719,-0.861466194
1781684798.942054,2026-06-17T16:26:38.942,1781684794.472884,right,base,1,pelvis,1000,0.001,-0.0455076,-0.471131168,-0.0125735,-0.870080909,-0.444167598,-0.199148566,0.0775513149,0.161807911,-0.51366022,1.11767137,-0.12996056,-1.70464029,0.0983672657,0.787072206,1,1,0.0339337717,0.0862778475,11000,131.126828,,0.161807911,-0.51366022,1.11767137,-0.12996056,-1.70464029,0.0983672657,0.787072206
1781684799.099822,2026-06-17T16:26:39.099,1781684794.473275,left,base,1,pelvis,1000,0.001,-0.0024852,0.539346382,-0.034925,0.886058255,-0.399891702,0.204413316,0.114902534,0.0534582093,0.633514877,-1.45226799,-0.242892133,2.09345697,0.269787196,-0.836096994,1,1,0.103359467,0.0521934716,11000,154.522599,,0.0534582093,0.633514877,-1.45226799,-0.242892133,2.09345697,0.269787196,-0.836096994
1781684799.234044,2026-06-17T16:26:39.234,1781684794.722933,right,base,1,pelvis,1000,0.001,-0.04658845,-0.471017768,-0.012135,-0.871163354,-0.442801259,-0.197201384,0.0781861202,0.16171918,-0.513559735,1.1178033,-0.129917682,-1.70460365,0.0983530308,0.787151784,1,1,0.0424890418,0.0342404721,11000,131.330234,,-0.00213001378,-0.518397483,-0.286060069,0.26,-0.310767849,0.00822454952,0.951380293
1781684799.369102,2026-06-17T16:26:39.369,1781684794.572898,left,base,1,pelvis,1000,0.001,-0.00529185,0.536399382,-0.032329,0.883908372,-0.401970478,0.207910923,0.117893056,0.0769800248,0.625233031,-1.42589765,-0.238569547,2.07972622,0.264854821,-0.842405222,1,1,0.0980992445,0.0390124096,11000,131.628884,,0.0584601403,0.636284176,-1.41830711,-0.223890351,2.07485502,0.281640246,-0.859963169
1781684799.501548,2026-06-17T16:26:39.501,1781684795.139620,right,base,1,pelvis,1000,0.001,-0.04613585,-0.472121568,-0.0123535,-0.874225742,-0.439103258,-0.191331823,0.079434346,0.16171918,-0.513559735,1.1178033,-0.129917682,-1.70460365,0.0983530308,0.787151784,1,1,0.0330070901,0.0814086062,11000,130.83516,,0.21442421,-0.330234997,1.88475914,0.228331816,-2.62513308,0.171545995,0.883611136
1781684799.630658,2026-06-17T16:26:39.630,1781684794.606231,left,base,1,pelvis,1000,0.001,-0.00562055,0.536685032,-0.032257,0.883656331,-0.402361887,0.207916941,0.118435405,0.0579267983,0.634706298,-1.42054699,-0.225810859,2.0760228,0.280331221,-0.855995202,1,1,0.0986364268,0.037494589,11000,125.342042,,0.0579267983,0.634706298,-1.42054699,-0.225810859,2.0760228,0.280331221,-0.855995202
1781684799.762795,2026-06-17T16:26:39.762,1781684795.639643,right,base,1,pelvis,1000,0.001,-0.0452795,-0.473359968,-0.0140225,-0.873282394,-0.440323904,-0.19387246,0.0768517306,0.148428889,-0.513952139,1.0039318,-0.0982903099,-1.59154552,0.0910424442,0.800472842,1,1,0.0386727249,0.0893917563,11000,130.459934,,0.186545701,-0.547070962,0.984128861,-0.190110557,-1.58947267,0.109586144,0.774227308
1781684799.895075,2026-06-17T16:26:39.895,1781684794.823357,left,base,1,pelvis,1000,0.001,-0.00514575,0.538062982,-0.032919,0.883111801,-0.403158317,0.207583938,0.120357079,0.0581367723,0.634925743,-1.42022339,-0.225773522,2.07564883,0.280349641,-0.856050077,1,1,0.0998555845,0.0351441219,11000,129.027771,,0.0581367723,0.634925743,-1.42022339,-0.225773522,2.07564883,0.280349641,-0.856050077
1781684800.035458,2026-06-17T16:26:40.035,1781684795.789654,right,base,1,pelvis,1000,0.001,-0.0447297,-0.474039018,-0.015118,-0.873491308,-0.439817145,-0.194045686,0.0769420875,0.177983401,-0.431678572,1.39839041,0.0410552835,-2.05441434,0.127094139,0.837704447,1,1,0.0341277217,0.0422973959,11000,139.17061,,0.157743135,-0.517077718,1.38669998,-0.120197743,-2.05271596,0.114912536,0.775564435
1781684800.164922,2026-06-17T16:26:40.164,1781684794.839604,left,base,1,pelvis,1000,0.001,-0.0044613,0.538451632,-0.0332825,0.883051392,-0.403158623,0.207230104,0.121404482,0.0579267983,0.634706298,-1.42054699,-0.225810859,2.0760228,0.280331221,-0.855995202,1,1,0.100311932,0.0350379672,11000,126.052986,,0.0579267983,0.634706298,-1.42054699,-0.225810859,2.0760228,0.280331221,-0.855995202
1781684800.296211,2026-06-17T16:26:40.296,1781684795.789654,right,base,1,pelvis,1000,0.001,-0.0447297,-0.474039018,-0.015118,-0.873491308,-0.439817145,-0.194045686,0.0769420875,0.185330384,-0.530692373,1.0429284,-0.157299293,-1.65546565,0.112071197,0.783237139,1,1,0.0374262033,0.0754997024,11000,129.791325,,0.185330384,-0.530692373,1.0429284,-0.157299293,-1.65546565,0.112071197,0.783237139
1781684800.421234,2026-06-17T16:26:40.421,1781684795.206296,left,base,1,pelvis,1000,0.001,-0.00758145,0.534971082,-0.0302775,0.888288889,-0.396186281,0.198535616,0.120676799,0.0579267983,0.634706298,-1.42054699,-0.225810859,2.0760228,0.280331221,-0.855995202,1,1,0.0965570893,0.0583063457,11000,122.927375,,0.0579267983,0.634706298,-1.42054699,-0.225810859,2.0760228,0.280331221,-0.855995202
1781684800.555681,2026-06-17T16:26:40.555,1781684795.956350,right,base,1,pelvis,1000,0.001,-0.04478265,-0.474222068,-0.0151265,-0.873729361,-0.439393874,-0.193972859,0.0768411136,0.160340647,-0.518359623,1.28367101,-0.123691085,-1.81180198,0.114645006,0.776286868,1,1,0.0424278505,0.0529797048,11000,130.597981,,0.251265729,-0.305884496,2.06251864,0.26,-2.79,0.225261003,0.871362935
1781684800.684140,2026-06-17T16:26:40.684,1781684795.323540,left,base,1,pelvis,1000,0.001,-0.0064256,0.536047382,-0.030636,0.888001852,-0.396244253,0.198416755,0.1227762,0.0579267983,0.634706298,-1.42054699,-0.225810859,2.0760228,0.280331221,-0.855995202,1,1,0.0972608653,0.0573314079,11000,126.195296,,0.0579267983,0.634706298,-1.42054699,-0.225810859,2.0760228,0.280331221,-0.855995202
1781684800.812598,2026-06-17T16:26:40.812,1781684796.323076,right,base,1,pelvis,1000,0.001,-0.045873,-0.473049518,-0.0138525,-0.873744947,-0.438892208,-0.194960357,0.077031534,0.18360579,-0.529841264,1.05954255,-0.154979921,-1.66625475,0.112248821,0.782757487,1,1,0.035838009,0.0826801668,11000,125.433932,,0.18360579,-0.529841264,1.05954255,-0.154979921,-1.66625475,0.112248821,0.782757487
1781684800.939344,2026-06-17T16:26:40.939,1781684795.506559,left,base,1,pelvis,1000,0.001,-0.00606495,0.536744532,-0.0316245,0.887870142,-0.396565466,0.198912284,0.121886605,0.0579267983,0.634706298,-1.42054699,-0.225810859,2.0760228,0.280331221,-0.855995202,1,1,0.0983381538,0.0565170376,11000,123.413879,,0.0579267983,0.634706298,-1.42054699,-0.225810859,2.0760228,0.280331221,-0.855995202
1781684801.066568,2026-06-17T16:26:41.066,1781684796.323076,right,base,1,pelvis,1000,0.001,-0.045873,-0.473049518,-0.0138525,-0.873744947,-0.438892208,-0.194960357,0.077031534,0.228547593,-0.418947832,1.28271905,-0.101460103,-1.81118378,0.164836351,0.841611938,1,1,0.0398551416,0.0907907272,11000,125.749049,,0.144156405,-0.479513899,1.24815911,-0.0451666201,-1.8349865,0.182757693,0.86664041
1781684801.197831,2026-06-17T16:26:41.197,1781684795.639828,left,base,1,pelvis,1000,0.001,-0.0048859,0.537208132,-0.032506,0.888974037,-0.394136382,0.199032315,0.121522884,0.0579267983,0.634706298,-1.42054699,-0.225810859,2.0760228,0.280331221,-0.855995202,1,1,0.0990071038,0.0595060941,11000,129.707329,,0.0579267983,0.634706298,-1.42054699,-0.225810859,2.0760228,0.280331221,-0.855995202
1781684801.329744,2026-06-17T16:26:41.329,1781684796.323076,right,base,1,pelvis,1000,0.001,-0.045873,-0.473049518,-0.0138525,-0.873744947,-0.438892208,-0.194960357,0.077031534,0.193334976,-0.5058346,1.13541419,-0.082993404,-1.70585744,0.163136783,0.798609704,1,1,0.0333755075,0.0940022926,11000,128.67112,,0.144422303,-0.481806341,1.12663108,-0.0408378066,-1.70692835,0.164537619,0.818943707
1781684801.460991,2026-06-17T16:26:41.460,1781684795.772993,left,base,1,pelvis,1000,0.001,-0.00551365,0.536413882,-0.0320525,0.888901039,-0.394221925,0.19924906,0.121424169,0.0579267983,0.634706298,-1.42054699,-0.225810859,2.0760228,0.280331221,-0.855995202,1,1,0.0982852278,0.0590825387,11000,127.967968,,0.0579267983,0.634706298,-1.42054699,-0.225810859,2.0760228,0.280331221,-0.855995202
1781684801.592823,2026-06-17T16:26:41.592,1781684796.539758,right,base,1,pelvis,1000,0.001,-0.04576095,-0.472754068,-0.0138555,-0.872867502,-0.439883564,-0.195723011,0.0793553883,0.145630956,-0.480303089,1.13486888,-0.0463008034,-1.71229223,0.166298038,0.822663296,1,1,0.0344155867,0.092895896,11000,129.83686,,0.145630956,-0.480303089,1.13486888,-0.0463008034,-1.71229223,0.166298038,0.822663296
1781684801.719988,2026-06-17T16:26:41.719,1781684795.989672,left,base,1,pelvis,1000,0.001,-0.00554735,0.536386182,-0.0322405,0.887600997,-0.396074374,0.20011088,0.123471436,0.0579267983,0.634706298,-1.42054699,-0.225810859,2.0760228,0.280331221,-0.855995202,1,1,0.0898335312,0.0386865063,11000,124.741114,,0.205738187,0.524611586,-0.0617016149,-0.245047543,0.817478792,0.387207729,-0.806103076
1781684801.862808,2026-06-17T16:26:41.862,1781684796.539758,right,base,1,pelvis,1000,0.001,-0.04576095,-0.472754068,-0.0138555,-0.872867502,-0.439883564,-0.195723011,0.0793553883,0.144422321,-0.48180632,1.13195558,-0.0460734464,-1.70895033,0.165788622,0.820887301,1,1,0.0340004666,0.0930224063,11000,139.314998,,0.144422321,-0.48180632,1.13195558,-0.0460734464,-1.70895033,0.165788622,0.820887301
1781684801.991793,2026-06-17T16:26:41.991,1781684796.289725,left,base,1,pelvis,1000,0.001,-0.0048586,0.535656382,-0.031938,0.884738353,-0.398659574,0.206374351,0.12537232,0.0579267983,0.634706298,-1.42054699,-0.225810859,2.0760228,0.280331221,-0.855995202,1,1,0.0975455569,0.0392509565,11000,126.338712,,0.0579267983,0.634706298,-1.42054699,-0.225810859,2.0760228,0.280331221,-0.855995202
1781684802.120630,2026-06-17T16:26:42.120,1781684796.839790,right,base,1,pelvis,1000,0.001,-0.04612375,-0.472080868,-0.013308,-0.872313322,-0.440680367,-0.196523617,0.0790490449,0.145630956,-0.480303089,1.13486888,-0.0463008034,-1.71229223,0.166298038,0.822663296,1,1,0.0336271727,0.0934217317,11000,126.122562,,0.145630956,-0.480303089,1.13486888,-0.0463008034,-1.71229223,0.166298038,0.822663296
1781684802.262948,2026-06-17T16:26:42.262,1781684796.406419,left,base,1,pelvis,1000,0.001,-0.00674,0.534644832,-0.030855,0.884818147,-0.398886471,0.205077392,0.126212888,0.0721779406,0.624091586,-1.28953476,-0.227665552,1.95468107,0.290635653,-0.851184884,1,1,0.0995855768,0.0492289432,11000,140.251404,,0.0721779406,0.624091586,-1.28953476,-0.227665552,1.95468107,0.290635653,-0.851184884
1781684802.396735,2026-06-17T16:26:42.396,1781684796.989808,right,base,1,pelvis,1000,0.001,-0.0463389,-0.471741818,-0.0130725,-0.872009679,-0.441272211,-0.196696663,0.0786662508,0.144422321,-0.48180632,1.13195558,-0.0460734464,-1.70895033,0.165788622,0.820887301,1,1,0.045675382,0.0519080785,11000,130.162248,,0.0705927151,-0.567721879,2.20484812,-0.283429172,-2.79,-0.0472321541,0.868586825
1781684802.530202,2026-06-17T16:26:42.530,1781684796.739787,left,base,1,pelvis,1000,0.001,-0.0062541,0.534842132,-0.0312415,0.882236871,-0.402835957,0.208948702,0.125386347,0.0641294449,0.630086366,-1.36352542,-0.226618093,2.0232102,0.284816107,-0.853901566,1,1,0.098201779,0.0337140981,11000,130.228826,,0.0641294449,0.630086366,-1.36352542,-0.226618093,2.0232102,0.284816107,-0.853901566
1781684802.660126,2026-06-17T16:26:42.660,1781684797.089809,right,base,1,pelvis,1000,0.001,-0.0463681,-0.471517418,-0.013281,-0.871389559,-0.442424426,-0.197143696,0.0779437424,0.145630956,-0.480303089,1.13486888,-0.0463008034,-1.71229223,0.166298038,0.822663296,1,1,0.0333487841,0.0936755146,11000,129.335539,,0.145630956,-0.480303089,1.13486888,-0.0463008034,-1.71229223,0.166298038,0.822663296
1781684802.789789,2026-06-17T16:26:42.789,1781684796.806453,left,base,1,pelvis,1000,0.001,-0.00437985,0.536090682,-0.032763,0.881980579,-0.403501106,0.209473658,0.124168843,0.0716798059,0.624462613,-1.29411417,-0.227600723,1.95892245,0.290275471,-0.851353024,1,1,0.101215559,0.0377870552,11000,126.041084,,0.0716798059,0.624462613,-1.29411417,-0.227600723,1.95892245,0.290275471,-0.851353024
1781684802.922243,2026-06-17T16:26:42.922,1781684797.089809,right,base,1,pelvis,1000,0.001,-0.0463681,-0.471517418,-0.013281,-0.871389559,-0.442424426,-0.197143696,0.0779437424,0.133971076,-0.49388673,1.30112849,-0.0831471921,-1.87975275,0.133118472,0.829799162,1,1,0.0381511523,0.0754200002,11000,128.903202,,0.133971076,-0.49388673,1.30112849,-0.0831471921,-1.87975275,0.133118472,0.829799162
1781684803.051431,2026-06-17T16:26:43.051,1781684796.990109,left,base,1,pelvis,1000,0.001,-0.00577285,0.534878232,-0.031288,0.883674142,-0.40122971,0.207951322,0.122028596,0.0641294449,0.630086366,-1.36352542,-0.226618093,2.0232102,0.284816107,-0.853901566,1,1,0.0981442408,0.0395855912,11000,127.44016,,0.0641294449,0.630086366,-1.36352542,-0.226618093,2.0232102,0.284816107,-0.853901566
1781684803.180688,2026-06-17T16:26:43.180,1781684797.323161,right,base,1,pelvis,1000,0.001,-0.0459498,-0.472014718,-0.0138125,-0.87069947,-0.443380022,-0.198362761,0.0771284907,0.142604642,-0.483828713,1.17802144,-0.0558642562,-1.75575649,0.157686306,0.824515405,1,1,0.0348495345,0.0878396967,11000,128.681887,,0.142604642,-0.483828713,1.17802144,-0.0558642562,-1.75575649,0.157686306,0.824515405
1781684803.310898,2026-06-17T16:26:43.310,1781684797.156502,left,base,1,pelvis,1000,0.001,-0.00731695,0.532692382,-0.0301025,0.884067109,-0.400731944,0.207116856,0.122236917,0.0716798059,0.624462613,-1.29411417,-0.227600723,1.95892245,0.290275471,-0.851353024,1,1,0.0977667943,0.0461466948,11000,127.293067,,0.0716798059,0.624462613,-1.29411417,-0.227600723,1.95892245,0.290275471,-0.851353024
1781684803.438819,2026-06-17T16:26:43.438,1781684797.323161,right,base,1,pelvis,1000,0.001,-0.0459498,-0.472014718,-0.0138125,-0.87069947,-0.443380022,-0.198362761,0.0771284907,0.133977,-0.493879828,1.30104402,-0.0831284714,-1.84115514,0.133135329,0.829795537,1,1,0.0376188948,0.0447987732,11000,127.225779,,0.111465264,-0.390637709,1.25771468,0.124465569,-1.84335217,0.144318788,0.929003921
1781684803.567151,2026-06-17T16:26:43.567,1781684797.156502,left,base,1,pelvis,1000,0.001,-0.00731695,0.532692382,-0.0301025,0.884067109,-0.400731944,0.207116856,0.122236917,0.0641294449,0.630086366,-1.36352542,-0.226618093,2.0232102,0.284816107,-0.853901566,1,1,0.0962101705,0.0413736899,11000,125.311887,,0.0641294449,0.630086366,-1.36352542,-0.226618093,2.0232102,0.284816107,-0.853901566
1781684803.699045,2026-06-17T16:26:43.699,1781684797.323161,right,base,1,pelvis,1000,0.001,-0.0459498,-0.472014718,-0.0138125,-0.87069947,-0.443380022,-0.198362761,0.0771284907,0.142604167,-0.483829267,1.17802822,0.0251424964,-1.75576119,0.157684953,0.824515696,1,1,0.0331070154,0.0687302171,11000,131.092065,,0.152300397,-0.500564882,1.14992039,-0.091306341,-1.75679873,0.127554749,0.7914651
1781684803.828925,2026-06-17T16:26:43.828,1781684797.290123,left,base,1,pelvis,1000,0.001,-0.0062676,0.532853032,-0.0292855,0.882534272,-0.402521127,0.208861302,0.124446606,0.0716798059,0.624462613,-1.29411417,-0.227600723,1.95892245,0.290275471,-0.851353024,1,1,0.0970651976,0.0395198093,11000,126.533725,,0.0716798059,0.624462613,-1.29411417,-0.227600723,1.95892245,0.290275471,-0.851353024
1781684803.962203,2026-06-17T16:26:43.962,1781684797.656530,right,base,1,pelvis,1000,0.001,-0.0455444,-0.471858318,-0.0141785,-0.871376843,-0.442239618,-0.197950087,0.077086184,0.111588452,-0.462323195,1.22543455,-0.075131148,-1.8043704,0.144371666,0.827311172,1,1,0.0512858787,0.0777494002,11000,130.849389,,0.111588452,-0.462323195,1.22543455,-0.075131148,-1.8043704,0.144371666,0.827311172
1781684804.097972,2026-06-17T16:26:44.097,1781684797.506530,left,base,1,pelvis,1000,0.001,-0.0062414,0.533675382,-0.0299865,0.880357378,-0.404280165,0.212113733,0.128593154,0.0641294449,0.630086366,-1.36352542,-0.226618093,2.0232102,0.284816107,-0.853901566,1,1,0.096537512,0.0249299133,11000,131.951782,,0.0641294449,0.630086366,-1.36352542,-0.226618093,2.0232102,0.284816107,-0.853901566
1781684804.262010,2026-06-17T16:26:44.262,1781684797.906576,right,base,1,pelvis,1000,0.001,-0.0450889,-0.472211318,-0.014453,-0.871643668,-0.441772828,-0.197729864,0.0773109668,0.126613522,-0.479307536,1.20290919,-0.082563257,-1.77859739,0.140644744,0.81386299,1,1,0.0464992243,0.0591777756,11000,161.928968,,0.0987419822,-0.608944695,-1.24112603,0.26,0.589802929,-0.00230445508,0.866237353
1781684804.395584,2026-06-17T16:26:44.395,1781684797.756613,left,base,1,pelvis,1000,0.001,-0.00599455,0.533141532,-0.030716,0.880780296,-0.403688753,0.212489347,0.126924142,0.0716798059,0.624462613,-1.29411417,-0.227600723,1.95892245,0.290275471,-0.851353024,1,1,0.0981517331,0.0300093035,11000,130.828834,,0.0716798059,0.624462613,-1.29411417,-0.227600723,1.95892245,0.290275471,-0.851353024
1781684804.557488,2026-06-17T16:26:44.557,1781684798.139914,right,base,1,pelvis,1000,0.001,-0.0456056,-0.472316018,-0.0142385,-0.872365166,-0.441340912,-0.194785352,0.0790941427,0.111588452,-0.462323195,1.22543455,-0.075131148,-1.8043704,0.144371666,0.827311172,1,1,0.0369655811,0.049318641,11000,160.971373,,0.149673054,-0.454630241,1.58466879,-0.000897424853,-2.21171967,0.0854051065,0.887643429
1781684804.693784,2026-06-17T16:26:44.693,1781684797.889911,left,base,1,pelvis,1000,0.001,-0.00716915,0.531553932,-0.0293105,0.881100205,-0.40329488,0.212491319,0.125948827,0.0641294449,0.630086366,-1.36352542,-0.226618093,2.0232102,0.284816107,-0.853901566,1,1,0.0948535324,0.0264189552,11000,133.06806,,0.0641294449,0.630086366,-1.36352542,-0.226618093,2.0232102,0.284816107,-0.853901566
1781684804.824936,2026-06-17T16:26:44.824,1781684798.339935,right,base,1,pelvis,1000,0.001,-0.0450782,-0.472891368,-0.0144015,-0.872836494,-0.440682423,-0.19376609,0.0800634695,0.1113727,-0.464785659,1.1840094,-0.0695027201,-1.76416097,0.141908284,0.827964926,1,1,0.049861097,0.0724770748,11000,129.698607,,0.1113727,-0.464785659,1.1840094,-0.0695027201,-1.76416097,0.141908284,0.827964926
1781684804.966522,2026-06-17T16:26:44.966,1781684798.023267,left,base,1,pelvis,1000,0.001,-0.0061793,0.532236882,-0.029281,0.881240044,-0.403247536,0.210849744,0.127866321,0.0716798059,0.624462613,-1.29411417,-0.227600723,1.95892245,0.290275471,-0.851353024,1,1,0.0966064574,0.0329413487,11000,139.709466,,0.0716798059,0.624462613,-1.29411417,-0.227600723,1.95892245,0.290275471,-0.851353024
1781684805.105254,2026-06-17T16:26:45.105,1781684798.373275,right,base,1,pelvis,1000,0.001,-0.0452992,-0.472770068,-0.0138075,-0.872766693,-0.440827401,-0.19336823,0.0809828988,0.116309606,-0.463476628,1.2356543,-0.0606595132,-1.82185118,0.134625037,0.835657471,1,1,0.0468436156,0.0652317102,11000,137.105329,,0.116309606,-0.463476628,1.2356543,-0.0606595132,-1.82185118,0.134625037,0.835657471
1781684805.254349,2026-06-17T16:26:45.254,1781684798.090088,left,base,1,pelvis,1000,0.001,8.13e-05,0.537460632,-0.034279,0.881297581,-0.403080918,0.210651835,0.128320505,0.0641294449,0.630086366,-1.36352542,-0.226618093,2.0232102,0.284816107,-0.853901566,1,1,0.100815232,0.0289748716,11000,147.652754,,0.0641294449,0.630086366,-1.36352542,-0.226618093,2.0232102,0.284816107,-0.853901566
1781684805.424281,2026-06-17T16:26:45.424,1781684798.373275,right,base,1,pelvis,1000,0.001,-0.0452992,-0.472770068,-0.0138075,-0.872766693,-0.440827401,-0.19336823,0.0809828988,0.114646273,-0.463917665,1.21825419,-0.0636389506,-1.8024143,0.137078896,0.833065713,1,1,0.0477391187,0.0672167375,11000,167.729443,,0.114646273,-0.463917665,1.21825419,-0.0636389506,-1.8024143,0.137078896,0.833065713
1781684805.579319,2026-06-17T16:26:45.579,1781684798.173269,left,base,1,pelvis,1000,0.001,-0.0042817,0.534335732,-0.032001,0.881298045,-0.403292972,0.211240002,0.126673581,0.0716798059,0.624462613,-1.29411417,-0.227600723,1.95892245,0.290275471,-0.851353024,1,1,0.0994437503,0.0328545841,11000,153.603298,,0.0716798059,0.624462613,-1.29411417,-0.227600723,1.95892245,0.290275471,-0.851353024
1781684805.736439,2026-06-17T16:26:45.736,1781684798.373275,right,base,1,pelvis,1000,0.001,-0.0452992,-0.472770068,-0.0138075,-0.872766693,-0.440827401,-0.19336823,0.0809828988,0.115705954,-0.463636688,1.22933951,-0.061740802,-1.81479721,0.135515584,0.834716878,1,1,0.0471648347,0.0659477411,11000,155.457299,,0.115705954,-0.463636688,1.22933951,-0.061740802,-1.81479721,0.135515584,0.834716878
1781684805.891559,2026-06-17T16:26:45.891,1781684798.323286,left,base,1,pelvis,1000,0.001,-0.00490805,0.533348682,-0.031952,0.88238767,-0.402079094,0.210634587,0.123925275,0.0641294449,0.630086366,-1.36352542,-0.226618093,2.0232102,0.284816107,-0.853901566,1,1,0.0973513162,0.0324830673,11000,152.559403,,0.0641294449,0.630086366,-1.36352542,-0.226618093,2.0232102,0.284816107,-0.853901566
1781684806.050295,2026-06-17T16:26:46.050,1781684798.439940,right,base,1,pelvis,1000,0.001,-0.04588415,-0.472257818,-0.0130965,-0.872362255,-0.441454046,-0.193611266,0.0813455588,0.114764692,-0.463886265,1.21949298,-0.0634268318,-1.80379809,0.136904195,0.833250231,1,1,0.0472426091,0.0653925193,11000,157.979932,,0.114764692,-0.463886265,1.21949298,-0.0634268318,-1.80379809,0.136904195,0.833250231
1781684806.203194,2026-06-17T16:26:46.203,1781684798.423280,left,base,1,pelvis,1000,0.001,-0.006236,0.532777032,-0.03078,0.884523417,-0.400326257,0.206697948,0.12096764,0.0716798059,0.624462613,-1.29411417,-0.227600723,1.95892245,0.290275471,-0.851353024,1,1,0.0980004515,0.0484230808,11000,149.19389,,0.0716798059,0.624462613,-1.29411417,-0.227600723,1.95892245,0.290275471,-0.851353024
1781684806.353803,2026-06-17T16:26:46.353,1781684798.723305,right,base,1,pelvis,1000,0.001,-0.0461865,-0.472211018,-0.013762,-0.872119187,-0.441820329,-0.193907009,0.0812587938,0.115705953,-0.463636688,1.22255349,-0.0627965579,-1.80571994,0.135624061,0.834685963,1,1,0.0428061883,0.0636412706,11000,148.906929,,0.168028079,-0.52011568,1.17300275,-0.115793061,-1.79920609,0.123424806,0.878914867
1781684806.506729,2026-06-17T16:26:46.506,1781684798.656642,left,base,1,pelvis,1000,0.001,-0.00657295,0.532889482,-0.0294075,0.881398117,-0.40376455,0.209917639,0.126673327,0.0641294449,0.630086366,-1.36352542,-0.226618093,2.0232102,0.284816107,-0.853901566,1,1,0.0956830233,0.0303357808,11000,150.312831,,0.0641294449,0.630086366,-1.36352542,-0.226618093,2.0232102,0.284816107,-0.853901566
1781684806.661849,2026-06-17T16:26:46.661,1781684798.873319,right,base,1,pelvis,1000,0.001,-0.04615185,-0.472429668,-0.0139955,-0.872326357,-0.441433937,-0.194165364,0.0805147078,0.114764692,-0.463886265,1.21949298,-0.0634268318,-1.80379809,0.136904195,0.833250231,1,1,0.0479666981,0.0662428485,11000,153.563494,,0.114764692,-0.463886265,1.21949298,-0.0634268318,-1.80379809,0.136904195,0.833250231
1781684806.815604,2026-06-17T16:26:46.815,1781684798.689983,left,base,1,pelvis,1000,0.001,-0.00612485,0.533049382,-0.029768,0.881434587,-0.40379184,0.209692214,0.126705938,0.0716798059,0.624462613,-1.29411417,-0.227600723,1.95892245,0.290275471,-0.851353024,1,1,0.0974873931,0.0353061904,11000,151.588896,,0.0716798059,0.624462613,-1.29411417,-0.227600723,1.95892245,0.290275471,-0.851353024
1781684806.971236,2026-06-17T16:26:46.971,1781684798.939990,right,base,1,pelvis,1000,0.001,-0.0459521,-0.472723018,-0.013896,-0.872576186,-0.441195094,-0.19370803,0.0802177551,0.168028079,-0.52011568,1.17300275,-0.115793061,-1.79920609,0.123424806,0.878914867,1,1,0.0431061092,0.0660412413,11000,154.157135,,0.168028079,-0.52011568,1.17300275,-0.115793061,-1.79920609,0.123424806,0.878914867
1781684807.122202,2026-06-17T16:26:47.122,1781684798.806650,left,base,1,pelvis,1000,0.001,-0.00915565,0.530854082,-0.028124,0.882331651,-0.40275185,0.208118772,0.126366059,0.0641294449,0.630086366,-1.36352542,-0.226618093,2.0232102,0.284816107,-0.853901566,1,1,0.0941036006,0.0348335604,11000,148.611645,,0.0641294449,0.630086366,-1.36352542,-0.226618093,2.0232102,0.284816107,-0.853901566
1781684807.277204,2026-06-17T16:26:47.277,1781684799.056681,right,base,1,pelvis,1000,0.001,-0.0463816,-0.472042418,-0.0128495,-0.872987286,-0.440670052,-0.193333141,0.0795323861,0.114764692,-0.463886265,1.21949298,-0.0634268318,-1.80379809,0.136904195,0.833250231,1,1,0.0472240555,0.0691656715,11000,153.528558,,0.114764692,-0.463886265,1.21949298,-0.0634268318,-1.80379809,0.136904195,0.833250231
1781684807.429042,2026-06-17T16:26:47.429,1781684798.923327,left,base,1,pelvis,1000,0.001,-0.00700745,0.532045832,-0.0284975,0.882909375,-0.401958223,0.206842739,0.126951582,0.0716798059,0.624462613,-1.29411417,-0.227600723,1.95892245,0.290275471,-0.851353024,1,1,0.0961679352,0.0421791819,11000,149.185461,,0.0716798059,0.624462613,-1.29411417,-0.227600723,1.95892245,0.290275471,-0.851353024
1781684807.579499,2026-06-17T16:26:47.579,1781684799.290217,right,base,1,pelvis,1000,0.001,-0.0464943,-0.471813918,-0.012867,-0.872988946,-0.440503677,-0.193604273,0.0797759089,0.168028079,-0.52011568,1.17300275,-0.115793061,-1.79920609,0.123424806,0.878914867,1,1,0.0372106083,0.063279847,11000,149.098068,,0.212345624,-0.494399187,0.559330878,-0.154507555,-1.23221847,0.217669848,0.781251388
1781684807.728657,2026-06-17T16:26:47.728,1781684798.973520,left,base,1,pelvis,1000,0.001,-0.007179,0.531901232,-0.028603,0.882714374,-0.402246417,0.207196101,0.126818495,0.0641294449,0.630086366,-1.36352542,-0.226618093,2.0232102,0.284816107,-0.853901566,1,1,0.0946102382,0.0368713561,11000,145.897327,,0.0641294449,0.630086366,-1.36352542,-0.226618093,2.0232102,0.284816107,-0.853901566
1781684807.882869,2026-06-17T16:26:47.882,1781684799.590117,right,base,1,pelvis,1000,0.001,-0.04584965,-0.472964418,-0.014685,-0.872343589,-0.44175241,-0.193134936,0.0810578022,0.114764692,-0.463886265,1.21949298,-0.0634268318,-1.80379809,0.136904195,0.833250231,1,1,0.0485469834,0.0654053141,11000,152.948216,,0.114764692,-0.463886265,1.21949298,-0.0634268318,-1.80379809,0.136904195,0.833250231
1781684808.032301,2026-06-17T16:26:48.032,1781684799.123360,left,base,1,pelvis,1000,0.001,-0.0068441,0.532023582,-0.029597,0.881868488,-0.402778185,0.210229448,0.12602096,0.0716798059,0.624462613,-1.29411417,-0.227600723,1.95892245,0.290275471,-0.851353024,1,1,0.0968391642,0.0356353007,11000,147.530012,,0.0716798059,0.624462613,-1.29411417,-0.227600723,1.95892245,0.290275471,-0.851353024
1781684808.185854,2026-06-17T16:26:48.185,1781684799.656810,right,base,1,pelvis,1000,0.001,-0.04650275,-0.472624568,-0.013973,-0.871188555,-0.443718277,-0.193809818,0.0811316562,0.157650877,-0.477296496,0.929356029,-0.103456217,-1.55259257,0.172400174,0.810397077,1,1,0.0444363203,0.0556163682,11000,151.955224,,0.157650877,-0.477296496,0.929356029,-0.103456217,-1.55259257,0.172400174,0.810397077
1781684808.334885,2026-06-17T16:26:48.334,1781684799.173364,left,base,1,pelvis,1000,0.001,-0.00707095,0.531687582,-0.029787,0.88170567,-0.402828474,0.211219606,0.125341974,0.0641294449,0.630086366,-1.36352542,-0.226618093,2.0232102,0.284816107,-0.853901566,1,1,0.0952464701,0.0296005279,11000,147.715065,,0.0641294449,0.630086366,-1.36352542,-0.226618093,2.0232102,0.284816107,-0.853901566
1781684808.490853,2026-06-17T16:26:48.490,1781684799.756809,right,base,1,pelvis,1000,0.001,-0.0469242,-0.472066368,-0.01323,-0.870499752,-0.44448316,-0.195394108,0.0805359801,0.115930054,-0.464250666,1.21160899,-0.0645145645,-1.796972,0.13786874,0.832629234,1,1,0.047570806,0.0598932517,11000,153.372533,,0.115930054,-0.464250666,1.21160899,-0.0645145645,-1.796972,0.13786874,0.832629234
1781684808.667742,2026-06-17T16:26:48.667,1781684799.273434,left,base,1,pelvis,1000,0.001,-0.006096,0.531958132,-0.030936,0.882063277,-0.402212817,0.211277591,0.12470367,0.0716798059,0.624462613,-1.29411417,-0.227600723,1.95892245,0.290275471,-0.851353024,1,1,0.0975013612,0.0353175017,11000,174.537146,,0.0716798059,0.624462613,-1.29411417,-0.227600723,1.95892245,0.290275471,-0.851353024
1781684808.820421,2026-06-17T16:26:48.820,1781684799.890167,right,base,1,pelvis,1000,0.001,-0.04562275,-0.472827818,-0.014359,-0.870041213,-0.444545947,-0.197379444,0.0803028217,0.157076507,-0.477116894,0.933241805,-0.102920108,-1.55595694,0.17192478,0.810703147,1,1,0.0340611477,0.0582820722,11000,151.105393,,0.152628286,-0.48100458,-2.08201006,0.0547489489,1.3967638,0.0982003142,0.805346382
1781684808.972949,2026-06-17T16:26:48.972,1781684799.323436,left,base,1,pelvis,1000,0.001,-0.0068687,0.530838882,-0.0300935,0.881762731,-0.402501374,0.212116037,0.124474565,0.0641294449,0.630086366,-1.36352542,-0.226618093,2.0232102,0.284816107,-0.853901566,1,1,0.0948327359,0.0290295172,11000,150.107333,,0.0641294449,0.630086366,-1.36352542,-0.226618093,2.0232102,0.284816107,-0.853901566
1781684809.123459,2026-06-17T16:26:49.123,1781684799.990169,right,base,1,pelvis,1000,0.001,-0.0454461,-0.472628018,-0.0144785,-0.869861158,-0.44459917,-0.19715959,0.0824696311,0.116091633,-0.464301191,1.21051586,-0.0646653803,-1.79602555,0.138002475,0.832543132,1,1,0.0478533475,0.0566019789,11000,148.906871,,0.116091633,-0.464301191,1.21051586,-0.0646653803,-1.79602555,0.138002475,0.832543132
1781684809.272659,2026-06-17T16:26:49.272,1781684799.456807,left,base,1,pelvis,1000,0.001,-0.00557275,0.532614682,-0.0310435,0.879538219,-0.405788981,0.215404388,0.123890168,0.0716798059,0.624462613,-1.29411417,-0.227600723,1.95892245,0.290275471,-0.851353024,1,1,0.0978998802,0.0259823315,11000,146.870781,,0.0716798059,0.624462613,-1.29411417,-0.227600723,1.95892245,0.290275471,-0.851353024
1781684809.423490,2026-06-17T16:26:49.423,1781684800.056845,right,base,1,pelvis,1000,0.001,-0.04538425,-0.472145768,-0.014112,-0.870195073,-0.443984938,-0.196579259,0.0836331524,0.122938601,-0.467431406,0.71051586,-0.0422871376,-1.29602555,0.130543551,0.827446462,1,1,0.0402088379,0.0645299361,11000,149.648586,,0.122938601,-0.467431406,0.71051586,-0.0422871376,-1.29602555,0.130543551,0.827446462
1781684809.576602,2026-06-17T16:26:49.576,1781684799.456807,left,base,1,pelvis,1000,0.001,-0.00557275,0.532614682,-0.0310435,0.879538219,-0.405788981,0.215404388,0.123890168,0.0641294449,0.630086366,-1.36352542,-0.226618093,2.0232102,0.284816107,-0.853901566,1,1,0.096375285,0.0208614164,11000,150.925324,,0.0641294449,0.630086366,-1.36352542,-0.226618093,2.0232102,0.284816107,-0.853901566
1781684809.730769,2026-06-17T16:26:49.730,1781684800.090168,right,base,1,pelvis,1000,0.001,-0.04586225,-0.471646368,-0.0135345,-0.870586978,-0.44326187,-0.196226572,0.0842161544,0.121116927,-0.466598595,0.757657983,-0.0482409934,-1.35688556,0.132528039,0.828802459,1,1,0.0305844602,0.0575307145,11000,152.537662,,0.136973885,-0.438603553,1.14669498,0.0118997843,-1.79104507,0.105059402,0.821872253
1781684809.883544,2026-06-17T16:26:49.883,1781684799.773479,left,base,1,pelvis,1000,0.001,-0.00750665,0.531198182,-0.029656,0.878585038,-0.406652977,0.216979336,0.125066601,0.0716798059,0.624462613,-1.29411417,-0.227600723,1.95892245,0.290275471,-0.851353024,1,1,0.0964806235,0.0214190881,11000,150.051198,,0.0716798059,0.624462613,-1.29411417,-0.227600723,1.95892245,0.290275471,-0.851353024
1781684810.037675,2026-06-17T16:26:50.037,1781684800.140175,right,base,1,pelvis,1000,0.001,-0.04566065,-0.471681868,-0.013605,-0.871096386,-0.44242888,-0.195633331,0.0847075698,0.12178656,-0.46690473,0.740328902,-0.0460524019,-1.33451389,0.131798557,0.828304005,1,1,0.041630961,0.0590290145,11000,152.019731,,0.12178656,-0.46690473,0.740328902,-0.0460524019,-1.33451389,0.131798557,0.828304005
1781684810.188558,2026-06-17T16:26:50.188,1781684800.057388,left,base,1,pelvis,1000,0.001,-0.00627405,0.530931632,-0.029191,0.881173195,-0.404216356,0.211928202,0.123407355,0.0641294449,0.630086366,-1.36352542,-0.226618093,2.0232102,0.284816107,-0.853901566,1,1,0.0941207423,0.028572764,11000,149.621153,,0.0641294449,0.630086366,-1.36352542,-0.226618093,2.0232102,0.284816107,-0.853901566
1781684810.342900,2026-06-17T16:26:50.342,1781684800.223518,right,base,1,pelvis,1000,0.001,-0.04617355,-0.471121468,-0.013248,-0.871319246,-0.442146434,-0.195202362,0.0848842789,0.129034224,-0.4533989,0.934254093,-0.0183965777,-1.55237877,0.119038152,0.825234657,1,1,0.0423448714,0.034175006,11000,152.714781,,0.036029703,-0.325624383,0.960631193,0.26,-1.52570305,0.113969429,0.979476796
1781684810.494869,2026-06-17T16:26:50.494,1781684800.140373,left,base,1,pelvis,1000,0.001,-0.0069934,0.529797032,-0.027687,0.88071563,-0.405212272,0.212291594,0.122781399,0.0716798059,0.624462613,-1.29411417,-0.227600723,1.95892245,0.290275471,-0.851353024,1,1,0.0940548939,0.032870202,11000,150.129554,,0.0716798059,0.624462613,-1.29411417,-0.227600723,1.95892245,0.290275471,-0.851353024
1781684810.649835,2026-06-17T16:26:50.649,1781684800.256852,right,base,1,pelvis,1000,0.001,-0.0459802,-0.470908968,-0.0134335,-0.871509815,-0.441943221,-0.194693603,0.0851541689,0.124614757,-0.461634461,0.816002734,0.155889885,-1.41952951,0.126819169,0.827106279,1,1,0.0355829675,0.0893197313,11000,153.810419,,0.0605821084,-0.398431747,0.836716899,0.142429042,-1.35155644,0.143247789,0.911024562
1781684810.801477,2026-06-17T16:26:50.801,1781684800.190189,left,base,1,pelvis,1000,0.001,-0.0074383,0.528970532,-0.0265295,0.880528941,-0.40566803,0.212714817,0.121879615,0.0641294449,0.630086366,-1.36352542,-0.226618093,2.0232102,0.284816107,-0.853901566,1,1,0.091266,0.02776506,11000,149.801053,,0.0641294449,0.630086366,-1.36352542,-0.226618093,2.0232102,0.284816107,-0.853901566
1781684810.953606,2026-06-17T16:26:50.953,1781684800.290193,right,base,1,pelvis,1000,0.001,-0.04624405,-0.470122018,-0.012978,-0.871685019,-0.441767053,-0.194118042,0.0855878743,0.0561273477,-0.388067007,0.864509855,0.14410194,-1.37202383,0.133810542,0.920401019,1,1,0.0373207487,0.0922647183,11000,151.374437,,0.163285646,-0.499930578,0.831883392,-0.11935336,-1.40271924,0.15594076,0.807050511
1781684811.103588,2026-06-17T16:26:51.103,1781684800.290477,left,base,1,pelvis,1000,0.001,-0.00540535,0.530176032,-0.0278375,0.880286339,-0.405419192,0.214003671,0.122203393,0.0716798059,0.624462613,-1.29411417,-0.227600723,1.95892245,0.290275471,-0.851353024,1,1,0.0940035491,0.0305808324,11000,146.031761,,0.0716798059,0.624462613,-1.29411417,-0.227600723,1.95892245,0.290275471,-0.851353024
1781684811.254800,2026-06-17T16:26:51.254,1781684800.290193,right,base,1,pelvis,1000,0.001,-0.04624405,-0.470122018,-0.012978,-0.871685019,-0.441767053,-0.194118042,0.0855878743,0.152871961,-0.49700413,0.838355404,-0.118015708,-1.38793514,0.153557301,0.809740774,1,1,0.0384277203,0.0916545825,11000,149.909171,,0.0608069789,-0.399911927,0.837419629,0.154834353,-1.3438347,0.1315815,0.959467872
1781684811.409916,2026-06-17T16:26:51.409,1781684800.490560,left,base,1,pelvis,1000,0.001,-0.00815665,0.526276582,-0.0240095,0.877926194,-0.406081473,0.219170669,0.12770142,0.0641294449,0.630086366,-1.36352542,-0.226618093,2.0232102,0.284816107,-0.853901566,1,1,0.0879283333,0.0102985317,11000,151.825845,,0.0641294449,0.630086366,-1.36352542,-0.226618093,2.0232102,0.284816107,-0.853901566
1781684811.562809,2026-06-17T16:26:51.562,1781684800.490243,right,base,1,pelvis,1000,0.001,-0.0478311,-0.468020818,-0.0098475,-0.872614079,-0.439876785,-0.191903277,0.0906984916,0.0686193242,-0.408757338,0.831918055,0.150383622,-1.34797436,0.132693353,0.952227242,1,1,0.0335332616,0.0545581574,11000,150.754778,,0.138379173,-0.476344849,-0.475011694,0.0713468461,-0.210033863,0.0882669637,0.911930797
1781684811.715616,2026-06-17T16:26:51.715,1781684800.756936,left,base,1,pelvis,1000,0.001,-0.0077462,0.526754582,-0.0258665,0.873572162,-0.408440257,0.229627968,0.131602549,0.0716798059,0.624462613,-1.29411417,-0.227600723,1.95892245,0.290275471,-0.851353024,1,1,0.0909497783,0.00986924857,11000,150.715854,,0.0716798059,0.624462613,-1.29411417,-0.227600723,1.95892245,0.290275471,-0.851353024
1781684811.865665,2026-06-17T16:26:51.865,1781684800.540253,right,base,1,pelvis,1000,0.001,-0.048559,-0.467472468,-0.008779,-0.872853053,-0.439480828,-0.190710866,0.0928090212,0.060848604,-0.45226922,0.331918055,0.0769796014,-0.847974361,0.101157533,0.931579251,1,1,0.0304366005,0.0939809447,11000,148.633384,,0.172733147,-0.409565758,1.73904559,0.0638345014,-2.47828124,0.139383986,0.896327089
1781684812.017750,2026-06-17T16:26:52.017,1781684800.973614,left,base,1,pelvis,1000,0.001,-0.0060889,0.527158782,-0.027531,0.872638059,-0.409303778,0.232345336,0.130341395,0.0641294449,0.630086366,-1.36352542,-0.226618093,2.0232102,0.284816107,-0.853901566,1,1,0.0903825469,0.0198454462,11000,148.831573,,0.0641294449,0.630086366,-1.36352542,-0.226618093,2.0232102,0.284816107,-0.853901566
1781684812.170596,2026-06-17T16:26:52.170,1781684800.640271,right,base,1,pelvis,1000,0.001,-0.04948615,-0.466299268,-0.007017,-0.873463316,-0.438280555,-0.188597737,0.096968475,0.118361819,-0.470128844,0.831918055,0.072801148,-1.34797436,0.0915951359,0.917003764,1,1,0.0251468075,0.0904213442,11000,151.071462,,0.153269624,-0.445296712,-1.71918198,-0.00123827949,0.999385645,0.127564693,0.834433902
1781684812.320743,2026-06-17T16:26:52.320,1781684801.256966,left,base,1,pelvis,1000,0.001,-0.00309015,0.528896232,-0.0298715,0.868088504,-0.413710396,0.240259489,0.132444085,0.0716798059,0.624462613,-1.29411417,-0.227600723,1.95892245,0.290275471,-0.851353024,1,1,0.096233631,0.00907562425,11000,147.25958,,0.0558713194,0.630257008,-1.29500352,-0.212877541,1.94227719,0.29825117,-0.88660687
1781684812.474817,2026-06-17T16:26:52.474,1781684800.806929,right,base,1,pelvis,1000,0.001,-0.04888855,-0.466174468,-0.006084,-0.875235618,-0.435287856,-0.185132142,0.101060307,0.145011637,-0.440444169,0.331918055,0.046421674,-0.847974361,0.115018587,0.906869202,1,1,0.0301661047,0.0922331471,11000,152.782547,,0.0936343343,-0.445026232,0.332439148,0.0833300684,-0.844518907,0.144733828,0.922492773
1781684812.626732,2026-06-17T16:26:52.626,1781684801.357360,left,base,1,pelvis,1000,0.001,-0.0048283,0.527652332,-0.0288705,0.867258165,-0.414512024,0.24121987,0.133626465,0.0641294449,0.630086366,-1.36352542,-0.226618093,2.0232102,0.284816107,-0.853901566,1,1,0.0899590446,0.0275506168,11000,150.040863,,0.0327406143,0.563232211,-1.34752686,-0.0403097485,1.93995121,0.302650827,-0.991929635
1781684812.782755,2026-06-17T16:26:52.782,1781684800.806929,right,base,1,pelvis,1000,0.001,-0.04888855,-0.466174468,-0.006084,-0.875235618,-0.435287856,-0.185132142,0.101060307,0.147827071,-0.442098569,-0.0429997603,0.0301727456,-0.407508049,0.119295989,0.8821735,1,1,0.0337464436,0.0682002978,11000,153.669248,,0.190915466,-0.464183145,-0.0865159129,-0.0670131785,-0.518385681,0.189002597,0.927524969
1781684812.934291,2026-06-17T16:26:52.934,1781684801.440329,left,base,1,pelvis,1000,0.001,-0.00446335,0.528020932,-0.0291455,0.867958009,-0.413810791,0.240008886,0.133436345,0.0558713194,0.630257008,-1.29500352,-0.212877541,1.94227719,0.29825117,-0.88660687,1,1,0.0956046618,0.00864490099,11000,149.895784,,0.0558713194,0.630257008,-1.29500352,-0.212877541,1.94227719,0.29825117,-0.88660687
1781684813.086683,2026-06-17T16:26:53.086,1781684801.056945,right,base,1,pelvis,1000,0.001,-0.04993295,-0.465464068,-0.0053885,-0.876383299,-0.433781026,-0.182727982,0.101964796,0.125915094,-0.443282323,0.108803029,-0.0435917587,-0.584206483,0.138222235,0.898475961,1,1,0.0349068776,0.0839776595,11000,150.879523,,0.0415893266,-0.459268369,0.0977040845,0.167363469,-0.605318404,0.11921629,0.983839514
1781684813.236289,2026-06-17T16:26:53.236,1781684801.440329,left,base,1,pelvis,1000,0.001,-0.00446335,0.528020932,-0.0291455,0.867958009,-0.413810791,0.240008886,0.133436345,0.0327531355,0.563268494,-1.34749843,-0.0404031637,1.93995247,0.302648445,-0.991872621,1,1,0.0902503627,0.028718893,11000,146.63058,,0.0327531355,0.563268494,-1.34749843,-0.0404031637,1.93995247,0.302648445,-0.991872621
1781684813.389086,2026-06-17T16:26:53.389,1781684801.273644,right,base,1,pelvis,1000,0.001,-0.0486107,-0.466904418,-0.0071925,-0.876173673,-0.434417984,-0.18443098,0.0979077318,0.145195581,-0.45318246,0.0162858932,0.108278901,-0.553029005,0.134324549,0.912235666,1,1,0.034615112,0.0234045656,11000,151.651837,,0.171598752,-0.588416276,1.35200193,-0.249174426,-2.01125687,0.112084357,0.77902682
1781684813.541824,2026-06-17T16:26:53.541,1781684801.540331,left,base,1,pelvis,1000,0.001,-0.00415475,0.528222932,-0.029547,0.868938941,-0.412974866,0.238679493,0.132018847,0.0558668292,0.630243997,-1.29501372,-0.212844042,1.94227674,0.298252024,-0.886627315,1,1,0.0959163563,0.00576830702,11000,150.312062,,0.0558668292,0.630243997,-1.29501372,-0.212844042,1.94227674,0.298252024,-0.886627315
1781684813.697688,2026-06-17T16:26:53.697,1781684801.273644,right,base,1,pelvis,1000,0.001,-0.0486107,-0.466904418,-0.0071925,-0.876173673,-0.434417984,-0.18443098,0.0979077318,0.122432404,-0.573169384,0.516285893,-0.240721475,-1.053029,0.118856281,0.792157992,1,1,0.0304914692,0.0633079592,11000,154.205372,,0.140876983,-0.486121248,1.27719388,-0.0541526052,-1.85396352,0.172687473,0.856048619
1781684813.847988,2026-06-17T16:26:53.847,1781684801.707062,left,base,1,pelvis,1000,0.001,-0.0038286,0.528218082,-0.030274,0.870591017,-0.411992159,0.236668319,0.127756993,0.0327544296,0.563272243,-1.34749549,-0.172891133,1.9399526,0.302648199,-0.944368821,1,1,0.115555915,0.0960827237,11000,147.829819,,0.0327544296,0.563272243,-1.34749549,-0.172891133,1.9399526,0.302648199,-0.944368821
1781684814.000423,2026-06-17T16:26:54.000,1781684801.356977,right,base,1,pelvis,1000,0.001,-0.04861315,-0.466703218,-0.007241,-0.875672101,-0.435083581,-0.185592263,0.0972427906,0.15486805,-0.50198592,1.01628589,-0.0612605577,-1.553029,0.169029116,0.843235697,1,1,0.0224025494,0.0917267814,11000,151.490373,,0.201125,-0.514188258,0.789695773,-0.173783447,-1.46305312,0.194569702,0.686074253
1781684814.151762,2026-06-17T16:26:54.151,1781684801.807027,left,base,1,pelvis,1000,0.001,-0.0052988,0.527034282,-0.0294565,0.87167661,-0.411292316,0.234645469,0.126332981,0.0558657924,0.593597247,-1.30462524,-0.185605702,1.94227663,0.298252221,-0.918316433,1,1,0.101663112,0.0495677417,11000,148.856757,,0.0558657924,0.593597247,-1.30462524,-0.185605702,1.94227663,0.298252221,-0.918316433
1781684814.303758,2026-06-17T16:26:54.303,1781684801.356977,right,base,1,pelvis,1000,0.001,-0.04861315,-0.466703218,-0.007241,-0.875672101,-0.435083581,-0.185592263,0.0972427906,0.197716976,-0.513226408,0.791974877,-0.173289203,-1.46456502,0.193755537,0.68708138,1,1,0.0468148811,0.0420416079,11000,150.568848,,-0.0100272939,-0.318430468,0.862830809,0.26,-1.38789778,0.164302078,0.948791675
1781684814.455775,2026-06-17T16:26:54.455,1781684802.223732,left,base,1,pelvis,1000,0.001,-0.0061952,0.526569482,-0.028554,0.876351022,-0.408369613,0.223481584,0.123689644,0.0327544296,0.563272243,-1.34749549,-0.172891133,1.9399526,0.302648199,-0.944368821,1,1,0.0940773412,0.103346256,11000,149.769528,,0.0126432074,0.566889878,-1.2582084,-0.0362458806,1.78816198,0.302158403,-1.01448813
1781684814.607822,2026-06-17T16:26:54.607,1781684801.506984,right,base,1,pelvis,1000,0.001,-0.04854465,-0.466734518,-0.007522,-0.874781033,-0.43629573,-0.187331781,0.0964934408,-0.00783139466,-0.320917746,0.859966105,0.258698158,-1.38899737,0.164581031,0.946816332,1,1,0.0290296955,0.0231746952,11000,150.523479,,0.237325815,-0.442583936,-0.28622309,-0.130928482,-0.403036464,0.216131685,0.843041901
1781684814.760010,2026-06-17T16:26:54.760,1781684802.307075,left,base,1,pelvis,1000,0.001,-0.00617615,0.526474332,-0.0281015,0.875224056,-0.409590838,0.22403098,0.126602992,0.0558657924,0.593597247,-1.30462524,-0.185605702,1.94227663,0.298252221,-0.918316433,1,1,0.100662898,0.0641168,11000,149.449021,,0.0558657924,0.593597247,-1.30462524,-0.185605702,1.94227663,0.298252221,-0.918316433
1781684814.910256,2026-06-17T16:26:54.910,1781684801.506984,right,base,1,pelvis,1000,0.001,-0.04854465,-0.466734518,-0.007522,-0.874781033,-0.43629573,-0.187331781,0.0964934408,0.226444659,-0.439807028,0.359966105,-0.129523363,-0.888997369,0.213485798,0.845654816,1,1,0.0316968191,0.0665114117,11000,148.374199,,0.288094058,-0.480117792,0.115181576,-0.248081404,-0.771341008,0.25352145,0.781730522
1781684815.060566,2026-06-17T16:26:55.060,1781684802.357077,left,base,1,pelvis,1000,0.001,-0.00652165,0.526037982,-0.0277635,0.87473429,-0.410197173,0.224560228,0.127086213,0.012643461,0.566890034,-1.25820867,-0.0362467569,1.78816288,0.30215838,-1.01448757,1,1,0.0933335265,0.0967641915,11000,148.415071,,0.012643461,0.566890034,-1.25820867,-0.0362467569,1.78816288,0.30215838,-1.01448757
1781684815.212320,2026-06-17T16:26:55.212,1781684801.506984,right,base,1,pelvis,1000,0.001,-0.04854465,-0.466734518,-0.007522,-0.874781033,-0.43629573,-0.187331781,0.0964934408,0.285991533,-0.479564432,0.113197161,-0.247734353,-0.768908396,0.252993088,0.782268958,1,1,0.031797306,0.0656434507,11000,150.855495,,0.285991533,-0.479564432,0.113197161,-0.247734353,-0.768908396,0.252993088,0.782268958
1781684815.362893,2026-06-17T16:26:55.362,1781684802.557096,left,base,1,pelvis,1000,0.001,-0.00612815,0.526651632,-0.028399,0.873553581,-0.412098133,0.22694322,0.124804029,0.0558655596,0.593597104,-1.30462499,-0.185604898,1.9422758,0.298252242,-0.918316951,1,1,0.100963126,0.0618287414,11000,147.760386,,0.0558655596,0.593597104,-1.30462499,-0.185604898,1.9422758,0.298252242,-0.918316951
1781684815.517623,2026-06-17T16:26:55.517,1781684801.506984,right,base,1,pelvis,1000,0.001,-0.04854465,-0.466734518,-0.007522,-0.874781033,-0.43629573,-0.187331781,0.0964934408,0.286066798,-0.47965492,0.11327762,-0.247768988,-0.768969147,0.253001114,0.782198254,1,1,0.0317839412,0.0657466949,11000,153.01575,,0.286066798,-0.47965492,0.11327762,-0.247768988,-0.768969147,0.253001114,0.782198254
1781684815.669727,2026-06-17T16:26:55.669,1781684802.757115,left,base,1,pelvis,1000,0.001,-0.0058039,0.527076932,-0.028303,0.873254737,-0.412304274,0.227582867,0.125049547,0.0126435169,0.566890069,-1.25820873,-0.152000708,1.78816308,0.302158375,-0.967462014,1,1,0.0983065286,0.113087036,11000,150.129103,,0.0452363414,0.580399839,-1.39453042,-0.12935116,2.07174829,0.222927704,-0.970881007
1781684815.823588,2026-06-17T16:26:55.823,1781684801.506984,right,base,1,pelvis,1000,0.001,-0.04854465,-0.466734518,-0.007522,-0.874781033,-0.43629573,-0.187331781,0.0964934408,0.285991533,-0.479564432,0.113197161,-0.247734353,-0.768908396,0.252993088,0.782268958,1,1,0.031797306,0.0656434507,11000,152.08841,,0.285991533,-0.479564432,0.113197161,-0.247734353,-0.768908396,0.252993088,0.782268958
1781684815.972994,2026-06-17T16:26:55.972,1781684802.873794,left,base,1,pelvis,1000,0.001,-0.00633095,0.526400382,-0.027469,0.873688972,-0.412052239,0.226470371,0.124866741,0.055865559,0.593597103,-1.30462499,-0.164779358,1.9422758,0.231210667,-0.918316952,1,1,0.0936263308,0.0718050833,11000,146.974237,,0.055865559,0.593597103,-1.30462499,-0.164779358,1.9422758,0.231210667,-0.918316952
1781684816.125773,2026-06-17T16:26:56.125,1781684801.723820,right,base,1,pelvis,1000,0.001,-0.048691,-0.466419668,-0.007694,-0.873910291,-0.437266681,-0.189004428,0.0967263152,0.285991533,-0.479564432,0.113197161,-0.247734353,-0.768908396,0.252993088,0.782268958,1,1,0.0318467904,0.0655398595,11000,150.745004,,0.285991533,-0.479564432,0.113197161,-0.247734353,-0.768908396,0.252993088,0.782268958
1781684816.277879,2026-06-17T16:26:56.277,1781684803.157143,left,base,1,pelvis,1000,0.001,-0.0066623,0.525494382,-0.0270025,0.875741109,-0.410117975,0.222599439,0.123815373,0.0452363414,0.580399839,-1.39453042,-0.12935116,2.07174829,0.222927704,-0.970881007,1,1,0.105748832,0.0810992422,11000,149.912545,,-2.70272545,2.59949822,-2.79,-0.404022836,0.482893385,0.371579065,-0.965855492
1781684816.434630,2026-06-17T16:26:56.434,1781684801.890358,right,base,1,pelvis,1000,0.001,-0.0489842,-0.466364568,-0.0079515,-0.873221707,-0.438006579,-0.19058528,0.09649528,0.285991533,-0.479564432,0.113197161,-0.247734353,-0.768908396,0.252993088,0.782268958,1,1,0.0321054334,0.0662707178,11000,155.068073,,0.285991533,-0.479564432,0.113197161,-0.247734353,-0.768908396,0.252993088,0.782268958
1781684816.590753,2026-06-17T16:26:56.590,1781684803.340489,left,base,1,pelvis,1000,0.001,-0.00563905,0.526723532,-0.0273095,0.875568458,-0.410073674,0.222984472,0.124488479,0.055865559,0.593597103,-1.30462499,-0.164779358,1.9422758,0.231210667,-0.918316952,1,1,0.0934828992,0.0801433892,11000,152.964034,,0.055865559,0.593597103,-1.30462499,-0.164779358,1.9422758,0.231210667,-0.918316952
1781684816.748291,2026-06-17T16:26:56.748,1781684802.007055,right,base,1,pelvis,1000,0.001,-0.04935285,-0.466223418,-0.008212,-0.872689033,-0.438623344,-0.1915098,0.0966820061,0.285991533,-0.479564432,0.113197161,-0.247734353,-0.768908396,0.252993088,0.782268958,1,1,0.0414163526,0.0410770327,11000,155.872387,,0.198480255,-0.556034357,1.12971519,-0.244162538,-1.82057932,0.154306786,0.781263634
1781684816.899729,2026-06-17T16:26:56.899,1781684803.490506,left,base,1,pelvis,1000,0.001,-0.00587275,0.526307282,-0.028109,0.875543874,-0.410770865,0.222190637,0.123780216,0.0180562025,0.621090062,-1.32498359,-0.168058439,1.92227345,0.233134561,-0.918968517,1,1,0.0929924696,0.0979717424,11000,148.435532,,0.0338614003,0.588714304,-1.27464783,-0.0851631595,1.84463241,0.273618845,-0.997046092
1781684817.051908,2026-06-17T16:26:57.051,1781684802.007055,right,base,1,pelvis,1000,0.001,-0.04935285,-0.466223418,-0.008212,-0.872689033,-0.438623344,-0.1915098,0.0966820061,0.285991533,-0.479564432,0.113197161,-0.247734353,-0.768908396,0.252993088,0.782268958,1,1,0.0323492883,0.0663001714,11000,150.814736,,0.285991533,-0.479564432,0.113197161,-0.247734353,-0.768908396,0.252993088,0.782268958
1781684817.204810,2026-06-17T16:26:57.204,1781684803.507171,left,base,1,pelvis,1000,0.001,-0.00590585,0.526105182,-0.028236,0.875649397,-0.410931958,0.221775618,0.123242177,0.0228113181,0.617632395,-1.32242318,-0.167646043,1.92478906,0.232892602,-0.918886573,1,1,0.098235106,0.0959886724,11000,150.461199,,-0.0275171414,0.400678901,-1.3453792,0.26,1.90562796,0.314340706,-1.12151799
1781684817.358771,2026-06-17T16:26:57.358,1781684802.240403,right,base,1,pelvis,1000,0.001,-0.0492137,-0.466198718,-0.0095195,-0.871480828,-0.440505342,-0.193264416,0.0955252674,0.264923545,-0.497974259,0.357919786,-0.246874453,-1.02209394,0.229234758,0.782026931,1,1,0.0387888916,0.0457887366,11000,152.672464,,0.264923545,-0.497974259,0.357919786,-0.246874453,-1.02209394,0.229234758,0.782026931
1781684817.511285,2026-06-17T16:26:57.511,1781684803.707176,left,base,1,pelvis,1000,0.001,-0.0038843,0.525827032,-0.0280475,0.870866793,-0.414565046,0.230755659,0.128369296,0.0263539195,0.608361398,-1.30710664,-0.141202441,1.89909123,0.245949233,-0.943944126,1,1,0.0944982678,0.0899308336,11000,150.952341,,0.0263539195,0.608361398,-1.30710664,-0.141202441,1.89909123,0.245949233,-0.943944126
1781684817.672714,2026-06-17T16:26:57.672,1781684802.440413,right,base,1,pelvis,1000,0.001,-0.0484586,-0.467232268,-0.011026,-0.871425474,-0.440929751,-0.193469617,0.0936381585,0.284079311,-0.481235387,0.135409242,-0.247656305,-0.791888608,0.25083668,0.782246991,1,1,0.0354916111,0.065117619,11000,160.331497,,0.284079311,-0.481235387,0.135409242,-0.247656305,-0.791888608,0.25083668,0.782246991
1781684817.823172,2026-06-17T16:26:57.823,1781684803.807186,left,base,1,pelvis,1000,0.001,-0.0049889,0.523667632,-0.0271815,0.867510459,-0.418291012,0.236145716,0.12920307,-0.00311785935,0.494742462,-1.32804479,-0.0347518484,1.90266735,0.283364839,-1.04109123,1,1,0.115922751,0.125522239,11000,147.799538,,-0.00311785935,0.494742462,-1.32804479,-0.0347518484,1.90266735,0.283364839,-1.04109123
1781684817.972237,2026-06-17T16:26:57.972,1781684802.590429,right,base,1,pelvis,1000,0.001,-0.04763465,-0.467910418,-0.0116055,-0.871650826,-0.440672233,-0.193930426,0.091781324,0.264964422,-0.497938539,0.357444963,-0.246876122,-1.02059404,0.229280855,0.7820274,1,1,0.0407529548,0.0522179618,11000,147.142569,,0.264964422,-0.497938539,0.357444963,-0.246876122,-1.02059404,0.229280855,0.7820274
1781684818.123886,2026-06-17T16:26:58.123,1781684803.857561,left,base,1,pelvis,1000,0.001,-0.00512115,0.523089732,-0.026947,0.865841789,-0.420385332,0.238514696,0.129247467,0.0202415354,0.584797073,-1.31144917,-0.109879602,1.89983291,0.25370915,-0.964092229,1,1,0.0945133136,0.0681850611,11000,149.833332,,0.0202415354,0.584797073,-1.31144917,-0.109879602,1.89983291,0.25370915,-0.964092229
1781684818.277115,2026-06-17T16:26:58.277,1781684802.723778,right,base,1,pelvis,1000,0.001,-0.0475581,-0.468219618,-0.0115915,-0.871856055,-0.440524767,-0.195099072,0.0879846664,0.284006162,-0.481299307,0.174066458,-0.247653319,-0.798578711,0.246218925,0.78224615,1,1,0.032838075,0.050530366,11000,151.504085,,0.182818688,-0.362090239,1.77989193,0.12015628,-2.44344078,0.107443243,0.879047081
1781684818.430726,2026-06-17T16:26:58.430,1781684804.073877,left,base,1,pelvis,1000,0.001,-0.0055662,0.515365282,-0.0222245,0.856552528,-0.434649993,0.246514264,0.12894909,0.00825320089,0.5808946,-1.31775659,-0.108301716,1.90260023,0.254845132,-0.966676998,1,1,0.0917035997,0.0442667823,11000,151.457768,,0.00825320089,0.5808946,-1.31775659,-0.108301716,1.90260023,0.254845132,-0.966676998
1781684818.589306,2026-06-17T16:26:58.589,1781684802.973933,right,base,1,pelvis,1000,0.001,-0.04787485,-0.468131068,-0.011388,-0.871089585,-0.441467353,-0.195397198,0.0901634417,0.265008068,-0.4979004,0.416162196,-0.246877903,-1.02008516,0.229319679,0.782027901,1,1,0.0391347911,0.0402567597,11000,157.138777,,0.134137581,-0.414989273,1.33698622,0.0526302052,-1.97472708,0.134147481,0.930995437
1781684818.743013,2026-06-17T16:26:58.743,1781684804.140763,left,base,1,pelvis,1000,0.001,-0.00188405,0.511147632,-0.020174,0.852530783,-0.4440939,0.246315861,0.123694654,0.0202415354,0.584797073,-1.31144917,-0.109879602,1.89983291,0.25370915,-0.964092229,1,1,0.082221758,0.0245358297,11000,151.310764,,0.0202415354,0.584797073,-1.31144917,-0.109879602,1.89983291,0.25370915,-0.964092229
1781684818.896141,2026-06-17T16:26:58.896,1781684803.107128,right,base,1,pelvis,1000,0.001,-0.04754765,-0.468068268,-0.011549,-0.871469135,-0.440677564,-0.196520946,0.0878882798,0.211690672,-0.409798457,0.916162196,-0.00877771579,-1.52008516,0.150256737,0.844965595,1,1,0.0394853192,0.0892892386,11000,151.254186,,0.222173396,-0.51187028,0.900917301,-0.170056349,-1.53118011,0.182887726,0.781136769
1781684819.050570,2026-06-17T16:26:59.050,1781684804.224095,left,base,1,pelvis,1000,0.001,0.0028311,0.506256832,-0.01929,0.844914527,-0.466666161,0.239111494,0.105677947,0.00825320089,0.5808946,-1.31775659,-0.108301716,1.90260023,0.254845132,-0.966676998,1,1,0.0810390199,0.0715289963,11000,152.268649,,0.00825320089,0.5808946,-1.31775659,-0.108301716,1.90260023,0.254845132,-0.966676998
1781684819.204998,2026-06-17T16:26:59.204,1781684803.240473,right,base,1,pelvis,1000,0.001,-0.0469974,-0.468800568,-0.012477,-0.871058218,-0.440870126,-0.198020068,0.0876308471,0.14619557,-0.485622436,0.959815149,-0.156648046,-1.57042761,0.160973082,0.805731958,1,1,0.0569409735,0.070510946,11000,153.516441,,0.14619557,-0.485622436,0.959815149,-0.156648046,-1.57042761,0.160973082,0.805731958
1781684819.354664,2026-06-17T16:26:59.354,1781684804.257466,left,base,1,pelvis,1000,0.001,0.00045575,0.502603482,-0.0173025,0.83946487,-0.48106068,0.235076001,0.0928365634,0.0202415354,0.584797073,-1.31144917,-0.109879602,1.89983291,0.25370915,-0.964092229,1,1,0.075336547,0.105312217,11000,148.12656,,0.0202415354,0.584797073,-1.31144917,-0.109879602,1.89983291,0.25370915,-0.964092229
1781684819.502066,2026-06-17T16:26:59.502,1781684803.240473,right,base,1,pelvis,1000,0.001,-0.0469974,-0.468800568,-0.012477,-0.871058218,-0.440870126,-0.198020068,0.0876308471,0.149417813,-0.489284141,0.955244912,-0.158163431,-1.56511317,0.161410661,0.80283644,1,1,0.054726365,0.0681066056,11000,146.119581,,0.149417813,-0.489284141,0.955244912,-0.158163431,-1.56511317,0.161410661,0.80283644
1781684819.652594,2026-06-17T16:26:59.652,1781684804.374113,left,base,1,pelvis,1000,0.001,-0.0227075,0.484497132,0.0121175,0.814318036,-0.539532058,0.206260053,0.0569919736,0.00825320089,0.5808946,-1.31775659,-0.108301716,1.90260023,0.254845132,-0.966676998,1,1,0.0172566858,0.016737556,11000,148.48591,,0.107303244,0.413291009,-1.51665125,0.151129885,2.02012091,0.0261349159,-0.973789849
1781684819.805843,2026-06-17T16:26:59.805,1781684803.373821,right,base,1,pelvis,1000,0.001,-0.0467748,-0.468945968,-0.0127495,-0.870957112,-0.440889025,-0.198283742,0.0879439237,0.14619557,-0.485622436,0.959815149,-0.156648046,-1.57042761,0.160973082,0.805731958,1,1,0.0371304048,0.0598014291,11000,151.719643,,0.0794665703,-0.368042035,-2.11571249,-0.18742097,1.46374322,0.11623782,0.945413679
1781684819.816470,2026-06-17T16:26:59.816,1781684804.557659,left,base,1,pelvis,1000,0.001,-0.02280065,0.486162982,0.0158945,0.753219188,-0.647272911,0.117025044,0.00194220354,0.0202415354,0.584797073,-1.31144917,-0.109879602,1.89983291,0.25370915,-0.964092229,1,1,1.34520919e-06,0.000523817386,1174,9.38332,,0.231655605,0.613371469,-0.806108998,-0.346371151,1.12247113,-0.0664976866,-0.522001328
1781684819.967810,2026-06-17T16:26:59.967,1781684803.373821,right,base,1,pelvis,1000,0.001,-0.0467748,-0.468945968,-0.0127495,-0.870957112,-0.440889025,-0.198283742,0.0879439237,0.149417813,-0.489284141,0.955244912,-0.158163431,-1.56511317,0.161410661,0.80283644,1,1,0.0548342414,0.0674217817,11000,150.310943,,0.149417813,-0.489284141,0.955244912,-0.158163431,-1.56511317,0.161410661,0.80283644
1781684819.969900,2026-06-17T16:26:59.969,1781684804.740772,left,base,1,pelvis,1000,0.001,-0.0234228,0.479786582,0.00768,-0.684612816,0.723973764,0.0135980994,0.0835605879,0.0464044337,0.533257817,-1.37311441,-0.0314436882,1.93598064,0.185320858,-0.967006459,1,1,1.17758782e-06,0.000508603758,40,0.301246,,0.0359748988,0.700276037,-1.65294166,-0.580689523,1.59223156,-0.184031585,0.0227958209
1781684820.123626,2026-06-17T16:27:00.123,1781684803.573830,right,base,1,pelvis,1000,0.001,-0.0465678,-0.468629768,-0.012319,-0.870843022,-0.441224056,-0.198957582,0.0858466353,0.149360797,-0.489185319,0.952741832,-0.158187278,-1.5626444,0.161373841,0.802952652,1,1,0.0382240494,0.058962651,11000,152.763842,,0.175135798,-0.538286717,1.40618998,-0.186569398,-2.13073392,0.0831112995,0.812153188
1781684821.754959,2026-06-17T16:27:01.754,1781684821.708305,left,base,1,pelvis,1000,0.001,-0.00768,0.270851882,-0.05335,0.707388045,-0.706824957,-0.000562863772,0.000563312174,0.0831116231,0.549132194,-1.2607633,-0.0938460037,1.77478518,0.135423462,-0.878829485,1,1,2.96389134e-05,0.000534268338,36,0.330478,,0.00105620943,0.0119763587,-1.48503141,-0.0217695243,1.48541882,0.000650146408,0.00937004549
1781684821.771640,2026-06-17T16:27:01.771,1781684821.708305,left,base,1,pelvis,1000,0.001,-0.00768,0.270851882,-0.05335,0.707388045,-0.706824957,-0.000562863772,0.000563312174,0.0831116231,0.549132194,-1.2607633,-0.0938460037,1.77478518,0.135423462,-0.878829485,1,1,2.96389134e-05,0.000534268338,36,0.261228,,0.00105620943,0.0119763587,-1.48503141,-0.0217695243,1.48541882,0.000650146408,0.00937004549
1781684821.788393,2026-06-17T16:27:01.788,1781684821.708305,left,base,1,pelvis,1000,0.001,-0.00768,0.270851882,-0.05335,0.707388045,-0.706824957,-0.000562863772,0.000563312174,0.0831109434,0.549127745,-1.26076515,-0.0938454067,1.77478278,0.135422346,-0.878822127,1,1,2.96388544e-05,0.000534264146,36,0.332902,,0.00105619725,0.0119763429,-1.48503226,-0.0217694954,1.48541966,0.00065014118,0.00937003698
1781684821.805085,2026-06-17T16:27:01.805,1781684821.708305,left,base,1,pelvis,1000,0.001,-0.00768,0.270851882,-0.05335,0.707388045,-0.706824957,-0.000562863772,0.000563312174,0.0831012336,0.549064182,-1.26079169,-0.0938368777,1.77474854,0.135406398,-0.878717025,1,1,2.96380107e-05,0.000534204262,36,0.262519,,0.00105602326,0.0119761176,-1.48504429,-0.0217690816,1.48543166,0.000650066535,0.00936991532
1781684821.956270,2026-06-17T16:27:01.956,1781684821.758488,left,base,1,pelvis,1000,0.001,-0.00660485,0.271136882,-0.054986,0.705467295,-0.708740725,-0.00139771066,0.000726669306,0.0830620166,0.548807457,-1.26089888,-0.09380243,1.77461024,0.135341985,-0.878292525,1,1,0.00164858858,1.35523115e-05,11000,134.061858,,-0.00235452611,-0.000116672697,-1.63416359,0.000599883275,1.62873598,0.00379092488,0.000445740879
1781684821.957482,2026-06-17T16:27:01.957,1781684821.758300,right,base,1,pelvis,1000,0.001,-0.00768,-0.270748118,-0.05335,0.707388045,0.706824957,0.000562863772,0.000563312174,0.149361322,-0.48918623,0.952764894,-0.158187059,-1.56266715,0.161374181,0.802951581,1,1,2.56151833e-05,0.000498427365,38,0.419505,,0.00367380827,-0.0103422403,1.22896507,-0.0198693571,-1.22936691,0.00286803258,-0.00806677922
1781684822.132488,2026-06-17T16:27:02.132,1781684821.824984,left,base,1,pelvis,1000,0.001,-0.00451975,0.270800182,-0.0575775,-0.702175091,0.712002799,0.0014213874,0.00036734477,0.0756564379,0.500328635,-1.28113929,-0.0872974595,1.74849465,0.123178566,-0.798131677,1,1,0.00428948437,0.00101092222,11000,172.674027,,0.00955219235,-0.00173065357,0.0534093756,-0.0282885526,-0.0671221403,0.0186162805,0.00252392025
1781684822.134611,2026-06-17T16:27:02.134,1781684821.841645,right,base,1,pelvis,1000,0.001,-0.00779515,-0.270426768,-0.0534025,-0.706687998,-0.707524837,0.000804748874,0.000176161064,0.149361322,-0.48918623,0.952764894,-0.158187059,-1.56266715,0.161374181,0.802951581,1,1,8.07603791e-05,0.000474678441,38,0.495604,,-0.00218772327,0.00544556584,1.23009531,0.00904748552,-1.22845179,0.00202182701,0.00250634952
1781684822.288730,2026-06-17T16:27:02.288,1781684821.841838,left,base,1,pelvis,1000,0.001,-0.0043176,0.269968582,-0.0576165,-0.701124536,0.71303748,0.00095260358,0.00101447868,0.0533030342,0.356930125,-1.38229552,-0.0621111949,1.71417879,0.0889690138,-0.569305849,1,1,0.00429645406,0.00033944376,11000,152.40205,,-0.00557257687,0.00964150787,-1.54974326,-0.0221627336,1.53227,0.00453188601,0.0148830615
1781684822.290256,2026-06-17T16:27:02.290,1781684821.841645,right,base,1,pelvis,1000,0.001,-0.00779515,-0.270426768,-0.0534025,-0.706687998,-0.707524837,0.000804748874,0.000176161064,0.139285614,-0.456069512,0.971866822,-0.148621045,-1.5396162,0.150411939,0.746861775,1,1,8.08054252e-05,0.000482128549,37,0.313188,,-0.00216770563,0.00540792011,1.23227773,0.0089695796,-1.23064674,0.00206206303,0.00248015138
1781684822.445291,2026-06-17T16:27:02.445,1781684821.924988,left,base,1,pelvis,1000,0.001,-0.0041687,0.268940182,-0.057261,-0.700537536,0.713612633,0.000373048621,0.00200796006,0.048610131,0.318458629,-1.22829564,-0.058483233,1.5231088,0.0814226774,-0.507968932,1,1,0.00389360371,0.00334751225,11000,153.187291,,-0.00527855805,-0.00302012301,-1.37812191,-0.00211936479,1.36145218,0.00167831308,0.00631430868
1781684822.593664,2026-06-17T16:27:02.593,1781684822.024992,right,base,1,pelvis,1000,0.001,-0.0063816,-0.267215118,-0.0546795,0.705681847,0.708510323,0.0050732862,0.000717626816,0.105683887,-0.34645378,1.03319939,-0.111172753,-1.46571067,0.11516739,0.570067844,1,1,0.00129149358,8.90709794e-06,11000,146.14224,,-0.000739196561,0.00513575057,1.43239589,5.3396903e-05,-1.42758507,-0.00586684912,0.00105870144
1781684822.739979,2026-06-17T16:27:02.739,1781684822.091838,left,base,1,pelvis,1000,0.001,-0.00390285,0.264570632,-0.055957,-0.704087586,0.71009081,-0.00111635176,0.00551965705,0.0383025545,0.259710068,-1.289447,-0.0515737162,1.5248516,0.0667951745,-0.408502937,1,1,0.00258628358,1.89482323e-05,11000,145.096227,,-0.00435461185,-0.0135916094,-0.733378166,0.000301446045,0.723965493,-0.00670750445,0.0196200498
1781684822.740410,2026-06-17T16:27:02.740,1781684822.141657,right,base,1,pelvis,1000,0.001,-0.00570355,-0.262972518,-0.053693,-0.707503052,-0.706657802,-0.00859674829,0.000528280633,0.0179761423,-0.0603106139,1.19509512,-0.013469856,-1.27455052,0.0231871707,0.108490641,1,1,0.000536438403,0.000310571911,14,0.13336,,0.00909656342,-0.0182395394,1.2344148,-0.0569642255,-1.2346991,6.37103793e-05,-0.0223878125
1781684822.891361,2026-06-17T16:27:02.891,1781684822.325013,left,base,1,pelvis,1000,0.001,-0.0078701,0.261339482,-0.05638,-0.713649374,0.700483436,0.00122401247,0.00510185247,0.0146617456,0.117190663,-1.33754918,-0.0247469373,1.37320774,0.0314721829,-0.183483091,1,1,0.00308460169,0.00139609186,11000,148.107734,,-0.000622491589,-0.0197766852,0.0298918903,0.00556691778,-0.0117693213,-0.0137417979,0.0289732769
1781684822.898564,2026-06-17T16:27:02.898,1781684822.158330,right,base,1,pelvis,1000,0.001,-0.0053655,-0.261880618,-0.054251,-0.708341736,-0.70581637,-0.0085580491,0.00141290125,0.00353876736,-0.00982402054,1.37815353,-0.0223222057,-1.39260434,0.000774336977,0.0256155617,1,1,0.000926708951,0.0002612095,974,6.407042,,-0.000138040063,0.00242846415,1.38371765,-0.019597257,-1.3861335,-0.00477151799,-0.00758126424
1781684823.047441,2026-06-17T16:27:03.047,1781684822.325013,left,base,1,pelvis,1000,0.001,-0.0078701,0.261339482,-0.05638,-0.713649374,0.700483436,0.00122401247,0.00510185247,0.00511759585,0.0515521413,-0.887774082,-0.0121753645,0.899999097,0.0123101191,-0.0815473342,1,1,0.00309199387,0.00145348637,11000,147.440874,,0.00248519639,-0.0228767646,-1.67179607,0.00553975999,1.6908606,-0.00931586233,0.0261686915
1781684823.201797,2026-06-17T16:27:03.201,1781684822.224999,right,base,1,pelvis,1000,0.001,-0.00522195,-0.259868718,-0.056651,-0.710335599,-0.703821193,-0.00709457673,0.0029549723,0.00858643021,-0.0174671045,1.24760814,-0.0537845398,-1.24919274,0.000128936636,-0.0179817286,1,1,0.00336315686,0.000897876825,11000,152.440789,,-0.00365149755,0.0137887527,1.63586431,-0.00502257631,-1.64518471,-0.00104041177,-0.00459290163
1781684823.350439,2026-06-17T16:27:03.350,1781684822.441883,left,base,1,pelvis,1000,0.001,-0.0088858,0.262223632,-0.056605,-0.716052085,0.698046205,0.000739313276,0.000600573364,0.00256008682,0.0197714202,-0.478905918,-0.00427025023,0.493758601,0.000702628153,-0.0323046242,1,1,0.00331603064,2.48932162e-05,11000,147.224989,,0.00263397673,-0.0162855272,0.651521287,-4.26911738e-05,-0.626924528,-0.00444227704,0.0180808784
1781684823.503279,2026-06-17T16:27:03.503,1781684822.275007,right,base,1,pelvis,1000,0.001,-0.00538565,-0.258266318,-0.0586775,-0.712407527,-0.701734942,-0.00525029011,0.00400266896,-0.000138040063,0.00242846415,1.38371765,-0.019597257,-1.3861335,-0.00477151799,-0.00758126424,1,1,0.00544846063,7.13044274e-05,11000,151.778773,,-0.00363446693,0.0197612992,-0.137277294,-0.00103172559,0.122853591,0.00427445829,-0.0065896975
1781684823.655686,2026-06-17T16:27:03.655,1781684822.525031,left,base,1,pelvis,1000,0.001,-0.00933685,0.262601082,-0.056304,0.71727639,-0.696788736,0.000187956983,4.98574836e-05,0.00250633644,-0.0108380469,-0.887960118,0.00277059306,0.901554111,-0.00648784564,0.00966286031,1,1,0.00312775489,0.00204770241,11000,149.696543,,0.0270878346,-0.0191319247,0.174453595,-0.0436036189,-0.144724469,0.0137169532,0.011777272
1781684823.811773,2026-06-17T16:27:03.811,1781684822.358344,right,base,1,pelvis,1000,0.001,-0.00605525,-0.257496218,-0.0588765,-0.713593017,-0.700532695,-0.0039347841,0.00484420587,-0.00339915298,0.0129728308,1.61775456,-0.00606936326,-1.62657905,-0.00130838837,-0.00480753268,1,1,0.00582216735,0.00161425382,11000,153.56814,,-0.00487914508,-0.00326637323,1.61254003,-0.0450643923,-1.63206726,0.00513042173,-0.0293893557
1781684823.958666,2026-06-17T16:27:03.958,1781684822.758382,left,base,1,pelvis,1000,0.001,-0.00960335,0.263465882,-0.0560345,-0.719630157,0.694348602,-0.00238171107,0.00260458914,0.00256442522,-0.0133171819,-0.387960118,0.00149027427,0.401554111,-0.00555691236,0.0134938798,1,1,0.00267962914,1.59823071e-05,11000,145.415809,,0.00554677441,-0.0137047922,-0.729986048,0.000701311366,0.764756236,-0.015191007,0.0132093974
1781684824.114876,2026-06-17T16:27:04.114,1781684822.441684,right,base,1,pelvis,1000,0.001,-0.0066225,-0.256830668,-0.058943,-0.714529607,-0.699575582,-0.0031007023,0.0056419107,-0.00345593503,0.0146109111,1.19425948,-0.00485376435,-1.20443507,3.87713043e-05,-0.00523757504,1,1,0.00602822731,0.00349209514,11000,154.126443,,0.0097400977,-0.00950455485,1.19047032,-0.0624234268,-1.20820642,0.0159968416,-0.0360634118
1781684824.265865,2026-06-17T16:27:04.265,1781684822.958392,left,base,1,pelvis,1000,0.001,-0.0094082,0.265017832,-0.055042,-0.72083712,0.693079275,-0.00481588336,0.00343119528,0.0173193586,-0.0168157225,-0.388219425,-0.0256412465,0.419613665,0.0060395422,0.012461053,1,1,0.0016402448,8.23285749e-06,11000,148.983025,,0.00670926759,-0.00995050732,-0.172169426,-5.65607705e-05,0.210452015,-0.0202557791,0.00752076315
1781684824.420381,2026-06-17T16:27:04.420,1781684822.441684,right,base,1,pelvis,1000,0.001,-0.0066225,-0.256830668,-0.058943,-0.714529607,-0.699575582,-0.0031007023,0.0056419107,-0.00423331649,0.00484603527,1.4227314,-0.0268174911,-1.43801503,0.0028199171,-0.0184296872,1,1,0.00612485036,0.00309367151,11000,152.828901,,-0.00900059647,0.062204763,1.4210943,0.0737751936,-1.43973663,0.00110730901,0.023287977
1781684824.570641,2026-06-17T16:27:04.570,1781684822.958392,left,base,1,pelvis,1000,0.001,-0.0094082,0.265017832,-0.055042,-0.72083712,0.693079275,-0.00481588336,0.00343119528,0.00808485821,-0.0143754862,-0.23248147,-0.00497795313,0.269882069,-0.0106138545,0.0130480598,1,1,0.00164024431,8.22701683e-06,11000,148.881588,,0.00677119726,-0.00992159314,-0.35452829,-0.000179960701,0.392809741,-0.0202056066,0.00754657779
1781684824.724734,2026-06-17T16:27:04.724,1781684822.625025,right,base,1,pelvis,1000,0.001,-0.00751395,-0.255013918,-0.0591945,-0.715556978,-0.69851412,-0.00252872052,0.00705984241,0.00752435566,-0.00722900462,1.22729959,-0.00440706508,-1.2446468,0.0139073977,-0.0332672602,1,1,0.0063073866,0.00391182966,11000,152.450845,,0.0270749367,0.0269005231,-0.0421274648,-0.054456388,0.0160826221,0.0354123876,-0.0138428337
1781684824.871697,2026-06-17T16:27:04.871,1781684822.958392,left,base,1,pelvis,1000,0.001,-0.0094082,0.265017832,-0.055042,-0.72083712,0.693079275,-0.00481588336,0.00343119528,0.00678102665,-0.0101813408,-0.343741512,-0.000313290132,0.381891646,-0.0197527984,0.00780910012,1,1,0.00164028921,8.18414767e-06,11000,145.331716,,0.00712891959,-0.010071058,0.250622615,-0.000848232355,-0.212342497,-0.0199057965,0.00743455646
1781684825.026430,2026-06-17T16:27:05.026,1781684822.691702,right,base,1,pelvis,1000,0.001,-0.0091595,-0.253279468,-0.0580895,-0.715447009,-0.69862767,-0.00309905683,0.00673436161,-0.00898248638,0.0621286689,0.844724261,0.0440124111,-0.862613428,0.00112133693,0.0232259968,1,1,0.00509161963,0.000749137154,11000,153.17358,,0.0177234942,0.0283167988,0.0219777151,-0.030465345,-0.0439194645,0.0188575855,-0.0156962189
1781684825.175874,2026-06-17T16:27:05.175,1781684823.041734,left,base,1,pelvis,1000,0.001,-0.0093165,0.265552032,-0.054867,-0.720762167,0.693159081,-0.00517108753,0.00237629073,0.00677119851,-0.00992162598,0.156258488,-0.000179977561,-0.118108354,-0.0202055493,0.00754661098,1,1,0.00146342906,7.54159608e-06,11000,146.988217,,0.00623318921,-0.00851669431,-1.19621457,0.000149634615,1.23433478,-0.0188011564,0.00398076444
1781684825.331801,2026-06-17T16:27:05.331,1781684822.808382,right,base,1,pelvis,1000,0.001,-0.0099267,-0.252729868,-0.0569685,-0.715359666,-0.698710303,-0.00360212222,0.00717533067,0.0132272869,0.0404296936,0.344724261,-0.0166400015,-0.362613428,0.0222431032,0.000393241451,1,1,0.00401921195,0.00165722778,11000,154.768556,,-0.0161683937,0.025809543,-0.180969571,0.0354060595,0.156130038,-0.0123476468,-0.0171095403
1781684825.478722,2026-06-17T16:27:05.478,1781684823.041734,left,base,1,pelvis,1000,0.001,-0.0093165,0.265552032,-0.054867,-0.720762167,0.693159081,-0.00517108753,0.00237629073,0.00709974291,-0.01005887,-0.343741512,-0.000793727715,0.381891646,-0.0199302452,0.00744369593,1,1,0.00146345205,7.49747653e-06,11000,144.725004,,0.00667622721,-0.0084022454,-0.0921223343,-0.000757178638,0.130236787,-0.0184392853,0.00408913636
1781684825.634849,2026-06-17T16:27:05.634,1781684822.908382,right,base,1,pelvis,1000,0.001,-0.01070795,-0.252126268,-0.055802,-0.715104448,-0.698959215,-0.00408039833,0.0080619012,0.0169004837,0.0305340096,-0.115569706,0.0038085086,0.0912769651,-0.000629093901,-0.0127511157,1,1,0.002887904,0.000232644746,11000,154.50448,,0.00454160971,0.0080231149,1.53986152,-0.0402865426,-1.561729,0.003029788,-0.0310683643
1781684825.781946,2026-06-17T16:27:05.781,1781684823.241906,left,base,1,pelvis,1000,0.001,-0.0093966,0.265882882,-0.054501,-0.721241381,0.692660992,-0.00522927437,0.00206794045,0.00650273656,-0.00899639841,-0.151624417,-0.000143804577,0.18889825,-0.019152367,0.00505793255,1,1,0.00109692711,5.6972438e-06,11000,144.841804,,0.0060911635,-0.0076206496,0.211741586,0.000445871062,-0.172219773,-0.0186567056,0.00278110831
1781684825.933337,2026-06-17T16:27:05.933,1781684822.908382,right,base,1,pelvis,1000,0.001,-0.01070795,-0.252126268,-0.055802,-0.715104448,-0.698959215,-0.00408039833,0.0080619012,-0.0155633777,0.0258959801,0.384430294,0.0149019253,-0.408723035,-0.0121332485,-0.0170298001,1,1,0.00304155279,0.00138599033,11000,150.8725,,0.0365008417,0.0170788286,0.385989673,-0.0638617666,-0.407146108,0.0280484481,-0.0252021215
1781684825.934144,2026-06-17T16:27:05.934,1781684823.375357,left,base,1,pelvis,1000,0.001,-0.00951335,0.266249182,-0.0542045,-0.721875619,0.691998527,-0.00536689099,0.00219648025,0.00664497908,-0.00850926078,0.199817335,-0.000646701275,-0.16045252,-0.0185677214,0.00426363029,1,1,0.00081551344,0.000330555662,3,0.046692,,-0.000464426557,-0.00576467407,0.200673016,0.0131495554,-0.159592245,-0.0249610349,0.00330165502
1781684826.087487,2026-06-17T16:27:06.087,1781684822.908382,right,base,1,pelvis,1000,0.001,-0.01070795,-0.252126268,-0.055802,-0.715104448,-0.698959215,-0.00408039833,0.0080619012,-0.00414022749,0.0157410658,0.576780122,-0.0381589936,-0.596257511,-0.00351799099,-0.0250061606,1,1,0.00280648358,0.000441354973,11000,151.560633,,0.00334220408,0.0411370156,1.52337645,0.020196887,-1.54499298,0.00263089962,-0.00366983695
1781684826.090131,2026-06-17T16:27:06.090,1781684823.441745,left,base,1,pelvis,1000,0.001,-0.0103127,0.266345032,-0.053395,-0.722655112,0.691181266,-0.00543817075,0.00291092044,0.00235175499,-0.00609189757,0.203286206,0.0117233821,-0.162246895,-0.0244110514,0.00315774922,1,1,9.86152718e-05,0.000661330044,3,0.048824,,0.00196164095,-0.00571733002,0.204369117,0.0121511101,-0.161161836,-0.0270286397,0.00360904196
1781684826.241553,2026-06-17T16:27:06.241,1781684823.225065,right,base,1,pelvis,1000,0.001,-0.0120889,-0.251453068,-0.054131,-0.713244943,-0.700806389,-0.0100444165,0.00715304421,0.0138066994,0.0163318163,1.03928737,-0.043225646,-1.05876476,0.0104216171,-0.0250926961,1,1,0.00106285719,0.00040686808,11000,150.325598,,0.00906110253,0.0307802455,1.64271672,0.00192824147,-1.65959251,-0.0116686183,-0.00432812892
1781684826.243138,2026-06-17T16:27:06.243,1781684823.641920,left,base,1,pelvis,1000,0.001,-0.01046665,0.266209932,-0.053219,-0.722788245,0.691053472,-0.00445955832,0.00153741574,0.00167391845,-0.00575074861,0.204060536,0.0121766519,-0.160857707,-0.0269722663,0.00344687543,1,1,4.08437954e-05,0.000492533149,3,0.05602,,-0.0186883097,-0.00158002468,0.2044163,0.0496350991,-0.160489892,-0.0408669047,0.00603845695
1781684826.386863,2026-06-17T16:27:06.386,1781684823.225065,right,base,1,pelvis,1000,0.001,-0.0120889,-0.251453068,-0.054131,-0.713244943,-0.700806389,-0.0100444165,0.00715304421,0.00834628378,0.0292752688,1.5034254,-0.0101315138,-1.52290279,-0.000314798885,-0.0139141623,1,1,0.00106231268,6.50650909e-06,11000,142.591379,,0.00904266504,0.0297236165,-0.242652571,-0.000106149282,0.226191102,-0.0117406814,-0.00519025649
1781684826.388796,2026-06-17T16:27:06.388,1781684823.725098,left,base,1,pelvis,1000,0.001,-0.01006605,0.266312532,-0.053447,0.7231796,-0.690653289,0.00304833255,8.49946075e-05,-0.0184904683,-0.00160315829,0.204368512,0.0495329881,-0.160675112,-0.0408273977,0.00592744221,1,1,0.000137195836,0.000772054498,3,0.046212,,-0.00694408187,-0.00406816957,0.205006973,0.0247872076,-0.160033657,-0.0241450881,0.00382157615
1781684826.389195,2026-06-17T16:27:06.389,1781684823.508412,right,base,1,pelvis,1000,0.001,-0.01202315,-0.251306718,-0.053197,-0.7134846,-0.700525888,-0.0122714356,0.00725383057,0.00877301622,0.0301737096,1.06675534,-0.00293208215,-1.08623272,-0.00709280102,-0.0081914929,1,1,0.000137923831,0.000448276709,4,0.040869,,0.0128980874,0.0232754183,1.06797588,-0.012630507,-1.08501211,-0.0122819721,-0.00675362129
1781684826.553242,2026-06-17T16:27:06.553,1781684826.358585,left,base,1,pelvis,1000,0.001,-0.00615515,0.443136582,-0.03029,0.822191685,-0.557299464,0.100995332,0.0567281581,-0.0146366703,-0.0038499119,0.204819889,0.0456791902,-0.160197938,-0.0369735998,0.0039194078,1,1,0.0222083158,0.0261586748,11000,146.788639,,-0.0710050617,0.415918973,0.351936238,0.189785403,-0.000343312081,-0.0151529565,-0.60265627
1781684826.702695,2026-06-17T16:27:06.702,1781684826.291906,right,base,1,pelvis,1000,0.001,-0.04115285,-0.413041818,-0.0327365,-0.80647972,-0.587926686,-0.0554352274,0.029319088,0.00877386233,0.0301722973,1.06290154,-0.00292321481,-1.08237893,-0.00710738534,-0.00818207549,1,1,0.00645991878,0.00125355283,11000,148.032496,,0.0778213925,-0.288266576,1.4282622,0.0256900935,-1.7519031,0.00493951762,0.447982237
1781684826.848982,2026-06-17T16:27:06.848,1781684826.358585,left,base,1,pelvis,1000,0.001,-0.00615515,0.443136582,-0.03029,0.822191685,-0.557299464,0.100995332,0.0567281581,-0.0583773564,0.412626687,0.338068578,0.182768518,-0.0126561049,-0.0173812153,-0.496080592,1,1,0.0194150376,0.0171350433,11000,143.862346,,0.0819404005,0.355853605,0.374797445,-0.095480186,0.0323387079,0.135680884,-0.578017392
1781684827.001789,2026-06-17T16:27:07.001,1781684826.391912,right,base,1,pelvis,1000,0.001,-0.0412962,-0.413478518,-0.0328345,-0.807827848,-0.586084391,-0.0550066974,0.0298917614,0.011147913,-0.256252085,1.20983616,-0.0085110777,-1.51671859,-0.0100860617,0.343489001,1,1,0.00710986762,0.00439075871,11000,151.372261,,0.0977399769,-0.34754719,1.19688136,-0.0871717754,-1.5277803,0.00683893367,0.396791703
1781684827.147820,2026-06-17T16:27:07.147,1781684826.408587,left,base,1,pelvis,1000,0.001,-0.00581675,0.443624982,-0.0304025,0.82253731,-0.556957395,0.100810977,0.0553893555,0.0790855985,0.358969048,0.371651533,-0.0951268271,0.0295332116,0.135029116,-0.579003455,1,1,0.0195058833,0.0118752295,11000,143.82258,,0.0790855985,0.358969048,0.371651533,-0.0951268271,0.0295332116,0.135029116,-0.579003455
1781684827.300224,2026-06-17T16:27:07.300,1781684826.558590,right,base,1,pelvis,1000,0.001,-0.0417918,-0.414213918,-0.0326405,-0.810789137,-0.581858649,-0.0555778869,0.031186321,0.0574681313,-0.336837146,1.22206392,-0.0816840025,-1.54773231,0.00035269325,0.415336703,1,1,0.00685961844,0.000407268811,11000,150.451425,,0.0816667328,-0.305192708,0.0395396084,-0.000603577685,-0.378219407,0.0109413116,0.440892969
1781684827.450786,2026-06-17T16:27:07.450,1781684826.558839,left,base,1,pelvis,1000,0.001,-0.00534855,0.444949182,-0.0305785,0.82273819,-0.556668727,0.101575435,0.0538909082,0.0791810243,0.358944796,0.371736661,-0.0951727594,0.0296303816,0.135042667,-0.578927809,1,1,0.0201458287,0.0104895564,11000,148.511672,,0.0791810243,0.358944796,0.371736661,-0.0951727594,0.0296303816,0.135042667,-0.578927809
1781684827.605646,2026-06-17T16:27:07.605,1781684826.691944,right,base,1,pelvis,1000,0.001,-0.0420199,-0.414646218,-0.033382,-0.812040262,-0.579994624,-0.0578212136,0.0292156961,0.0918232777,-0.345973681,0.72206392,-0.0282956508,-1.04773231,0.00588598172,0.401100245,1,1,0.00819970746,0.0181908037,11000,154.326512,,0.124683338,-0.341095962,0.712793605,-0.101374546,-1.0545921,0.0280343318,0.397651828
1781684827.754832,2026-06-17T16:27:07.754,1781684826.558839,left,base,1,pelvis,1000,0.001,-0.00534855,0.444949182,-0.0305785,0.82273819,-0.556668727,0.101575435,0.0538909082,0.0790855985,0.358969048,0.371651533,-0.0951268271,0.0295332116,0.135029116,-0.579003455,1,1,0.0201491938,0.0103434546,11000,148.247466,,0.0790855985,0.358969048,0.371651533,-0.0951268271,0.0295332116,0.135029116,-0.579003455
1781684827.906506,2026-06-17T16:27:07.906,1781684826.691944,right,base,1,pelvis,1000,0.001,-0.0420199,-0.414646218,-0.033382,-0.812040262,-0.579994624,-0.0578212136,0.0292156961,0.104877287,-0.336535686,0.688991189,-0.0989189094,-1.02846707,0.0243102925,0.405618247,1,1,0.00905244324,0.014412133,11000,149.916762,,0.0336069686,-0.320271496,-0.241090332,0.0948307194,-0.0980614869,-0.0403886116,0.461916356
1781684828.052333,2026-06-17T16:27:08.052,1781684826.558839,left,base,1,pelvis,1000,0.001,-0.00534855,0.444949182,-0.0305785,0.82273819,-0.556668727,0.101575435,0.0538909082,0.0790855985,0.358969048,0.371651533,-0.0951268271,0.0295332116,0.135029116,-0.579003455,1,1,0.0201491938,0.0103434546,11000,144.845135,,0.0790855985,0.358969048,0.371651533,-0.0951268271,0.0295332116,0.135029116,-0.579003455
1781684828.230133,2026-06-17T16:27:08.230,1781684826.691944,right,base,1,pelvis,1000,0.001,-0.0420199,-0.414646218,-0.033382,-0.812040262,-0.579994624,-0.0578212136,0.0292156961,0.0603565368,-0.340662231,0.188991189,0.0803240523,-0.528467074,-0.0349502894,0.442197512,1,1,0.00821219786,0.00952959986,11000,175.940211,,0.0267247782,-0.294355058,0.197837345,0.0978082075,-0.518127028,-0.0311307914,0.460493405
1781684828.378103,2026-06-17T16:27:08.378,1781684826.608649,left,base,1,pelvis,1000,0.001,-0.0044255,0.445886882,-0.0310885,0.822707503,-0.556658495,0.102257525,0.0531703181,0.0790855985,0.358969048,0.371651533,-0.0951268271,0.0295332116,0.135029116,-0.579003455,1,1,0.0210272595,0.0106074709,11000,145.894678,,0.0790855985,0.358969048,0.371651533,-0.0951268271,0.0295332116,0.135029116,-0.579003455
1781684828.530019,2026-06-17T16:27:08.530,1781684826.808612,right,base,1,pelvis,1000,0.001,-0.0421144,-0.414822268,-0.0332035,-0.81280702,-0.578821005,-0.0586000284,0.0296146821,0.0327075837,-0.301273993,0.191368337,0.0945652821,-0.510964556,-0.0321892489,0.459299432,1,1,0.00774904625,0.000463937137,11000,151.004584,,0.0835762567,-0.306490136,-1.04311001,0.000747568813,0.69482969,0.00559242791,0.445382748
1781684828.676985,2026-06-17T16:27:08.676,1781684826.692192,left,base,1,pelvis,1000,0.001,-0.00395965,0.446771082,-0.0319415,0.822738882,-0.556695983,0.102501296,0.051805399,0.0790855985,0.358969048,0.371651533,-0.0951268271,0.0295332116,0.135029116,-0.579003455,1,1,0.022204609,0.0102290196,11000,145.513856,,0.0790855985,0.358969048,0.371651533,-0.0951268271,0.0295332116,0.135029116,-0.579003455
1781684828.832148,2026-06-17T16:27:08.832,1781684826.808612,right,base,1,pelvis,1000,0.001,-0.0421144,-0.414822268,-0.0332035,-0.81280702,-0.578821005,-0.0586000284,0.0296146821,0.0526846707,-0.299647725,-0.308631663,0.0035345903,-0.0109645559,-5.78079664e-05,0.457472634,1,1,0.00887823422,0.0067920204,11000,154.168297,,0.0252990486,-0.318728275,-0.195189388,0.105280546,-0.137955845,-0.0391661411,0.459378147
1781684828.982704,2026-06-17T16:27:08.982,1781684826.741952,left,base,1,pelvis,1000,0.001,-0.0036514,0.447324082,-0.0321885,0.822712767,-0.556799926,0.102788568,0.0505178741,0.0790855985,0.358969048,0.371651533,-0.0951268271,0.0295332116,0.135029116,-0.579003455,1,1,0.0226948339,0.0107416688,11000,148.129426,,0.0790855985,0.358969048,0.371651533,-0.0951268271,0.0295332116,0.135029116,-0.579003455
1781684829.139559,2026-06-17T16:27:09.139,1781684826.808612,right,base,1,pelvis,1000,0.001,-0.0421144,-0.414822268,-0.0332035,-0.81280702,-0.578821005,-0.0586000284,0.0296146821,0.0375911929,-0.315843962,-0.206726182,0.0985879136,-0.124937853,-0.036680031,0.450355323,1,1,0.00868269455,0.00588829036,11000,155.754208,,0.0267850498,-0.318522532,-0.206489831,0.101640855,-0.12548148,-0.0345536894,0.455033742
1781684829.322734,2026-06-17T16:27:09.322,1781684826.825477,left,base,1,pelvis,1000,0.001,-0.00387395,0.447579182,-0.0323635,0.822764577,-0.556749725,0.103115706,0.0495514474,0.0790855985,0.358969048,0.371651533,-0.0951268271,0.0295332116,0.135029116,-0.579003455,1,1,0.0229470543,0.0115556451,11000,180.818643,,0.0790855985,0.358969048,0.371651533,-0.0951268271,0.0295332116,0.135029116,-0.579003455
1781684829.493953,2026-06-17T16:27:09.493,1781684827.108636,right,base,1,pelvis,1000,0.001,-0.04345465,-0.413922618,-0.032111,-0.814584937,-0.576297219,-0.0571585774,0.0326464777,0.0268322941,-0.318368504,-0.20482804,0.101728678,-0.126959167,-0.0348229078,0.455652079,1,1,0.00719567214,0.00213210305,11000,169.400102,,0.127292178,-0.297461944,-0.221026222,-0.0753283733,-0.143315631,0.0460397618,0.444704857
1781684829.657862,2026-06-17T16:27:09.657,1781684826.992479,left,base,1,pelvis,1000,0.001,-0.0048233,0.447242032,-0.0315145,0.824391643,-0.554518524,0.102356726,0.0490991479,0.0790855985,0.358969048,0.371651533,-0.0951268271,0.0295332116,0.135029116,-0.579003455,1,1,0.0219842874,0.00897444871,11000,161.090204,,0.0790855985,0.358969048,0.371651533,-0.0951268271,0.0295332116,0.135029116,-0.579003455
1781684829.812993,2026-06-17T16:27:09.812,1781684827.258649,right,base,1,pelvis,1000,0.001,-0.04426435,-0.413710918,-0.032105,-0.816738731,-0.573243629,-0.0567856568,0.0332411883,0.126716836,-0.298091569,-0.220432395,-0.0752622407,-0.14273713,0.0459281288,0.444926785,1,1,0.00737934786,0.00222258769,11000,153.007211,,0.0370297746,-0.316273063,-0.210038705,0.0888150011,-0.132714283,-0.0249406204,0.455012133
1781684831.811352,2026-06-17T16:27:11.811,1781684831.725850,left,base,1,pelvis,1000,0.001,-0.00316825477,0.471883906,0.0268667968,0.837152985,-0.498531134,0.203643708,0.0957644412,0.0790855985,0.358969048,0.371651533,-0.0951268271,0.0295332116,0.135029116,-0.579003455,1,1,6.03745051e-05,0.000490494753,25,0.276969,,0.123270863,0.477841371,0.422280987,-0.102020663,0.104826151,0.189714728,-0.915462847
1781684831.827931,2026-06-17T16:27:11.827,1781684831.725850,left,base,1,pelvis,1000,0.001,-0.00316825477,0.471883906,0.0268667968,0.837152985,-0.498531134,0.203643708,0.0957644412,0.0790855985,0.358969048,0.371651533,-0.0951268271,0.0295332116,0.135029116,-0.579003455,1,1,6.03745051e-05,0.000490494753,25,0.24328,,0.123270863,0.477841371,0.422280987,-0.102020663,0.104826151,0.189714728,-0.915462847
1781684831.828629,2026-06-17T16:27:11.828,1781684831.742260,right,base,1,pelvis,1000,0.001,-0.0178917349,-0.428881555,0.0112782123,-0.857699678,-0.457349506,-0.205873202,0.113132298,0.0374234857,-0.316180637,-0.210407673,0.0886020809,-0.13309431,-0.0248626867,0.45472253,1,1,1.72050642e-05,0.000517113877,40,0.36318,,0.00348274104,-0.447297738,-0.322684945,0.160091243,-0.211410466,0.0890475855,0.890660376
1781684831.844762,2026-06-17T16:27:11.844,1781684831.742501,left,base,1,pelvis,1000,0.001,-0.00350335477,0.473430306,0.0259132968,0.837623065,-0.498699215,0.201650883,0.0949927049,0.0790879951,0.358975496,0.371654279,-0.0951272011,0.0295372955,0.135032082,-0.579021705,1,1,0.000705635503,0.000392854068,26,0.258207,,0.042596329,0.509919122,0.403385164,0.0396729943,0.0843431581,0.127284699,-0.919389072
1781684831.845547,2026-06-17T16:27:11.845,1781684831.742260,right,base,1,pelvis,1000,0.001,-0.0178917349,-0.428881555,0.0112782123,-0.857699678,-0.457349506,-0.205873202,0.113132298,0.0374234857,-0.316180637,-0.210407673,0.0886020809,-0.13309431,-0.0248626867,0.45472253,1,1,1.72050642e-05,0.000517113877,40,0.366222,,0.00348274104,-0.447297738,-0.322684945,0.160091243,-0.211410466,0.0890475855,0.890660376
1781684832.012018,2026-06-17T16:27:12.012,1781684831.759099,left,base,1,pelvis,1000,0.001,-0.00362380477,0.474414156,0.0253847968,0.838145778,-0.498734066,0.199645567,0.0944332212,0.0791217642,0.359066345,0.371692974,-0.0951324698,0.029594839,0.135073877,-0.579278848,1,1,0.00113412499,0.000341216721,11000,149.96949,,0.0705459781,0.50085198,0.235649826,-0.00954052661,0.265290471,0.151267438,-0.913136679
1781684832.012625,2026-06-17T16:27:12.012,1781684831.758920,right,base,1,pelvis,1000,0.001,-0.0183278749,-0.430582505,0.0103872123,-0.857773587,-0.456920991,-0.20648896,0.113181229,0.037422278,-0.316185303,-0.210411669,0.0886046248,-0.133097096,-0.0248586333,0.454738042,1,1,9.13413769e-05,0.000514305591,37,0.283633,,0.0717335451,-0.427880807,-0.337213935,0.0420571159,-0.227503192,0.141822653,0.883069884
1781684832.157429,2026-06-17T16:27:12.157,1781684831.809120,left,base,1,pelvis,1000,0.001,-0.00383215477,0.475388056,0.0251212968,0.838970913,-0.498485792,0.197052035,0.0938627632,0.0681655312,0.404316406,0.381199418,-0.0546959886,0.0460172399,0.132737421,-0.681298902,1,1,0.00127292182,0.000140463065,11000,142.973351,,0.0639810494,0.502840735,-0.754293777,0.000163407999,1.25165157,0.149820621,-0.90921042
1781684832.158110,2026-06-17T16:27:12.158,1781684831.808922,right,base,1,pelvis,1000,0.001,-0.0187107584,-0.428867555,0.0115667123,-0.858100818,-0.455868518,-0.207083207,0.113857044,0.03052018,-0.342848922,-0.233244071,0.103142467,-0.149023258,-0.00169414864,0.543389183,1,1,1.86686713e-05,0.000511030229,37,0.320359,,0.00871770445,-0.446887496,-0.324561051,0.154932849,-0.21378903,0.0917682404,0.894374739
1781684832.304478,2026-06-17T16:27:12.304,1781684831.842431,left,base,1,pelvis,1000,0.001,-0.00399670477,0.476458706,0.0248957968,0.83989065,-0.498062119,0.194371091,0.0934756665,0.0696639515,0.465082669,0.289580294,-0.0262719729,0.184043195,0.144401514,-0.827233864,1,1,0.00165527209,0.000990840266,11000,145.242485,,0.0771970893,0.50133706,0.239859753,-0.0221386814,0.263951013,0.163516096,-0.903326363
1781684832.305039,2026-06-17T16:27:12.305,1781684831.808922,right,base,1,pelvis,1000,0.001,-0.0187107584,-0.428867555,0.0115667123,-0.858100818,-0.455868518,-0.207083207,0.113857044,0.0497206708,-0.382463593,-0.281681572,0.0746840115,-0.185585505,0.0651674877,0.701639696,1,1,2.3325301e-05,0.000505019419,26,0.245798,,0.00832629324,-0.446914544,-0.323478362,0.155502363,-0.214614072,0.0916149849,0.894393411
1781684832.452898,2026-06-17T16:27:12.452,1781684831.842431,left,base,1,pelvis,1000,0.001,-0.00399670477,0.476458706,0.0248957968,0.83989065,-0.498062119,0.194371091,0.0934756665,0.0682755782,0.474307232,0.0345544597,-0.019813622,0.444867487,0.14572544,-0.847261317,1,1,0.00170879109,0.00111482307,11000,146.23793,,0.0917288663,0.50299796,0.0502481807,-0.0454855503,0.460730394,0.172332726,-0.896088656
1781684832.453372,2026-06-17T16:27:12.453,1781684831.808922,right,base,1,pelvis,1000,0.001,-0.0187107584,-0.428867555,0.0115667123,-0.858100818,-0.455868518,-0.207083207,0.113857044,0.0181064335,-0.432135915,-0.314742644,0.136557725,-0.207331076,0.0856772845,0.850242881,1,1,2.70976476e-05,0.000528784912,10,0.115565,,0.00770691309,-0.44712694,-0.323724718,0.156437355,-0.213977126,0.091580873,0.894190113
1781684832.603524,2026-06-17T16:27:12.603,1781684831.925775,left,base,1,pelvis,1000,0.001,-0.00497145477,0.477259406,0.0249437968,0.841287211,-0.49659925,0.193918751,0.0895574194,0.071963082,0.485479397,0.119412735,-0.0207746324,0.370089776,0.153078803,-0.870434529,1,1,0.00120873568,0.000132486509,11000,147.551332,,0.0666249621,0.503997125,-2.1181245,-0.000157273342,2.62338047,0.148424676,-0.899986702
1781684832.759756,2026-06-17T16:27:12.759,1781684831.925595,right,base,1,pelvis,1000,0.001,-0.0220712534,-0.434330605,0.00928871235,-0.86076588,-0.449287587,-0.20846295,0.11732844,0.00840847353,-0.446790362,-0.323404958,0.155343175,-0.214552874,0.0915650917,0.894022424,1,1,0.00367353195,0.00295202646,11000,154.920185,,0.109608801,-0.424311608,-0.348137084,-0.010903165,-0.239898366,0.17493649,0.891953518
1781684832.909699,2026-06-17T16:27:12.909,1781684831.925775,left,base,1,pelvis,1000,0.001,-0.00497145477,0.477259406,0.0249437968,0.841287211,-0.49659925,0.193918751,0.0895574194,0.0839872341,0.496136493,0.0773377478,-0.0358070657,0.425229332,0.164791574,-0.886040746,1,1,0.00120874012,0.000132496122,11000,148.124092,,0.0670015446,0.504071592,2.66245759,0.000586086255,-2.15699197,0.148633059,-0.899799087
1781684833.062218,2026-06-17T16:27:13.062,1781684831.958930,right,base,1,pelvis,1000,0.001,-0.0225270054,-0.437956805,0.00816971235,-0.861587462,-0.447960654,-0.208264094,0.116723454,0.00770691309,-0.44712694,-0.323724718,0.156437355,-0.213977126,0.091580873,0.894190113,1,1,0.00611724187,0.00269652547,11000,151.324886,,0.0991670453,-0.433104637,-0.34729262,0.00925862599,-0.23828286,0.169653093,0.897472939
1781684833.063615,2026-06-17T16:27:13.063,1781684831.975607,left,base,1,pelvis,1000,0.001,-0.00590730477,0.475514656,0.0268087968,0.841193092,-0.496448247,0.195683713,0.08741398,0.0789565551,0.498414094,-0.422662252,-0.0254776191,0.925229332,0.160049302,-0.890081555,1,1,3.60585097e-05,0.000768089839,7,0.112978,,0.147885452,0.532011175,-0.395766107,-0.134590987,0.952110431,0.176710268,-0.850917513
1781684833.270839,2026-06-17T16:27:13.270,1781684832.092271,right,base,1,pelvis,1000,0.001,-0.0262245946,-0.450812105,0.00524921235,-0.863027642,-0.447163586,-0.208154608,0.109085633,0.109553254,-0.424324045,-0.348123776,-0.0108119457,-0.239884237,0.174891052,0.891954738,1,1,0.0147556047,0.0106972762,11000,205.871009,,0.0886314327,-0.457978663,-0.343780833,0.0470468673,-0.240518573,0.154189451,0.922161678
1781684833.273507,2026-06-17T16:27:13.273,1781684832.059142,left,base,1,pelvis,1000,0.001,-0.00749780477,0.475203206,0.0277787968,0.840745458,-0.496514272,0.198558686,0.0848239358,0.0779586587,0.49888633,-0.289911591,-0.0233020562,0.793434683,0.159096377,-0.890892687,1,1,7.01312492e-05,0.000532138086,8,0.148018,,0.180567185,0.528030333,-0.252733619,-0.172727702,0.830398531,0.183575574,-0.846719963
1781684833.437253,2026-06-17T16:27:13.437,1781684832.258950,right,base,1,pelvis,1000,0.001,-0.0354846124,-0.461879805,0.00541871235,-0.869134721,-0.430390568,-0.217505504,0.109818722,0.0991670453,-0.433104637,-0.34729262,0.00925862599,-0.23828286,0.169653093,0.897472939,1,1,0.0225606996,0.0366446941,11000,161.734018,,0.165704185,-0.439160898,-0.365049038,-0.0780043359,-0.256132425,0.209307485,0.915417029
1781684833.438516,2026-06-17T16:27:13.438,1781684832.125793,left,base,1,pelvis,1000,0.001,-0.00835150477,0.477442756,0.0295342968,0.840586745,-0.495389248,0.202177056,0.0844266319,0.0883630252,0.503814957,-0.305661622,-0.0398606709,0.817043955,0.161717138,-0.884944805,1,1,4.10236225e-05,0.000545573568,8,0.08917,,0.181709393,0.534281588,-0.270369128,-0.168257328,0.852254767,0.178456501,-0.858821137
1781684833.594562,2026-06-17T16:27:13.594,1781684832.558965,right,base,1,pelvis,1000,0.001,-0.0545819979,-0.493300005,0.00616771235,-0.885171726,-0.380135725,-0.228935256,0.139844533,0.0886433635,-0.457950495,-0.34378481,0.0470040747,-0.240516041,0.154206962,0.922133719,1,1,0.0434910408,0.0789733879,11000,154.548829,,0.0818437097,-0.535026819,-0.344766661,0.144324046,-0.254786454,0.162511372,1.03683237
1781684833.784439,2026-06-17T16:27:13.784,1781684832.209145,left,base,1,pelvis,1000,0.001,-0.00974106977,0.493441706,0.0256712968,0.842281705,-0.490818531,0.20489465,0.0876178143,0.102433915,0.507510364,-0.297584502,-0.0601369504,0.819081941,0.165052862,-0.879111472,1,1,0.0114998407,0.0225440844,11000,187.345386,,0.139982328,0.544696261,-0.286686735,-0.107091889,0.828080733,0.186811147,-0.901250382
1781684833.934806,2026-06-17T16:27:13.934,1781684832.658973,right,base,1,pelvis,1000,0.001,-0.0581565029,-0.493797555,0.00559371235,-0.891345213,-0.362593458,-0.233683222,0.13936229,0.156001404,-0.441526709,-0.362371645,-0.0622644411,-0.254166155,0.202369741,0.916262732,1,1,0.0515426942,0.0171976518,11000,148.870082,,0.331574519,-0.477141336,-0.420648216,-0.228576577,-0.367339107,0.388239495,1.04107839
1781684834.085811,2026-06-17T16:27:14.085,1781684832.209145,left,base,1,pelvis,1000,0.001,-0.00974106977,0.493441706,0.0256712968,0.842281705,-0.490818531,0.20489465,0.0876178143,0.132963492,0.517820161,-0.287103659,-0.101774914,0.831857043,0.170214703,-0.871297513,1,1,0.0127543748,0.0165805856,11000,149.197609,,-0.0034603927,0.497660409,-0.326180975,0.134035448,0.792218324,0.104234736,-0.971973978
1781684834.243961,2026-06-17T16:27:14.243,1781684832.892318,right,base,1,pelvis,1000,0.001,-0.0616021279,-0.543949705,-0.0121662877,-0.900037445,-0.335304837,-0.248322783,0.125853327,0.0818465337,-0.535023258,-0.344767332,-0.0661757744,-0.25478643,0.16251289,1.03682778,1,1,0.0968007844,0.0707732856,11000,157.030507,,0.12262381,-0.620076275,-0.0839523513,0.161830251,-0.605571676,0.235194892,1.23188725
1781684834.392470,2026-06-17T16:27:14.392,1781684832.325801,left,base,1,pelvis,1000,0.001,-0.0158999048,0.512033306,0.0218027968,0.845961069,-0.480413251,0.214591417,0.0866227536,0.136238111,0.530359133,-0.286909144,-0.104255534,0.830095216,0.177957729,-0.885271943,1,1,0.0343911131,0.0493711722,11000,147.083463,,0.136238111,0.530359133,-0.286909144,-0.104255534,0.830095216,0.177957729,-0.885271943
1781684834.545049,2026-06-17T16:27:14.545,1781684832.992321,right,base,1,pelvis,1000,0.001,-0.0628659779,-0.561501405,-0.0200277877,-0.904066089,-0.323565265,-0.2548904,0.114021532,0.322078477,-0.479342327,-0.417762804,-0.113542759,-0.36305923,0.285410106,1.04091676,1,1,0.118837173,0.0253823577,11000,151.797873,,0.176415326,-0.651261616,0.949814502,-0.17730999,-1.79859066,0.368780596,0.973757946
1781684834.697840,2026-06-17T16:27:14.697,1781684832.392478,left,base,1,pelvis,1000,0.001,-0.0154246498,0.521793306,0.0186757968,0.848639219,-0.47233304,0.22033228,0.0903695822,0.0509824284,0.510403643,-0.310876092,-0.0781339822,0.806979576,0.132965808,-0.934375272,1,1,0.0421514264,0.0873827053,11000,150.62311,,-0.0176718616,0.54055181,-0.336060019,0.155348701,0.767400886,0.0953021546,-1.09447391
1781684834.850950,2026-06-17T16:27:14.850,1781684833.042323,right,base,1,pelvis,1000,0.001,-0.0629881479,-0.564782855,-0.0222892877,-0.905913169,-0.318518935,-0.255578402,0.112012046,0.130654079,-0.614410168,-0.0973919346,-0.0438882437,-0.595807853,0.237216613,1.15566931,1,1,0.112610503,0.108355029,11000,151.64865,,0.337216969,-0.578137474,-0.564901426,-0.0976015058,-0.423571193,0.334035632,1.15899839
1781684834.999322,2026-06-17T16:27:14.999,1781684832.492487,left,base,1,pelvis,1000,0.001,-0.00679415477,0.551728456,0.0050487968,0.858263802,-0.449358288,0.231735151,0.0880862894,0.0276636615,0.526494996,-0.292305645,0.130234461,0.800059827,0.102159758,-1.05145061,1,1,0.0727733207,0.0741043154,11000,146.563833,,0.0276636615,0.526494996,-0.292305645,0.130234461,0.800059827,0.102159758,-1.05145061
1781684835.153827,2026-06-17T16:27:15.153,1781684833.125662,right,base,1,pelvis,1000,0.001,-0.0637464829,-0.569547905,-0.0234232877,-0.907554563,-0.312093971,-0.257939491,0.111396985,0.16354082,-0.6408938,0.163838464,-0.139773008,-0.937598536,0.331766278,1.02493704,1,1,0.132557483,0.196526637,11000,152.759699,,0.16354082,-0.6408938,0.163838464,-0.139773008,-0.937598536,0.331766278,1.02493704
1781684835.309820,2026-06-17T16:27:15.309,1781684832.576037,left,base,1,pelvis,1000,0.001,-0.00866458477,0.562202956,0.000986296797,0.866256475,-0.432471952,0.23688974,0.0803180049,0.0250461142,0.529248027,-0.294625947,0.13035501,0.79672474,0.101581785,-1.05193233,1,1,0.0825989479,0.120510594,11000,153.872874,,0.0250461142,0.529248027,-0.294625947,0.13035501,0.79672474,0.101581785,-1.05193233
1781684835.464233,2026-06-17T16:27:15.464,1781684833.342340,right,base,1,pelvis,1000,0.001,-0.0648658679,-0.579645105,-0.0247482877,-0.914118845,-0.298571386,-0.254789574,0.101607761,0.289562403,-0.595357026,-0.0122147097,-0.115945941,-0.71542811,0.33341295,1.0574236,1,1,0.133735399,0.0769068407,11000,153.31564,,-2.79,-2.7053525,1.59858532,-0.2210284,0.619322179,0.287497741,1.23228096
1781684835.616575,2026-06-17T16:27:15.616,1781684832.592491,left,base,1,pelvis,1000,0.001,-0.00794700477,0.565728056,0.000298296797,0.868177437,-0.428457911,0.237555896,0.0791135421,0.0276636615,0.526494996,-0.292305645,0.130234461,0.800059827,0.102159758,-1.05145061,1,1,0.0932399783,0.0983731589,11000,150.478281,,0.0529452848,0.661776716,-1.33783036,-0.122902003,1.97541976,0.303195762,-1.03080294
1781684835.775432,2026-06-17T16:27:15.775,1781684833.375677,right,base,1,pelvis,1000,0.001,-0.0651438629,-0.580640655,-0.0250332877,-0.91433418,-0.297655427,-0.255255939,0.101186264,-0.0459796435,-1.09535703,0.151603949,-0.138117186,-0.922159182,0.331880711,1.02719463,1,1,0.136262454,0.0861134722,11000,157.8136,,-2.79,-2.29276274,-1.92392377,-0.519873224,-2.25932499,0.297703191,0.88112476
1781684835.932315,2026-06-17T16:27:15.932,1781684832.609181,left,base,1,pelvis,1000,0.001,-0.00808835477,0.566439456,0.000798796797,0.869709198,-0.425259594,0.238138435,0.0777835128,0.0250461142,0.529248027,-0.294625947,0.13035501,0.79672474,0.101581785,-1.05193233,1,1,0.0863689665,0.137418082,11000,154.41548,,0.0250461142,0.529248027,-0.294625947,0.13035501,0.79672474,0.101581785,-1.05193233
1781684836.089829,2026-06-17T16:27:16.089,1781684833.592358,right,base,1,pelvis,1000,0.001,-0.0702783679,-0.587690555,-0.0176627877,-0.914993726,-0.294105276,-0.259219501,0.0953615186,-0.545979643,-1.59535703,-0.327746688,-0.25580112,-0.549578031,0.318058332,1.09106555,1,1,0.127451157,0.141327433,11000,156.233224,,0.124466497,-0.632192001,0.204357048,0.0830255127,-1.01839507,0.286651737,1.20693981
1781684836.238900,2026-06-17T16:27:16.238,1781684832.692519,left,base,1,pelvis,1000,0.001,-0.0122036948,0.572385206,0.0019012968,0.87730988,-0.408664251,0.241989937,0.069005618,0.031465016,0.559739566,-0.534641208,0.0720869012,1.067913,0.147968122,-1.04707098,1,1,0.0841129938,0.128703387,11000,147.079442,,0.0912003935,0.626382156,-1.56997079,-0.0206962128,2.25240967,0.14660296,-1.08895846
1781684836.392772,2026-06-17T16:27:16.392,1781684833.775712,right,base,1,pelvis,1000,0.001,-0.0744292579,-0.595729405,-0.0154462877,-0.916403564,-0.292253318,-0.25895972,0.0879338979,-0.470109048,-1.21520874,-0.406516837,-0.219524097,-1.04957803,0.309966949,1.00761187,1,1,0.138531293,0.142088453,11000,152.801564,,-2.79,-2.68620654,1.68285947,-0.217520812,0.650273819,0.320511606,1.23872682
1781684836.546623,2026-06-17T16:27:16.546,1781684832.842510,left,base,1,pelvis,1000,0.001,-0.0160010498,0.588305006,-0.0040707032,0.888095372,-0.384648577,0.245450419,0.0555533488,0.0258547189,0.53308912,-0.324861254,0.123014834,0.830886986,0.107425185,-1.05131993,1,1,0.113784973,0.166732767,11000,152.099334,,0.00254796082,0.671762084,0.0604330229,0.227459432,0.537530448,0.237669672,-1.29500874
1781684836.700875,2026-06-17T16:27:16.700,1781684833.842383,right,base,1,pelvis,1000,0.001,-0.0768148579,-0.600720705,-0.0154787877,-0.917623657,-0.288922699,-0.259090421,0.0858058998,-0.970109048,-1.71520874,0.0934831628,-0.0983235728,-0.549578031,0.298642769,1.10442529,1,1,0.173765063,0.199632136,11000,152.929441,,0.144785633,-0.695215741,1.21285747,-0.298103652,-2.12673358,0.1852767,0.970761651
1781684836.852837,2026-06-17T16:27:16.852,1781684832.892518,left,base,1,pelvis,1000,0.001,-0.0178529198,0.590700556,-0.0038142032,0.890420615,-0.378306735,0.247446909,0.0529638512,0.0593499886,0.580909812,-0.824861254,0.0493505818,1.33088699,0.127507159,-1.07061291,1,1,0.106406922,0.137198852,11000,150.667529,,0.152691562,0.66132704,-0.792014949,-0.165875652,1.74458911,0.295442173,-0.943833706
1781684837.006592,2026-06-17T16:27:17.006,1781684833.859053,right,base,1,pelvis,1000,0.001,-0.0777081679,-0.605907155,-0.0170807877,-0.91815445,-0.288006913,-0.258684062,0.0844214383,-0.470109048,-1.21520874,0.593483163,-0.208582766,-1.04957803,0.238966953,1.06688062,1,1,0.141823936,0.279527616,11000,152.037368,,-2.77787487,-2.52198212,1.61751786,0.0336832919,0.733940672,0.324912532,1.01640546
1781684837.158817,2026-06-17T16:27:17.158,1781684832.925895,left,base,1,pelvis,1000,0.001,-0.0207519448,0.595620956,-0.0029562032,0.893809332,-0.369601881,0.248824471,0.0508498827,0.0172122676,0.648307189,-0.324861254,-0.0539570235,0.830886986,0.209229545,-1.10838801,1,1,0.108947179,0.163955954,11000,150.519541,,-2.79,2.46147548,-2.79,-0.16467406,0.468722639,0.240956336,-1.05409594
1781684837.313904,2026-06-17T16:27:17.313,1781684833.925720,right,base,1,pelvis,1000,0.001,-0.0797906529,-0.626653805,-0.0223747877,-0.920028975,-0.284663407,-0.257277591,0.0795089442,-0.970109048,-1.71520874,1.09348316,-0.236443106,-0.549578031,0.213660835,1.02157635,1,1,0.20365847,0.307283111,11000,153.229594,,-2.69670377,-2.56764498,-2.65299973,-0.194623297,-1.40355092,0.469888392,1.24071666
1781684837.465552,2026-06-17T16:27:17.465,1781684832.942508,left,base,1,pelvis,1000,0.001,-0.0211904948,0.598684956,-0.0036562032,0.895470021,-0.365738101,0.248687055,0.0502377456,0.123581119,0.658529464,-0.665626071,-0.14182769,1.33088699,0.276917661,-0.979191499,1,1,0.0986781639,0.0396910448,11000,150.084017,,0.249338597,0.490471914,-1.89703214,0.215190431,2.79,0.297028226,-1.06673523
1781684837.620874,2026-06-17T16:27:17.620,1781684834.075729,right,base,1,pelvis,1000,0.001,-0.0834635779,-0.615304605,-0.0190737877,-0.923201048,-0.277846395,-0.255324375,0.0728743387,-1.47010905,-2.20258582,0.593483163,-0.126876321,-0.0495780309,0.258785973,1.01947897,1,1,0.14348503,0.125571916,11000,153.725656,,-2.79,-2.26915483,-1.76446224,-0.464559968,-2.38083026,0.283871246,0.906764133
1781684837.773289,2026-06-17T16:27:17.773,1781684832.975882,left,base,1,pelvis,1000,0.001,-0.0208076948,0.603838156,-0.0071712032,0.897151624,-0.361785172,0.248475496,0.04990371,-0.376418881,1.13919636,-1.16562607,-0.147918551,1.25256856,0.267330342,-0.999161085,1,1,0.0921312015,0.134454679,11000,150.679443,,0.142539818,0.603878557,1.6170044,-0.00107008858,-0.697496745,0.172739652,-0.963312451
1781684837.928693,2026-06-17T16:27:17.928,1781684834.142398,right,base,1,pelvis,1000,0.001,-0.0872732729,-0.598176705,-0.00797878765,-0.923690068,-0.2745002,-0.256625245,0.0747648443,-1.97010905,-2.29767237,0.0934831628,-0.291193345,-0.549578031,0.313771582,1.06545764,1,1,0.126862517,0.232981625,11000,153.64551,,0.241883118,-0.670527725,0.581996486,-0.170060178,-1.37628384,0.341104923,1.0002612
1781684838.080464,2026-06-17T16:27:18.080,1781684833.109238,left,base,1,pelvis,1000,0.001,-0.0317410598,0.601647606,0.0060102968,0.906411441,-0.340178424,0.246311325,0.0450296577,-0.326702595,0.904525621,-0.691462107,-0.0165668592,1.12931546,0.278073308,-1.02360548,1,1,0.0888217009,0.0902120036,11000,150.305316,,0.177734069,0.667133279,-1.95122615,-0.0811335153,2.79,0.303655685,-0.983465972
1781684838.235694,2026-06-17T16:27:18.235,1781684834.159068,right,base,1,pelvis,1000,0.001,-0.0880051129,-0.604524905,-0.0115787877,-0.923948776,-0.273119925,-0.256911122,0.0756362453,-1.47010905,-1.79767237,0.0223145422,-0.344297941,-1.04957803,0.304612695,1.01684762,1,1,0.137378439,0.306771435,11000,152.606803,,-2.68892456,-2.49780264,2.67181677,-0.126029524,-0.301685793,0.316395358,1.17135792
1781684838.384985,2026-06-17T16:27:18.384,1781684833.309200,left,base,1,pelvis,1000,0.001,-0.0324283648,0.622729206,0.0020432968,0.91004435,-0.321576532,0.254829604,0.0589040524,-0.191309607,0.817778338,-0.191462107,-0.0120954943,0.710458145,0.247680832,-1.00620881,1,1,0.110361005,0.0555481889,11000,147.310273,,0.204826854,0.6868505,-1.93300883,-0.0887830168,2.79,0.279857731,-1.0503615
1781684838.535850,2026-06-17T16:27:18.535,1781684834.209072,right,base,1,pelvis,1000,0.001,-0.0870434629,-0.610475205,-0.0135292877,-0.92438592,-0.270552584,-0.257476923,0.0775732185,-1.97010905,-2.19646686,0.522314542,-0.261786131,-0.566845071,0.317676244,1.01090999,1,1,0.163730014,0.149709445,11000,149.596589,,0.161410108,-0.654574585,0.15259222,-0.0639807735,-1.09968466,0.438435635,1.1351143
1781684838.684877,2026-06-17T16:27:18.684,1781684833.492355,left,base,1,pelvis,1000,0.001,-0.0328116048,0.637600306,-0.0018867032,0.914917344,-0.303832126,0.25751899,0.0655458888,-0.0577712719,0.763267472,-0.691462107,-0.0370768799,1.21045815,0.267935315,-0.997979322,1,1,0.123634954,0.117212083,11000,146.848942,,0.0349518832,0.6555375,-1.17836871,0.0325772459,1.99160515,0.390773395,-0.944313993
1781684838.837764,2026-06-17T16:27:18.837,1781684834.325746,right,base,1,pelvis,1000,0.001,-0.0909379829,-0.609190605,-0.0123302877,-0.924999814,-0.265606041,-0.259390563,0.0809030932,-1.47010905,-1.69646686,0.358266283,-0.168168114,-0.796353766,0.363693552,1.07723582,1,1,0.138543071,0.149545806,11000,151.847053,,0.295570852,-0.636838655,1.9309896,-0.0720696865,-2.79,0.258352071,1.21975961
1781684838.985447,2026-06-17T16:27:18.985,1781684833.659578,left,base,1,pelvis,1000,0.001,-0.0416573548,0.638404056,0.0140532968,0.917252821,-0.297320951,0.257532473,0.0626461543,0.059642358,0.729099696,-1.19146211,-0.0601958767,1.71045815,0.2732661,-1.02140059,1,1,0.133829556,0.223979623,11000,145.269112,,-2.62512946,2.43322573,-2.73675244,-0.212251753,0.642706417,0.434570025,-0.98913581
1781684839.138681,2026-06-17T16:27:19.138,1781684834.492421,right,base,1,pelvis,1000,0.001,-0.0924391129,-0.610860955,-0.0128517877,-0.924250487,-0.26320814,-0.263396917,0.0842886434,-0.970109048,-1.19646686,0.858266283,-0.121190949,-1.29635377,0.269556194,1.10333272,1,1,0.136537396,0.0735087623,11000,150.97742,,0.206595996,-0.710297025,0.000563714139,0.113168715,-0.918540459,0.367650708,1.22982161
1781684839.291149,2026-06-17T16:27:19.291,1781684833.909301,left,base,1,pelvis,1000,0.001,-0.0458690898,0.654533706,0.0243522968,0.917015911,-0.286930607,0.270056888,0.0618217084,-0.440357642,1.2290997,-1.47871901,-0.1047549,1.21045815,0.338619803,-0.978527555,1,1,0.129521132,0.180687576,11000,149.977039,,-0.0685397049,0.634132492,-1.05160317,0.201995416,1.70329104,0.511423259,-1.02734959
1781684839.443522,2026-06-17T16:27:19.443,1781684834.659100,right,base,1,pelvis,1000,0.001,-0.0926709579,-0.611969705,-0.0126012877,-0.923614476,-0.263937791,-0.26450395,0.0855032301,-0.470109048,-0.69646686,0.358266283,0.074097327,-0.966863242,0.344730762,1.16528444,1,1,0.13100037,0.255928384,11000,151.324523,,0.421577356,-0.641663962,2.64400014,-0.00723170532,2.4799989,0.465102203,1.01535428
1781684839.596499,2026-06-17T16:27:19.596,1781684834.026002,left,base,1,pelvis,1000,0.001,-0.0501816098,0.660796656,0.0292752968,0.920522373,-0.273500589,0.273199119,0.0565528955,-0.443506948,1.02761858,-1.29112233,-0.0187301281,1.08419806,0.376491559,-0.982714656,1,1,0.118353672,0.0895861402,11000,151.069179,,0.257307567,0.72041233,-1.88873248,-0.0218975035,2.79,0.418527578,-1.14539297
1781684839.751663,2026-06-17T16:27:19.751,1781684834.759106,right,base,1,pelvis,1000,0.001,-0.0918364529,-0.609861155,-0.0113667877,-0.923692796,-0.263707057,-0.264480093,0.0854428881,0.0298909522,-0.703785304,0.858266283,0.0223201629,-0.466863242,0.358490499,1.07668988,1,1,0.142805446,0.0682729157,11000,153.692796,,0.284124148,-0.540823813,1.74877695,-0.0291594724,-2.79,0.31976206,1.11641628
1781684839.901907,2026-06-17T16:27:19.901,1781684834.026002,left,base,1,pelvis,1000,0.001,-0.0501816098,0.660796656,0.0292752968,0.920522373,-0.273500589,0.273199119,0.0565528955,0.0384752947,0.839217132,-1.55274484,-0.00165397051,1.58419806,0.425814483,-1.0040859,1,1,0.149490529,0.0925554717,11000,149.199395,,-2.73059243,2.33637615,-2.79,0.0493262768,0.634490624,0.389503441,-1.27362999
1781684840.054706,2026-06-17T16:27:20.054,1781684834.792443,right,base,1,pelvis,1000,0.001,-0.0911673279,-0.609127355,-0.0111852877,-0.923347675,-0.264066018,-0.265033318,0.0863455284,0.287765928,-0.682385918,1.35826628,0.0121402182,-0.966863242,0.361393544,1.05556116,1,1,0.129413801,0.14989363,11000,150.364004,,0.302920634,-0.721106959,1.46813034,-0.252785164,-2.62336378,0.341585613,1.02242655
1781684840.205716,2026-06-17T16:27:20.205,1781684834.059263,left,base,1,pelvis,1000,0.001,-0.0518941398,0.661749856,0.0302892968,0.9214702,-0.270718267,0.273104224,0.0549397291,-0.461524705,1.33921713,-1.85043472,-0.0134721149,1.08419806,0.411476566,-1.08658076,1,1,0.112819846,0.123020609,11000,149.232716,,0.290519204,0.818207329,-1.61632857,-0.208937687,2.75234021,0.365269926,-1.05398882
1781684840.372949,2026-06-17T16:27:20.372,1781684834.942452,right,base,1,pelvis,1000,0.001,-0.0891864879,-0.610985405,-0.0141917877,-0.922059559,-0.268244998,-0.265098295,0.0870269177,0.286930857,-0.649925287,1.67994097,-0.170618704,-1.46686324,0.351847315,1.06951543,1,1,0.132100987,0.166433277,11000,165.783673,,0.296639154,-0.643693686,1.93109413,-0.0552721773,-2.79,0.221450955,1.18126647
1781684840.523672,2026-06-17T16:27:20.523,1781684834.075926,left,base,1,pelvis,1000,0.001,-0.0544044348,0.662930706,0.0312852968,0.922588583,-0.267888767,0.272373734,0.0536513117,-0.0322399237,1.09814244,-1.73929913,-0.159805086,1.58419806,0.381481655,-1.10805351,1,1,0.124184975,0.105827207,11000,148.792684,,0.210683373,0.782834468,-1.89143245,-0.17730122,2.79,0.397029977,-1.09511205
1781684840.678790,2026-06-17T16:27:20.678,1781684835.025788,right,base,1,pelvis,1000,0.001,-0.0877568929,-0.605471805,-0.0120422877,-0.921437278,-0.27005393,-0.265630021,0.0863997082,0.291232259,-0.669073835,1.62296189,-0.192722265,-1.96686324,0.256420221,1.05684807,1,1,0.134344184,0.215214189,11000,153.690417,,0.293638892,-0.659487724,0.602863719,-0.0351657767,-1.75588499,0.339444909,1.18775775
1781684840.831032,2026-06-17T16:27:20.831,1781684834.142581,left,base,1,pelvis,1000,0.001,-0.0594479298,0.663345106,0.0367542968,0.925534421,-0.260865829,0.269402774,0.0525090467,0.118015436,0.934431074,-1.68205215,-0.182677984,2.08419806,0.373934543,-1.08288456,1,1,0.152185975,0.082219098,11000,150.686307,,-2.73395381,2.29986436,-2.78526842,0.0789087986,0.592705724,0.388859324,-1.35530725
1781684840.984913,2026-06-17T16:27:20.984,1781684835.192468,right,base,1,pelvis,1000,0.001,-0.0873156029,-0.605830255,-0.0125767877,-0.921338994,-0.269871869,-0.265356693,0.0888226165,0.292821081,-0.661615851,1.12296189,-0.148053586,-1.84141844,0.268358728,1.09340855,1,1,0.126263593,0.0929934232,11000,153.439986,,0.379446114,-0.584138253,1.76525402,0.0151636489,-2.79,0.268405541,1.12920396
1781684841.139615,2026-06-17T16:27:21.139,1781684834.175993,left,base,1,pelvis,1000,0.001,-0.0658644298,0.647757606,0.0500702968,0.926437081,-0.258524176,0.268293227,0.0538361353,-0.381984564,1.43443107,-2.16165017,-0.0865136413,1.58419806,0.38651835,-1.08954685,1,1,0.102649721,0.0182917912,11000,151.583406,,0.250979437,0.821273866,-1.76769644,-0.24891637,2.77644699,0.316154945,-1.12027491
1781684841.294932,2026-06-17T16:27:21.294,1781684835.359145,right,base,1,pelvis,1000,0.001,-0.0877359829,-0.609245455,-0.0157942877,-0.921342051,-0.269152216,-0.265219825,0.091347433,0.293093734,-0.660906348,1.51409465,-0.0628630867,-2.34141844,0.282277501,1.12486395,1,1,0.12794038,0.171458102,11000,153.812225,,0.293093734,-0.660906348,1.51409465,-0.0628630867,-2.34141844,0.282277501,1.12486395
1781684841.456849,2026-06-17T16:27:21.456,1781684834.209349,left,base,1,pelvis,1000,0.001,-0.0688994948,0.641470556,0.0551167968,0.92704493,-0.256462147,0.267883622,0.055256044,0.0178749373,1.02584351,-1.84606052,-0.209905683,2.08419806,0.331780568,-1.15474832,1,1,0.0919095295,0.0474223766,11000,158.581943,,0.254458369,0.774270264,-1.54250461,-0.126158615,2.60117172,0.409223421,-1.11765835
1781684841.617301,2026-06-17T16:27:21.617,1781684835.542505,right,base,1,pelvis,1000,0.001,-0.0890351929,-0.610878305,-0.0183577877,-0.921892621,-0.268241186,-0.26247275,0.0962741794,0.326144776,-0.631523654,1.55751757,-0.0518750787,-2.35668503,0.276968062,1.12652507,1,1,0.138315319,0.198140496,11000,158.842709,,0.326144776,-0.631523654,1.55751757,-0.0518750787,-2.35668503,0.276968062,1.12652507
1781684841.768635,2026-06-17T16:27:21.768,1781684834.242604,left,base,1,pelvis,1000,0.001,-0.0682702348,0.645143756,0.0524317968,0.927951629,-0.253090716,0.267611594,0.056876162,0.127058248,0.887914222,-1.594708,-0.1794645,2.54351031,0.370338614,-1.13658729,1,1,0.0930772574,0.0212567819,11000,149.345516,,0.258490472,0.603153592,-1.61036591,0.160847418,2.63093774,0.502065667,-1.14656385
1781684841.922602,2026-06-17T16:27:21.922,1781684835.642505,right,base,1,pelvis,1000,0.001,-0.0880393429,-0.608732955,-0.0156507877,-0.922483419,-0.269056025,-0.26089389,0.0925611961,0.311110396,-0.644889362,1.5377652,-0.0568733443,-2.34974051,0.279383239,1.12576945,1,1,0.1183277,0.109170641,11000,153.439703,,0.296666981,-0.630132467,1.77331094,-0.0292559329,-2.79,0.29569175,1.07131704
1781684842.075868,2026-06-17T16:27:22.075,1781684834.342423,left,base,1,pelvis,1000,0.001,-0.0720303048,0.651626656,0.0472577968,0.931064941,-0.245770525,0.264006871,0.0549117222,0.198674891,0.659797494,-1.56698219,0.130221442,2.57413495,0.482011331,-1.12653392,1,1,0.102365099,0.0843304386,11000,150.139249,,0.222395632,0.650407844,-1.54365789,0.14268058,2.58064889,0.483724998,-1.14653567
1781684842.232266,2026-06-17T16:27:22.232,1781684835.742515,right,base,1,pelvis,1000,0.001,-0.0881535029,-0.621921205,-0.0247562877,-0.924709013,-0.265659376,-0.256856318,0.091450362,0.318773398,-0.63807688,1.73180283,-0.0417242926,-2.73924403,0.288272175,1.07585309,1,1,0.134802216,0.103989016,11000,154.28007,,0.318773398,-0.63807688,1.73180283,-0.0417242926,-2.73924403,0.288272175,1.07585309
1781684842.382653,2026-06-17T16:27:22.382,1781684834.375956,left,base,1,pelvis,1000,0.001,-0.0693453898,0.657912356,0.0451202968,0.93235732,-0.24307047,0.261898489,0.0550977009,0.236308459,0.643274012,-1.55272676,0.143534243,2.58217221,0.48398895,-1.13913595,1,1,0.103185833,0.070483413,11000,148.61955,,0.236308459,0.643274012,-1.55272676,0.143534243,2.58217221,0.48398895,-1.13913595
1781684842.537601,2026-06-17T16:27:22.537,1781684835.859197,right,base,1,pelvis,1000,0.001,-0.0874806879,-0.611587505,-0.0202852877,-0.924922017,-0.264437629,-0.256599799,0.0935336619,0.307520396,-0.634572678,1.73563324,-0.0406321242,-2.73942775,0.289110973,1.07312215,1,1,0.124647585,0.105949495,11000,153.043263,,0.307520396,-0.634572678,1.73563324,-0.0406321242,-2.73942775,0.289110973,1.07312215
1781684842.689291,2026-06-17T16:27:22.689,1781684834.425976,left,base,1,pelvis,1000,0.001,-0.0697226348,0.657930406,0.0460052968,0.934067273,-0.238105889,0.260381813,0.0550020668,0.23097433,0.648291611,-1.54585467,0.142887366,2.58101789,0.483788936,-1.13989538,1,1,0.103401115,0.0848124591,11000,150.20576,,0.23097433,0.648291611,-1.54585467,0.142887366,2.58101789,0.483788936,-1.13989538
1781684842.849916,2026-06-17T16:27:22.849,1781684835.959216,right,base,1,pelvis,1000,0.001,-0.0874755479,-0.609690305,-0.0187527877,-0.924179935,-0.265106009,-0.25782537,0.0955841511,0.310105842,-0.63706865,1.73290492,-0.0414100535,-2.73929689,0.288513515,1.07363964,1,1,0.122211798,0.112056142,11000,158.400018,,0.310105842,-0.63706865,1.73290492,-0.0414100535,-2.73929689,0.288513515,1.07363964
1781684843.001284,2026-06-17T16:27:23.001,1781684834.659282,left,base,1,pelvis,1000,0.001,-0.0648407098,0.690347706,0.0258202968,0.938365939,-0.227312155,0.2551025,0.0521657218,0.231390196,0.648132629,-1.54605686,0.142906398,2.58105185,0.483794821,-1.139455,1,1,0.13680809,0.0942533169,11000,149.189214,,0.220188847,0.795404747,-1.49967948,-0.10111377,2.58785049,0.421296098,-1.06082963
1781684843.180431,2026-06-17T16:27:23.180,1781684836.075885,right,base,1,pelvis,1000,0.001,-0.0876217429,-0.608856205,-0.0189917877,-0.924026413,-0.265566998,-0.256656048,0.0988788646,0.309658955,-0.636929245,1.7330573,-0.0413666046,-2.7393042,0.288546884,1.07325856,1,1,0.121900426,0.116984363,11000,177.353385,,0.309658955,-0.636929245,1.7330573,-0.0413666046,-2.7393042,0.288546884,1.07325856
1781684843.331236,2026-06-17T16:27:23.331,1781684834.742452,left,base,1,pelvis,1000,0.001,-0.0657284898,0.684423556,0.0296337968,0.938558786,-0.224364096,0.257373622,0.0502690368,0.220696612,0.79518238,-1.49993443,-0.101042418,2.58678789,0.421315601,-1.06093023,1,1,0.130623984,0.0905217004,11000,148.816528,,0.220696612,0.79518238,-1.49993443,-0.101042418,2.58678789,0.421315601,-1.06093023
1781684843.485861,2026-06-17T16:27:23.485,1781684836.142554,right,base,1,pelvis,1000,0.001,-0.0873034829,-0.605987155,-0.0174707877,-0.92379323,-0.264779877,-0.2568236,0.102661206,0.310102398,-0.637067575,1.73290609,-0.0414097187,-2.73929695,0.288513772,1.0736367,1,1,0.11906199,0.124386567,11000,153.330231,,0.310102398,-0.637067575,1.73290609,-0.0414097187,-2.73929695,0.288513772,1.0736367
1781684843.637684,2026-06-17T16:27:23.637,1781684834.859400,left,base,1,pelvis,1000,0.001,-0.0669484998,0.682039406,0.0290867968,0.940187091,-0.222201354,0.254365864,0.0444162092,0.220669665,0.7952065,-1.49989603,-0.101054045,2.58678971,0.421307176,-1.06090669,1,1,0.129911714,0.0884712981,11000,149.612666,,0.220669665,0.7952065,-1.49989603,-0.101054045,2.58678971,0.421307176,-1.06090669
1781684843.788852,2026-06-17T16:27:23.788,1781684836.242562,right,base,1,pelvis,1000,0.001,-0.0863164379,-0.603465255,-0.0151357877,-0.922730813,-0.265775394,-0.257797326,0.107106612,0.310105842,-0.63706865,1.73290492,-0.0414100535,-2.73929689,0.288513515,1.07363964,1,1,0.135539965,0.0839799009,11000,150.254613,,0.26497401,-0.650078241,0.708711846,-0.172884523,-1.79124873,0.480903489,0.930689364
1781684843.940406,2026-06-17T16:27:23.940,1781684835.026005,left,base,1,pelvis,1000,0.001,-0.0644123998,0.679510106,0.0280152968,0.936943676,-0.228848199,0.259736322,0.0479801391,0.220696612,0.79518238,-1.49993443,-0.101042418,2.58678789,0.421315601,-1.06093023,1,1,0.128082128,0.0805241215,11000,149.469052,,0.220696612,0.79518238,-1.49993443,-0.101042418,2.58678789,0.421315601,-1.06093023
1781684844.094541,2026-06-17T16:27:24.094,1781684836.292566,right,base,1,pelvis,1000,0.001,-0.0861049629,-0.603959755,-0.0151677877,-0.922714428,-0.266004855,-0.25757903,0.107203284,0.310105842,-0.63706865,1.73290492,-0.0414100535,-2.73929689,0.288513515,1.07363964,1,1,0.115967633,0.132414276,11000,152.386986,,0.310105842,-0.63706865,1.73290492,-0.0414100535,-2.73929689,0.288513515,1.07363964
1781684844.241217,2026-06-17T16:27:24.241,1781684835.109137,left,base,1,pelvis,1000,0.001,-0.0601826348,0.690131706,0.0180187968,0.935428301,-0.231037419,0.262041676,0.0541272937,0.220696612,0.79518238,-1.49993443,-0.101042418,2.58678789,0.421315601,-1.06093023,1,1,0.140356623,0.0865723794,11000,144.799071,,0.220696612,0.79518238,-1.49993443,-0.101042418,2.58678789,0.421315601,-1.06093023
1781684844.394599,2026-06-17T16:27:24.394,1781684836.392570,right,base,1,pelvis,1000,0.001,-0.0856121679,-0.621242705,-0.0222702877,-0.92192832,-0.269189185,-0.259335068,0.101639947,0.298660069,-0.64036798,1.47316182,-0.0747529723,-2.49886471,0.337305066,1.03738637,1,1,0.133692096,0.0919076443,11000,151.967698,,0.298660069,-0.64036798,1.47316182,-0.0747529723,-2.49886471,0.337305066,1.03738637
1781684844.556385,2026-06-17T16:27:24.556,1781684835.192684,left,base,1,pelvis,1000,0.001,-0.0603599148,0.691586156,0.0176122968,0.935902966,-0.230497695,0.260577372,0.0552800539,0.220696612,0.79518238,-1.49993443,-0.101042418,2.58678789,0.421315601,-1.06093023,1,1,0.14163923,0.0901737637,11000,159.388685,,0.220696612,0.79518238,-1.49993443,-0.101042418,2.58678789,0.421315601,-1.06093023
1781684844.708978,2026-06-17T16:27:24.708,1781684836.409237,right,base,1,pelvis,1000,0.001,-0.0858769329,-0.620112555,-0.0223782877,-0.921926924,-0.269315528,-0.25959262,0.100655678,0.309100588,-0.637358422,1.71009231,-0.0443384809,-2.57710872,0.292798758,1.07045561,1,1,0.136054788,0.160715284,11000,151.339089,,0.309100588,-0.637358422,1.71009231,-0.0443384809,-2.57710872,0.292798758,1.07045561
1781684844.859503,2026-06-17T16:27:24.859,1781684835.325815,left,base,1,pelvis,1000,0.001,-0.0591134698,0.689191056,0.0200152968,0.934558275,-0.23204487,0.263891929,0.0558306225,0.220696612,0.79518238,-1.49993443,-0.101042418,2.58678789,0.421315601,-1.06093023,1,1,0.13802951,0.0873767703,11000,148.514201,,0.220696612,0.79518238,-1.49993443,-0.101042418,2.58678789,0.421315601,-1.06093023
1781684845.012647,2026-06-17T16:27:25.012,1781684836.542582,right,base,1,pelvis,1000,0.001,-0.0860948029,-0.615570055,-0.0217467877,-0.9228379,-0.268750905,-0.258361477,0.0969149578,0.298689144,-0.640359599,1.47382163,-0.0746682725,-2.49908261,0.319939609,1.03747846,1,1,0.12884138,0.0885773951,11000,151.767849,,0.298689144,-0.640359599,1.47382163,-0.0746682725,-2.49908261,0.319939609,1.03747846
1781684845.163976,2026-06-17T16:27:25.163,1781684835.392490,left,base,1,pelvis,1000,0.001,-0.0597082798,0.688768356,0.0194682968,0.93426233,-0.232789978,0.263900363,0.0576135635,0.220696612,0.79518238,-1.49993443,-0.101042418,2.58678789,0.421315601,-1.06093023,1,1,0.138317156,0.0901049653,11000,149.430099,,0.220696612,0.79518238,-1.49993443,-0.101042418,2.58678789,0.421315601,-1.06093023
1781684845.318797,2026-06-17T16:27:25.318,1781684836.725924,right,base,1,pelvis,1000,0.001,-0.0853473229,-0.618247755,-0.0255532877,-0.924725846,-0.268612444,-0.254444874,0.0893715331,0.309060863,-0.637369873,1.55379418,-0.0543334331,-2.5167591,0.292902314,1.0698351,1,1,0.135130816,0.0850251669,11000,153.680204,,0.309060863,-0.637369873,1.55379418,-0.0543334331,-2.5167591,0.292902314,1.0698351
1781684845.471328,2026-06-17T16:27:25.471,1781684835.476315,left,base,1,pelvis,1000,0.001,-0.0591134748,0.689133706,0.0190627968,0.93479625,-0.232192721,0.262100319,0.0595477495,0.220696612,0.79518238,-1.49993443,-0.101042418,2.58678789,0.421315601,-1.06093023,1,1,0.138655706,0.0952387291,11000,150.867712,,0.220696612,0.79518238,-1.49993443,-0.101042418,2.58678789,0.421315601,-1.06093023
1781684845.634384,2026-06-17T16:27:25.634,1781684836.725924,right,base,1,pelvis,1000,0.001,-0.0853473229,-0.618247755,-0.0255532877,-0.924725846,-0.268612444,-0.254444874,0.0893715331,0.298717813,-0.640351335,1.52467143,-0.0633553872,-2.49913147,0.294424879,1.05213646,1,1,0.133470226,0.0844378813,11000,161.701956,,0.298717813,-0.640351335,1.52467143,-0.0633553872,-2.49913147,0.294424879,1.05213646
1781684845.788322,2026-06-17T16:27:25.788,1781684835.559474,left,base,1,pelvis,1000,0.001,-0.0582646398,0.684947956,0.0214122968,0.935210864,-0.232731829,0.260329848,0.0586933152,0.220696612,0.79518238,-1.49993443,-0.101042418,2.58678789,0.421315601,-1.06093023,1,1,0.134052024,0.094884738,11000,151.29166,,0.220696612,0.79518238,-1.49993443,-0.101042418,2.58678789,0.421315601,-1.06093023
1781684845.939836,2026-06-17T16:27:25.939,1781684836.759261,right,base,1,pelvis,1000,0.001,-0.0849429129,-0.621252805,-0.0278617877,-0.924895439,-0.268420475,-0.254068873,0.0892629958,0.309060863,-0.637369873,1.55379418,-0.0543334331,-2.5167591,0.292902314,1.0698351,1,1,0.138821288,0.0847923019,11000,151.026048,,0.309060863,-0.637369873,1.55379418,-0.0543334331,-2.5167591,0.292902314,1.0698351
1781684846.090717,2026-06-17T16:27:26.090,1781684835.676184,left,base,1,pelvis,1000,0.001,-0.0576165098,0.685817956,0.0199852968,0.933392109,-0.238761442,0.261138509,0.0598232743,0.220696612,0.79518238,-1.49993443,-0.101042418,2.58678789,0.421315601,-1.06093023,1,1,0.135421047,0.0937717803,11000,148.663818,,0.220696612,0.79518238,-1.49993443,-0.101042418,2.58678789,0.421315601,-1.06093023
1781684846.245568,2026-06-17T16:27:26.245,1781684836.759261,right,base,1,pelvis,1000,0.001,-0.0849429129,-0.621252805,-0.0278617877,-0.924895439,-0.268420475,-0.254068873,0.0892629958,0.298717813,-0.640351335,1.52467143,-0.0633553872,-2.49913147,0.294424879,1.05213646,1,1,0.13714497,0.0841452006,11000,153.059894,,0.298717813,-0.640351335,1.52467143,-0.0633553872,-2.49913147,0.294424879,1.05213646
1781684846.396532,2026-06-17T16:27:26.396,1781684835.826174,left,base,1,pelvis,1000,0.001,-0.0581663848,0.679323756,0.0213897968,0.931285236,-0.245184736,0.26260288,0.0602659343,0.220696612,0.79518238,-1.49993443,-0.101042418,2.58678789,0.421315601,-1.06093023,1,1,0.130510752,0.0926622655,11000,149.521433,,0.220696612,0.79518238,-1.49993443,-0.101042418,2.58678789,0.421315601,-1.06093023
1781684846.562978,2026-06-17T16:27:26.562,1781684836.825953,right,base,1,pelvis,1000,0.001,-0.0831497079,-0.620488305,-0.0271337877,-0.925124353,-0.268292662,-0.253464584,0.0889926041,0.309060863,-0.637369873,1.55379418,-0.0543334331,-2.5167591,0.292902314,1.0698351,1,1,0.137759481,0.0840844334,11000,164.568038,,0.309060863,-0.637369873,1.55379418,-0.0543334331,-2.5167591,0.292902314,1.0698351
1781684846.713867,2026-06-17T16:27:26.713,1781684835.925937,left,base,1,pelvis,1000,0.001,-0.0584923648,0.672265256,0.0250587968,0.931051457,-0.247896356,0.262029923,0.0550536092,0.220696612,0.79518238,-1.49993443,-0.101042418,2.58678789,0.421315601,-1.06093023,1,1,0.123686066,0.0837675885,11000,149.231739,,0.220696612,0.79518238,-1.49993443,-0.101042418,2.58678789,0.421315601,-1.06093023
1781684846.865484,2026-06-17T16:27:26.865,1781684836.825953,right,base,1,pelvis,1000,0.001,-0.0831497079,-0.620488305,-0.0271337877,-0.925124353,-0.268292662,-0.253464584,0.0889926041,0.298717813,-0.640351335,1.52467143,-0.0633553872,-2.49913147,0.294424879,1.05213646,1,1,0.136010548,0.0833572934,11000,150.458498,,0.298717813,-0.640351335,1.52467143,-0.0633553872,-2.49913147,0.294424879,1.05213646
1781684847.014461,2026-06-17T16:27:27.014,1781684835.992755,left,base,1,pelvis,1000,0.001,-0.0590087398,0.671949956,0.0256042968,0.93141912,-0.249383992,0.259648737,0.0533720972,0.220696612,0.79518238,-1.49993443,-0.101042418,2.58678789,0.421315601,-1.06093023,1,1,0.12327343,0.0831996883,11000,146.613268,,0.220696612,0.79518238,-1.49993443,-0.101042418,2.58678789,0.421315601,-1.06093023
1781684847.166312,2026-06-17T16:27:27.166,1781684836.875936,right,base,1,pelvis,1000,0.001,-0.0811751029,-0.613866855,-0.0236472877,-0.925262895,-0.26827416,-0.252876971,0.0892792732,0.309060863,-0.637369873,1.55379418,-0.0543334331,-2.5167591,0.292902314,1.0698351,1,1,0.130880749,0.0838863739,11000,150.982796,,0.309060863,-0.637369873,1.55379418,-0.0543334331,-2.5167591,0.292902314,1.0698351
1781684847.317569,2026-06-17T16:27:27.317,1781684836.125896,left,base,1,pelvis,1000,0.001,-0.0577291598,0.666824556,0.0266542968,0.930303056,-0.254178669,0.259364706,0.0515691629,0.220696612,0.79518238,-1.49993443,-0.101042418,2.58678789,0.421315601,-1.06093023,1,1,0.119091704,0.0820767375,11000,149.287959,,0.220696612,0.79518238,-1.49993443,-0.101042418,2.58678789,0.421315601,-1.06093023
1781684847.472725,2026-06-17T16:27:27.472,1781684836.942613,right,base,1,pelvis,1000,0.001,-0.0803372079,-0.614331855,-0.0247437877,-0.925332343,-0.268081722,-0.252733807,0.0895425516,0.298717813,-0.640351335,1.52467143,-0.0633553872,-2.49913147,0.294424879,1.05213646,1,1,0.130153992,0.0836856981,11000,153.702896,,0.298717813,-0.640351335,1.52467143,-0.0633553872,-2.49913147,0.294424879,1.05213646
1781684847.627710,2026-06-17T16:27:27.627,1781684836.259242,left,base,1,pelvis,1000,0.001,-0.0519411498,0.668135456,0.0221142968,0.928581175,-0.257056847,0.262021717,0.054803273,0.220696612,0.79518238,-1.49993443,-0.101042418,2.58678789,0.421315601,-1.06093023,1,1,0.121480003,0.0868796834,11000,152.98661,,0.220696612,0.79518238,-1.49993443,-0.101042418,2.58678789,0.421315601,-1.06093023
1781684847.784307,2026-06-17T16:27:27.784,1781684836.959275,right,base,1,pelvis,1000,0.001,-0.0796213229,-0.615573005,-0.0259327877,-0.925140705,-0.268190597,-0.253340606,0.0894819412,0.309060863,-0.637369873,1.55379418,-0.0543334331,-2.5167591,0.292902314,1.0698351,1,1,0.133761811,0.0846586302,11000,154.938517,,0.309060863,-0.637369873,1.55379418,-0.0543334331,-2.5167591,0.292902314,1.0698351
1781684847.933718,2026-06-17T16:27:27.933,1781684836.292789,left,base,1,pelvis,1000,0.001,-0.0516380048,0.668543906,0.0220577968,0.92871713,-0.25664182,0.261921543,0.0549233496,0.220696612,0.79518238,-1.49993443,-0.101042418,2.58678789,0.421315601,-1.06093023,1,1,0.121669729,0.0869193092,11000,148.443339,,0.220696612,0.79518238,-1.49993443,-0.101042418,2.58678789,0.421315601,-1.06093023
1781684848.086828,2026-06-17T16:27:28.086,1781684837.059280,right,base,1,pelvis,1000,0.001,-0.0769008079,-0.614496855,-0.0258717877,-0.924294568,-0.268815582,-0.256481789,0.0873774932,0.298717813,-0.640351335,1.52467143,-0.0633553872,-2.49913147,0.294424879,1.05213646,1,1,0.131106712,0.0836787207,11000,151.927117,,0.298717813,-0.640351335,1.52467143,-0.0633553872,-2.49913147,0.294424879,1.05213646
